rho,depth,attack,eps,pid,safe,eta,C_mean,C_rms,C95,C_max,m_mean,m_std,m_min
0.25,3,authority_test,0.0,018ccdd70b67d50b,1.0,0.24509626488230085,0.012643443336599988,0.019166592364487086,0.046428472904559974,0.05000000221148287,-1.5629298005785262,4.324822017124721,-26.32982063293457
0.25,3,authority_test,0.0,0545ede9161cd87b,1.0,0.24509626488230085,0.012643443336599988,0.019166592364487086,0.046428472904559974,0.05000000221148287,-1.5629298005785262,4.324822017124721,-26.32982063293457
0.25,3,authority_test,0.0,0822110b214bf434,1.0,0.24509626488230085,0.012643443336599988,0.019166592364487086,0.046428472904559974,0.05000000221148287,-1.5629298005785262,4.324822017124721,-26.32982063293457
0.25,3,authority_test,0.0,0dbb1e13fa00f0f6,1.0,0.24509626488230085,0.012643443336599988,0.019166592364487086,0.046428472904559974,0.05000000221148287,-1.5629298005785262,4.324822017124721,-26.32982063293457
0.25,3,authority_test,0.0,0e2ca3a9a1e8e218,1.0,0.24509626488230085,0.012643443336599988,0.019166592364487086,0.046428472904559974,0.05000000221148287,-1.5629298005785262,4.324822017124721,-26.32982063293457
0.25,3,authority_test,0.0,101df2256aecf75b,0.0,0.24509626488230085,0.012643443336599988,0.019166592364487086,0.046428472904559974,0.05000000221148287,-1.5629298005785262,4.324822017124721,-26.32982063293457
0.25,3,authority_test,0.0,1717ce53958590ba,0.0,0.24509626488230085,0.012643443336599988,0.019166592364487086,0.046428472904559974,0.05000000221148287,-1.5629298005785262,4.324822017124721,-26.32982063293457
0.25,3,authority_test,0.0,1868815d0a7c6716,0.0,0.24509626488230085,0.012643443336599988,0.019166592364487086,0.046428472904559974,0.05000000221148287,-1.5629298005785262,4.324822017124721,-26.32982063293457
0.25,3,authority_test,0.0,1991ac094bc47b5a,0.0,0.24509626488230085,0.012643443336599988,0.019166592364487086,0.046428472904559974,0.05000000221148287,-1.5629298005785262,4.324822017124721,-26.32982063293457
0.25,3,authority_test,0.0,1e9be34e7c154aee,1.0,0.24509626488230085,0.012643443336599988,0.019166592364487086,0.046428472904559974,0.05000000221148287,-1.5629298005785262,4.324822017124721,-26.32982063293457
0.25,3,authority_test,0.0,245b8a2be8abc37e,1.0,0.24509626488230085,0.012643443336599988,0.019166592364487086,0.046428472904559974,0.05000000221148287,-1.5629298005785262,4.324822017124721,-26.32982063293457
0.25,3,authority_test,0.0,2982eb379acc1dcf,0.008163265306122436,0.24509626488230085,0.012643443336599988,0.019166592364487086,0.046428472904559974,0.05000000221148287,-1.5629298005785262,4.324822017124721,-26.32982063293457
0.25,3,authority_test,0.0,2a7630b9ddded8d5,1.0,0.24509626488230085,0.012643443336599988,0.019166592364487086,0.046428472904559974,0.05000000221148287,-1.5629298005785262,4.324822017124721,-26.32982063293457
0.25,3,authority_test,0.0,3159f31edc896059,0.008196721311475419,0.24509626488230085,0.012643443336599988,0.019166592364487086,0.046428472904559974,0.05000000221148287,-1.5629298005785262,4.324822017124721,-26.32982063293457
0.25,3,authority_test,0.0,3605a51c50d5daa0,0.007352941176470562,0.24509626488230085,0.012643443336599988,0.019166592364487086,0.046428472904559974,0.05000000221148287,-1.5629298005785262,4.324822017124721,-26.32982063293457
0.25,3,authority_test,0.0,38e3fe88a50cb3ef,0.0,0.24509626488230085,0.012643443336599988,0.019166592364487086,0.046428472904559974,0.05000000221148287,-1.5629298005785262,4.324822017124721,-26.32982063293457
0.25,3,authority_test,0.0,3a831f177b4c7882,0.0,0.24509626488230085,0.012643443336599988,0.019166592364487086,0.046428472904559974,0.05000000221148287,-1.5629298005785262,4.324822017124721,-26.32982063293457
0.25,3,authority_test,0.0,41450c0e975a1c31,1.0,0.24509626488230085,0.012643443336599988,0.019166592364487086,0.046428472904559974,0.05000000221148287,-1.5629298005785262,4.324822017124721,-26.32982063293457
0.25,3,authority_test,0.0,4381c0fb4c396040,0.0,0.24509626488230085,0.012643443336599988,0.019166592364487086,0.046428472904559974,0.05000000221148287,-1.5629298005785262,4.324822017124721,-26.32982063293457
0.25,3,authority_test,0.0,44e03bc01ee3055a,1.0,0.24509626488230085,0.012643443336599988,0.019166592364487086,0.046428472904559974,0.05000000221148287,-1.5629298005785262,4.324822017124721,-26.32982063293457
0.25,3,authority_test,0.0,47bf27669a8fa08a,0.0073800738007380184,0.24509626488230085,0.012643443336599988,0.019166592364487086,0.046428472904559974,0.05000000221148287,-1.5629298005785262,4.324822017124721,-26.32982063293457
0.25,3,authority_test,0.0,486ee1ca9e71adc6,0.0,0.24509626488230085,0.012643443336599988,0.019166592364487086,0.046428472904559974,0.05000000221148287,-1.5629298005785262,4.324822017124721,-26.32982063293457
0.25,3,authority_test,0.0,4910c9193fca9a21,0.0,0.24509626488230085,0.012643443336599988,0.019166592364487086,0.046428472904559974,0.05000000221148287,-1.5629298005785262,4.324822017124721,-26.32982063293457
0.25,3,authority_test,0.0,4a78cd4f429333ac,0.0,0.24509626488230085,0.012643443336599988,0.019166592364487086,0.046428472904559974,0.05000000221148287,-1.5629298005785262,4.324822017124721,-26.32982063293457
0.25,3,authority_test,0.0,4d3a619d3d16b595,0.0,0.24509626488230085,0.012643443336599988,0.019166592364487086,0.046428472904559974,0.05000000221148287,-1.5629298005785262,4.324822017124721,-26.32982063293457
0.25,3,authority_test,0.0,4e12766ab5ee9a6f,0.0,0.24509626488230085,0.012643443336599988,0.019166592364487086,0.046428472904559974,0.05000000221148287,-1.5629298005785262,4.324822017124721,-26.32982063293457
0.25,3,authority_test,0.0,5406f38bad958fff,1.0,0.24509626488230085,0.012643443336599988,0.019166592364487086,0.046428472904559974,0.05000000221148287,-1.5629298005785262,4.324822017124721,-26.32982063293457
0.25,3,authority_test,0.0,5b6660299c28d21a,1.0,0.24509626488230085,0.012643443336599988,0.019166592364487086,0.046428472904559974,0.05000000221148287,-1.5629298005785262,4.324822017124721,-26.32982063293457
0.25,3,authority_test,0.0,5d8a6dda9c034943,0.0,0.24509626488230085,0.012643443336599988,0.019166592364487086,0.046428472904559974,0.05000000221148287,-1.5629298005785262,4.324822017124721,-26.32982063293457
0.25,3,authority_test,0.0,6354b26bfd6b0d3b,0.007092198581560294,0.24509626488230085,0.012643443336599988,0.019166592364487086,0.046428472904559974,0.05000000221148287,-1.5629298005785262,4.324822017124721,-26.32982063293457
0.25,3,authority_test,0.0,663b72de42e74e86,0.0,0.24509626488230085,0.012643443336599988,0.019166592364487086,0.046428472904559974,0.05000000221148287,-1.5629298005785262,4.324822017124721,-26.32982063293457
0.25,3,authority_test,0.0,66eb648c6256c151,0.0,0.24509626488230085,0.012643443336599988,0.019166592364487086,0.046428472904559974,0.05000000221148287,-1.5629298005785262,4.324822017124721,-26.32982063293457
0.25,3,authority_test,0.0,67f63c1627c03412,1.0,0.24509626488230085,0.012643443336599988,0.019166592364487086,0.046428472904559974,0.05000000221148287,-1.5629298005785262,4.324822017124721,-26.32982063293457
0.25,3,authority_test,0.0,6d1d8e613ece86e7,0.0,0.24509626488230085,0.012643443336599988,0.019166592364487086,0.046428472904559974,0.05000000221148287,-1.5629298005785262,4.324822017124721,-26.32982063293457
0.25,3,authority_test,0.0,6f3466b968e73ba3,1.0,0.24509626488230085,0.012643443336599988,0.019166592364487086,0.046428472904559974,0.05000000221148287,-1.5629298005785262,4.324822017124721,-26.32982063293457
0.25,3,authority_test,0.0,71fe74132803f26b,0.0,0.24509626488230085,0.012643443336599988,0.019166592364487086,0.046428472904559974,0.05000000221148287,-1.5629298005785262,4.324822017124721,-26.32982063293457
0.25,3,authority_test,0.0,76825b753db42030,1.0,0.24509626488230085,0.012643443336599988,0.019166592364487086,0.046428472904559974,0.05000000221148287,-1.5629298005785262,4.324822017124721,-26.32982063293457
0.25,3,authority_test,0.0,78001bdfb89f1ad1,1.0,0.24509626488230085,0.012643443336599988,0.019166592364487086,0.046428472904559974,0.05000000221148287,-1.5629298005785262,4.324822017124721,-26.32982063293457
0.25,3,authority_test,0.0,7b925779bf22fd74,0.0,0.24509626488230085,0.012643443336599988,0.019166592364487086,0.046428472904559974,0.05000000221148287,-1.5629298005785262,4.324822017124721,-26.32982063293457
0.25,3,authority_test,0.0,7be724e7d2299999,0.0,0.24509626488230085,0.012643443336599988,0.019166592364487086,0.046428472904559974,0.05000000221148287,-1.5629298005785262,4.324822017124721,-26.32982063293457
0.25,3,authority_test,0.0,82da82d3e55219a5,0.0,0.24509626488230085,0.012643443336599988,0.019166592364487086,0.046428472904559974,0.05000000221148287,-1.5629298005785262,4.324822017124721,-26.32982063293457
0.25,3,authority_test,0.0,8acfa77cf5234bd4,0.03587658454915088,0.24509626488230085,0.012643443336599988,0.019166592364487086,0.046428472904559974,0.05000000221148287,-1.5629298005785262,4.324822017124721,-26.32982063293457
0.25,3,authority_test,0.0,9332a9cf5d92314a,0.008163265306122436,0.24509626488230085,0.012643443336599988,0.019166592364487086,0.046428472904559974,0.05000000221148287,-1.5629298005785262,4.324822017124721,-26.32982063293457
0.25,3,authority_test,0.0,9f60113cec74b0ee,0.0,0.24509626488230085,0.012643443336599988,0.019166592364487086,0.046428472904559974,0.05000000221148287,-1.5629298005785262,4.324822017124721,-26.32982063293457
0.25,3,authority_test,0.0,a2f68f9c135648a0,1.0,0.24509626488230085,0.012643443336599988,0.019166592364487086,0.046428472904559974,0.05000000221148287,-1.5629298005785262,4.324822017124721,-26.32982063293457
0.25,3,authority_test,0.0,a3ecb75bd15d05d8,1.0,0.24509626488230085,0.012643443336599988,0.019166592364487086,0.046428472904559974,0.05000000221148287,-1.5629298005785262,4.324822017124721,-26.32982063293457
0.25,3,authority_test,0.0,a4a471e79162ce6a,0.0,0.24509626488230085,0.012643443336599988,0.019166592364487086,0.046428472904559974,0.05000000221148287,-1.5629298005785262,4.324822017124721,-26.32982063293457
0.25,3,authority_test,0.0,aa0070de67183c08,0.0,0.24509626488230085,0.012643443336599988,0.019166592364487086,0.046428472904559974,0.05000000221148287,-1.5629298005785262,4.324822017124721,-26.32982063293457
0.25,3,authority_test,0.0,aa6bc6d9ff6d7768,1.0,0.24509626488230085,0.012643443336599988,0.019166592364487086,0.046428472904559974,0.05000000221148287,-1.5629298005785262,4.324822017124721,-26.32982063293457
0.25,3,authority_test,0.0,acd5a3fd547677f6,0.0,0.24509626488230085,0.012643443336599988,0.019166592364487086,0.046428472904559974,0.05000000221148287,-1.5629298005785262,4.324822017124721,-26.32982063293457
0.25,3,authority_test,0.0,b5124e1b88000bd7,0.0,0.24509626488230085,0.012643443336599988,0.019166592364487086,0.046428472904559974,0.05000000221148287,-1.5629298005785262,4.324822017124721,-26.32982063293457
0.25,3,authority_test,0.0,b62f26029c55da5d,1.0,0.24509626488230085,0.012643443336599988,0.019166592364487086,0.046428472904559974,0.05000000221148287,-1.5629298005785262,4.324822017124721,-26.32982063293457
0.25,3,authority_test,0.0,b7036711cecf282e,1.0,0.24509626488230085,0.012643443336599988,0.019166592364487086,0.046428472904559974,0.05000000221148287,-1.5629298005785262,4.324822017124721,-26.32982063293457
0.25,3,authority_test,0.0,bc83dba623c24f83,0.007843137254901933,0.24509626488230085,0.012643443336599988,0.019166592364487086,0.046428472904559974,0.05000000221148287,-1.5629298005785262,4.324822017124721,-26.32982063293457
0.25,3,authority_test,0.0,bd981ed06e640944,0.008438818565400852,0.24509626488230085,0.012643443336599988,0.019166592364487086,0.046428472904559974,0.05000000221148287,-1.5629298005785262,4.324822017124721,-26.32982063293457
0.25,3,authority_test,0.0,c0b0a6fd8196e526,1.0,0.24509626488230085,0.012643443336599988,0.019166592364487086,0.046428472904559974,0.05000000221148287,-1.5629298005785262,4.324822017124721,-26.32982063293457
0.25,3,authority_test,0.0,c0da6f9a810ac96e,0.0,0.24509626488230085,0.012643443336599988,0.019166592364487086,0.046428472904559974,0.05000000221148287,-1.5629298005785262,4.324822017124721,-26.32982063293457
0.25,3,authority_test,0.0,c4e140c6b10a0649,0.0080971659919028,0.24509626488230085,0.012643443336599988,0.019166592364487086,0.046428472904559974,0.05000000221148287,-1.5629298005785262,4.324822017124721,-26.32982063293457
0.25,3,authority_test,0.0,ceab4fde9bc557e9,0.0,0.24509626488230085,0.012643443336599988,0.019166592364487086,0.046428472904559974,0.05000000221148287,-1.5629298005785262,4.324822017124721,-26.32982063293457
0.25,3,authority_test,0.0,cfd0baecd1304030,1.0,0.24509626488230085,0.012643443336599988,0.019166592364487086,0.046428472904559974,0.05000000221148287,-1.5629298005785262,4.324822017124721,-26.32982063293457
0.25,3,authority_test,0.0,d437bb99475d3d83,0.0,0.24509626488230085,0.012643443336599988,0.019166592364487086,0.046428472904559974,0.05000000221148287,-1.5629298005785262,4.324822017124721,-26.32982063293457
0.25,3,authority_test,0.0,df593c445aa37cdd,0.008403361344537785,0.24509626488230085,0.012643443336599988,0.019166592364487086,0.046428472904559974,0.05000000221148287,-1.5629298005785262,4.324822017124721,-26.32982063293457
0.25,3,authority_test,0.0,e0cbaf79c0d6e3eb,1.0,0.24509626488230085,0.012643443336599988,0.019166592364487086,0.046428472904559974,0.05000000221148287,-1.5629298005785262,4.324822017124721,-26.32982063293457
0.25,3,authority_test,0.0,e3664a91fc92d1d6,0.0091324200913242,0.24509626488230085,0.012643443336599988,0.019166592364487086,0.046428472904559974,0.05000000221148287,-1.5629298005785262,4.324822017124721,-26.32982063293457
0.25,3,authority_test,0.0,e55575bab6cd051d,0.0,0.24509626488230085,0.012643443336599988,0.019166592364487086,0.046428472904559974,0.05000000221148287,-1.5629298005785262,4.324822017124721,-26.32982063293457
0.25,3,authority_test,0.0,eac6ec2b274f3fe8,0.008583690987124415,0.24509626488230085,0.012643443336599988,0.019166592364487086,0.046428472904559974,0.05000000221148287,-1.5629298005785262,4.324822017124721,-26.32982063293457
0.25,3,authority_test,0.0,eb5cda6e1fe9f6b5,1.0,0.24509626488230085,0.012643443336599988,0.019166592364487086,0.046428472904559974,0.05000000221148287,-1.5629298005785262,4.324822017124721,-26.32982063293457
0.25,3,authority_test,0.0,ecbc64034f374904,0.0,0.24509626488230085,0.012643443336599988,0.019166592364487086,0.046428472904559974,0.05000000221148287,-1.5629298005785262,4.324822017124721,-26.32982063293457
0.25,3,authority_test,0.0,f16d6af3f8b8b330,1.0,0.24509626488230085,0.012643443336599988,0.019166592364487086,0.046428472904559974,0.05000000221148287,-1.5629298005785262,4.324822017124721,-26.32982063293457
0.25,3,authority_test,0.0,f2e24c35c5249c8b,0.008620689655172376,0.24509626488230085,0.012643443336599988,0.019166592364487086,0.046428472904559974,0.05000000221148287,-1.5629298005785262,4.324822017124721,-26.32982063293457
0.25,3,authority_test,2.0,018ccdd70b67d50b,0.0,0.24509626488230085,0.014312170766009076,0.017603568961935146,0.02813599083974206,0.05000000201529846,-3.497782366616385,4.146608080182757,-27.848560333251953
0.25,3,authority_test,2.0,0545ede9161cd87b,1.0,0.24509626488230085,0.014312170766009076,0.017603568961935146,0.02813599083974206,0.05000000201529846,-3.497782366616385,4.146608080182757,-27.848560333251953
0.25,3,authority_test,2.0,0822110b214bf434,0.0,0.24509626488230085,0.014312170766009076,0.017603568961935146,0.02813599083974206,0.05000000201529846,-3.497782366616385,4.146608080182757,-27.848560333251953
0.25,3,authority_test,2.0,0dbb1e13fa00f0f6,0.0,0.24509626488230085,0.014312170766009076,0.017603568961935146,0.02813599083974206,0.05000000201529846,-3.497782366616385,4.146608080182757,-27.848560333251953
0.25,3,authority_test,2.0,0e2ca3a9a1e8e218,0.0,0.24509626488230085,0.014312170766009076,0.017603568961935146,0.02813599083974206,0.05000000201529846,-3.497782366616385,4.146608080182757,-27.848560333251953
0.25,3,authority_test,2.0,101df2256aecf75b,0.0,0.24509626488230085,0.014312170766009076,0.017603568961935146,0.02813599083974206,0.05000000201529846,-3.497782366616385,4.146608080182757,-27.848560333251953
0.25,3,authority_test,2.0,1717ce53958590ba,0.0,0.24509626488230085,0.014312170766009076,0.017603568961935146,0.02813599083974206,0.05000000201529846,-3.497782366616385,4.146608080182757,-27.848560333251953
0.25,3,authority_test,2.0,1868815d0a7c6716,1.0,0.24509626488230085,0.014312170766009076,0.017603568961935146,0.02813599083974206,0.05000000201529846,-3.497782366616385,4.146608080182757,-27.848560333251953
0.25,3,authority_test,2.0,1991ac094bc47b5a,0.008368200836820106,0.24509626488230085,0.014312170766009076,0.017603568961935146,0.02813599083974206,0.05000000201529846,-3.497782366616385,4.146608080182757,-27.848560333251953
0.25,3,authority_test,2.0,1e9be34e7c154aee,0.0,0.24509626488230085,0.014312170766009076,0.017603568961935146,0.02813599083974206,0.05000000201529846,-3.497782366616385,4.146608080182757,-27.848560333251953
0.25,3,authority_test,2.0,245b8a2be8abc37e,0.0,0.24509626488230085,0.014312170766009076,0.017603568961935146,0.02813599083974206,0.05000000201529846,-3.497782366616385,4.146608080182757,-27.848560333251953
0.25,3,authority_test,2.0,2982eb379acc1dcf,0.007751937984496138,0.24509626488230085,0.014312170766009076,0.017603568961935146,0.02813599083974206,0.05000000201529846,-3.497782366616385,4.146608080182757,-27.848560333251953
0.25,3,authority_test,2.0,2a7630b9ddded8d5,0.0,0.24509626488230085,0.014312170766009076,0.017603568961935146,0.02813599083974206,0.05000000201529846,-3.497782366616385,4.146608080182757,-27.848560333251953
0.25,3,authority_test,2.0,3159f31edc896059,0.007407407407407418,0.24509626488230085,0.014312170766009076,0.017603568961935146,0.02813599083974206,0.05000000201529846,-3.497782366616385,4.146608080182757,-27.848560333251953
0.25,3,authority_test,2.0,3605a51c50d5daa0,0.0,0.24509626488230085,0.014312170766009076,0.017603568961935146,0.02813599083974206,0.05000000201529846,-3.497782366616385,4.146608080182757,-27.848560333251953
0.25,3,authority_test,2.0,38e3fe88a50cb3ef,0.0,0.24509626488230085,0.014312170766009076,0.017603568961935146,0.02813599083974206,0.05000000201529846,-3.497782366616385,4.146608080182757,-27.848560333251953
0.25,3,authority_test,2.0,3a831f177b4c7882,0.0,0.24509626488230085,0.014312170766009076,0.017603568961935146,0.02813599083974206,0.05000000201529846,-3.497782366616385,4.146608080182757,-27.848560333251953
0.25,3,authority_test,2.0,41450c0e975a1c31,0.008163265306122436,0.24509626488230085,0.014312170766009076,0.017603568961935146,0.02813599083974206,0.05000000201529846,-3.497782366616385,4.146608080182757,-27.848560333251953
0.25,3,authority_test,2.0,4381c0fb4c396040,0.0,0.24509626488230085,0.014312170766009076,0.017603568961935146,0.02813599083974206,0.05000000201529846,-3.497782366616385,4.146608080182757,-27.848560333251953
0.25,3,authority_test,2.0,44e03bc01ee3055a,1.0,0.24509626488230085,0.014312170766009076,0.017603568961935146,0.02813599083974206,0.05000000201529846,-3.497782366616385,4.146608080182757,-27.848560333251953
0.25,3,authority_test,2.0,47bf27669a8fa08a,0.0,0.24509626488230085,0.014312170766009076,0.017603568961935146,0.02813599083974206,0.05000000201529846,-3.497782366616385,4.146608080182757,-27.848560333251953
0.25,3,authority_test,2.0,486ee1ca9e71adc6,0.0,0.24509626488230085,0.014312170766009076,0.017603568961935146,0.02813599083974206,0.05000000201529846,-3.497782366616385,4.146608080182757,-27.848560333251953
0.25,3,authority_test,2.0,4910c9193fca9a21,0.0,0.24509626488230085,0.014312170766009076,0.017603568961935146,0.02813599083974206,0.05000000201529846,-3.497782366616385,4.146608080182757,-27.848560333251953
0.25,3,authority_test,2.0,4a78cd4f429333ac,0.007042253521126751,0.24509626488230085,0.014312170766009076,0.017603568961935146,0.02813599083974206,0.05000000201529846,-3.497782366616385,4.146608080182757,-27.848560333251953
0.25,3,authority_test,2.0,4d3a619d3d16b595,1.0,0.24509626488230085,0.014312170766009076,0.017603568961935146,0.02813599083974206,0.05000000201529846,-3.497782366616385,4.146608080182757,-27.848560333251953
0.25,3,authority_test,2.0,4e12766ab5ee9a6f,1.0,0.24509626488230085,0.014312170766009076,0.017603568961935146,0.02813599083974206,0.05000000201529846,-3.497782366616385,4.146608080182757,-27.848560333251953
0.25,3,authority_test,2.0,5406f38bad958fff,0.0,0.24509626488230085,0.014312170766009076,0.017603568961935146,0.02813599083974206,0.05000000201529846,-3.497782366616385,4.146608080182757,-27.848560333251953
0.25,3,authority_test,2.0,5b6660299c28d21a,0.0,0.24509626488230085,0.014312170766009076,0.017603568961935146,0.02813599083974206,0.05000000201529846,-3.497782366616385,4.146608080182757,-27.848560333251953
0.25,3,authority_test,2.0,5d8a6dda9c034943,0.0,0.24509626488230085,0.014312170766009076,0.017603568961935146,0.02813599083974206,0.05000000201529846,-3.497782366616385,4.146608080182757,-27.848560333251953
0.25,3,authority_test,2.0,6354b26bfd6b0d3b,0.0072202166064981865,0.24509626488230085,0.014312170766009076,0.017603568961935146,0.02813599083974206,0.05000000201529846,-3.497782366616385,4.146608080182757,-27.848560333251953
0.25,3,authority_test,2.0,663b72de42e74e86,0.0,0.24509626488230085,0.014312170766009076,0.017603568961935146,0.02813599083974206,0.05000000201529846,-3.497782366616385,4.146608080182757,-27.848560333251953
0.25,3,authority_test,2.0,66eb648c6256c151,0.007874015748031482,0.24509626488230085,0.014312170766009076,0.017603568961935146,0.02813599083974206,0.05000000201529846,-3.497782366616385,4.146608080182757,-27.848560333251953
0.25,3,authority_test,2.0,67f63c1627c03412,1.0,0.24509626488230085,0.014312170766009076,0.017603568961935146,0.02813599083974206,0.05000000201529846,-3.497782366616385,4.146608080182757,-27.848560333251953
0.25,3,authority_test,2.0,6d1d8e613ece86e7,0.009661835748792313,0.24509626488230085,0.014312170766009076,0.017603568961935146,0.02813599083974206,0.05000000201529846,-3.497782366616385,4.146608080182757,-27.848560333251953
0.25,3,authority_test,2.0,6f3466b968e73ba3,1.0,0.24509626488230085,0.014312170766009076,0.017603568961935146,0.02813599083974206,0.05000000201529846,-3.497782366616385,4.146608080182757,-27.848560333251953
0.25,3,authority_test,2.0,71fe74132803f26b,0.0,0.24509626488230085,0.014312170766009076,0.017603568961935146,0.02813599083974206,0.05000000201529846,-3.497782366616385,4.146608080182757,-27.848560333251953
0.25,3,authority_test,2.0,76825b753db42030,0.0,0.24509626488230085,0.014312170766009076,0.017603568961935146,0.02813599083974206,0.05000000201529846,-3.497782366616385,4.146608080182757,-27.848560333251953
0.25,3,authority_test,2.0,78001bdfb89f1ad1,0.0,0.24509626488230085,0.014312170766009076,0.017603568961935146,0.02813599083974206,0.05000000201529846,-3.497782366616385,4.146608080182757,-27.848560333251953
0.25,3,authority_test,2.0,7b925779bf22fd74,0.0,0.24509626488230085,0.014312170766009076,0.017603568961935146,0.02813599083974206,0.05000000201529846,-3.497782366616385,4.146608080182757,-27.848560333251953
0.25,3,authority_test,2.0,7be724e7d2299999,0.0,0.24509626488230085,0.014312170766009076,0.017603568961935146,0.02813599083974206,0.05000000201529846,-3.497782366616385,4.146608080182757,-27.848560333251953
0.25,3,authority_test,2.0,82da82d3e55219a5,0.007722007722007707,0.24509626488230085,0.014312170766009076,0.017603568961935146,0.02813599083974206,0.05000000201529846,-3.497782366616385,4.146608080182757,-27.848560333251953
0.25,3,authority_test,2.0,8acfa77cf5234bd4,0.008264462809917328,0.24509626488230085,0.014312170766009076,0.017603568961935146,0.02813599083974206,0.05000000201529846,-3.497782366616385,4.146608080182757,-27.848560333251953
0.25,3,authority_test,2.0,9332a9cf5d92314a,0.007968127490039834,0.24509626488230085,0.014312170766009076,0.017603568961935146,0.02813599083974206,0.05000000201529846,-3.497782366616385,4.146608080182757,-27.848560333251953
0.25,3,authority_test,2.0,9f60113cec74b0ee,0.007633587786259555,0.24509626488230085,0.014312170766009076,0.017603568961935146,0.02813599083974206,0.05000000201529846,-3.497782366616385,4.146608080182757,-27.848560333251953
0.25,3,authority_test,2.0,a2f68f9c135648a0,0.0,0.24509626488230085,0.014312170766009076,0.017603568961935146,0.02813599083974206,0.05000000201529846,-3.497782366616385,4.146608080182757,-27.848560333251953
0.25,3,authority_test,2.0,a3ecb75bd15d05d8,0.0,0.24509626488230085,0.014312170766009076,0.017603568961935146,0.02813599083974206,0.05000000201529846,-3.497782366616385,4.146608080182757,-27.848560333251953
0.25,3,authority_test,2.0,a4a471e79162ce6a,0.0,0.24509626488230085,0.014312170766009076,0.017603568961935146,0.02813599083974206,0.05000000201529846,-3.497782366616385,4.146608080182757,-27.848560333251953
0.25,3,authority_test,2.0,aa0070de67183c08,0.007968127490039834,0.24509626488230085,0.014312170766009076,0.017603568961935146,0.02813599083974206,0.05000000201529846,-3.497782366616385,4.146608080182757,-27.848560333251953
0.25,3,authority_test,2.0,aa6bc6d9ff6d7768,0.0,0.24509626488230085,0.014312170766009076,0.017603568961935146,0.02813599083974206,0.05000000201529846,-3.497782366616385,4.146608080182757,-27.848560333251953
0.25,3,authority_test,2.0,acd5a3fd547677f6,0.008333333333333304,0.24509626488230085,0.014312170766009076,0.017603568961935146,0.02813599083974206,0.05000000201529846,-3.497782366616385,4.146608080182757,-27.848560333251953
0.25,3,authority_test,2.0,b5124e1b88000bd7,0.0,0.24509626488230085,0.014312170766009076,0.017603568961935146,0.02813599083974206,0.05000000201529846,-3.497782366616385,4.146608080182757,-27.848560333251953
0.25,3,authority_test,2.0,b62f26029c55da5d,0.0,0.24509626488230085,0.014312170766009076,0.017603568961935146,0.02813599083974206,0.05000000201529846,-3.497782366616385,4.146608080182757,-27.848560333251953
0.25,3,authority_test,2.0,b7036711cecf282e,0.0,0.24509626488230085,0.014312170766009076,0.017603568961935146,0.02813599083974206,0.05000000201529846,-3.497782366616385,4.146608080182757,-27.848560333251953
0.25,3,authority_test,2.0,bc83dba623c24f83,0.0,0.24509626488230085,0.014312170766009076,0.017603568961935146,0.02813599083974206,0.05000000201529846,-3.497782366616385,4.146608080182757,-27.848560333251953
0.25,3,authority_test,2.0,bd981ed06e640944,0.008547008547008517,0.24509626488230085,0.014312170766009076,0.017603568961935146,0.02813599083974206,0.05000000201529846,-3.497782366616385,4.146608080182757,-27.848560333251953
0.25,3,authority_test,2.0,c0b0a6fd8196e526,1.0,0.24509626488230085,0.014312170766009076,0.017603568961935146,0.02813599083974206,0.05000000201529846,-3.497782366616385,4.146608080182757,-27.848560333251953
0.25,3,authority_test,2.0,c0da6f9a810ac96e,0.0,0.24509626488230085,0.014312170766009076,0.017603568961935146,0.02813599083974206,0.05000000201529846,-3.497782366616385,4.146608080182757,-27.848560333251953
0.25,3,authority_test,2.0,c4e140c6b10a0649,0.009433962264150941,0.24509626488230085,0.014312170766009076,0.017603568961935146,0.02813599083974206,0.05000000201529846,-3.497782366616385,4.146608080182757,-27.848560333251953
0.25,3,authority_test,2.0,ceab4fde9bc557e9,0.0,0.24509626488230085,0.014312170766009076,0.017603568961935146,0.02813599083974206,0.05000000201529846,-3.497782366616385,4.146608080182757,-27.848560333251953
0.25,3,authority_test,2.0,cfd0baecd1304030,1.0,0.24509626488230085,0.014312170766009076,0.017603568961935146,0.02813599083974206,0.05000000201529846,-3.497782366616385,4.146608080182757,-27.848560333251953
0.25,3,authority_test,2.0,d437bb99475d3d83,0.0,0.24509626488230085,0.014312170766009076,0.017603568961935146,0.02813599083974206,0.05000000201529846,-3.497782366616385,4.146608080182757,-27.848560333251953
0.25,3,authority_test,2.0,df593c445aa37cdd,0.008888888888888835,0.24509626488230085,0.014312170766009076,0.017603568961935146,0.02813599083974206,0.05000000201529846,-3.497782366616385,4.146608080182757,-27.848560333251953
0.25,3,authority_test,2.0,e0cbaf79c0d6e3eb,0.0,0.24509626488230085,0.014312170766009076,0.017603568961935146,0.02813599083974206,0.05000000201529846,-3.497782366616385,4.146608080182757,-27.848560333251953
0.25,3,authority_test,2.0,e3664a91fc92d1d6,0.008510638297872353,0.24509626488230085,0.014312170766009076,0.017603568961935146,0.02813599083974206,0.05000000201529846,-3.497782366616385,4.146608080182757,-27.848560333251953
0.25,3,authority_test,2.0,e55575bab6cd051d,0.0,0.24509626488230085,0.014312170766009076,0.017603568961935146,0.02813599083974206,0.05000000201529846,-3.497782366616385,4.146608080182757,-27.848560333251953
0.25,3,authority_test,2.0,eac6ec2b274f3fe8,0.009345794392523366,0.24509626488230085,0.014312170766009076,0.017603568961935146,0.02813599083974206,0.05000000201529846,-3.497782366616385,4.146608080182757,-27.848560333251953
0.25,3,authority_test,2.0,eb5cda6e1fe9f6b5,0.0,0.24509626488230085,0.014312170766009076,0.017603568961935146,0.02813599083974206,0.05000000201529846,-3.497782366616385,4.146608080182757,-27.848560333251953
0.25,3,authority_test,2.0,ecbc64034f374904,1.0,0.24509626488230085,0.014312170766009076,0.017603568961935146,0.02813599083974206,0.05000000201529846,-3.497782366616385,4.146608080182757,-27.848560333251953
0.25,3,authority_test,2.0,f16d6af3f8b8b330,0.0,0.24509626488230085,0.014312170766009076,0.017603568961935146,0.02813599083974206,0.05000000201529846,-3.497782366616385,4.146608080182757,-27.848560333251953
0.25,3,authority_test,2.0,f2e24c35c5249c8b,0.007194244604316502,0.24509626488230085,0.014312170766009076,0.017603568961935146,0.02813599083974206,0.05000000201529846,-3.497782366616385,4.146608080182757,-27.848560333251953
0.25,3,authority_test,5.0,018ccdd70b67d50b,0.007936507936507908,0.24509626488230085,0.016426572535974453,0.02361501683963601,0.049516609118483594,0.05000000208196072,-6.414387226104736,3.9705823148999895,-30.126670837402344
0.25,3,authority_test,5.0,0545ede9161cd87b,0.0,0.24509626488230085,0.016426572535974453,0.02361501683963601,0.049516609118483594,0.05000000208196072,-6.414387226104736,3.9705823148999895,-30.126670837402344
0.25,3,authority_test,5.0,0822110b214bf434,0.33333333333333337,0.24509626488230085,0.016426572535974453,0.02361501683963601,0.049516609118483594,0.05000000208196072,-6.414387226104736,3.9705823148999895,-30.126670837402344
0.25,3,authority_test,5.0,0dbb1e13fa00f0f6,0.0,0.24509626488230085,0.016426572535974453,0.02361501683963601,0.049516609118483594,0.05000000208196072,-6.414387226104736,3.9705823148999895,-30.126670837402344
0.25,3,authority_test,5.0,0e2ca3a9a1e8e218,0.0,0.24509626488230085,0.016426572535974453,0.02361501683963601,0.049516609118483594,0.05000000208196072,-6.414387226104736,3.9705823148999895,-30.126670837402344
0.25,3,authority_test,5.0,101df2256aecf75b,0.0,0.24509626488230085,0.016426572535974453,0.02361501683963601,0.049516609118483594,0.05000000208196072,-6.414387226104736,3.9705823148999895,-30.126670837402344
0.25,3,authority_test,5.0,1717ce53958590ba,0.03692801712603688,0.24509626488230085,0.016426572535974453,0.02361501683963601,0.049516609118483594,0.05000000208196072,-6.414387226104736,3.9705823148999895,-30.126670837402344
0.25,3,authority_test,5.0,1868815d0a7c6716,0.008230452674897082,0.24509626488230085,0.016426572535974453,0.02361501683963601,0.049516609118483594,0.05000000208196072,-6.414387226104736,3.9705823148999895,-30.126670837402344
0.25,3,authority_test,5.0,1991ac094bc47b5a,0.008438818565400852,0.24509626488230085,0.016426572535974453,0.02361501683963601,0.049516609118483594,0.05000000208196072,-6.414387226104736,3.9705823148999895,-30.126670837402344
0.25,3,authority_test,5.0,1e9be34e7c154aee,0.0,0.24509626488230085,0.016426572535974453,0.02361501683963601,0.049516609118483594,0.05000000208196072,-6.414387226104736,3.9705823148999895,-30.126670837402344
0.25,3,authority_test,5.0,245b8a2be8abc37e,0.6666666666666667,0.24509626488230085,0.016426572535974453,0.02361501683963601,0.049516609118483594,0.05000000208196072,-6.414387226104736,3.9705823148999895,-30.126670837402344
0.25,3,authority_test,5.0,2982eb379acc1dcf,0.0,0.24509626488230085,0.016426572535974453,0.02361501683963601,0.049516609118483594,0.05000000208196072,-6.414387226104736,3.9705823148999895,-30.126670837402344
0.25,3,authority_test,5.0,2a7630b9ddded8d5,0.0,0.24509626488230085,0.016426572535974453,0.02361501683963601,0.049516609118483594,0.05000000208196072,-6.414387226104736,3.9705823148999895,-30.126670837402344
0.25,3,authority_test,5.0,3159f31edc896059,0.0,0.24509626488230085,0.016426572535974453,0.02361501683963601,0.049516609118483594,0.05000000208196072,-6.414387226104736,3.9705823148999895,-30.126670837402344
0.25,3,authority_test,5.0,3605a51c50d5daa0,0.0,0.24509626488230085,0.016426572535974453,0.02361501683963601,0.049516609118483594,0.05000000208196072,-6.414387226104736,3.9705823148999895,-30.126670837402344
0.25,3,authority_test,5.0,38e3fe88a50cb3ef,0.0,0.24509626488230085,0.016426572535974453,0.02361501683963601,0.049516609118483594,0.05000000208196072,-6.414387226104736,3.9705823148999895,-30.126670837402344
0.25,3,authority_test,5.0,3a831f177b4c7882,0.007575757575757569,0.24509626488230085,0.016426572535974453,0.02361501683963601,0.049516609118483594,0.05000000208196072,-6.414387226104736,3.9705823148999895,-30.126670837402344
0.25,3,authority_test,5.0,41450c0e975a1c31,0.0077821011673151474,0.24509626488230085,0.016426572535974453,0.02361501683963601,0.049516609118483594,0.05000000208196072,-6.414387226104736,3.9705823148999895,-30.126670837402344
0.25,3,authority_test,5.0,4381c0fb4c396040,0.0,0.24509626488230085,0.016426572535974453,0.02361501683963601,0.049516609118483594,0.05000000208196072,-6.414387226104736,3.9705823148999895,-30.126670837402344
0.25,3,authority_test,5.0,44e03bc01ee3055a,0.0,0.24509626488230085,0.016426572535974453,0.02361501683963601,0.049516609118483594,0.05000000208196072,-6.414387226104736,3.9705823148999895,-30.126670837402344
0.25,3,authority_test,5.0,47bf27669a8fa08a,0.008547008547008517,0.24509626488230085,0.016426572535974453,0.02361501683963601,0.049516609118483594,0.05000000208196072,-6.414387226104736,3.9705823148999895,-30.126670837402344
0.25,3,authority_test,5.0,486ee1ca9e71adc6,0.0,0.24509626488230085,0.016426572535974453,0.02361501683963601,0.049516609118483594,0.05000000208196072,-6.414387226104736,3.9705823148999895,-30.126670837402344
0.25,3,authority_test,5.0,4910c9193fca9a21,0.008438818565400852,0.24509626488230085,0.016426572535974453,0.02361501683963601,0.049516609118483594,0.05000000208196072,-6.414387226104736,3.9705823148999895,-30.126670837402344
0.25,3,authority_test,5.0,4a78cd4f429333ac,0.0,0.24509626488230085,0.016426572535974453,0.02361501683963601,0.049516609118483594,0.05000000208196072,-6.414387226104736,3.9705823148999895,-30.126670837402344
0.25,3,authority_test,5.0,4d3a619d3d16b595,0.009090909090909038,0.24509626488230085,0.016426572535974453,0.02361501683963601,0.049516609118483594,0.05000000208196072,-6.414387226104736,3.9705823148999895,-30.126670837402344
0.25,3,authority_test,5.0,4e12766ab5ee9a6f,0.008474576271186418,0.24509626488230085,0.016426572535974453,0.02361501683963601,0.049516609118483594,0.05000000208196072,-6.414387226104736,3.9705823148999895,-30.126670837402344
0.25,3,authority_test,5.0,5406f38bad958fff,0.0,0.24509626488230085,0.016426572535974453,0.02361501683963601,0.049516609118483594,0.05000000208196072,-6.414387226104736,3.9705823148999895,-30.126670837402344
0.25,3,authority_test,5.0,5b6660299c28d21a,0.0,0.24509626488230085,0.016426572535974453,0.02361501683963601,0.049516609118483594,0.05000000208196072,-6.414387226104736,3.9705823148999895,-30.126670837402344
0.25,3,authority_test,5.0,5d8a6dda9c034943,0.0,0.24509626488230085,0.016426572535974453,0.02361501683963601,0.049516609118483594,0.05000000208196072,-6.414387226104736,3.9705823148999895,-30.126670837402344
0.25,3,authority_test,5.0,6354b26bfd6b0d3b,0.0072727272727273196,0.24509626488230085,0.016426572535974453,0.02361501683963601,0.049516609118483594,0.05000000208196072,-6.414387226104736,3.9705823148999895,-30.126670837402344
0.25,3,authority_test,5.0,663b72de42e74e86,0.008928571428571397,0.24509626488230085,0.016426572535974453,0.02361501683963601,0.049516609118483594,0.05000000208196072,-6.414387226104736,3.9705823148999895,-30.126670837402344
0.25,3,authority_test,5.0,66eb648c6256c151,0.0,0.24509626488230085,0.016426572535974453,0.02361501683963601,0.049516609118483594,0.05000000208196072,-6.414387226104736,3.9705823148999895,-30.126670837402344
0.25,3,authority_test,5.0,67f63c1627c03412,0.007518796992481258,0.24509626488230085,0.016426572535974453,0.02361501683963601,0.049516609118483594,0.05000000208196072,-6.414387226104736,3.9705823148999895,-30.126670837402344
0.25,3,authority_test,5.0,6d1d8e613ece86e7,0.010152284263959421,0.24509626488230085,0.016426572535974453,0.02361501683963601,0.049516609118483594,0.05000000208196072,-6.414387226104736,3.9705823148999895,-30.126670837402344
0.25,3,authority_test,5.0,6f3466b968e73ba3,0.008230452674897082,0.24509626488230085,0.016426572535974453,0.02361501683963601,0.049516609118483594,0.05000000208196072,-6.414387226104736,3.9705823148999895,-30.126670837402344
0.25,3,authority_test,5.0,71fe74132803f26b,0.0,0.24509626488230085,0.016426572535974453,0.02361501683963601,0.049516609118483594,0.05000000208196072,-6.414387226104736,3.9705823148999895,-30.126670837402344
0.25,3,authority_test,5.0,76825b753db42030,0.008849557522123908,0.24509626488230085,0.016426572535974453,0.02361501683963601,0.049516609118483594,0.05000000208196072,-6.414387226104736,3.9705823148999895,-30.126670837402344
0.25,3,authority_test,5.0,78001bdfb89f1ad1,0.0,0.24509626488230085,0.016426572535974453,0.02361501683963601,0.049516609118483594,0.05000000208196072,-6.414387226104736,3.9705823148999895,-30.126670837402344
0.25,3,authority_test,5.0,7b925779bf22fd74,0.009433962264150941,0.24509626488230085,0.016426572535974453,0.02361501683963601,0.049516609118483594,0.05000000208196072,-6.414387226104736,3.9705823148999895,-30.126670837402344
0.25,3,authority_test,5.0,7be724e7d2299999,0.008810572687224627,0.24509626488230085,0.016426572535974453,0.02361501683963601,0.049516609118483594,0.05000000208196072,-6.414387226104736,3.9705823148999895,-30.126670837402344
0.25,3,authority_test,5.0,82da82d3e55219a5,0.0078125,0.24509626488230085,0.016426572535974453,0.02361501683963601,0.049516609118483594,0.05000000208196072,-6.414387226104736,3.9705823148999895,-30.126670837402344
0.25,3,authority_test,5.0,8acfa77cf5234bd4,0.008438818565400852,0.24509626488230085,0.016426572535974453,0.02361501683963601,0.049516609118483594,0.05000000208196072,-6.414387226104736,3.9705823148999895,-30.126670837402344
0.25,3,authority_test,5.0,9332a9cf5d92314a,0.009661835748792313,0.24509626488230085,0.016426572535974453,0.02361501683963601,0.049516609118483594,0.05000000208196072,-6.414387226104736,3.9705823148999895,-30.126670837402344
0.25,3,authority_test,5.0,9f60113cec74b0ee,0.0,0.24509626488230085,0.016426572535974453,0.02361501683963601,0.049516609118483594,0.05000000208196072,-6.414387226104736,3.9705823148999895,-30.126670837402344
0.25,3,authority_test,5.0,a2f68f9c135648a0,0.0,0.24509626488230085,0.016426572535974453,0.02361501683963601,0.049516609118483594,0.05000000208196072,-6.414387226104736,3.9705823148999895,-30.126670837402344
0.25,3,authority_test,5.0,a3ecb75bd15d05d8,0.02777777777777779,0.24509626488230085,0.016426572535974453,0.02361501683963601,0.049516609118483594,0.05000000208196072,-6.414387226104736,3.9705823148999895,-30.126670837402344
0.25,3,authority_test,5.0,a4a471e79162ce6a,0.009049773755656076,0.24509626488230085,0.016426572535974453,0.02361501683963601,0.049516609118483594,0.05000000208196072,-6.414387226104736,3.9705823148999895,-30.126670837402344
0.25,3,authority_test,5.0,aa0070de67183c08,0.0,0.24509626488230085,0.016426572535974453,0.02361501683963601,0.049516609118483594,0.05000000208196072,-6.414387226104736,3.9705823148999895,-30.126670837402344
0.25,3,authority_test,5.0,aa6bc6d9ff6d7768,0.0,0.24509626488230085,0.016426572535974453,0.02361501683963601,0.049516609118483594,0.05000000208196072,-6.414387226104736,3.9705823148999895,-30.126670837402344
0.25,3,authority_test,5.0,acd5a3fd547677f6,0.010000000000000009,0.24509626488230085,0.016426572535974453,0.02361501683963601,0.049516609118483594,0.05000000208196072,-6.414387226104736,3.9705823148999895,-30.126670837402344
0.25,3,authority_test,5.0,b5124e1b88000bd7,0.008658008658008698,0.24509626488230085,0.016426572535974453,0.02361501683963601,0.049516609118483594,0.05000000208196072,-6.414387226104736,3.9705823148999895,-30.126670837402344
0.25,3,authority_test,5.0,b62f26029c55da5d,0.027027027027026973,0.24509626488230085,0.016426572535974453,0.02361501683963601,0.049516609118483594,0.05000000208196072,-6.414387226104736,3.9705823148999895,-30.126670837402344
0.25,3,authority_test,5.0,b7036711cecf282e,0.0,0.24509626488230085,0.016426572535974453,0.02361501683963601,0.049516609118483594,0.05000000208196072,-6.414387226104736,3.9705823148999895,-30.126670837402344
0.25,3,authority_test,5.0,bc83dba623c24f83,0.0,0.24509626488230085,0.016426572535974453,0.02361501683963601,0.049516609118483594,0.05000000208196072,-6.414387226104736,3.9705823148999895,-30.126670837402344
0.25,3,authority_test,5.0,bd981ed06e640944,0.008810572687224627,0.24509626488230085,0.016426572535974453,0.02361501683963601,0.049516609118483594,0.05000000208196072,-6.414387226104736,3.9705823148999895,-30.126670837402344
0.25,3,authority_test,5.0,c0b0a6fd8196e526,0.0,0.24509626488230085,0.016426572535974453,0.02361501683963601,0.049516609118483594,0.05000000208196072,-6.414387226104736,3.9705823148999895,-30.126670837402344
0.25,3,authority_test,5.0,c0da6f9a810ac96e,0.0,0.24509626488230085,0.016426572535974453,0.02361501683963601,0.049516609118483594,0.05000000208196072,-6.414387226104736,3.9705823148999895,-30.126670837402344
0.25,3,authority_test,5.0,c4e140c6b10a0649,0.00952380952380949,0.24509626488230085,0.016426572535974453,0.02361501683963601,0.049516609118483594,0.05000000208196072,-6.414387226104736,3.9705823148999895,-30.126670837402344
0.25,3,authority_test,5.0,ceab4fde9bc557e9,0.0,0.24509626488230085,0.016426572535974453,0.02361501683963601,0.049516609118483594,0.05000000208196072,-6.414387226104736,3.9705823148999895,-30.126670837402344
0.25,3,authority_test,5.0,cfd0baecd1304030,0.0,0.24509626488230085,0.016426572535974453,0.02361501683963601,0.049516609118483594,0.05000000208196072,-6.414387226104736,3.9705823148999895,-30.126670837402344
0.25,3,authority_test,5.0,d437bb99475d3d83,0.0,0.24509626488230085,0.016426572535974453,0.02361501683963601,0.049516609118483594,0.05000000208196072,-6.414387226104736,3.9705823148999895,-30.126670837402344
0.25,3,authority_test,5.0,df593c445aa37cdd,0.009803921568627416,0.24509626488230085,0.016426572535974453,0.02361501683963601,0.049516609118483594,0.05000000208196072,-6.414387226104736,3.9705823148999895,-30.126670837402344
0.25,3,authority_test,5.0,e0cbaf79c0d6e3eb,0.008264462809917328,0.24509626488230085,0.016426572535974453,0.02361501683963601,0.049516609118483594,0.05000000208196072,-6.414387226104736,3.9705823148999895,-30.126670837402344
0.25,3,authority_test,5.0,e3664a91fc92d1d6,0.008695652173912993,0.24509626488230085,0.016426572535974453,0.02361501683963601,0.049516609118483594,0.05000000208196072,-6.414387226104736,3.9705823148999895,-30.126670837402344
0.25,3,authority_test,5.0,e55575bab6cd051d,0.0080971659919028,0.24509626488230085,0.016426572535974453,0.02361501683963601,0.049516609118483594,0.05000000208196072,-6.414387226104736,3.9705823148999895,-30.126670837402344
0.25,3,authority_test,5.0,eac6ec2b274f3fe8,0.008733624454148492,0.24509626488230085,0.016426572535974453,0.02361501683963601,0.049516609118483594,0.05000000208196072,-6.414387226104736,3.9705823148999895,-30.126670837402344
0.25,3,authority_test,5.0,eb5cda6e1fe9f6b5,0.7083333333333333,0.24509626488230085,0.016426572535974453,0.02361501683963601,0.049516609118483594,0.05000000208196072,-6.414387226104736,3.9705823148999895,-30.126670837402344
0.25,3,authority_test,5.0,ecbc64034f374904,1.0,0.24509626488230085,0.016426572535974453,0.02361501683963601,0.049516609118483594,0.05000000208196072,-6.414387226104736,3.9705823148999895,-30.126670837402344
0.25,3,authority_test,5.0,f16d6af3f8b8b330,0.0,0.24509626488230085,0.016426572535974453,0.02361501683963601,0.049516609118483594,0.05000000208196072,-6.414387226104736,3.9705823148999895,-30.126670837402344
0.25,3,authority_test,5.0,f2e24c35c5249c8b,0.008547008547008517,0.24509626488230085,0.016426572535974453,0.02361501683963601,0.049516609118483594,0.05000000208196072,-6.414387226104736,3.9705823148999895,-30.126670837402344
0.25,3,stepwise_test,0.0,018ccdd70b67d50b,1.0,0.24509626488230085,0.013067518971769046,0.019225269855133297,0.04708074616948055,0.05000000229627318,-2.1706933123724803,4.142784493310111,-26.32982063293457
0.25,3,stepwise_test,0.0,0545ede9161cd87b,0.0,0.24509626488230085,0.013067518971769046,0.019225269855133297,0.04708074616948055,0.05000000229627318,-2.1706933123724803,4.142784493310111,-26.32982063293457
0.25,3,stepwise_test,0.0,0822110b214bf434,0.009433962264150941,0.24509626488230085,0.013067518971769046,0.019225269855133297,0.04708074616948055,0.05000000229627318,-2.1706933123724803,4.142784493310111,-26.32982063293457
0.25,3,stepwise_test,0.0,0dbb1e13fa00f0f6,0.0,0.24509626488230085,0.013067518971769046,0.019225269855133297,0.04708074616948055,0.05000000229627318,-2.1706933123724803,4.142784493310111,-26.32982063293457
0.25,3,stepwise_test,0.0,0e2ca3a9a1e8e218,0.0,0.24509626488230085,0.013067518971769046,0.019225269855133297,0.04708074616948055,0.05000000229627318,-2.1706933123724803,4.142784493310111,-26.32982063293457
0.25,3,stepwise_test,0.0,101df2256aecf75b,1.0,0.24509626488230085,0.013067518971769046,0.019225269855133297,0.04708074616948055,0.05000000229627318,-2.1706933123724803,4.142784493310111,-26.32982063293457
0.25,3,stepwise_test,0.0,1717ce53958590ba,1.0,0.24509626488230085,0.013067518971769046,0.019225269855133297,0.04708074616948055,0.05000000229627318,-2.1706933123724803,4.142784493310111,-26.32982063293457
0.25,3,stepwise_test,0.0,1868815d0a7c6716,1.0,0.24509626488230085,0.013067518971769046,0.019225269855133297,0.04708074616948055,0.05000000229627318,-2.1706933123724803,4.142784493310111,-26.32982063293457
0.25,3,stepwise_test,0.0,1991ac094bc47b5a,0.0,0.24509626488230085,0.013067518971769046,0.019225269855133297,0.04708074616948055,0.05000000229627318,-2.1706933123724803,4.142784493310111,-26.32982063293457
0.25,3,stepwise_test,0.0,1e9be34e7c154aee,0.0,0.24509626488230085,0.013067518971769046,0.019225269855133297,0.04708074616948055,0.05000000229627318,-2.1706933123724803,4.142784493310111,-26.32982063293457
0.25,3,stepwise_test,0.0,245b8a2be8abc37e,0.008849557522123908,0.24509626488230085,0.013067518971769046,0.019225269855133297,0.04708074616948055,0.05000000229627318,-2.1706933123724803,4.142784493310111,-26.32982063293457
0.25,3,stepwise_test,0.0,2982eb379acc1dcf,0.0,0.24509626488230085,0.013067518971769046,0.019225269855133297,0.04708074616948055,0.05000000229627318,-2.1706933123724803,4.142784493310111,-26.32982063293457
0.25,3,stepwise_test,0.0,2a7630b9ddded8d5,1.0,0.24509626488230085,0.013067518971769046,0.019225269855133297,0.04708074616948055,0.05000000229627318,-2.1706933123724803,4.142784493310111,-26.32982063293457
0.25,3,stepwise_test,0.0,3159f31edc896059,0.0,0.24509626488230085,0.013067518971769046,0.019225269855133297,0.04708074616948055,0.05000000229627318,-2.1706933123724803,4.142784493310111,-26.32982063293457
0.25,3,stepwise_test,0.0,3605a51c50d5daa0,0.0,0.24509626488230085,0.013067518971769046,0.019225269855133297,0.04708074616948055,0.05000000229627318,-2.1706933123724803,4.142784493310111,-26.32982063293457
0.25,3,stepwise_test,0.0,38e3fe88a50cb3ef,0.0,0.24509626488230085,0.013067518971769046,0.019225269855133297,0.04708074616948055,0.05000000229627318,-2.1706933123724803,4.142784493310111,-26.32982063293457
0.25,3,stepwise_test,0.0,3a831f177b4c7882,0.0,0.24509626488230085,0.013067518971769046,0.019225269855133297,0.04708074616948055,0.05000000229627318,-2.1706933123724803,4.142784493310111,-26.32982063293457
0.25,3,stepwise_test,0.0,41450c0e975a1c31,0.0,0.24509626488230085,0.013067518971769046,0.019225269855133297,0.04708074616948055,0.05000000229627318,-2.1706933123724803,4.142784493310111,-26.32982063293457
0.25,3,stepwise_test,0.0,4381c0fb4c396040,0.0,0.24509626488230085,0.013067518971769046,0.019225269855133297,0.04708074616948055,0.05000000229627318,-2.1706933123724803,4.142784493310111,-26.32982063293457
0.25,3,stepwise_test,0.0,44e03bc01ee3055a,0.0,0.24509626488230085,0.013067518971769046,0.019225269855133297,0.04708074616948055,0.05000000229627318,-2.1706933123724803,4.142784493310111,-26.32982063293457
0.25,3,stepwise_test,0.0,47bf27669a8fa08a,0.008583690987124415,0.24509626488230085,0.013067518971769046,0.019225269855133297,0.04708074616948055,0.05000000229627318,-2.1706933123724803,4.142784493310111,-26.32982063293457
0.25,3,stepwise_test,0.0,486ee1ca9e71adc6,0.0,0.24509626488230085,0.013067518971769046,0.019225269855133297,0.04708074616948055,0.05000000229627318,-2.1706933123724803,4.142784493310111,-26.32982063293457
0.25,3,stepwise_test,0.0,4910c9193fca9a21,0.0,0.24509626488230085,0.013067518971769046,0.019225269855133297,0.04708074616948055,0.05000000229627318,-2.1706933123724803,4.142784493310111,-26.32982063293457
0.25,3,stepwise_test,0.0,4a78cd4f429333ac,0.008968609865470878,0.24509626488230085,0.013067518971769046,0.019225269855133297,0.04708074616948055,0.05000000229627318,-2.1706933123724803,4.142784493310111,-26.32982063293457
0.25,3,stepwise_test,0.0,4d3a619d3d16b595,1.0,0.24509626488230085,0.013067518971769046,0.019225269855133297,0.04708074616948055,0.05000000229627318,-2.1706933123724803,4.142784493310111,-26.32982063293457
0.25,3,stepwise_test,0.0,4e12766ab5ee9a6f,0.0,0.24509626488230085,0.013067518971769046,0.019225269855133297,0.04708074616948055,0.05000000229627318,-2.1706933123724803,4.142784493310111,-26.32982063293457
0.25,3,stepwise_test,0.0,5406f38bad958fff,0.0,0.24509626488230085,0.013067518971769046,0.019225269855133297,0.04708074616948055,0.05000000229627318,-2.1706933123724803,4.142784493310111,-26.32982063293457
0.25,3,stepwise_test,0.0,5b6660299c28d21a,0.009708737864077666,0.24509626488230085,0.013067518971769046,0.019225269855133297,0.04708074616948055,0.05000000229627318,-2.1706933123724803,4.142784493310111,-26.32982063293457
0.25,3,stepwise_test,0.0,5d8a6dda9c034943,0.0,0.24509626488230085,0.013067518971769046,0.019225269855133297,0.04708074616948055,0.05000000229627318,-2.1706933123724803,4.142784493310111,-26.32982063293457
0.25,3,stepwise_test,0.0,6354b26bfd6b0d3b,0.0,0.24509626488230085,0.013067518971769046,0.019225269855133297,0.04708074616948055,0.05000000229627318,-2.1706933123724803,4.142784493310111,-26.32982063293457
0.25,3,stepwise_test,0.0,663b72de42e74e86,0.0,0.24509626488230085,0.013067518971769046,0.019225269855133297,0.04708074616948055,0.05000000229627318,-2.1706933123724803,4.142784493310111,-26.32982063293457
0.25,3,stepwise_test,0.0,66eb648c6256c151,0.0,0.24509626488230085,0.013067518971769046,0.019225269855133297,0.04708074616948055,0.05000000229627318,-2.1706933123724803,4.142784493310111,-26.32982063293457
0.25,3,stepwise_test,0.0,67f63c1627c03412,0.008264462809917328,0.24509626488230085,0.013067518971769046,0.019225269855133297,0.04708074616948055,0.05000000229627318,-2.1706933123724803,4.142784493310111,-26.32982063293457
0.25,3,stepwise_test,0.0,6d1d8e613ece86e7,0.0,0.24509626488230085,0.013067518971769046,0.019225269855133297,0.04708074616948055,0.05000000229627318,-2.1706933123724803,4.142784493310111,-26.32982063293457
0.25,3,stepwise_test,0.0,6f3466b968e73ba3,0.009345794392523366,0.24509626488230085,0.013067518971769046,0.019225269855133297,0.04708074616948055,0.05000000229627318,-2.1706933123724803,4.142784493310111,-26.32982063293457
0.25,3,stepwise_test,0.0,71fe74132803f26b,0.0,0.24509626488230085,0.013067518971769046,0.019225269855133297,0.04708074616948055,0.05000000229627318,-2.1706933123724803,4.142784493310111,-26.32982063293457
0.25,3,stepwise_test,0.0,76825b753db42030,1.0,0.24509626488230085,0.013067518971769046,0.019225269855133297,0.04708074616948055,0.05000000229627318,-2.1706933123724803,4.142784493310111,-26.32982063293457
0.25,3,stepwise_test,0.0,78001bdfb89f1ad1,1.0,0.24509626488230085,0.013067518971769046,0.019225269855133297,0.04708074616948055,0.05000000229627318,-2.1706933123724803,4.142784493310111,-26.32982063293457
0.25,3,stepwise_test,0.0,7b925779bf22fd74,0.008333333333333304,0.24509626488230085,0.013067518971769046,0.019225269855133297,0.04708074616948055,0.05000000229627318,-2.1706933123724803,4.142784493310111,-26.32982063293457
0.25,3,stepwise_test,0.0,7be724e7d2299999,0.009708737864077666,0.24509626488230085,0.013067518971769046,0.019225269855133297,0.04708074616948055,0.05000000229627318,-2.1706933123724803,4.142784493310111,-26.32982063293457
0.25,3,stepwise_test,0.0,82da82d3e55219a5,0.02941176470588236,0.24509626488230085,0.013067518971769046,0.019225269855133297,0.04708074616948055,0.05000000229627318,-2.1706933123724803,4.142784493310111,-26.32982063293457
0.25,3,stepwise_test,0.0,8acfa77cf5234bd4,0.0,0.24509626488230085,0.013067518971769046,0.019225269855133297,0.04708074616948055,0.05000000229627318,-2.1706933123724803,4.142784493310111,-26.32982063293457
0.25,3,stepwise_test,0.0,9332a9cf5d92314a,0.0,0.24509626488230085,0.013067518971769046,0.019225269855133297,0.04708074616948055,0.05000000229627318,-2.1706933123724803,4.142784493310111,-26.32982063293457
0.25,3,stepwise_test,0.0,9f60113cec74b0ee,0.008810572687224627,0.24509626488230085,0.013067518971769046,0.019225269855133297,0.04708074616948055,0.05000000229627318,-2.1706933123724803,4.142784493310111,-26.32982063293457
0.25,3,stepwise_test,0.0,a2f68f9c135648a0,0.0,0.24509626488230085,0.013067518971769046,0.019225269855133297,0.04708074616948055,0.05000000229627318,-2.1706933123724803,4.142784493310111,-26.32982063293457
0.25,3,stepwise_test,0.0,a3ecb75bd15d05d8,0.0,0.24509626488230085,0.013067518971769046,0.019225269855133297,0.04708074616948055,0.05000000229627318,-2.1706933123724803,4.142784493310111,-26.32982063293457
0.25,3,stepwise_test,0.0,a4a471e79162ce6a,0.0,0.24509626488230085,0.013067518971769046,0.019225269855133297,0.04708074616948055,0.05000000229627318,-2.1706933123724803,4.142784493310111,-26.32982063293457
0.25,3,stepwise_test,0.0,aa0070de67183c08,0.0,0.24509626488230085,0.013067518971769046,0.019225269855133297,0.04708074616948055,0.05000000229627318,-2.1706933123724803,4.142784493310111,-26.32982063293457
0.25,3,stepwise_test,0.0,aa6bc6d9ff6d7768,1.0,0.24509626488230085,0.013067518971769046,0.019225269855133297,0.04708074616948055,0.05000000229627318,-2.1706933123724803,4.142784493310111,-26.32982063293457
0.25,3,stepwise_test,0.0,acd5a3fd547677f6,0.0,0.24509626488230085,0.013067518971769046,0.019225269855133297,0.04708074616948055,0.05000000229627318,-2.1706933123724803,4.142784493310111,-26.32982063293457
0.25,3,stepwise_test,0.0,b5124e1b88000bd7,0.0,0.24509626488230085,0.013067518971769046,0.019225269855133297,0.04708074616948055,0.05000000229627318,-2.1706933123724803,4.142784493310111,-26.32982063293457
0.25,3,stepwise_test,0.0,b62f26029c55da5d,0.0,0.24509626488230085,0.013067518971769046,0.019225269855133297,0.04708074616948055,0.05000000229627318,-2.1706933123724803,4.142784493310111,-26.32982063293457
0.25,3,stepwise_test,0.0,b7036711cecf282e,1.0,0.24509626488230085,0.013067518971769046,0.019225269855133297,0.04708074616948055,0.05000000229627318,-2.1706933123724803,4.142784493310111,-26.32982063293457
0.25,3,stepwise_test,0.0,bc83dba623c24f83,0.0,0.24509626488230085,0.013067518971769046,0.019225269855133297,0.04708074616948055,0.05000000229627318,-2.1706933123724803,4.142784493310111,-26.32982063293457
0.25,3,stepwise_test,0.0,bd981ed06e640944,0.0,0.24509626488230085,0.013067518971769046,0.019225269855133297,0.04708074616948055,0.05000000229627318,-2.1706933123724803,4.142784493310111,-26.32982063293457
0.25,3,stepwise_test,0.0,c0b0a6fd8196e526,0.0,0.24509626488230085,0.013067518971769046,0.019225269855133297,0.04708074616948055,0.05000000229627318,-2.1706933123724803,4.142784493310111,-26.32982063293457
0.25,3,stepwise_test,0.0,c0da6f9a810ac96e,0.0,0.24509626488230085,0.013067518971769046,0.019225269855133297,0.04708074616948055,0.05000000229627318,-2.1706933123724803,4.142784493310111,-26.32982063293457
0.25,3,stepwise_test,0.0,c4e140c6b10a0649,0.0,0.24509626488230085,0.013067518971769046,0.019225269855133297,0.04708074616948055,0.05000000229627318,-2.1706933123724803,4.142784493310111,-26.32982063293457
0.25,3,stepwise_test,0.0,ceab4fde9bc557e9,0.0,0.24509626488230085,0.013067518971769046,0.019225269855133297,0.04708074616948055,0.05000000229627318,-2.1706933123724803,4.142784493310111,-26.32982063293457
0.25,3,stepwise_test,0.0,cfd0baecd1304030,0.0,0.24509626488230085,0.013067518971769046,0.019225269855133297,0.04708074616948055,0.05000000229627318,-2.1706933123724803,4.142784493310111,-26.32982063293457
0.25,3,stepwise_test,0.0,d437bb99475d3d83,0.03448275862068961,0.24509626488230085,0.013067518971769046,0.019225269855133297,0.04708074616948055,0.05000000229627318,-2.1706933123724803,4.142784493310111,-26.32982063293457
0.25,3,stepwise_test,0.0,df593c445aa37cdd,0.0,0.24509626488230085,0.013067518971769046,0.019225269855133297,0.04708074616948055,0.05000000229627318,-2.1706933123724803,4.142784493310111,-26.32982063293457
0.25,3,stepwise_test,0.0,e0cbaf79c0d6e3eb,0.02857142857142858,0.24509626488230085,0.013067518971769046,0.019225269855133297,0.04708074616948055,0.05000000229627318,-2.1706933123724803,4.142784493310111,-26.32982063293457
0.25,3,stepwise_test,0.0,e3664a91fc92d1d6,0.0,0.24509626488230085,0.013067518971769046,0.019225269855133297,0.04708074616948055,0.05000000229627318,-2.1706933123724803,4.142784493310111,-26.32982063293457
0.25,3,stepwise_test,0.0,e55575bab6cd051d,0.0,0.24509626488230085,0.013067518971769046,0.019225269855133297,0.04708074616948055,0.05000000229627318,-2.1706933123724803,4.142784493310111,-26.32982063293457
0.25,3,stepwise_test,0.0,eac6ec2b274f3fe8,0.036036036036036,0.24509626488230085,0.013067518971769046,0.019225269855133297,0.04708074616948055,0.05000000229627318,-2.1706933123724803,4.142784493310111,-26.32982063293457
0.25,3,stepwise_test,0.0,eb5cda6e1fe9f6b5,0.009852216748768461,0.24509626488230085,0.013067518971769046,0.019225269855133297,0.04708074616948055,0.05000000229627318,-2.1706933123724803,4.142784493310111,-26.32982063293457
0.25,3,stepwise_test,0.0,ecbc64034f374904,1.0,0.24509626488230085,0.013067518971769046,0.019225269855133297,0.04708074616948055,0.05000000229627318,-2.1706933123724803,4.142784493310111,-26.32982063293457
0.25,3,stepwise_test,0.0,f16d6af3f8b8b330,1.0,0.24509626488230085,0.013067518971769046,0.019225269855133297,0.04708074616948055,0.05000000229627318,-2.1706933123724803,4.142784493310111,-26.32982063293457
0.25,3,stepwise_test,0.0,f2e24c35c5249c8b,0.0,0.24509626488230085,0.013067518971769046,0.019225269855133297,0.04708074616948055,0.05000000229627318,-2.1706933123724803,4.142784493310111,-26.32982063293457
0.25,3,stepwise_test,2.0,018ccdd70b67d50b,0.0091324200913242,0.24509626488230085,0.012765690198263862,0.016948025611432195,0.030114574656838478,0.05000000190181786,-4.01399302482605,4.018911157335554,-27.848560333251953
0.25,3,stepwise_test,2.0,0545ede9161cd87b,0.0,0.24509626488230085,0.012765690198263862,0.016948025611432195,0.030114574656838478,0.05000000190181786,-4.01399302482605,4.018911157335554,-27.848560333251953
0.25,3,stepwise_test,2.0,0822110b214bf434,0.009302325581395321,0.24509626488230085,0.012765690198263862,0.016948025611432195,0.030114574656838478,0.05000000190181786,-4.01399302482605,4.018911157335554,-27.848560333251953
0.25,3,stepwise_test,2.0,0dbb1e13fa00f0f6,0.0,0.24509626488230085,0.012765690198263862,0.016948025611432195,0.030114574656838478,0.05000000190181786,-4.01399302482605,4.018911157335554,-27.848560333251953
0.25,3,stepwise_test,2.0,0e2ca3a9a1e8e218,0.0,0.24509626488230085,0.012765690198263862,0.016948025611432195,0.030114574656838478,0.05000000190181786,-4.01399302482605,4.018911157335554,-27.848560333251953
0.25,3,stepwise_test,2.0,101df2256aecf75b,0.0,0.24509626488230085,0.012765690198263862,0.016948025611432195,0.030114574656838478,0.05000000190181786,-4.01399302482605,4.018911157335554,-27.848560333251953
0.25,3,stepwise_test,2.0,1717ce53958590ba,0.009803921568627416,0.24509626488230085,0.012765690198263862,0.016948025611432195,0.030114574656838478,0.05000000190181786,-4.01399302482605,4.018911157335554,-27.848560333251953
0.25,3,stepwise_test,2.0,1868815d0a7c6716,0.008130081300813052,0.24509626488230085,0.012765690198263862,0.016948025611432195,0.030114574656838478,0.05000000190181786,-4.01399302482605,4.018911157335554,-27.848560333251953
0.25,3,stepwise_test,2.0,1991ac094bc47b5a,0.0,0.24509626488230085,0.012765690198263862,0.016948025611432195,0.030114574656838478,0.05000000190181786,-4.01399302482605,4.018911157335554,-27.848560333251953
0.25,3,stepwise_test,2.0,1e9be34e7c154aee,0.0,0.24509626488230085,0.012765690198263862,0.016948025611432195,0.030114574656838478,0.05000000190181786,-4.01399302482605,4.018911157335554,-27.848560333251953
0.25,3,stepwise_test,2.0,245b8a2be8abc37e,0.00995024875621886,0.24509626488230085,0.012765690198263862,0.016948025611432195,0.030114574656838478,0.05000000190181786,-4.01399302482605,4.018911157335554,-27.848560333251953
0.25,3,stepwise_test,2.0,2982eb379acc1dcf,0.0,0.24509626488230085,0.012765690198263862,0.016948025611432195,0.030114574656838478,0.05000000190181786,-4.01399302482605,4.018911157335554,-27.848560333251953
0.25,3,stepwise_test,2.0,2a7630b9ddded8d5,0.0,0.24509626488230085,0.012765690198263862,0.016948025611432195,0.030114574656838478,0.05000000190181786,-4.01399302482605,4.018911157335554,-27.848560333251953
0.25,3,stepwise_test,2.0,3159f31edc896059,0.0,0.24509626488230085,0.012765690198263862,0.016948025611432195,0.030114574656838478,0.05000000190181786,-4.01399302482605,4.018911157335554,-27.848560333251953
0.25,3,stepwise_test,2.0,3605a51c50d5daa0,0.0,0.24509626488230085,0.012765690198263862,0.016948025611432195,0.030114574656838478,0.05000000190181786,-4.01399302482605,4.018911157335554,-27.848560333251953
0.25,3,stepwise_test,2.0,38e3fe88a50cb3ef,0.0,0.24509626488230085,0.012765690198263862,0.016948025611432195,0.030114574656838478,0.05000000190181786,-4.01399302482605,4.018911157335554,-27.848560333251953
0.25,3,stepwise_test,2.0,3a831f177b4c7882,0.0,0.24509626488230085,0.012765690198263862,0.016948025611432195,0.030114574656838478,0.05000000190181786,-4.01399302482605,4.018911157335554,-27.848560333251953
0.25,3,stepwise_test,2.0,41450c0e975a1c31,0.0,0.24509626488230085,0.012765690198263862,0.016948025611432195,0.030114574656838478,0.05000000190181786,-4.01399302482605,4.018911157335554,-27.848560333251953
0.25,3,stepwise_test,2.0,4381c0fb4c396040,0.0,0.24509626488230085,0.012765690198263862,0.016948025611432195,0.030114574656838478,0.05000000190181786,-4.01399302482605,4.018911157335554,-27.848560333251953
0.25,3,stepwise_test,2.0,44e03bc01ee3055a,0.0,0.24509626488230085,0.012765690198263862,0.016948025611432195,0.030114574656838478,0.05000000190181786,-4.01399302482605,4.018911157335554,-27.848560333251953
0.25,3,stepwise_test,2.0,47bf27669a8fa08a,0.018181818181818188,0.24509626488230085,0.012765690198263862,0.016948025611432195,0.030114574656838478,0.05000000190181786,-4.01399302482605,4.018911157335554,-27.848560333251953
0.25,3,stepwise_test,2.0,486ee1ca9e71adc6,0.0,0.24509626488230085,0.012765690198263862,0.016948025611432195,0.030114574656838478,0.05000000190181786,-4.01399302482605,4.018911157335554,-27.848560333251953
0.25,3,stepwise_test,2.0,4910c9193fca9a21,0.0,0.24509626488230085,0.012765690198263862,0.016948025611432195,0.030114574656838478,0.05000000190181786,-4.01399302482605,4.018911157335554,-27.848560333251953
0.25,3,stepwise_test,2.0,4a78cd4f429333ac,0.010000000000000009,0.24509626488230085,0.012765690198263862,0.016948025611432195,0.030114574656838478,0.05000000190181786,-4.01399302482605,4.018911157335554,-27.848560333251953
0.25,3,stepwise_test,2.0,4d3a619d3d16b595,0.0,0.24509626488230085,0.012765690198263862,0.016948025611432195,0.030114574656838478,0.05000000190181786,-4.01399302482605,4.018911157335554,-27.848560333251953
0.25,3,stepwise_test,2.0,4e12766ab5ee9a6f,0.0,0.24509626488230085,0.012765690198263862,0.016948025611432195,0.030114574656838478,0.05000000190181786,-4.01399302482605,4.018911157335554,-27.848560333251953
0.25,3,stepwise_test,2.0,5406f38bad958fff,0.0,0.24509626488230085,0.012765690198263862,0.016948025611432195,0.030114574656838478,0.05000000190181786,-4.01399302482605,4.018911157335554,-27.848560333251953
0.25,3,stepwise_test,2.0,5b6660299c28d21a,0.009708737864077666,0.24509626488230085,0.012765690198263862,0.016948025611432195,0.030114574656838478,0.05000000190181786,-4.01399302482605,4.018911157335554,-27.848560333251953
0.25,3,stepwise_test,2.0,5d8a6dda9c034943,0.0,0.24509626488230085,0.012765690198263862,0.016948025611432195,0.030114574656838478,0.05000000190181786,-4.01399302482605,4.018911157335554,-27.848560333251953
0.25,3,stepwise_test,2.0,6354b26bfd6b0d3b,0.0,0.24509626488230085,0.012765690198263862,0.016948025611432195,0.030114574656838478,0.05000000190181786,-4.01399302482605,4.018911157335554,-27.848560333251953
0.25,3,stepwise_test,2.0,663b72de42e74e86,0.0,0.24509626488230085,0.012765690198263862,0.016948025611432195,0.030114574656838478,0.05000000190181786,-4.01399302482605,4.018911157335554,-27.848560333251953
0.25,3,stepwise_test,2.0,66eb648c6256c151,0.0,0.24509626488230085,0.012765690198263862,0.016948025611432195,0.030114574656838478,0.05000000190181786,-4.01399302482605,4.018911157335554,-27.848560333251953
0.25,3,stepwise_test,2.0,67f63c1627c03412,0.008264462809917328,0.24509626488230085,0.012765690198263862,0.016948025611432195,0.030114574656838478,0.05000000190181786,-4.01399302482605,4.018911157335554,-27.848560333251953
0.25,3,stepwise_test,2.0,6d1d8e613ece86e7,0.0,0.24509626488230085,0.012765690198263862,0.016948025611432195,0.030114574656838478,0.05000000190181786,-4.01399302482605,4.018911157335554,-27.848560333251953
0.25,3,stepwise_test,2.0,6f3466b968e73ba3,0.009615384615384581,0.24509626488230085,0.012765690198263862,0.016948025611432195,0.030114574656838478,0.05000000190181786,-4.01399302482605,4.018911157335554,-27.848560333251953
0.25,3,stepwise_test,2.0,71fe74132803f26b,0.0,0.24509626488230085,0.012765690198263862,0.016948025611432195,0.030114574656838478,0.05000000190181786,-4.01399302482605,4.018911157335554,-27.848560333251953
0.25,3,stepwise_test,2.0,76825b753db42030,0.0,0.24509626488230085,0.012765690198263862,0.016948025611432195,0.030114574656838478,0.05000000190181786,-4.01399302482605,4.018911157335554,-27.848560333251953
0.25,3,stepwise_test,2.0,78001bdfb89f1ad1,0.0,0.24509626488230085,0.012765690198263862,0.016948025611432195,0.030114574656838478,0.05000000190181786,-4.01399302482605,4.018911157335554,-27.848560333251953
0.25,3,stepwise_test,2.0,7b925779bf22fd74,0.008849557522123908,0.24509626488230085,0.012765690198263862,0.016948025611432195,0.030114574656838478,0.05000000190181786,-4.01399302482605,4.018911157335554,-27.848560333251953
0.25,3,stepwise_test,2.0,7be724e7d2299999,0.01041666666666663,0.24509626488230085,0.012765690198263862,0.016948025611432195,0.030114574656838478,0.05000000190181786,-4.01399302482605,4.018911157335554,-27.848560333251953
0.25,3,stepwise_test,2.0,82da82d3e55219a5,0.02941176470588236,0.24509626488230085,0.012765690198263862,0.016948025611432195,0.030114574656838478,0.05000000190181786,-4.01399302482605,4.018911157335554,-27.848560333251953
0.25,3,stepwise_test,2.0,8acfa77cf5234bd4,0.0,0.24509626488230085,0.012765690198263862,0.016948025611432195,0.030114574656838478,0.05000000190181786,-4.01399302482605,4.018911157335554,-27.848560333251953
0.25,3,stepwise_test,2.0,9332a9cf5d92314a,0.0,0.24509626488230085,0.012765690198263862,0.016948025611432195,0.030114574656838478,0.05000000190181786,-4.01399302482605,4.018911157335554,-27.848560333251953
0.25,3,stepwise_test,2.0,9f60113cec74b0ee,0.0,0.24509626488230085,0.012765690198263862,0.016948025611432195,0.030114574656838478,0.05000000190181786,-4.01399302482605,4.018911157335554,-27.848560333251953
0.25,3,stepwise_test,2.0,a2f68f9c135648a0,0.0,0.24509626488230085,0.012765690198263862,0.016948025611432195,0.030114574656838478,0.05000000190181786,-4.01399302482605,4.018911157335554,-27.848560333251953
0.25,3,stepwise_test,2.0,a3ecb75bd15d05d8,0.0,0.24509626488230085,0.012765690198263862,0.016948025611432195,0.030114574656838478,0.05000000190181786,-4.01399302482605,4.018911157335554,-27.848560333251953
0.25,3,stepwise_test,2.0,a4a471e79162ce6a,0.0,0.24509626488230085,0.012765690198263862,0.016948025611432195,0.030114574656838478,0.05000000190181786,-4.01399302482605,4.018911157335554,-27.848560333251953
0.25,3,stepwise_test,2.0,aa0070de67183c08,0.0,0.24509626488230085,0.012765690198263862,0.016948025611432195,0.030114574656838478,0.05000000190181786,-4.01399302482605,4.018911157335554,-27.848560333251953
0.25,3,stepwise_test,2.0,aa6bc6d9ff6d7768,0.0,0.24509626488230085,0.012765690198263862,0.016948025611432195,0.030114574656838478,0.05000000190181786,-4.01399302482605,4.018911157335554,-27.848560333251953
0.25,3,stepwise_test,2.0,acd5a3fd547677f6,0.0,0.24509626488230085,0.012765690198263862,0.016948025611432195,0.030114574656838478,0.05000000190181786,-4.01399302482605,4.018911157335554,-27.848560333251953
0.25,3,stepwise_test,2.0,b5124e1b88000bd7,0.0,0.24509626488230085,0.012765690198263862,0.016948025611432195,0.030114574656838478,0.05000000190181786,-4.01399302482605,4.018911157335554,-27.848560333251953
0.25,3,stepwise_test,2.0,b62f26029c55da5d,0.0,0.24509626488230085,0.012765690198263862,0.016948025611432195,0.030114574656838478,0.05000000190181786,-4.01399302482605,4.018911157335554,-27.848560333251953
0.25,3,stepwise_test,2.0,b7036711cecf282e,0.008968609865470878,0.24509626488230085,0.012765690198263862,0.016948025611432195,0.030114574656838478,0.05000000190181786,-4.01399302482605,4.018911157335554,-27.848560333251953
0.25,3,stepwise_test,2.0,bc83dba623c24f83,0.008888888888888835,0.24509626488230085,0.012765690198263862,0.016948025611432195,0.030114574656838478,0.05000000190181786,-4.01399302482605,4.018911157335554,-27.848560333251953
0.25,3,stepwise_test,2.0,bd981ed06e640944,0.0,0.24509626488230085,0.012765690198263862,0.016948025611432195,0.030114574656838478,0.05000000190181786,-4.01399302482605,4.018911157335554,-27.848560333251953
0.25,3,stepwise_test,2.0,c0b0a6fd8196e526,0.0,0.24509626488230085,0.012765690198263862,0.016948025611432195,0.030114574656838478,0.05000000190181786,-4.01399302482605,4.018911157335554,-27.848560333251953
0.25,3,stepwise_test,2.0,c0da6f9a810ac96e,0.0,0.24509626488230085,0.012765690198263862,0.016948025611432195,0.030114574656838478,0.05000000190181786,-4.01399302482605,4.018911157335554,-27.848560333251953
0.25,3,stepwise_test,2.0,c4e140c6b10a0649,0.0,0.24509626488230085,0.012765690198263862,0.016948025611432195,0.030114574656838478,0.05000000190181786,-4.01399302482605,4.018911157335554,-27.848560333251953
0.25,3,stepwise_test,2.0,ceab4fde9bc557e9,0.0,0.24509626488230085,0.012765690198263862,0.016948025611432195,0.030114574656838478,0.05000000190181786,-4.01399302482605,4.018911157335554,-27.848560333251953
0.25,3,stepwise_test,2.0,cfd0baecd1304030,0.0,0.24509626488230085,0.012765690198263862,0.016948025611432195,0.030114574656838478,0.05000000190181786,-4.01399302482605,4.018911157335554,-27.848560333251953
0.25,3,stepwise_test,2.0,d437bb99475d3d83,0.0,0.24509626488230085,0.012765690198263862,0.016948025611432195,0.030114574656838478,0.05000000190181786,-4.01399302482605,4.018911157335554,-27.848560333251953
0.25,3,stepwise_test,2.0,df593c445aa37cdd,0.0,0.24509626488230085,0.012765690198263862,0.016948025611432195,0.030114574656838478,0.05000000190181786,-4.01399302482605,4.018911157335554,-27.848560333251953
0.25,3,stepwise_test,2.0,e0cbaf79c0d6e3eb,0.0,0.24509626488230085,0.012765690198263862,0.016948025611432195,0.030114574656838478,0.05000000190181786,-4.01399302482605,4.018911157335554,-27.848560333251953
0.25,3,stepwise_test,2.0,e3664a91fc92d1d6,0.0,0.24509626488230085,0.012765690198263862,0.016948025611432195,0.030114574656838478,0.05000000190181786,-4.01399302482605,4.018911157335554,-27.848560333251953
0.25,3,stepwise_test,2.0,e55575bab6cd051d,0.0,0.24509626488230085,0.012765690198263862,0.016948025611432195,0.030114574656838478,0.05000000190181786,-4.01399302482605,4.018911157335554,-27.848560333251953
0.25,3,stepwise_test,2.0,eac6ec2b274f3fe8,0.00952380952380949,0.24509626488230085,0.012765690198263862,0.016948025611432195,0.030114574656838478,0.05000000190181786,-4.01399302482605,4.018911157335554,-27.848560333251953
0.25,3,stepwise_test,2.0,eb5cda6e1fe9f6b5,0.009661835748792313,0.24509626488230085,0.012765690198263862,0.016948025611432195,0.030114574656838478,0.05000000190181786,-4.01399302482605,4.018911157335554,-27.848560333251953
0.25,3,stepwise_test,2.0,ecbc64034f374904,0.0,0.24509626488230085,0.012765690198263862,0.016948025611432195,0.030114574656838478,0.05000000190181786,-4.01399302482605,4.018911157335554,-27.848560333251953
0.25,3,stepwise_test,2.0,f16d6af3f8b8b330,0.008849557522123908,0.24509626488230085,0.012765690198263862,0.016948025611432195,0.030114574656838478,0.05000000190181786,-4.01399302482605,4.018911157335554,-27.848560333251953
0.25,3,stepwise_test,2.0,f2e24c35c5249c8b,0.0,0.24509626488230085,0.012765690198263862,0.016948025611432195,0.030114574656838478,0.05000000190181786,-4.01399302482605,4.018911157335554,-27.848560333251953
0.25,3,stepwise_test,5.0,018ccdd70b67d50b,0.009433962264150941,0.24509626488230085,0.011525950764334035,0.020004286883982068,0.048966817196649755,0.05000000204601862,-6.865781647818429,3.8948735850197926,-30.126670837402344
0.25,3,stepwise_test,5.0,0545ede9161cd87b,0.0,0.24509626488230085,0.011525950764334035,0.020004286883982068,0.048966817196649755,0.05000000204601862,-6.865781647818429,3.8948735850197926,-30.126670837402344
0.25,3,stepwise_test,5.0,0822110b214bf434,0.010695187165775444,0.24509626488230085,0.011525950764334035,0.020004286883982068,0.048966817196649755,0.05000000204601862,-6.865781647818429,3.8948735850197926,-30.126670837402344
0.25,3,stepwise_test,5.0,0dbb1e13fa00f0f6,0.0,0.24509626488230085,0.011525950764334035,0.020004286883982068,0.048966817196649755,0.05000000204601862,-6.865781647818429,3.8948735850197926,-30.126670837402344
0.25,3,stepwise_test,5.0,0e2ca3a9a1e8e218,0.0,0.24509626488230085,0.011525950764334035,0.020004286883982068,0.048966817196649755,0.05000000204601862,-6.865781647818429,3.8948735850197926,-30.126670837402344
0.25,3,stepwise_test,5.0,101df2256aecf75b,0.0,0.24509626488230085,0.011525950764334035,0.020004286883982068,0.048966817196649755,0.05000000204601862,-6.865781647818429,3.8948735850197926,-30.126670837402344
0.25,3,stepwise_test,5.0,1717ce53958590ba,0.01005025125628145,0.24509626488230085,0.011525950764334035,0.020004286883982068,0.048966817196649755,0.05000000204601862,-6.865781647818429,3.8948735850197926,-30.126670837402344
0.25,3,stepwise_test,5.0,1868815d0a7c6716,0.009478672985781977,0.24509626488230085,0.011525950764334035,0.020004286883982068,0.048966817196649755,0.05000000204601862,-6.865781647818429,3.8948735850197926,-30.126670837402344
0.25,3,stepwise_test,5.0,1991ac094bc47b5a,0.00952380952380949,0.24509626488230085,0.011525950764334035,0.020004286883982068,0.048966817196649755,0.05000000204601862,-6.865781647818429,3.8948735850197926,-30.126670837402344
0.25,3,stepwise_test,5.0,1e9be34e7c154aee,0.0,0.24509626488230085,0.011525950764334035,0.020004286883982068,0.048966817196649755,0.05000000204601862,-6.865781647818429,3.8948735850197926,-30.126670837402344
0.25,3,stepwise_test,5.0,245b8a2be8abc37e,0.010526315789473717,0.24509626488230085,0.011525950764334035,0.020004286883982068,0.048966817196649755,0.05000000204601862,-6.865781647818429,3.8948735850197926,-30.126670837402344
0.25,3,stepwise_test,5.0,2982eb379acc1dcf,0.0,0.24509626488230085,0.011525950764334035,0.020004286883982068,0.048966817196649755,0.05000000204601862,-6.865781647818429,3.8948735850197926,-30.126670837402344
0.25,3,stepwise_test,5.0,2a7630b9ddded8d5,0.0,0.24509626488230085,0.011525950764334035,0.020004286883982068,0.048966817196649755,0.05000000204601862,-6.865781647818429,3.8948735850197926,-30.126670837402344
0.25,3,stepwise_test,5.0,3159f31edc896059,0.0,0.24509626488230085,0.011525950764334035,0.020004286883982068,0.048966817196649755,0.05000000204601862,-6.865781647818429,3.8948735850197926,-30.126670837402344
0.25,3,stepwise_test,5.0,3605a51c50d5daa0,0.0,0.24509626488230085,0.011525950764334035,0.020004286883982068,0.048966817196649755,0.05000000204601862,-6.865781647818429,3.8948735850197926,-30.126670837402344
0.25,3,stepwise_test,5.0,38e3fe88a50cb3ef,0.0,0.24509626488230085,0.011525950764334035,0.020004286883982068,0.048966817196649755,0.05000000204601862,-6.865781647818429,3.8948735850197926,-30.126670837402344
0.25,3,stepwise_test,5.0,3a831f177b4c7882,0.0,0.24509626488230085,0.011525950764334035,0.020004286883982068,0.048966817196649755,0.05000000204601862,-6.865781647818429,3.8948735850197926,-30.126670837402344
0.25,3,stepwise_test,5.0,41450c0e975a1c31,0.0,0.24509626488230085,0.011525950764334035,0.020004286883982068,0.048966817196649755,0.05000000204601862,-6.865781647818429,3.8948735850197926,-30.126670837402344
0.25,3,stepwise_test,5.0,4381c0fb4c396040,0.0,0.24509626488230085,0.011525950764334035,0.020004286883982068,0.048966817196649755,0.05000000204601862,-6.865781647818429,3.8948735850197926,-30.126670837402344
0.25,3,stepwise_test,5.0,44e03bc01ee3055a,0.0,0.24509626488230085,0.011525950764334035,0.020004286883982068,0.048966817196649755,0.05000000204601862,-6.865781647818429,3.8948735850197926,-30.126670837402344
0.25,3,stepwise_test,5.0,47bf27669a8fa08a,0.01980198019801982,0.24509626488230085,0.011525950764334035,0.020004286883982068,0.048966817196649755,0.05000000204601862,-6.865781647818429,3.8948735850197926,-30.126670837402344
0.25,3,stepwise_test,5.0,486ee1ca9e71adc6,0.0,0.24509626488230085,0.011525950764334035,0.020004286883982068,0.048966817196649755,0.05000000204601862,-6.865781647818429,3.8948735850197926,-30.126670837402344
0.25,3,stepwise_test,5.0,4910c9193fca9a21,0.0,0.24509626488230085,0.011525950764334035,0.020004286883982068,0.048966817196649755,0.05000000204601862,-6.865781647818429,3.8948735850197926,-30.126670837402344
0.25,3,stepwise_test,5.0,4a78cd4f429333ac,0.008583690987124415,0.24509626488230085,0.011525950764334035,0.020004286883982068,0.048966817196649755,0.05000000204601862,-6.865781647818429,3.8948735850197926,-30.126670837402344
0.25,3,stepwise_test,5.0,4d3a619d3d16b595,0.0,0.24509626488230085,0.011525950764334035,0.020004286883982068,0.048966817196649755,0.05000000204601862,-6.865781647818429,3.8948735850197926,-30.126670837402344
0.25,3,stepwise_test,5.0,4e12766ab5ee9a6f,0.0,0.24509626488230085,0.011525950764334035,0.020004286883982068,0.048966817196649755,0.05000000204601862,-6.865781647818429,3.8948735850197926,-30.126670837402344
0.25,3,stepwise_test,5.0,5406f38bad958fff,0.0,0.24509626488230085,0.011525950764334035,0.020004286883982068,0.048966817196649755,0.05000000204601862,-6.865781647818429,3.8948735850197926,-30.126670837402344
0.25,3,stepwise_test,5.0,5b6660299c28d21a,0.009756097560975618,0.24509626488230085,0.011525950764334035,0.020004286883982068,0.048966817196649755,0.05000000204601862,-6.865781647818429,3.8948735850197926,-30.126670837402344
0.25,3,stepwise_test,5.0,5d8a6dda9c034943,0.0,0.24509626488230085,0.011525950764334035,0.020004286883982068,0.048966817196649755,0.05000000204601862,-6.865781647818429,3.8948735850197926,-30.126670837402344
0.25,3,stepwise_test,5.0,6354b26bfd6b0d3b,0.0,0.24509626488230085,0.011525950764334035,0.020004286883982068,0.048966817196649755,0.05000000204601862,-6.865781647818429,3.8948735850197926,-30.126670837402344
0.25,3,stepwise_test,5.0,663b72de42e74e86,0.0,0.24509626488230085,0.011525950764334035,0.020004286883982068,0.048966817196649755,0.05000000204601862,-6.865781647818429,3.8948735850197926,-30.126670837402344
0.25,3,stepwise_test,5.0,66eb648c6256c151,0.0,0.24509626488230085,0.011525950764334035,0.020004286883982068,0.048966817196649755,0.05000000204601862,-6.865781647818429,3.8948735850197926,-30.126670837402344
0.25,3,stepwise_test,5.0,67f63c1627c03412,0.012195121951219523,0.24509626488230085,0.011525950764334035,0.020004286883982068,0.048966817196649755,0.05000000204601862,-6.865781647818429,3.8948735850197926,-30.126670837402344
0.25,3,stepwise_test,5.0,6d1d8e613ece86e7,0.0,0.24509626488230085,0.011525950764334035,0.020004286883982068,0.048966817196649755,0.05000000204601862,-6.865781647818429,3.8948735850197926,-30.126670837402344
0.25,3,stepwise_test,5.0,6f3466b968e73ba3,0.009302325581395321,0.24509626488230085,0.011525950764334035,0.020004286883982068,0.048966817196649755,0.05000000204601862,-6.865781647818429,3.8948735850197926,-30.126670837402344
0.25,3,stepwise_test,5.0,71fe74132803f26b,0.0,0.24509626488230085,0.011525950764334035,0.020004286883982068,0.048966817196649755,0.05000000204601862,-6.865781647818429,3.8948735850197926,-30.126670837402344
0.25,3,stepwise_test,5.0,76825b753db42030,0.0,0.24509626488230085,0.011525950764334035,0.020004286883982068,0.048966817196649755,0.05000000204601862,-6.865781647818429,3.8948735850197926,-30.126670837402344
0.25,3,stepwise_test,5.0,78001bdfb89f1ad1,0.0,0.24509626488230085,0.011525950764334035,0.020004286883982068,0.048966817196649755,0.05000000204601862,-6.865781647818429,3.8948735850197926,-30.126670837402344
0.25,3,stepwise_test,5.0,7b925779bf22fd74,0.00877192982456143,0.24509626488230085,0.011525950764334035,0.020004286883982068,0.048966817196649755,0.05000000204601862,-6.865781647818429,3.8948735850197926,-30.126670837402344
0.25,3,stepwise_test,5.0,7be724e7d2299999,0.011560693641618491,0.24509626488230085,0.011525950764334035,0.020004286883982068,0.048966817196649755,0.05000000204601862,-6.865781647818429,3.8948735850197926,-30.126670837402344
0.25,3,stepwise_test,5.0,82da82d3e55219a5,0.02941176470588236,0.24509626488230085,0.011525950764334035,0.020004286883982068,0.048966817196649755,0.05000000204601862,-6.865781647818429,3.8948735850197926,-30.126670837402344
0.25,3,stepwise_test,5.0,8acfa77cf5234bd4,0.0,0.24509626488230085,0.011525950764334035,0.020004286883982068,0.048966817196649755,0.05000000204601862,-6.865781647818429,3.8948735850197926,-30.126670837402344
0.25,3,stepwise_test,5.0,9332a9cf5d92314a,0.0,0.24509626488230085,0.011525950764334035,0.020004286883982068,0.048966817196649755,0.05000000204601862,-6.865781647818429,3.8948735850197926,-30.126670837402344
0.25,3,stepwise_test,5.0,9f60113cec74b0ee,0.0,0.24509626488230085,0.011525950764334035,0.020004286883982068,0.048966817196649755,0.05000000204601862,-6.865781647818429,3.8948735850197926,-30.126670837402344
0.25,3,stepwise_test,5.0,a2f68f9c135648a0,0.0,0.24509626488230085,0.011525950764334035,0.020004286883982068,0.048966817196649755,0.05000000204601862,-6.865781647818429,3.8948735850197926,-30.126670837402344
0.25,3,stepwise_test,5.0,a3ecb75bd15d05d8,0.0,0.24509626488230085,0.011525950764334035,0.020004286883982068,0.048966817196649755,0.05000000204601862,-6.865781647818429,3.8948735850197926,-30.126670837402344
0.25,3,stepwise_test,5.0,a4a471e79162ce6a,0.0,0.24509626488230085,0.011525950764334035,0.020004286883982068,0.048966817196649755,0.05000000204601862,-6.865781647818429,3.8948735850197926,-30.126670837402344
0.25,3,stepwise_test,5.0,aa0070de67183c08,0.0,0.24509626488230085,0.011525950764334035,0.020004286883982068,0.048966817196649755,0.05000000204601862,-6.865781647818429,3.8948735850197926,-30.126670837402344
0.25,3,stepwise_test,5.0,aa6bc6d9ff6d7768,0.0,0.24509626488230085,0.011525950764334035,0.020004286883982068,0.048966817196649755,0.05000000204601862,-6.865781647818429,3.8948735850197926,-30.126670837402344
0.25,3,stepwise_test,5.0,acd5a3fd547677f6,0.0,0.24509626488230085,0.011525950764334035,0.020004286883982068,0.048966817196649755,0.05000000204601862,-6.865781647818429,3.8948735850197926,-30.126670837402344
0.25,3,stepwise_test,5.0,b5124e1b88000bd7,0.0,0.24509626488230085,0.011525950764334035,0.020004286883982068,0.048966817196649755,0.05000000204601862,-6.865781647818429,3.8948735850197926,-30.126670837402344
0.25,3,stepwise_test,5.0,b62f26029c55da5d,0.0,0.24509626488230085,0.011525950764334035,0.020004286883982068,0.048966817196649755,0.05000000204601862,-6.865781647818429,3.8948735850197926,-30.126670837402344
0.25,3,stepwise_test,5.0,b7036711cecf282e,0.009433962264150941,0.24509626488230085,0.011525950764334035,0.020004286883982068,0.048966817196649755,0.05000000204601862,-6.865781647818429,3.8948735850197926,-30.126670837402344
0.25,3,stepwise_test,5.0,bc83dba623c24f83,0.0,0.24509626488230085,0.011525950764334035,0.020004286883982068,0.048966817196649755,0.05000000204601862,-6.865781647818429,3.8948735850197926,-30.126670837402344
0.25,3,stepwise_test,5.0,bd981ed06e640944,0.009090909090909038,0.24509626488230085,0.011525950764334035,0.020004286883982068,0.048966817196649755,0.05000000204601862,-6.865781647818429,3.8948735850197926,-30.126670837402344
0.25,3,stepwise_test,5.0,c0b0a6fd8196e526,0.0,0.24509626488230085,0.011525950764334035,0.020004286883982068,0.048966817196649755,0.05000000204601862,-6.865781647818429,3.8948735850197926,-30.126670837402344
0.25,3,stepwise_test,5.0,c0da6f9a810ac96e,0.0,0.24509626488230085,0.011525950764334035,0.020004286883982068,0.048966817196649755,0.05000000204601862,-6.865781647818429,3.8948735850197926,-30.126670837402344
0.25,3,stepwise_test,5.0,c4e140c6b10a0649,0.0,0.24509626488230085,0.011525950764334035,0.020004286883982068,0.048966817196649755,0.05000000204601862,-6.865781647818429,3.8948735850197926,-30.126670837402344
0.25,3,stepwise_test,5.0,ceab4fde9bc557e9,0.02564102564102566,0.24509626488230085,0.011525950764334035,0.020004286883982068,0.048966817196649755,0.05000000204601862,-6.865781647818429,3.8948735850197926,-30.126670837402344
0.25,3,stepwise_test,5.0,cfd0baecd1304030,0.0,0.24509626488230085,0.011525950764334035,0.020004286883982068,0.048966817196649755,0.05000000204601862,-6.865781647818429,3.8948735850197926,-30.126670837402344
0.25,3,stepwise_test,5.0,d437bb99475d3d83,0.0,0.24509626488230085,0.011525950764334035,0.020004286883982068,0.048966817196649755,0.05000000204601862,-6.865781647818429,3.8948735850197926,-30.126670837402344
0.25,3,stepwise_test,5.0,df593c445aa37cdd,0.0,0.24509626488230085,0.011525950764334035,0.020004286883982068,0.048966817196649755,0.05000000204601862,-6.865781647818429,3.8948735850197926,-30.126670837402344
0.25,3,stepwise_test,5.0,e0cbaf79c0d6e3eb,0.0,0.24509626488230085,0.011525950764334035,0.020004286883982068,0.048966817196649755,0.05000000204601862,-6.865781647818429,3.8948735850197926,-30.126670837402344
0.25,3,stepwise_test,5.0,e3664a91fc92d1d6,0.0,0.24509626488230085,0.011525950764334035,0.020004286883982068,0.048966817196649755,0.05000000204601862,-6.865781647818429,3.8948735850197926,-30.126670837402344
0.25,3,stepwise_test,5.0,e55575bab6cd051d,0.0,0.24509626488230085,0.011525950764334035,0.020004286883982068,0.048966817196649755,0.05000000204601862,-6.865781647818429,3.8948735850197926,-30.126670837402344
0.25,3,stepwise_test,5.0,eac6ec2b274f3fe8,0.0092592592592593,0.24509626488230085,0.011525950764334035,0.020004286883982068,0.048966817196649755,0.05000000204601862,-6.865781647818429,3.8948735850197926,-30.126670837402344
0.25,3,stepwise_test,5.0,eb5cda6e1fe9f6b5,0.010638297872340385,0.24509626488230085,0.011525950764334035,0.020004286883982068,0.048966817196649755,0.05000000204601862,-6.865781647818429,3.8948735850197926,-30.126670837402344
0.25,3,stepwise_test,5.0,ecbc64034f374904,0.008130081300813052,0.24509626488230085,0.011525950764334035,0.020004286883982068,0.048966817196649755,0.05000000204601862,-6.865781647818429,3.8948735850197926,-30.126670837402344
0.25,3,stepwise_test,5.0,f16d6af3f8b8b330,0.010362694300518172,0.24509626488230085,0.011525950764334035,0.020004286883982068,0.048966817196649755,0.05000000204601862,-6.865781647818429,3.8948735850197926,-30.126670837402344
0.25,3,stepwise_test,5.0,f2e24c35c5249c8b,0.0,0.24509626488230085,0.011525950764334035,0.020004286883982068,0.048966817196649755,0.05000000204601862,-6.865781647818429,3.8948735850197926,-30.126670837402344
0.3,3,authority_test,0.0,018ccdd70b67d50b,1.0,0.3500240580049956,0.015637989438439973,0.021514910363186313,0.048231656764676924,0.05000000344339327,-1.553830862045288,4.331864561353411,-26.32982063293457
0.3,3,authority_test,0.0,0545ede9161cd87b,1.0,0.3500240580049956,0.015637989438439973,0.021514910363186313,0.048231656764676924,0.05000000344339327,-1.553830862045288,4.331864561353411,-26.32982063293457
0.3,3,authority_test,0.0,0822110b214bf434,1.0,0.3500240580049956,0.015637989438439973,0.021514910363186313,0.048231656764676924,0.05000000344339327,-1.553830862045288,4.331864561353411,-26.32982063293457
0.3,3,authority_test,0.0,0dbb1e13fa00f0f6,1.0,0.3500240580049956,0.015637989438439973,0.021514910363186313,0.048231656764676924,0.05000000344339327,-1.553830862045288,4.331864561353411,-26.32982063293457
0.3,3,authority_test,0.0,0e2ca3a9a1e8e218,1.0,0.3500240580049956,0.015637989438439973,0.021514910363186313,0.048231656764676924,0.05000000344339327,-1.553830862045288,4.331864561353411,-26.32982063293457
0.3,3,authority_test,0.0,101df2256aecf75b,0.0,0.3500240580049956,0.015637989438439973,0.021514910363186313,0.048231656764676924,0.05000000344339327,-1.553830862045288,4.331864561353411,-26.32982063293457
0.3,3,authority_test,0.0,1717ce53958590ba,0.0,0.3500240580049956,0.015637989438439973,0.021514910363186313,0.048231656764676924,0.05000000344339327,-1.553830862045288,4.331864561353411,-26.32982063293457
0.3,3,authority_test,0.0,1868815d0a7c6716,0.0,0.3500240580049956,0.015637989438439973,0.021514910363186313,0.048231656764676924,0.05000000344339327,-1.553830862045288,4.331864561353411,-26.32982063293457
0.3,3,authority_test,0.0,1991ac094bc47b5a,0.0,0.3500240580049956,0.015637989438439973,0.021514910363186313,0.048231656764676924,0.05000000344339327,-1.553830862045288,4.331864561353411,-26.32982063293457
0.3,3,authority_test,0.0,1e9be34e7c154aee,1.0,0.3500240580049956,0.015637989438439973,0.021514910363186313,0.048231656764676924,0.05000000344339327,-1.553830862045288,4.331864561353411,-26.32982063293457
0.3,3,authority_test,0.0,245b8a2be8abc37e,1.0,0.3500240580049956,0.015637989438439973,0.021514910363186313,0.048231656764676924,0.05000000344339327,-1.553830862045288,4.331864561353411,-26.32982063293457
0.3,3,authority_test,0.0,2982eb379acc1dcf,0.008230452674897082,0.3500240580049956,0.015637989438439973,0.021514910363186313,0.048231656764676924,0.05000000344339327,-1.553830862045288,4.331864561353411,-26.32982063293457
0.3,3,authority_test,0.0,2a7630b9ddded8d5,1.0,0.3500240580049956,0.015637989438439973,0.021514910363186313,0.048231656764676924,0.05000000344339327,-1.553830862045288,4.331864561353411,-26.32982063293457
0.3,3,authority_test,0.0,3159f31edc896059,0.008196721311475419,0.3500240580049956,0.015637989438439973,0.021514910363186313,0.048231656764676924,0.05000000344339327,-1.553830862045288,4.331864561353411,-26.32982063293457
0.3,3,authority_test,0.0,3605a51c50d5daa0,0.007352941176470562,0.3500240580049956,0.015637989438439973,0.021514910363186313,0.048231656764676924,0.05000000344339327,-1.553830862045288,4.331864561353411,-26.32982063293457
0.3,3,authority_test,0.0,38e3fe88a50cb3ef,0.0,0.3500240580049956,0.015637989438439973,0.021514910363186313,0.048231656764676924,0.05000000344339327,-1.553830862045288,4.331864561353411,-26.32982063293457
0.3,3,authority_test,0.0,3a831f177b4c7882,0.0,0.3500240580049956,0.015637989438439973,0.021514910363186313,0.048231656764676924,0.05000000344339327,-1.553830862045288,4.331864561353411,-26.32982063293457
0.3,3,authority_test,0.0,41450c0e975a1c31,1.0,0.3500240580049956,0.015637989438439973,0.021514910363186313,0.048231656764676924,0.05000000344339327,-1.553830862045288,4.331864561353411,-26.32982063293457
0.3,3,authority_test,0.0,4381c0fb4c396040,0.0,0.3500240580049956,0.015637989438439973,0.021514910363186313,0.048231656764676924,0.05000000344339327,-1.553830862045288,4.331864561353411,-26.32982063293457
0.3,3,authority_test,0.0,44e03bc01ee3055a,1.0,0.3500240580049956,0.015637989438439973,0.021514910363186313,0.048231656764676924,0.05000000344339327,-1.553830862045288,4.331864561353411,-26.32982063293457
0.3,3,authority_test,0.0,47bf27669a8fa08a,0.0073800738007380184,0.3500240580049956,0.015637989438439973,0.021514910363186313,0.048231656764676924,0.05000000344339327,-1.553830862045288,4.331864561353411,-26.32982063293457
0.3,3,authority_test,0.0,486ee1ca9e71adc6,0.0,0.3500240580049956,0.015637989438439973,0.021514910363186313,0.048231656764676924,0.05000000344339327,-1.553830862045288,4.331864561353411,-26.32982063293457
0.3,3,authority_test,0.0,4910c9193fca9a21,0.0,0.3500240580049956,0.015637989438439973,0.021514910363186313,0.048231656764676924,0.05000000344339327,-1.553830862045288,4.331864561353411,-26.32982063293457
0.3,3,authority_test,0.0,4a78cd4f429333ac,0.0,0.3500240580049956,0.015637989438439973,0.021514910363186313,0.048231656764676924,0.05000000344339327,-1.553830862045288,4.331864561353411,-26.32982063293457
0.3,3,authority_test,0.0,4d3a619d3d16b595,1.0,0.3500240580049956,0.015637989438439973,0.021514910363186313,0.048231656764676924,0.05000000344339327,-1.553830862045288,4.331864561353411,-26.32982063293457
0.3,3,authority_test,0.0,4e12766ab5ee9a6f,1.0,0.3500240580049956,0.015637989438439973,0.021514910363186313,0.048231656764676924,0.05000000344339327,-1.553830862045288,4.331864561353411,-26.32982063293457
0.3,3,authority_test,0.0,5406f38bad958fff,1.0,0.3500240580049956,0.015637989438439973,0.021514910363186313,0.048231656764676924,0.05000000344339327,-1.553830862045288,4.331864561353411,-26.32982063293457
0.3,3,authority_test,0.0,5b6660299c28d21a,1.0,0.3500240580049956,0.015637989438439973,0.021514910363186313,0.048231656764676924,0.05000000344339327,-1.553830862045288,4.331864561353411,-26.32982063293457
0.3,3,authority_test,0.0,5d8a6dda9c034943,0.0,0.3500240580049956,0.015637989438439973,0.021514910363186313,0.048231656764676924,0.05000000344339327,-1.553830862045288,4.331864561353411,-26.32982063293457
0.3,3,authority_test,0.0,6354b26bfd6b0d3b,0.007092198581560294,0.3500240580049956,0.015637989438439973,0.021514910363186313,0.048231656764676924,0.05000000344339327,-1.553830862045288,4.331864561353411,-26.32982063293457
0.3,3,authority_test,0.0,663b72de42e74e86,0.0,0.3500240580049956,0.015637989438439973,0.021514910363186313,0.048231656764676924,0.05000000344339327,-1.553830862045288,4.331864561353411,-26.32982063293457
0.3,3,authority_test,0.0,66eb648c6256c151,0.0,0.3500240580049956,0.015637989438439973,0.021514910363186313,0.048231656764676924,0.05000000344339327,-1.553830862045288,4.331864561353411,-26.32982063293457
0.3,3,authority_test,0.0,67f63c1627c03412,1.0,0.3500240580049956,0.015637989438439973,0.021514910363186313,0.048231656764676924,0.05000000344339327,-1.553830862045288,4.331864561353411,-26.32982063293457
0.3,3,authority_test,0.0,6d1d8e613ece86e7,0.0,0.3500240580049956,0.015637989438439973,0.021514910363186313,0.048231656764676924,0.05000000344339327,-1.553830862045288,4.331864561353411,-26.32982063293457
0.3,3,authority_test,0.0,6f3466b968e73ba3,0.0,0.3500240580049956,0.015637989438439973,0.021514910363186313,0.048231656764676924,0.05000000344339327,-1.553830862045288,4.331864561353411,-26.32982063293457
0.3,3,authority_test,0.0,71fe74132803f26b,0.0,0.3500240580049956,0.015637989438439973,0.021514910363186313,0.048231656764676924,0.05000000344339327,-1.553830862045288,4.331864561353411,-26.32982063293457
0.3,3,authority_test,0.0,76825b753db42030,1.0,0.3500240580049956,0.015637989438439973,0.021514910363186313,0.048231656764676924,0.05000000344339327,-1.553830862045288,4.331864561353411,-26.32982063293457
0.3,3,authority_test,0.0,78001bdfb89f1ad1,1.0,0.3500240580049956,0.015637989438439973,0.021514910363186313,0.048231656764676924,0.05000000344339327,-1.553830862045288,4.331864561353411,-26.32982063293457
0.3,3,authority_test,0.0,7b925779bf22fd74,0.0,0.3500240580049956,0.015637989438439973,0.021514910363186313,0.048231656764676924,0.05000000344339327,-1.553830862045288,4.331864561353411,-26.32982063293457
0.3,3,authority_test,0.0,7be724e7d2299999,0.0,0.3500240580049956,0.015637989438439973,0.021514910363186313,0.048231656764676924,0.05000000344339327,-1.553830862045288,4.331864561353411,-26.32982063293457
0.3,3,authority_test,0.0,82da82d3e55219a5,0.0,0.3500240580049956,0.015637989438439973,0.021514910363186313,0.048231656764676924,0.05000000344339327,-1.553830862045288,4.331864561353411,-26.32982063293457
0.3,3,authority_test,0.0,8acfa77cf5234bd4,0.03587658454915088,0.3500240580049956,0.015637989438439973,0.021514910363186313,0.048231656764676924,0.05000000344339327,-1.553830862045288,4.331864561353411,-26.32982063293457
0.3,3,authority_test,0.0,9332a9cf5d92314a,0.008163265306122436,0.3500240580049956,0.015637989438439973,0.021514910363186313,0.048231656764676924,0.05000000344339327,-1.553830862045288,4.331864561353411,-26.32982063293457
0.3,3,authority_test,0.0,9f60113cec74b0ee,0.0,0.3500240580049956,0.015637989438439973,0.021514910363186313,0.048231656764676924,0.05000000344339327,-1.553830862045288,4.331864561353411,-26.32982063293457
0.3,3,authority_test,0.0,a2f68f9c135648a0,1.0,0.3500240580049956,0.015637989438439973,0.021514910363186313,0.048231656764676924,0.05000000344339327,-1.553830862045288,4.331864561353411,-26.32982063293457
0.3,3,authority_test,0.0,a3ecb75bd15d05d8,1.0,0.3500240580049956,0.015637989438439973,0.021514910363186313,0.048231656764676924,0.05000000344339327,-1.553830862045288,4.331864561353411,-26.32982063293457
0.3,3,authority_test,0.0,a4a471e79162ce6a,0.0,0.3500240580049956,0.015637989438439973,0.021514910363186313,0.048231656764676924,0.05000000344339327,-1.553830862045288,4.331864561353411,-26.32982063293457
0.3,3,authority_test,0.0,aa0070de67183c08,0.0,0.3500240580049956,0.015637989438439973,0.021514910363186313,0.048231656764676924,0.05000000344339327,-1.553830862045288,4.331864561353411,-26.32982063293457
0.3,3,authority_test,0.0,aa6bc6d9ff6d7768,1.0,0.3500240580049956,0.015637989438439973,0.021514910363186313,0.048231656764676924,0.05000000344339327,-1.553830862045288,4.331864561353411,-26.32982063293457
0.3,3,authority_test,0.0,acd5a3fd547677f6,0.0,0.3500240580049956,0.015637989438439973,0.021514910363186313,0.048231656764676924,0.05000000344339327,-1.553830862045288,4.331864561353411,-26.32982063293457
0.3,3,authority_test,0.0,b5124e1b88000bd7,0.0,0.3500240580049956,0.015637989438439973,0.021514910363186313,0.048231656764676924,0.05000000344339327,-1.553830862045288,4.331864561353411,-26.32982063293457
0.3,3,authority_test,0.0,b62f26029c55da5d,1.0,0.3500240580049956,0.015637989438439973,0.021514910363186313,0.048231656764676924,0.05000000344339327,-1.553830862045288,4.331864561353411,-26.32982063293457
0.3,3,authority_test,0.0,b7036711cecf282e,1.0,0.3500240580049956,0.015637989438439973,0.021514910363186313,0.048231656764676924,0.05000000344339327,-1.553830862045288,4.331864561353411,-26.32982063293457
0.3,3,authority_test,0.0,bc83dba623c24f83,0.008032128514056214,0.3500240580049956,0.015637989438439973,0.021514910363186313,0.048231656764676924,0.05000000344339327,-1.553830862045288,4.331864561353411,-26.32982063293457
0.3,3,authority_test,0.0,bd981ed06e640944,0.008032128514056214,0.3500240580049956,0.015637989438439973,0.021514910363186313,0.048231656764676924,0.05000000344339327,-1.553830862045288,4.331864561353411,-26.32982063293457
0.3,3,authority_test,0.0,c0b0a6fd8196e526,1.0,0.3500240580049956,0.015637989438439973,0.021514910363186313,0.048231656764676924,0.05000000344339327,-1.553830862045288,4.331864561353411,-26.32982063293457
0.3,3,authority_test,0.0,c0da6f9a810ac96e,0.0,0.3500240580049956,0.015637989438439973,0.021514910363186313,0.048231656764676924,0.05000000344339327,-1.553830862045288,4.331864561353411,-26.32982063293457
0.3,3,authority_test,0.0,c4e140c6b10a0649,0.0,0.3500240580049956,0.015637989438439973,0.021514910363186313,0.048231656764676924,0.05000000344339327,-1.553830862045288,4.331864561353411,-26.32982063293457
0.3,3,authority_test,0.0,ceab4fde9bc557e9,0.0,0.3500240580049956,0.015637989438439973,0.021514910363186313,0.048231656764676924,0.05000000344339327,-1.553830862045288,4.331864561353411,-26.32982063293457
0.3,3,authority_test,0.0,cfd0baecd1304030,1.0,0.3500240580049956,0.015637989438439973,0.021514910363186313,0.048231656764676924,0.05000000344339327,-1.553830862045288,4.331864561353411,-26.32982063293457
0.3,3,authority_test,0.0,d437bb99475d3d83,0.0,0.3500240580049956,0.015637989438439973,0.021514910363186313,0.048231656764676924,0.05000000344339327,-1.553830862045288,4.331864561353411,-26.32982063293457
0.3,3,authority_test,0.0,df593c445aa37cdd,0.008403361344537785,0.3500240580049956,0.015637989438439973,0.021514910363186313,0.048231656764676924,0.05000000344339327,-1.553830862045288,4.331864561353411,-26.32982063293457
0.3,3,authority_test,0.0,e0cbaf79c0d6e3eb,1.0,0.3500240580049956,0.015637989438439973,0.021514910363186313,0.048231656764676924,0.05000000344339327,-1.553830862045288,4.331864561353411,-26.32982063293457
0.3,3,authority_test,0.0,e3664a91fc92d1d6,0.0091324200913242,0.3500240580049956,0.015637989438439973,0.021514910363186313,0.048231656764676924,0.05000000344339327,-1.553830862045288,4.331864561353411,-26.32982063293457
0.3,3,authority_test,0.0,e55575bab6cd051d,1.0,0.3500240580049956,0.015637989438439973,0.021514910363186313,0.048231656764676924,0.05000000344339327,-1.553830862045288,4.331864561353411,-26.32982063293457
0.3,3,authority_test,0.0,eac6ec2b274f3fe8,0.008583690987124415,0.3500240580049956,0.015637989438439973,0.021514910363186313,0.048231656764676924,0.05000000344339327,-1.553830862045288,4.331864561353411,-26.32982063293457
0.3,3,authority_test,0.0,eb5cda6e1fe9f6b5,1.0,0.3500240580049956,0.015637989438439973,0.021514910363186313,0.048231656764676924,0.05000000344339327,-1.553830862045288,4.331864561353411,-26.32982063293457
0.3,3,authority_test,0.0,ecbc64034f374904,0.0,0.3500240580049956,0.015637989438439973,0.021514910363186313,0.048231656764676924,0.05000000344339327,-1.553830862045288,4.331864561353411,-26.32982063293457
0.3,3,authority_test,0.0,f16d6af3f8b8b330,1.0,0.3500240580049956,0.015637989438439973,0.021514910363186313,0.048231656764676924,0.05000000344339327,-1.553830862045288,4.331864561353411,-26.32982063293457
0.3,3,authority_test,0.0,f2e24c35c5249c8b,0.007905138339920903,0.3500240580049956,0.015637989438439973,0.021514910363186313,0.048231656764676924,0.05000000344339327,-1.553830862045288,4.331864561353411,-26.32982063293457
0.3,3,authority_test,2.0,018ccdd70b67d50b,0.0,0.3500240580049956,0.01362003930511497,0.020742473941346245,0.045214857467959654,0.05000000334811829,-3.4882181031363353,4.147512912750244,-27.848560333251953
0.3,3,authority_test,2.0,0545ede9161cd87b,1.0,0.3500240580049956,0.01362003930511497,0.020742473941346245,0.045214857467959654,0.05000000334811829,-3.4882181031363353,4.147512912750244,-27.848560333251953
0.3,3,authority_test,2.0,0822110b214bf434,0.0,0.3500240580049956,0.01362003930511497,0.020742473941346245,0.045214857467959654,0.05000000334811829,-3.4882181031363353,4.147512912750244,-27.848560333251953
0.3,3,authority_test,2.0,0dbb1e13fa00f0f6,0.0,0.3500240580049956,0.01362003930511497,0.020742473941346245,0.045214857467959654,0.05000000334811829,-3.4882181031363353,4.147512912750244,-27.848560333251953
0.3,3,authority_test,2.0,0e2ca3a9a1e8e218,0.0,0.3500240580049956,0.01362003930511497,0.020742473941346245,0.045214857467959654,0.05000000334811829,-3.4882181031363353,4.147512912750244,-27.848560333251953
0.3,3,authority_test,2.0,101df2256aecf75b,0.0,0.3500240580049956,0.01362003930511497,0.020742473941346245,0.045214857467959654,0.05000000334811829,-3.4882181031363353,4.147512912750244,-27.848560333251953
0.3,3,authority_test,2.0,1717ce53958590ba,0.0,0.3500240580049956,0.01362003930511497,0.020742473941346245,0.045214857467959654,0.05000000334811829,-3.4882181031363353,4.147512912750244,-27.848560333251953
0.3,3,authority_test,2.0,1868815d0a7c6716,0.007299270072992692,0.3500240580049956,0.01362003930511497,0.020742473941346245,0.045214857467959654,0.05000000334811829,-3.4882181031363353,4.147512912750244,-27.848560333251953
0.3,3,authority_test,2.0,1991ac094bc47b5a,0.008368200836820106,0.3500240580049956,0.01362003930511497,0.020742473941346245,0.045214857467959654,0.05000000334811829,-3.4882181031363353,4.147512912750244,-27.848560333251953
0.3,3,authority_test,2.0,1e9be34e7c154aee,0.0,0.3500240580049956,0.01362003930511497,0.020742473941346245,0.045214857467959654,0.05000000334811829,-3.4882181031363353,4.147512912750244,-27.848560333251953
0.3,3,authority_test,2.0,245b8a2be8abc37e,0.0,0.3500240580049956,0.01362003930511497,0.020742473941346245,0.045214857467959654,0.05000000334811829,-3.4882181031363353,4.147512912750244,-27.848560333251953
0.3,3,authority_test,2.0,2982eb379acc1dcf,0.0,0.3500240580049956,0.01362003930511497,0.020742473941346245,0.045214857467959654,0.05000000334811829,-3.4882181031363353,4.147512912750244,-27.848560333251953
0.3,3,authority_test,2.0,2a7630b9ddded8d5,0.0,0.3500240580049956,0.01362003930511497,0.020742473941346245,0.045214857467959654,0.05000000334811829,-3.4882181031363353,4.147512912750244,-27.848560333251953
0.3,3,authority_test,2.0,3159f31edc896059,0.0,0.3500240580049956,0.01362003930511497,0.020742473941346245,0.045214857467959654,0.05000000334811829,-3.4882181031363353,4.147512912750244,-27.848560333251953
0.3,3,authority_test,2.0,3605a51c50d5daa0,0.0,0.3500240580049956,0.01362003930511497,0.020742473941346245,0.045214857467959654,0.05000000334811829,-3.4882181031363353,4.147512912750244,-27.848560333251953
0.3,3,authority_test,2.0,38e3fe88a50cb3ef,0.0,0.3500240580049956,0.01362003930511497,0.020742473941346245,0.045214857467959654,0.05000000334811829,-3.4882181031363353,4.147512912750244,-27.848560333251953
0.3,3,authority_test,2.0,3a831f177b4c7882,0.0,0.3500240580049956,0.01362003930511497,0.020742473941346245,0.045214857467959654,0.05000000334811829,-3.4882181031363353,4.147512912750244,-27.848560333251953
0.3,3,authority_test,2.0,41450c0e975a1c31,0.0091324200913242,0.3500240580049956,0.01362003930511497,0.020742473941346245,0.045214857467959654,0.05000000334811829,-3.4882181031363353,4.147512912750244,-27.848560333251953
0.3,3,authority_test,2.0,4381c0fb4c396040,1.0,0.3500240580049956,0.01362003930511497,0.020742473941346245,0.045214857467959654,0.05000000334811829,-3.4882181031363353,4.147512912750244,-27.848560333251953
0.3,3,authority_test,2.0,44e03bc01ee3055a,1.0,0.3500240580049956,0.01362003930511497,0.020742473941346245,0.045214857467959654,0.05000000334811829,-3.4882181031363353,4.147512912750244,-27.848560333251953
0.3,3,authority_test,2.0,47bf27669a8fa08a,0.0,0.3500240580049956,0.01362003930511497,0.020742473941346245,0.045214857467959654,0.05000000334811829,-3.4882181031363353,4.147512912750244,-27.848560333251953
0.3,3,authority_test,2.0,486ee1ca9e71adc6,0.0,0.3500240580049956,0.01362003930511497,0.020742473941346245,0.045214857467959654,0.05000000334811829,-3.4882181031363353,4.147512912750244,-27.848560333251953
0.3,3,authority_test,2.0,4910c9193fca9a21,0.0,0.3500240580049956,0.01362003930511497,0.020742473941346245,0.045214857467959654,0.05000000334811829,-3.4882181031363353,4.147512912750244,-27.848560333251953
0.3,3,authority_test,2.0,4a78cd4f429333ac,0.007042253521126751,0.3500240580049956,0.01362003930511497,0.020742473941346245,0.045214857467959654,0.05000000334811829,-3.4882181031363353,4.147512912750244,-27.848560333251953
0.3,3,authority_test,2.0,4d3a619d3d16b595,1.0,0.3500240580049956,0.01362003930511497,0.020742473941346245,0.045214857467959654,0.05000000334811829,-3.4882181031363353,4.147512912750244,-27.848560333251953
0.3,3,authority_test,2.0,4e12766ab5ee9a6f,1.0,0.3500240580049956,0.01362003930511497,0.020742473941346245,0.045214857467959654,0.05000000334811829,-3.4882181031363353,4.147512912750244,-27.848560333251953
0.3,3,authority_test,2.0,5406f38bad958fff,0.0,0.3500240580049956,0.01362003930511497,0.020742473941346245,0.045214857467959654,0.05000000334811829,-3.4882181031363353,4.147512912750244,-27.848560333251953
0.3,3,authority_test,2.0,5b6660299c28d21a,0.0,0.3500240580049956,0.01362003930511497,0.020742473941346245,0.045214857467959654,0.05000000334811829,-3.4882181031363353,4.147512912750244,-27.848560333251953
0.3,3,authority_test,2.0,5d8a6dda9c034943,0.0,0.3500240580049956,0.01362003930511497,0.020742473941346245,0.045214857467959654,0.05000000334811829,-3.4882181031363353,4.147512912750244,-27.848560333251953
0.3,3,authority_test,2.0,6354b26bfd6b0d3b,0.00694444444444442,0.3500240580049956,0.01362003930511497,0.020742473941346245,0.045214857467959654,0.05000000334811829,-3.4882181031363353,4.147512912750244,-27.848560333251953
0.3,3,authority_test,2.0,663b72de42e74e86,0.0,0.3500240580049956,0.01362003930511497,0.020742473941346245,0.045214857467959654,0.05000000334811829,-3.4882181031363353,4.147512912750244,-27.848560333251953
0.3,3,authority_test,2.0,66eb648c6256c151,0.007874015748031482,0.3500240580049956,0.01362003930511497,0.020742473941346245,0.045214857467959654,0.05000000334811829,-3.4882181031363353,4.147512912750244,-27.848560333251953
0.3,3,authority_test,2.0,67f63c1627c03412,1.0,0.3500240580049956,0.01362003930511497,0.020742473941346245,0.045214857467959654,0.05000000334811829,-3.4882181031363353,4.147512912750244,-27.848560333251953
0.3,3,authority_test,2.0,6d1d8e613ece86e7,0.009661835748792313,0.3500240580049956,0.01362003930511497,0.020742473941346245,0.045214857467959654,0.05000000334811829,-3.4882181031363353,4.147512912750244,-27.848560333251953
0.3,3,authority_test,2.0,6f3466b968e73ba3,1.0,0.3500240580049956,0.01362003930511497,0.020742473941346245,0.045214857467959654,0.05000000334811829,-3.4882181031363353,4.147512912750244,-27.848560333251953
0.3,3,authority_test,2.0,71fe74132803f26b,0.0,0.3500240580049956,0.01362003930511497,0.020742473941346245,0.045214857467959654,0.05000000334811829,-3.4882181031363353,4.147512912750244,-27.848560333251953
0.3,3,authority_test,2.0,76825b753db42030,0.0,0.3500240580049956,0.01362003930511497,0.020742473941346245,0.045214857467959654,0.05000000334811829,-3.4882181031363353,4.147512912750244,-27.848560333251953
0.3,3,authority_test,2.0,78001bdfb89f1ad1,1.0,0.3500240580049956,0.01362003930511497,0.020742473941346245,0.045214857467959654,0.05000000334811829,-3.4882181031363353,4.147512912750244,-27.848560333251953
0.3,3,authority_test,2.0,7b925779bf22fd74,0.0,0.3500240580049956,0.01362003930511497,0.020742473941346245,0.045214857467959654,0.05000000334811829,-3.4882181031363353,4.147512912750244,-27.848560333251953
0.3,3,authority_test,2.0,7be724e7d2299999,0.0,0.3500240580049956,0.01362003930511497,0.020742473941346245,0.045214857467959654,0.05000000334811829,-3.4882181031363353,4.147512912750244,-27.848560333251953
0.3,3,authority_test,2.0,82da82d3e55219a5,0.0,0.3500240580049956,0.01362003930511497,0.020742473941346245,0.045214857467959654,0.05000000334811829,-3.4882181031363353,4.147512912750244,-27.848560333251953
0.3,3,authority_test,2.0,8acfa77cf5234bd4,0.008264462809917328,0.3500240580049956,0.01362003930511497,0.020742473941346245,0.045214857467959654,0.05000000334811829,-3.4882181031363353,4.147512912750244,-27.848560333251953
0.3,3,authority_test,2.0,9332a9cf5d92314a,0.007968127490039834,0.3500240580049956,0.01362003930511497,0.020742473941346245,0.045214857467959654,0.05000000334811829,-3.4882181031363353,4.147512912750244,-27.848560333251953
0.3,3,authority_test,2.0,9f60113cec74b0ee,0.0,0.3500240580049956,0.01362003930511497,0.020742473941346245,0.045214857467959654,0.05000000334811829,-3.4882181031363353,4.147512912750244,-27.848560333251953
0.3,3,authority_test,2.0,a2f68f9c135648a0,1.0,0.3500240580049956,0.01362003930511497,0.020742473941346245,0.045214857467959654,0.05000000334811829,-3.4882181031363353,4.147512912750244,-27.848560333251953
0.3,3,authority_test,2.0,a3ecb75bd15d05d8,0.0,0.3500240580049956,0.01362003930511497,0.020742473941346245,0.045214857467959654,0.05000000334811829,-3.4882181031363353,4.147512912750244,-27.848560333251953
0.3,3,authority_test,2.0,a4a471e79162ce6a,0.0,0.3500240580049956,0.01362003930511497,0.020742473941346245,0.045214857467959654,0.05000000334811829,-3.4882181031363353,4.147512912750244,-27.848560333251953
0.3,3,authority_test,2.0,aa0070de67183c08,0.007722007722007707,0.3500240580049956,0.01362003930511497,0.020742473941346245,0.045214857467959654,0.05000000334811829,-3.4882181031363353,4.147512912750244,-27.848560333251953
0.3,3,authority_test,2.0,aa6bc6d9ff6d7768,0.0,0.3500240580049956,0.01362003930511497,0.020742473941346245,0.045214857467959654,0.05000000334811829,-3.4882181031363353,4.147512912750244,-27.848560333251953
0.3,3,authority_test,2.0,acd5a3fd547677f6,0.008333333333333304,0.3500240580049956,0.01362003930511497,0.020742473941346245,0.045214857467959654,0.05000000334811829,-3.4882181031363353,4.147512912750244,-27.848560333251953
0.3,3,authority_test,2.0,b5124e1b88000bd7,0.0,0.3500240580049956,0.01362003930511497,0.020742473941346245,0.045214857467959654,0.05000000334811829,-3.4882181031363353,4.147512912750244,-27.848560333251953
0.3,3,authority_test,2.0,b62f26029c55da5d,0.0,0.3500240580049956,0.01362003930511497,0.020742473941346245,0.045214857467959654,0.05000000334811829,-3.4882181031363353,4.147512912750244,-27.848560333251953
0.3,3,authority_test,2.0,b7036711cecf282e,0.0,0.3500240580049956,0.01362003930511497,0.020742473941346245,0.045214857467959654,0.05000000334811829,-3.4882181031363353,4.147512912750244,-27.848560333251953
0.3,3,authority_test,2.0,bc83dba623c24f83,0.0080971659919028,0.3500240580049956,0.01362003930511497,0.020742473941346245,0.045214857467959654,0.05000000334811829,-3.4882181031363353,4.147512912750244,-27.848560333251953
0.3,3,authority_test,2.0,bd981ed06e640944,0.008510638297872353,0.3500240580049956,0.01362003930511497,0.020742473941346245,0.045214857467959654,0.05000000334811829,-3.4882181031363353,4.147512912750244,-27.848560333251953
0.3,3,authority_test,2.0,c0b0a6fd8196e526,1.0,0.3500240580049956,0.01362003930511497,0.020742473941346245,0.045214857467959654,0.05000000334811829,-3.4882181031363353,4.147512912750244,-27.848560333251953
0.3,3,authority_test,2.0,c0da6f9a810ac96e,0.0,0.3500240580049956,0.01362003930511497,0.020742473941346245,0.045214857467959654,0.05000000334811829,-3.4882181031363353,4.147512912750244,-27.848560333251953
0.3,3,authority_test,2.0,c4e140c6b10a0649,0.009569377990430672,0.3500240580049956,0.01362003930511497,0.020742473941346245,0.045214857467959654,0.05000000334811829,-3.4882181031363353,4.147512912750244,-27.848560333251953
0.3,3,authority_test,2.0,ceab4fde9bc557e9,0.0,0.3500240580049956,0.01362003930511497,0.020742473941346245,0.045214857467959654,0.05000000334811829,-3.4882181031363353,4.147512912750244,-27.848560333251953
0.3,3,authority_test,2.0,cfd0baecd1304030,1.0,0.3500240580049956,0.01362003930511497,0.020742473941346245,0.045214857467959654,0.05000000334811829,-3.4882181031363353,4.147512912750244,-27.848560333251953
0.3,3,authority_test,2.0,d437bb99475d3d83,0.0,0.3500240580049956,0.01362003930511497,0.020742473941346245,0.045214857467959654,0.05000000334811829,-3.4882181031363353,4.147512912750244,-27.848560333251953
0.3,3,authority_test,2.0,df593c445aa37cdd,0.007874015748031482,0.3500240580049956,0.01362003930511497,0.020742473941346245,0.045214857467959654,0.05000000334811829,-3.4882181031363353,4.147512912750244,-27.848560333251953
0.3,3,authority_test,2.0,e0cbaf79c0d6e3eb,0.0,0.3500240580049956,0.01362003930511497,0.020742473941346245,0.045214857467959654,0.05000000334811829,-3.4882181031363353,4.147512912750244,-27.848560333251953
0.3,3,authority_test,2.0,e3664a91fc92d1d6,0.008510638297872353,0.3500240580049956,0.01362003930511497,0.020742473941346245,0.045214857467959654,0.05000000334811829,-3.4882181031363353,4.147512912750244,-27.848560333251953
0.3,3,authority_test,2.0,e55575bab6cd051d,0.0,0.3500240580049956,0.01362003930511497,0.020742473941346245,0.045214857467959654,0.05000000334811829,-3.4882181031363353,4.147512912750244,-27.848560333251953
0.3,3,authority_test,2.0,eac6ec2b274f3fe8,0.06444444444444442,0.3500240580049956,0.01362003930511497,0.020742473941346245,0.045214857467959654,0.05000000334811829,-3.4882181031363353,4.147512912750244,-27.848560333251953
0.3,3,authority_test,2.0,eb5cda6e1fe9f6b5,0.0,0.3500240580049956,0.01362003930511497,0.020742473941346245,0.045214857467959654,0.05000000334811829,-3.4882181031363353,4.147512912750244,-27.848560333251953
0.3,3,authority_test,2.0,ecbc64034f374904,1.0,0.3500240580049956,0.01362003930511497,0.020742473941346245,0.045214857467959654,0.05000000334811829,-3.4882181031363353,4.147512912750244,-27.848560333251953
0.3,3,authority_test,2.0,f16d6af3f8b8b330,0.0,0.3500240580049956,0.01362003930511497,0.020742473941346245,0.045214857467959654,0.05000000334811829,-3.4882181031363353,4.147512912750244,-27.848560333251953
0.3,3,authority_test,2.0,f2e24c35c5249c8b,0.007246376811594235,0.3500240580049956,0.01362003930511497,0.020742473941346245,0.045214857467959654,0.05000000334811829,-3.4882181031363353,4.147512912750244,-27.848560333251953
0.3,3,authority_test,5.0,018ccdd70b67d50b,0.007692307692307665,0.3500240580049956,0.0062474699256533745,0.015895562868136606,0.04966280808514989,0.05000000351317468,-6.424617222377232,3.970163004738944,-30.126670837402344
0.3,3,authority_test,5.0,0545ede9161cd87b,0.0,0.3500240580049956,0.0062474699256533745,0.015895562868136606,0.04966280808514989,0.05000000351317468,-6.424617222377232,3.970163004738944,-30.126670837402344
0.3,3,authority_test,5.0,0822110b214bf434,0.25,0.3500240580049956,0.0062474699256533745,0.015895562868136606,0.04966280808514989,0.05000000351317468,-6.424617222377232,3.970163004738944,-30.126670837402344
0.3,3,authority_test,5.0,0dbb1e13fa00f0f6,0.0,0.3500240580049956,0.0062474699256533745,0.015895562868136606,0.04966280808514989,0.05000000351317468,-6.424617222377232,3.970163004738944,-30.126670837402344
0.3,3,authority_test,5.0,0e2ca3a9a1e8e218,0.0,0.3500240580049956,0.0062474699256533745,0.015895562868136606,0.04966280808514989,0.05000000351317468,-6.424617222377232,3.970163004738944,-30.126670837402344
0.3,3,authority_test,5.0,101df2256aecf75b,0.0,0.3500240580049956,0.0062474699256533745,0.015895562868136606,0.04966280808514989,0.05000000351317468,-6.424617222377232,3.970163004738944,-30.126670837402344
0.3,3,authority_test,5.0,1717ce53958590ba,0.03692801712603688,0.3500240580049956,0.0062474699256533745,0.015895562868136606,0.04966280808514989,0.05000000351317468,-6.424617222377232,3.970163004738944,-30.126670837402344
0.3,3,authority_test,5.0,1868815d0a7c6716,0.0,0.3500240580049956,0.0062474699256533745,0.015895562868136606,0.04966280808514989,0.05000000351317468,-6.424617222377232,3.970163004738944,-30.126670837402344
0.3,3,authority_test,5.0,1991ac094bc47b5a,0.008438818565400852,0.3500240580049956,0.0062474699256533745,0.015895562868136606,0.04966280808514989,0.05000000351317468,-6.424617222377232,3.970163004738944,-30.126670837402344
0.3,3,authority_test,5.0,1e9be34e7c154aee,0.0,0.3500240580049956,0.0062474699256533745,0.015895562868136606,0.04966280808514989,0.05000000351317468,-6.424617222377232,3.970163004738944,-30.126670837402344
0.3,3,authority_test,5.0,245b8a2be8abc37e,0.6666666666666667,0.3500240580049956,0.0062474699256533745,0.015895562868136606,0.04966280808514989,0.05000000351317468,-6.424617222377232,3.970163004738944,-30.126670837402344
0.3,3,authority_test,5.0,2982eb379acc1dcf,0.0,0.3500240580049956,0.0062474699256533745,0.015895562868136606,0.04966280808514989,0.05000000351317468,-6.424617222377232,3.970163004738944,-30.126670837402344
0.3,3,authority_test,5.0,2a7630b9ddded8d5,0.0,0.3500240580049956,0.0062474699256533745,0.015895562868136606,0.04966280808514989,0.05000000351317468,-6.424617222377232,3.970163004738944,-30.126670837402344
0.3,3,authority_test,5.0,3159f31edc896059,0.0,0.3500240580049956,0.0062474699256533745,0.015895562868136606,0.04966280808514989,0.05000000351317468,-6.424617222377232,3.970163004738944,-30.126670837402344
0.3,3,authority_test,5.0,3605a51c50d5daa0,0.0,0.3500240580049956,0.0062474699256533745,0.015895562868136606,0.04966280808514989,0.05000000351317468,-6.424617222377232,3.970163004738944,-30.126670837402344
0.3,3,authority_test,5.0,38e3fe88a50cb3ef,0.0,0.3500240580049956,0.0062474699256533745,0.015895562868136606,0.04966280808514989,0.05000000351317468,-6.424617222377232,3.970163004738944,-30.126670837402344
0.3,3,authority_test,5.0,3a831f177b4c7882,0.007692307692307665,0.3500240580049956,0.0062474699256533745,0.015895562868136606,0.04966280808514989,0.05000000351317468,-6.424617222377232,3.970163004738944,-30.126670837402344
0.3,3,authority_test,5.0,41450c0e975a1c31,0.007874015748031482,0.3500240580049956,0.0062474699256533745,0.015895562868136606,0.04966280808514989,0.05000000351317468,-6.424617222377232,3.970163004738944,-30.126670837402344
0.3,3,authority_test,5.0,4381c0fb4c396040,0.0080971659919028,0.3500240580049956,0.0062474699256533745,0.015895562868136606,0.04966280808514989,0.05000000351317468,-6.424617222377232,3.970163004738944,-30.126670837402344
0.3,3,authority_test,5.0,44e03bc01ee3055a,0.0,0.3500240580049956,0.0062474699256533745,0.015895562868136606,0.04966280808514989,0.05000000351317468,-6.424617222377232,3.970163004738944,-30.126670837402344
0.3,3,authority_test,5.0,47bf27669a8fa08a,0.008620689655172376,0.3500240580049956,0.0062474699256533745,0.015895562868136606,0.04966280808514989,0.05000000351317468,-6.424617222377232,3.970163004738944,-30.126670837402344
0.3,3,authority_test,5.0,486ee1ca9e71adc6,0.0,0.3500240580049956,0.0062474699256533745,0.015895562868136606,0.04966280808514989,0.05000000351317468,-6.424617222377232,3.970163004738944,-30.126670837402344
0.3,3,authority_test,5.0,4910c9193fca9a21,0.008333333333333304,0.3500240580049956,0.0062474699256533745,0.015895562868136606,0.04966280808514989,0.05000000351317468,-6.424617222377232,3.970163004738944,-30.126670837402344
0.3,3,authority_test,5.0,4a78cd4f429333ac,0.00917431192660545,0.3500240580049956,0.0062474699256533745,0.015895562868136606,0.04966280808514989,0.05000000351317468,-6.424617222377232,3.970163004738944,-30.126670837402344
0.3,3,authority_test,5.0,4d3a619d3d16b595,0.009090909090909038,0.3500240580049956,0.0062474699256533745,0.015895562868136606,0.04966280808514989,0.05000000351317468,-6.424617222377232,3.970163004738944,-30.126670837402344
0.3,3,authority_test,5.0,4e12766ab5ee9a6f,0.008474576271186418,0.3500240580049956,0.0062474699256533745,0.015895562868136606,0.04966280808514989,0.05000000351317468,-6.424617222377232,3.970163004738944,-30.126670837402344
0.3,3,authority_test,5.0,5406f38bad958fff,0.0,0.3500240580049956,0.0062474699256533745,0.015895562868136606,0.04966280808514989,0.05000000351317468,-6.424617222377232,3.970163004738944,-30.126670837402344
0.3,3,authority_test,5.0,5b6660299c28d21a,0.0,0.3500240580049956,0.0062474699256533745,0.015895562868136606,0.04966280808514989,0.05000000351317468,-6.424617222377232,3.970163004738944,-30.126670837402344
0.3,3,authority_test,5.0,5d8a6dda9c034943,0.0,0.3500240580049956,0.0062474699256533745,0.015895562868136606,0.04966280808514989,0.05000000351317468,-6.424617222377232,3.970163004738944,-30.126670837402344
0.3,3,authority_test,5.0,6354b26bfd6b0d3b,0.0072727272727273196,0.3500240580049956,0.0062474699256533745,0.015895562868136606,0.04966280808514989,0.05000000351317468,-6.424617222377232,3.970163004738944,-30.126670837402344
0.3,3,authority_test,5.0,663b72de42e74e86,0.008928571428571397,0.3500240580049956,0.0062474699256533745,0.015895562868136606,0.04966280808514989,0.05000000351317468,-6.424617222377232,3.970163004738944,-30.126670837402344
0.3,3,authority_test,5.0,66eb648c6256c151,0.0,0.3500240580049956,0.0062474699256533745,0.015895562868136606,0.04966280808514989,0.05000000351317468,-6.424617222377232,3.970163004738944,-30.126670837402344
0.3,3,authority_test,5.0,67f63c1627c03412,0.007518796992481258,0.3500240580049956,0.0062474699256533745,0.015895562868136606,0.04966280808514989,0.05000000351317468,-6.424617222377232,3.970163004738944,-30.126670837402344
0.3,3,authority_test,5.0,6d1d8e613ece86e7,0.010152284263959421,0.3500240580049956,0.0062474699256533745,0.015895562868136606,0.04966280808514989,0.05000000351317468,-6.424617222377232,3.970163004738944,-30.126670837402344
0.3,3,authority_test,5.0,6f3466b968e73ba3,0.008230452674897082,0.3500240580049956,0.0062474699256533745,0.015895562868136606,0.04966280808514989,0.05000000351317468,-6.424617222377232,3.970163004738944,-30.126670837402344
0.3,3,authority_test,5.0,71fe74132803f26b,0.0,0.3500240580049956,0.0062474699256533745,0.015895562868136606,0.04966280808514989,0.05000000351317468,-6.424617222377232,3.970163004738944,-30.126670837402344
0.3,3,authority_test,5.0,76825b753db42030,0.008368200836820106,0.3500240580049956,0.0062474699256533745,0.015895562868136606,0.04966280808514989,0.05000000351317468,-6.424617222377232,3.970163004738944,-30.126670837402344
0.3,3,authority_test,5.0,78001bdfb89f1ad1,0.0,0.3500240580049956,0.0062474699256533745,0.015895562868136606,0.04966280808514989,0.05000000351317468,-6.424617222377232,3.970163004738944,-30.126670837402344
0.3,3,authority_test,5.0,7b925779bf22fd74,0.009433962264150941,0.3500240580049956,0.0062474699256533745,0.015895562868136606,0.04966280808514989,0.05000000351317468,-6.424617222377232,3.970163004738944,-30.126670837402344
0.3,3,authority_test,5.0,7be724e7d2299999,0.008968609865470878,0.3500240580049956,0.0062474699256533745,0.015895562868136606,0.04966280808514989,0.05000000351317468,-6.424617222377232,3.970163004738944,-30.126670837402344
0.3,3,authority_test,5.0,82da82d3e55219a5,0.0077821011673151474,0.3500240580049956,0.0062474699256533745,0.015895562868136606,0.04966280808514989,0.05000000351317468,-6.424617222377232,3.970163004738944,-30.126670837402344
0.3,3,authority_test,5.0,8acfa77cf5234bd4,0.008438818565400852,0.3500240580049956,0.0062474699256533745,0.015895562868136606,0.04966280808514989,0.05000000351317468,-6.424617222377232,3.970163004738944,-30.126670837402344
0.3,3,authority_test,5.0,9332a9cf5d92314a,0.009756097560975618,0.3500240580049956,0.0062474699256533745,0.015895562868136606,0.04966280808514989,0.05000000351317468,-6.424617222377232,3.970163004738944,-30.126670837402344
0.3,3,authority_test,5.0,9f60113cec74b0ee,0.0,0.3500240580049956,0.0062474699256533745,0.015895562868136606,0.04966280808514989,0.05000000351317468,-6.424617222377232,3.970163004738944,-30.126670837402344
0.3,3,authority_test,5.0,a2f68f9c135648a0,0.0,0.3500240580049956,0.0062474699256533745,0.015895562868136606,0.04966280808514989,0.05000000351317468,-6.424617222377232,3.970163004738944,-30.126670837402344
0.3,3,authority_test,5.0,a3ecb75bd15d05d8,0.0,0.3500240580049956,0.0062474699256533745,0.015895562868136606,0.04966280808514989,0.05000000351317468,-6.424617222377232,3.970163004738944,-30.126670837402344
0.3,3,authority_test,5.0,a4a471e79162ce6a,0.008810572687224627,0.3500240580049956,0.0062474699256533745,0.015895562868136606,0.04966280808514989,0.05000000351317468,-6.424617222377232,3.970163004738944,-30.126670837402344
0.3,3,authority_test,5.0,aa0070de67183c08,0.0,0.3500240580049956,0.0062474699256533745,0.015895562868136606,0.04966280808514989,0.05000000351317468,-6.424617222377232,3.970163004738944,-30.126670837402344
0.3,3,authority_test,5.0,aa6bc6d9ff6d7768,0.0,0.3500240580049956,0.0062474699256533745,0.015895562868136606,0.04966280808514989,0.05000000351317468,-6.424617222377232,3.970163004738944,-30.126670837402344
0.3,3,authority_test,5.0,acd5a3fd547677f6,0.010000000000000009,0.3500240580049956,0.0062474699256533745,0.015895562868136606,0.04966280808514989,0.05000000351317468,-6.424617222377232,3.970163004738944,-30.126670837402344
0.3,3,authority_test,5.0,b5124e1b88000bd7,0.008658008658008698,0.3500240580049956,0.0062474699256533745,0.015895562868136606,0.04966280808514989,0.05000000351317468,-6.424617222377232,3.970163004738944,-30.126670837402344
0.3,3,authority_test,5.0,b62f26029c55da5d,0.027027027027026973,0.3500240580049956,0.0062474699256533745,0.015895562868136606,0.04966280808514989,0.05000000351317468,-6.424617222377232,3.970163004738944,-30.126670837402344
0.3,3,authority_test,5.0,b7036711cecf282e,0.0,0.3500240580049956,0.0062474699256533745,0.015895562868136606,0.04966280808514989,0.05000000351317468,-6.424617222377232,3.970163004738944,-30.126670837402344
0.3,3,authority_test,5.0,bc83dba623c24f83,0.0,0.3500240580049956,0.0062474699256533745,0.015895562868136606,0.04966280808514989,0.05000000351317468,-6.424617222377232,3.970163004738944,-30.126670837402344
0.3,3,authority_test,5.0,bd981ed06e640944,0.008810572687224627,0.3500240580049956,0.0062474699256533745,0.015895562868136606,0.04966280808514989,0.05000000351317468,-6.424617222377232,3.970163004738944,-30.126670837402344
0.3,3,authority_test,5.0,c0b0a6fd8196e526,0.0,0.3500240580049956,0.0062474699256533745,0.015895562868136606,0.04966280808514989,0.05000000351317468,-6.424617222377232,3.970163004738944,-30.126670837402344
0.3,3,authority_test,5.0,c0da6f9a810ac96e,0.008695652173912993,0.3500240580049956,0.0062474699256533745,0.015895562868136606,0.04966280808514989,0.05000000351317468,-6.424617222377232,3.970163004738944,-30.126670837402344
0.3,3,authority_test,5.0,c4e140c6b10a0649,0.00952380952380949,0.3500240580049956,0.0062474699256533745,0.015895562868136606,0.04966280808514989,0.05000000351317468,-6.424617222377232,3.970163004738944,-30.126670837402344
0.3,3,authority_test,5.0,ceab4fde9bc557e9,0.0,0.3500240580049956,0.0062474699256533745,0.015895562868136606,0.04966280808514989,0.05000000351317468,-6.424617222377232,3.970163004738944,-30.126670837402344
0.3,3,authority_test,5.0,cfd0baecd1304030,0.0,0.3500240580049956,0.0062474699256533745,0.015895562868136606,0.04966280808514989,0.05000000351317468,-6.424617222377232,3.970163004738944,-30.126670837402344
0.3,3,authority_test,5.0,d437bb99475d3d83,0.0,0.3500240580049956,0.0062474699256533745,0.015895562868136606,0.04966280808514989,0.05000000351317468,-6.424617222377232,3.970163004738944,-30.126670837402344
0.3,3,authority_test,5.0,df593c445aa37cdd,0.008368200836820106,0.3500240580049956,0.0062474699256533745,0.015895562868136606,0.04966280808514989,0.05000000351317468,-6.424617222377232,3.970163004738944,-30.126670837402344
0.3,3,authority_test,5.0,e0cbaf79c0d6e3eb,0.024390243902439046,0.3500240580049956,0.0062474699256533745,0.015895562868136606,0.04966280808514989,0.05000000351317468,-6.424617222377232,3.970163004738944,-30.126670837402344
0.3,3,authority_test,5.0,e3664a91fc92d1d6,0.008695652173912993,0.3500240580049956,0.0062474699256533745,0.015895562868136606,0.04966280808514989,0.05000000351317468,-6.424617222377232,3.970163004738944,-30.126670837402344
0.3,3,authority_test,5.0,e55575bab6cd051d,0.0,0.3500240580049956,0.0062474699256533745,0.015895562868136606,0.04966280808514989,0.05000000351317468,-6.424617222377232,3.970163004738944,-30.126670837402344
0.3,3,authority_test,5.0,eac6ec2b274f3fe8,0.008968609865470878,0.3500240580049956,0.0062474699256533745,0.015895562868136606,0.04966280808514989,0.05000000351317468,-6.424617222377232,3.970163004738944,-30.126670837402344
0.3,3,authority_test,5.0,eb5cda6e1fe9f6b5,0.7083333333333333,0.3500240580049956,0.0062474699256533745,0.015895562868136606,0.04966280808514989,0.05000000351317468,-6.424617222377232,3.970163004738944,-30.126670837402344
0.3,3,authority_test,5.0,ecbc64034f374904,1.0,0.3500240580049956,0.0062474699256533745,0.015895562868136606,0.04966280808514989,0.05000000351317468,-6.424617222377232,3.970163004738944,-30.126670837402344
0.3,3,authority_test,5.0,f16d6af3f8b8b330,0.008849557522123908,0.3500240580049956,0.0062474699256533745,0.015895562868136606,0.04966280808514989,0.05000000351317468,-6.424617222377232,3.970163004738944,-30.126670837402344
0.3,3,authority_test,5.0,f2e24c35c5249c8b,0.008547008547008517,0.3500240580049956,0.0062474699256533745,0.015895562868136606,0.04966280808514989,0.05000000351317468,-6.424617222377232,3.970163004738944,-30.126670837402344
0.3,3,stepwise_test,0.0,018ccdd70b67d50b,1.0,0.3500240580049956,0.017422191553835103,0.023347312568697515,0.04649983933111746,0.05000000269720926,-2.1663791963032315,4.144560677664621,-26.32982063293457
0.3,3,stepwise_test,0.0,0545ede9161cd87b,0.0,0.3500240580049956,0.017422191553835103,0.023347312568697515,0.04649983933111746,0.05000000269720926,-2.1663791963032315,4.144560677664621,-26.32982063293457
0.3,3,stepwise_test,0.0,0822110b214bf434,0.009569377990430672,0.3500240580049956,0.017422191553835103,0.023347312568697515,0.04649983933111746,0.05000000269720926,-2.1663791963032315,4.144560677664621,-26.32982063293457
0.3,3,stepwise_test,0.0,0dbb1e13fa00f0f6,0.0,0.3500240580049956,0.017422191553835103,0.023347312568697515,0.04649983933111746,0.05000000269720926,-2.1663791963032315,4.144560677664621,-26.32982063293457
0.3,3,stepwise_test,0.0,0e2ca3a9a1e8e218,0.0,0.3500240580049956,0.017422191553835103,0.023347312568697515,0.04649983933111746,0.05000000269720926,-2.1663791963032315,4.144560677664621,-26.32982063293457
0.3,3,stepwise_test,0.0,101df2256aecf75b,1.0,0.3500240580049956,0.017422191553835103,0.023347312568697515,0.04649983933111746,0.05000000269720926,-2.1663791963032315,4.144560677664621,-26.32982063293457
0.3,3,stepwise_test,0.0,1717ce53958590ba,1.0,0.3500240580049956,0.017422191553835103,0.023347312568697515,0.04649983933111746,0.05000000269720926,-2.1663791963032315,4.144560677664621,-26.32982063293457
0.3,3,stepwise_test,0.0,1868815d0a7c6716,1.0,0.3500240580049956,0.017422191553835103,0.023347312568697515,0.04649983933111746,0.05000000269720926,-2.1663791963032315,4.144560677664621,-26.32982063293457
0.3,3,stepwise_test,0.0,1991ac094bc47b5a,0.0,0.3500240580049956,0.017422191553835103,0.023347312568697515,0.04649983933111746,0.05000000269720926,-2.1663791963032315,4.144560677664621,-26.32982063293457
0.3,3,stepwise_test,0.0,1e9be34e7c154aee,0.0,0.3500240580049956,0.017422191553835103,0.023347312568697515,0.04649983933111746,0.05000000269720926,-2.1663791963032315,4.144560677664621,-26.32982063293457
0.3,3,stepwise_test,0.0,245b8a2be8abc37e,0.00877192982456143,0.3500240580049956,0.017422191553835103,0.023347312568697515,0.04649983933111746,0.05000000269720926,-2.1663791963032315,4.144560677664621,-26.32982063293457
0.3,3,stepwise_test,0.0,2982eb379acc1dcf,0.0,0.3500240580049956,0.017422191553835103,0.023347312568697515,0.04649983933111746,0.05000000269720926,-2.1663791963032315,4.144560677664621,-26.32982063293457
0.3,3,stepwise_test,0.0,2a7630b9ddded8d5,1.0,0.3500240580049956,0.017422191553835103,0.023347312568697515,0.04649983933111746,0.05000000269720926,-2.1663791963032315,4.144560677664621,-26.32982063293457
0.3,3,stepwise_test,0.0,3159f31edc896059,0.0,0.3500240580049956,0.017422191553835103,0.023347312568697515,0.04649983933111746,0.05000000269720926,-2.1663791963032315,4.144560677664621,-26.32982063293457
0.3,3,stepwise_test,0.0,3605a51c50d5daa0,0.0,0.3500240580049956,0.017422191553835103,0.023347312568697515,0.04649983933111746,0.05000000269720926,-2.1663791963032315,4.144560677664621,-26.32982063293457
0.3,3,stepwise_test,0.0,38e3fe88a50cb3ef,0.0,0.3500240580049956,0.017422191553835103,0.023347312568697515,0.04649983933111746,0.05000000269720926,-2.1663791963032315,4.144560677664621,-26.32982063293457
0.3,3,stepwise_test,0.0,3a831f177b4c7882,0.0,0.3500240580049956,0.017422191553835103,0.023347312568697515,0.04649983933111746,0.05000000269720926,-2.1663791963032315,4.144560677664621,-26.32982063293457
0.3,3,stepwise_test,0.0,41450c0e975a1c31,0.0,0.3500240580049956,0.017422191553835103,0.023347312568697515,0.04649983933111746,0.05000000269720926,-2.1663791963032315,4.144560677664621,-26.32982063293457
0.3,3,stepwise_test,0.0,4381c0fb4c396040,0.0,0.3500240580049956,0.017422191553835103,0.023347312568697515,0.04649983933111746,0.05000000269720926,-2.1663791963032315,4.144560677664621,-26.32982063293457
0.3,3,stepwise_test,0.0,44e03bc01ee3055a,0.0,0.3500240580049956,0.017422191553835103,0.023347312568697515,0.04649983933111746,0.05000000269720926,-2.1663791963032315,4.144560677664621,-26.32982063293457
0.3,3,stepwise_test,0.0,47bf27669a8fa08a,0.008403361344537785,0.3500240580049956,0.017422191553835103,0.023347312568697515,0.04649983933111746,0.05000000269720926,-2.1663791963032315,4.144560677664621,-26.32982063293457
0.3,3,stepwise_test,0.0,486ee1ca9e71adc6,0.0,0.3500240580049956,0.017422191553835103,0.023347312568697515,0.04649983933111746,0.05000000269720926,-2.1663791963032315,4.144560677664621,-26.32982063293457
0.3,3,stepwise_test,0.0,4910c9193fca9a21,0.0,0.3500240580049956,0.017422191553835103,0.023347312568697515,0.04649983933111746,0.05000000269720926,-2.1663791963032315,4.144560677664621,-26.32982063293457
0.3,3,stepwise_test,0.0,4a78cd4f429333ac,0.009090909090909038,0.3500240580049956,0.017422191553835103,0.023347312568697515,0.04649983933111746,0.05000000269720926,-2.1663791963032315,4.144560677664621,-26.32982063293457
0.3,3,stepwise_test,0.0,4d3a619d3d16b595,1.0,0.3500240580049956,0.017422191553835103,0.023347312568697515,0.04649983933111746,0.05000000269720926,-2.1663791963032315,4.144560677664621,-26.32982063293457
0.3,3,stepwise_test,0.0,4e12766ab5ee9a6f,0.0,0.3500240580049956,0.017422191553835103,0.023347312568697515,0.04649983933111746,0.05000000269720926,-2.1663791963032315,4.144560677664621,-26.32982063293457
0.3,3,stepwise_test,0.0,5406f38bad958fff,0.0,0.3500240580049956,0.017422191553835103,0.023347312568697515,0.04649983933111746,0.05000000269720926,-2.1663791963032315,4.144560677664621,-26.32982063293457
0.3,3,stepwise_test,0.0,5b6660299c28d21a,0.009708737864077666,0.3500240580049956,0.017422191553835103,0.023347312568697515,0.04649983933111746,0.05000000269720926,-2.1663791963032315,4.144560677664621,-26.32982063293457
0.3,3,stepwise_test,0.0,5d8a6dda9c034943,0.0,0.3500240580049956,0.017422191553835103,0.023347312568697515,0.04649983933111746,0.05000000269720926,-2.1663791963032315,4.144560677664621,-26.32982063293457
0.3,3,stepwise_test,0.0,6354b26bfd6b0d3b,0.0,0.3500240580049956,0.017422191553835103,0.023347312568697515,0.04649983933111746,0.05000000269720926,-2.1663791963032315,4.144560677664621,-26.32982063293457
0.3,3,stepwise_test,0.0,663b72de42e74e86,0.0,0.3500240580049956,0.017422191553835103,0.023347312568697515,0.04649983933111746,0.05000000269720926,-2.1663791963032315,4.144560677664621,-26.32982063293457
0.3,3,stepwise_test,0.0,66eb648c6256c151,0.0,0.3500240580049956,0.017422191553835103,0.023347312568697515,0.04649983933111746,0.05000000269720926,-2.1663791963032315,4.144560677664621,-26.32982063293457
0.3,3,stepwise_test,0.0,67f63c1627c03412,0.0,0.3500240580049956,0.017422191553835103,0.023347312568697515,0.04649983933111746,0.05000000269720926,-2.1663791963032315,4.144560677664621,-26.32982063293457
0.3,3,stepwise_test,0.0,6d1d8e613ece86e7,0.0,0.3500240580049956,0.017422191553835103,0.023347312568697515,0.04649983933111746,0.05000000269720926,-2.1663791963032315,4.144560677664621,-26.32982063293457
0.3,3,stepwise_test,0.0,6f3466b968e73ba3,0.0,0.3500240580049956,0.017422191553835103,0.023347312568697515,0.04649983933111746,0.05000000269720926,-2.1663791963032315,4.144560677664621,-26.32982063293457
0.3,3,stepwise_test,0.0,71fe74132803f26b,0.0,0.3500240580049956,0.017422191553835103,0.023347312568697515,0.04649983933111746,0.05000000269720926,-2.1663791963032315,4.144560677664621,-26.32982063293457
0.3,3,stepwise_test,0.0,76825b753db42030,1.0,0.3500240580049956,0.017422191553835103,0.023347312568697515,0.04649983933111746,0.05000000269720926,-2.1663791963032315,4.144560677664621,-26.32982063293457
0.3,3,stepwise_test,0.0,78001bdfb89f1ad1,1.0,0.3500240580049956,0.017422191553835103,0.023347312568697515,0.04649983933111746,0.05000000269720926,-2.1663791963032315,4.144560677664621,-26.32982063293457
0.3,3,stepwise_test,0.0,7b925779bf22fd74,0.008333333333333304,0.3500240580049956,0.017422191553835103,0.023347312568697515,0.04649983933111746,0.05000000269720926,-2.1663791963032315,4.144560677664621,-26.32982063293457
0.3,3,stepwise_test,0.0,7be724e7d2299999,0.01025641025641022,0.3500240580049956,0.017422191553835103,0.023347312568697515,0.04649983933111746,0.05000000269720926,-2.1663791963032315,4.144560677664621,-26.32982063293457
0.3,3,stepwise_test,0.0,82da82d3e55219a5,0.02857142857142858,0.3500240580049956,0.017422191553835103,0.023347312568697515,0.04649983933111746,0.05000000269720926,-2.1663791963032315,4.144560677664621,-26.32982063293457
0.3,3,stepwise_test,0.0,8acfa77cf5234bd4,0.0,0.3500240580049956,0.017422191553835103,0.023347312568697515,0.04649983933111746,0.05000000269720926,-2.1663791963032315,4.144560677664621,-26.32982063293457
0.3,3,stepwise_test,0.0,9332a9cf5d92314a,0.0,0.3500240580049956,0.017422191553835103,0.023347312568697515,0.04649983933111746,0.05000000269720926,-2.1663791963032315,4.144560677664621,-26.32982063293457
0.3,3,stepwise_test,0.0,9f60113cec74b0ee,0.0,0.3500240580049956,0.017422191553835103,0.023347312568697515,0.04649983933111746,0.05000000269720926,-2.1663791963032315,4.144560677664621,-26.32982063293457
0.3,3,stepwise_test,0.0,a2f68f9c135648a0,0.0,0.3500240580049956,0.017422191553835103,0.023347312568697515,0.04649983933111746,0.05000000269720926,-2.1663791963032315,4.144560677664621,-26.32982063293457
0.3,3,stepwise_test,0.0,a3ecb75bd15d05d8,0.0,0.3500240580049956,0.017422191553835103,0.023347312568697515,0.04649983933111746,0.05000000269720926,-2.1663791963032315,4.144560677664621,-26.32982063293457
0.3,3,stepwise_test,0.0,a4a471e79162ce6a,0.0,0.3500240580049956,0.017422191553835103,0.023347312568697515,0.04649983933111746,0.05000000269720926,-2.1663791963032315,4.144560677664621,-26.32982063293457
0.3,3,stepwise_test,0.0,aa0070de67183c08,0.0,0.3500240580049956,0.017422191553835103,0.023347312568697515,0.04649983933111746,0.05000000269720926,-2.1663791963032315,4.144560677664621,-26.32982063293457
0.3,3,stepwise_test,0.0,aa6bc6d9ff6d7768,1.0,0.3500240580049956,0.017422191553835103,0.023347312568697515,0.04649983933111746,0.05000000269720926,-2.1663791963032315,4.144560677664621,-26.32982063293457
0.3,3,stepwise_test,0.0,acd5a3fd547677f6,0.0,0.3500240580049956,0.017422191553835103,0.023347312568697515,0.04649983933111746,0.05000000269720926,-2.1663791963032315,4.144560677664621,-26.32982063293457
0.3,3,stepwise_test,0.0,b5124e1b88000bd7,0.0,0.3500240580049956,0.017422191553835103,0.023347312568697515,0.04649983933111746,0.05000000269720926,-2.1663791963032315,4.144560677664621,-26.32982063293457
0.3,3,stepwise_test,0.0,b62f26029c55da5d,0.0,0.3500240580049956,0.017422191553835103,0.023347312568697515,0.04649983933111746,0.05000000269720926,-2.1663791963032315,4.144560677664621,-26.32982063293457
0.3,3,stepwise_test,0.0,b7036711cecf282e,1.0,0.3500240580049956,0.017422191553835103,0.023347312568697515,0.04649983933111746,0.05000000269720926,-2.1663791963032315,4.144560677664621,-26.32982063293457
0.3,3,stepwise_test,0.0,bc83dba623c24f83,0.0,0.3500240580049956,0.017422191553835103,0.023347312568697515,0.04649983933111746,0.05000000269720926,-2.1663791963032315,4.144560677664621,-26.32982063293457
0.3,3,stepwise_test,0.0,bd981ed06e640944,0.0,0.3500240580049956,0.017422191553835103,0.023347312568697515,0.04649983933111746,0.05000000269720926,-2.1663791963032315,4.144560677664621,-26.32982063293457
0.3,3,stepwise_test,0.0,c0b0a6fd8196e526,0.0,0.3500240580049956,0.017422191553835103,0.023347312568697515,0.04649983933111746,0.05000000269720926,-2.1663791963032315,4.144560677664621,-26.32982063293457
0.3,3,stepwise_test,0.0,c0da6f9a810ac96e,0.0,0.3500240580049956,0.017422191553835103,0.023347312568697515,0.04649983933111746,0.05000000269720926,-2.1663791963032315,4.144560677664621,-26.32982063293457
0.3,3,stepwise_test,0.0,c4e140c6b10a0649,0.0,0.3500240580049956,0.017422191553835103,0.023347312568697515,0.04649983933111746,0.05000000269720926,-2.1663791963032315,4.144560677664621,-26.32982063293457
0.3,3,stepwise_test,0.0,ceab4fde9bc557e9,0.0,0.3500240580049956,0.017422191553835103,0.023347312568697515,0.04649983933111746,0.05000000269720926,-2.1663791963032315,4.144560677664621,-26.32982063293457
0.3,3,stepwise_test,0.0,cfd0baecd1304030,0.0,0.3500240580049956,0.017422191553835103,0.023347312568697515,0.04649983933111746,0.05000000269720926,-2.1663791963032315,4.144560677664621,-26.32982063293457
0.3,3,stepwise_test,0.0,d437bb99475d3d83,0.032258064516129004,0.3500240580049956,0.017422191553835103,0.023347312568697515,0.04649983933111746,0.05000000269720926,-2.1663791963032315,4.144560677664621,-26.32982063293457
0.3,3,stepwise_test,0.0,df593c445aa37cdd,0.0,0.3500240580049956,0.017422191553835103,0.023347312568697515,0.04649983933111746,0.05000000269720926,-2.1663791963032315,4.144560677664621,-26.32982063293457
0.3,3,stepwise_test,0.0,e0cbaf79c0d6e3eb,0.02857142857142858,0.3500240580049956,0.017422191553835103,0.023347312568697515,0.04649983933111746,0.05000000269720926,-2.1663791963032315,4.144560677664621,-26.32982063293457
0.3,3,stepwise_test,0.0,e3664a91fc92d1d6,0.0,0.3500240580049956,0.017422191553835103,0.023347312568697515,0.04649983933111746,0.05000000269720926,-2.1663791963032315,4.144560677664621,-26.32982063293457
0.3,3,stepwise_test,0.0,e55575bab6cd051d,0.0,0.3500240580049956,0.017422191553835103,0.023347312568697515,0.04649983933111746,0.05000000269720926,-2.1663791963032315,4.144560677664621,-26.32982063293457
0.3,3,stepwise_test,0.0,eac6ec2b274f3fe8,0.036243616888778085,0.3500240580049956,0.017422191553835103,0.023347312568697515,0.04649983933111746,0.05000000269720926,-2.1663791963032315,4.144560677664621,-26.32982063293457
0.3,3,stepwise_test,0.0,eb5cda6e1fe9f6b5,0.010582010582010581,0.3500240580049956,0.017422191553835103,0.023347312568697515,0.04649983933111746,0.05000000269720926,-2.1663791963032315,4.144560677664621,-26.32982063293457
0.3,3,stepwise_test,0.0,ecbc64034f374904,1.0,0.3500240580049956,0.017422191553835103,0.023347312568697515,0.04649983933111746,0.05000000269720926,-2.1663791963032315,4.144560677664621,-26.32982063293457
0.3,3,stepwise_test,0.0,f16d6af3f8b8b330,1.0,0.3500240580049956,0.017422191553835103,0.023347312568697515,0.04649983933111746,0.05000000269720926,-2.1663791963032315,4.144560677664621,-26.32982063293457
0.3,3,stepwise_test,0.0,f2e24c35c5249c8b,0.0,0.3500240580049956,0.017422191553835103,0.023347312568697515,0.04649983933111746,0.05000000269720926,-2.1663791963032315,4.144560677664621,-26.32982063293457
0.3,3,stepwise_test,2.0,018ccdd70b67d50b,0.0091324200913242,0.3500240580049956,0.01390020111586257,0.0224353496927808,0.049999999797653065,0.05000000348200471,-4.010609456471035,4.023630857467651,-27.848560333251953
0.3,3,stepwise_test,2.0,0545ede9161cd87b,0.0,0.3500240580049956,0.01390020111586257,0.0224353496927808,0.049999999797653065,0.05000000348200471,-4.010609456471035,4.023630857467651,-27.848560333251953
0.3,3,stepwise_test,2.0,0822110b214bf434,0.009302325581395321,0.3500240580049956,0.01390020111586257,0.0224353496927808,0.049999999797653065,0.05000000348200471,-4.010609456471035,4.023630857467651,-27.848560333251953
0.3,3,stepwise_test,2.0,0dbb1e13fa00f0f6,0.0,0.3500240580049956,0.01390020111586257,0.0224353496927808,0.049999999797653065,0.05000000348200471,-4.010609456471035,4.023630857467651,-27.848560333251953
0.3,3,stepwise_test,2.0,0e2ca3a9a1e8e218,0.0,0.3500240580049956,0.01390020111586257,0.0224353496927808,0.049999999797653065,0.05000000348200471,-4.010609456471035,4.023630857467651,-27.848560333251953
0.3,3,stepwise_test,2.0,101df2256aecf75b,0.0,0.3500240580049956,0.01390020111586257,0.0224353496927808,0.049999999797653065,0.05000000348200471,-4.010609456471035,4.023630857467651,-27.848560333251953
0.3,3,stepwise_test,2.0,1717ce53958590ba,0.010101010101010055,0.3500240580049956,0.01390020111586257,0.0224353496927808,0.049999999797653065,0.05000000348200471,-4.010609456471035,4.023630857467651,-27.848560333251953
0.3,3,stepwise_test,2.0,1868815d0a7c6716,0.008130081300813052,0.3500240580049956,0.01390020111586257,0.0224353496927808,0.049999999797653065,0.05000000348200471,-4.010609456471035,4.023630857467651,-27.848560333251953
0.3,3,stepwise_test,2.0,1991ac094bc47b5a,0.0,0.3500240580049956,0.01390020111586257,0.0224353496927808,0.049999999797653065,0.05000000348200471,-4.010609456471035,4.023630857467651,-27.848560333251953
0.3,3,stepwise_test,2.0,1e9be34e7c154aee,0.0,0.3500240580049956,0.01390020111586257,0.0224353496927808,0.049999999797653065,0.05000000348200471,-4.010609456471035,4.023630857467651,-27.848560333251953
0.3,3,stepwise_test,2.0,245b8a2be8abc37e,0.00995024875621886,0.3500240580049956,0.01390020111586257,0.0224353496927808,0.049999999797653065,0.05000000348200471,-4.010609456471035,4.023630857467651,-27.848560333251953
0.3,3,stepwise_test,2.0,2982eb379acc1dcf,0.0,0.3500240580049956,0.01390020111586257,0.0224353496927808,0.049999999797653065,0.05000000348200471,-4.010609456471035,4.023630857467651,-27.848560333251953
0.3,3,stepwise_test,2.0,2a7630b9ddded8d5,1.0,0.3500240580049956,0.01390020111586257,0.0224353496927808,0.049999999797653065,0.05000000348200471,-4.010609456471035,4.023630857467651,-27.848560333251953
0.3,3,stepwise_test,2.0,3159f31edc896059,0.0,0.3500240580049956,0.01390020111586257,0.0224353496927808,0.049999999797653065,0.05000000348200471,-4.010609456471035,4.023630857467651,-27.848560333251953
0.3,3,stepwise_test,2.0,3605a51c50d5daa0,0.0,0.3500240580049956,0.01390020111586257,0.0224353496927808,0.049999999797653065,0.05000000348200471,-4.010609456471035,4.023630857467651,-27.848560333251953
0.3,3,stepwise_test,2.0,38e3fe88a50cb3ef,0.0,0.3500240580049956,0.01390020111586257,0.0224353496927808,0.049999999797653065,0.05000000348200471,-4.010609456471035,4.023630857467651,-27.848560333251953
0.3,3,stepwise_test,2.0,3a831f177b4c7882,0.0,0.3500240580049956,0.01390020111586257,0.0224353496927808,0.049999999797653065,0.05000000348200471,-4.010609456471035,4.023630857467651,-27.848560333251953
0.3,3,stepwise_test,2.0,41450c0e975a1c31,0.0,0.3500240580049956,0.01390020111586257,0.0224353496927808,0.049999999797653065,0.05000000348200471,-4.010609456471035,4.023630857467651,-27.848560333251953
0.3,3,stepwise_test,2.0,4381c0fb4c396040,0.0,0.3500240580049956,0.01390020111586257,0.0224353496927808,0.049999999797653065,0.05000000348200471,-4.010609456471035,4.023630857467651,-27.848560333251953
0.3,3,stepwise_test,2.0,44e03bc01ee3055a,0.0,0.3500240580049956,0.01390020111586257,0.0224353496927808,0.049999999797653065,0.05000000348200471,-4.010609456471035,4.023630857467651,-27.848560333251953
0.3,3,stepwise_test,2.0,47bf27669a8fa08a,0.018181818181818188,0.3500240580049956,0.01390020111586257,0.0224353496927808,0.049999999797653065,0.05000000348200471,-4.010609456471035,4.023630857467651,-27.848560333251953
0.3,3,stepwise_test,2.0,486ee1ca9e71adc6,0.0,0.3500240580049956,0.01390020111586257,0.0224353496927808,0.049999999797653065,0.05000000348200471,-4.010609456471035,4.023630857467651,-27.848560333251953
0.3,3,stepwise_test,2.0,4910c9193fca9a21,0.0,0.3500240580049956,0.01390020111586257,0.0224353496927808,0.049999999797653065,0.05000000348200471,-4.010609456471035,4.023630857467651,-27.848560333251953
0.3,3,stepwise_test,2.0,4a78cd4f429333ac,0.008849557522123908,0.3500240580049956,0.01390020111586257,0.0224353496927808,0.049999999797653065,0.05000000348200471,-4.010609456471035,4.023630857467651,-27.848560333251953
0.3,3,stepwise_test,2.0,4d3a619d3d16b595,0.0,0.3500240580049956,0.01390020111586257,0.0224353496927808,0.049999999797653065,0.05000000348200471,-4.010609456471035,4.023630857467651,-27.848560333251953
0.3,3,stepwise_test,2.0,4e12766ab5ee9a6f,0.0,0.3500240580049956,0.01390020111586257,0.0224353496927808,0.049999999797653065,0.05000000348200471,-4.010609456471035,4.023630857467651,-27.848560333251953
0.3,3,stepwise_test,2.0,5406f38bad958fff,0.0,0.3500240580049956,0.01390020111586257,0.0224353496927808,0.049999999797653065,0.05000000348200471,-4.010609456471035,4.023630857467651,-27.848560333251953
0.3,3,stepwise_test,2.0,5b6660299c28d21a,0.009708737864077666,0.3500240580049956,0.01390020111586257,0.0224353496927808,0.049999999797653065,0.05000000348200471,-4.010609456471035,4.023630857467651,-27.848560333251953
0.3,3,stepwise_test,2.0,5d8a6dda9c034943,0.0,0.3500240580049956,0.01390020111586257,0.0224353496927808,0.049999999797653065,0.05000000348200471,-4.010609456471035,4.023630857467651,-27.848560333251953
0.3,3,stepwise_test,2.0,6354b26bfd6b0d3b,0.0,0.3500240580049956,0.01390020111586257,0.0224353496927808,0.049999999797653065,0.05000000348200471,-4.010609456471035,4.023630857467651,-27.848560333251953
0.3,3,stepwise_test,2.0,663b72de42e74e86,0.0,0.3500240580049956,0.01390020111586257,0.0224353496927808,0.049999999797653065,0.05000000348200471,-4.010609456471035,4.023630857467651,-27.848560333251953
0.3,3,stepwise_test,2.0,66eb648c6256c151,0.0,0.3500240580049956,0.01390020111586257,0.0224353496927808,0.049999999797653065,0.05000000348200471,-4.010609456471035,4.023630857467651,-27.848560333251953
0.3,3,stepwise_test,2.0,67f63c1627c03412,0.008264462809917328,0.3500240580049956,0.01390020111586257,0.0224353496927808,0.049999999797653065,0.05000000348200471,-4.010609456471035,4.023630857467651,-27.848560333251953
0.3,3,stepwise_test,2.0,6d1d8e613ece86e7,0.0,0.3500240580049956,0.01390020111586257,0.0224353496927808,0.049999999797653065,0.05000000348200471,-4.010609456471035,4.023630857467651,-27.848560333251953
0.3,3,stepwise_test,2.0,6f3466b968e73ba3,0.009615384615384581,0.3500240580049956,0.01390020111586257,0.0224353496927808,0.049999999797653065,0.05000000348200471,-4.010609456471035,4.023630857467651,-27.848560333251953
0.3,3,stepwise_test,2.0,71fe74132803f26b,0.0,0.3500240580049956,0.01390020111586257,0.0224353496927808,0.049999999797653065,0.05000000348200471,-4.010609456471035,4.023630857467651,-27.848560333251953
0.3,3,stepwise_test,2.0,76825b753db42030,0.0,0.3500240580049956,0.01390020111586257,0.0224353496927808,0.049999999797653065,0.05000000348200471,-4.010609456471035,4.023630857467651,-27.848560333251953
0.3,3,stepwise_test,2.0,78001bdfb89f1ad1,1.0,0.3500240580049956,0.01390020111586257,0.0224353496927808,0.049999999797653065,0.05000000348200471,-4.010609456471035,4.023630857467651,-27.848560333251953
0.3,3,stepwise_test,2.0,7b925779bf22fd74,0.009090909090909038,0.3500240580049956,0.01390020111586257,0.0224353496927808,0.049999999797653065,0.05000000348200471,-4.010609456471035,4.023630857467651,-27.848560333251953
0.3,3,stepwise_test,2.0,7be724e7d2299999,0.01041666666666663,0.3500240580049956,0.01390020111586257,0.0224353496927808,0.049999999797653065,0.05000000348200471,-4.010609456471035,4.023630857467651,-27.848560333251953
0.3,3,stepwise_test,2.0,82da82d3e55219a5,0.02941176470588236,0.3500240580049956,0.01390020111586257,0.0224353496927808,0.049999999797653065,0.05000000348200471,-4.010609456471035,4.023630857467651,-27.848560333251953
0.3,3,stepwise_test,2.0,8acfa77cf5234bd4,0.0,0.3500240580049956,0.01390020111586257,0.0224353496927808,0.049999999797653065,0.05000000348200471,-4.010609456471035,4.023630857467651,-27.848560333251953
0.3,3,stepwise_test,2.0,9332a9cf5d92314a,0.0,0.3500240580049956,0.01390020111586257,0.0224353496927808,0.049999999797653065,0.05000000348200471,-4.010609456471035,4.023630857467651,-27.848560333251953
0.3,3,stepwise_test,2.0,9f60113cec74b0ee,0.0,0.3500240580049956,0.01390020111586257,0.0224353496927808,0.049999999797653065,0.05000000348200471,-4.010609456471035,4.023630857467651,-27.848560333251953
0.3,3,stepwise_test,2.0,a2f68f9c135648a0,0.0,0.3500240580049956,0.01390020111586257,0.0224353496927808,0.049999999797653065,0.05000000348200471,-4.010609456471035,4.023630857467651,-27.848560333251953
0.3,3,stepwise_test,2.0,a3ecb75bd15d05d8,0.0,0.3500240580049956,0.01390020111586257,0.0224353496927808,0.049999999797653065,0.05000000348200471,-4.010609456471035,4.023630857467651,-27.848560333251953
0.3,3,stepwise_test,2.0,a4a471e79162ce6a,0.0,0.3500240580049956,0.01390020111586257,0.0224353496927808,0.049999999797653065,0.05000000348200471,-4.010609456471035,4.023630857467651,-27.848560333251953
0.3,3,stepwise_test,2.0,aa0070de67183c08,0.0,0.3500240580049956,0.01390020111586257,0.0224353496927808,0.049999999797653065,0.05000000348200471,-4.010609456471035,4.023630857467651,-27.848560333251953
0.3,3,stepwise_test,2.0,aa6bc6d9ff6d7768,0.0,0.3500240580049956,0.01390020111586257,0.0224353496927808,0.049999999797653065,0.05000000348200471,-4.010609456471035,4.023630857467651,-27.848560333251953
0.3,3,stepwise_test,2.0,acd5a3fd547677f6,0.0,0.3500240580049956,0.01390020111586257,0.0224353496927808,0.049999999797653065,0.05000000348200471,-4.010609456471035,4.023630857467651,-27.848560333251953
0.3,3,stepwise_test,2.0,b5124e1b88000bd7,0.0,0.3500240580049956,0.01390020111586257,0.0224353496927808,0.049999999797653065,0.05000000348200471,-4.010609456471035,4.023630857467651,-27.848560333251953
0.3,3,stepwise_test,2.0,b62f26029c55da5d,0.0,0.3500240580049956,0.01390020111586257,0.0224353496927808,0.049999999797653065,0.05000000348200471,-4.010609456471035,4.023630857467651,-27.848560333251953
0.3,3,stepwise_test,2.0,b7036711cecf282e,0.008968609865470878,0.3500240580049956,0.01390020111586257,0.0224353496927808,0.049999999797653065,0.05000000348200471,-4.010609456471035,4.023630857467651,-27.848560333251953
0.3,3,stepwise_test,2.0,bc83dba623c24f83,0.008888888888888835,0.3500240580049956,0.01390020111586257,0.0224353496927808,0.049999999797653065,0.05000000348200471,-4.010609456471035,4.023630857467651,-27.848560333251953
0.3,3,stepwise_test,2.0,bd981ed06e640944,0.0,0.3500240580049956,0.01390020111586257,0.0224353496927808,0.049999999797653065,0.05000000348200471,-4.010609456471035,4.023630857467651,-27.848560333251953
0.3,3,stepwise_test,2.0,c0b0a6fd8196e526,0.0,0.3500240580049956,0.01390020111586257,0.0224353496927808,0.049999999797653065,0.05000000348200471,-4.010609456471035,4.023630857467651,-27.848560333251953
0.3,3,stepwise_test,2.0,c0da6f9a810ac96e,0.0,0.3500240580049956,0.01390020111586257,0.0224353496927808,0.049999999797653065,0.05000000348200471,-4.010609456471035,4.023630857467651,-27.848560333251953
0.3,3,stepwise_test,2.0,c4e140c6b10a0649,0.0,0.3500240580049956,0.01390020111586257,0.0224353496927808,0.049999999797653065,0.05000000348200471,-4.010609456471035,4.023630857467651,-27.848560333251953
0.3,3,stepwise_test,2.0,ceab4fde9bc557e9,0.0,0.3500240580049956,0.01390020111586257,0.0224353496927808,0.049999999797653065,0.05000000348200471,-4.010609456471035,4.023630857467651,-27.848560333251953
0.3,3,stepwise_test,2.0,cfd0baecd1304030,0.0,0.3500240580049956,0.01390020111586257,0.0224353496927808,0.049999999797653065,0.05000000348200471,-4.010609456471035,4.023630857467651,-27.848560333251953
0.3,3,stepwise_test,2.0,d437bb99475d3d83,0.0,0.3500240580049956,0.01390020111586257,0.0224353496927808,0.049999999797653065,0.05000000348200471,-4.010609456471035,4.023630857467651,-27.848560333251953
0.3,3,stepwise_test,2.0,df593c445aa37cdd,0.0,0.3500240580049956,0.01390020111586257,0.0224353496927808,0.049999999797653065,0.05000000348200471,-4.010609456471035,4.023630857467651,-27.848560333251953
0.3,3,stepwise_test,2.0,e0cbaf79c0d6e3eb,0.0,0.3500240580049956,0.01390020111586257,0.0224353496927808,0.049999999797653065,0.05000000348200471,-4.010609456471035,4.023630857467651,-27.848560333251953
0.3,3,stepwise_test,2.0,e3664a91fc92d1d6,0.0,0.3500240580049956,0.01390020111586257,0.0224353496927808,0.049999999797653065,0.05000000348200471,-4.010609456471035,4.023630857467651,-27.848560333251953
0.3,3,stepwise_test,2.0,e55575bab6cd051d,0.0,0.3500240580049956,0.01390020111586257,0.0224353496927808,0.049999999797653065,0.05000000348200471,-4.010609456471035,4.023630857467651,-27.848560333251953
0.3,3,stepwise_test,2.0,eac6ec2b274f3fe8,0.0092592592592593,0.3500240580049956,0.01390020111586257,0.0224353496927808,0.049999999797653065,0.05000000348200471,-4.010609456471035,4.023630857467651,-27.848560333251953
0.3,3,stepwise_test,2.0,eb5cda6e1fe9f6b5,0.009661835748792313,0.3500240580049956,0.01390020111586257,0.0224353496927808,0.049999999797653065,0.05000000348200471,-4.010609456471035,4.023630857467651,-27.848560333251953
0.3,3,stepwise_test,2.0,ecbc64034f374904,0.0,0.3500240580049956,0.01390020111586257,0.0224353496927808,0.049999999797653065,0.05000000348200471,-4.010609456471035,4.023630857467651,-27.848560333251953
0.3,3,stepwise_test,2.0,f16d6af3f8b8b330,1.0,0.3500240580049956,0.01390020111586257,0.0224353496927808,0.049999999797653065,0.05000000348200471,-4.010609456471035,4.023630857467651,-27.848560333251953
0.3,3,stepwise_test,2.0,f2e24c35c5249c8b,0.0,0.3500240580049956,0.01390020111586257,0.0224353496927808,0.049999999797653065,0.05000000348200471,-4.010609456471035,4.023630857467651,-27.848560333251953
0.3,3,stepwise_test,5.0,018ccdd70b67d50b,0.009433962264150941,0.3500240580049956,0.0037897604728481917,0.012532424997023766,0.04162178745346579,0.05000000326604709,-6.866327626364572,3.8960764408111572,-30.126670837402344
0.3,3,stepwise_test,5.0,0545ede9161cd87b,0.0,0.3500240580049956,0.0037897604728481917,0.012532424997023766,0.04162178745346579,0.05000000326604709,-6.866327626364572,3.8960764408111572,-30.126670837402344
0.3,3,stepwise_test,5.0,0822110b214bf434,0.010695187165775444,0.3500240580049956,0.0037897604728481917,0.012532424997023766,0.04162178745346579,0.05000000326604709,-6.866327626364572,3.8960764408111572,-30.126670837402344
0.3,3,stepwise_test,5.0,0dbb1e13fa00f0f6,0.0,0.3500240580049956,0.0037897604728481917,0.012532424997023766,0.04162178745346579,0.05000000326604709,-6.866327626364572,3.8960764408111572,-30.126670837402344
0.3,3,stepwise_test,5.0,0e2ca3a9a1e8e218,0.0,0.3500240580049956,0.0037897604728481917,0.012532424997023766,0.04162178745346579,0.05000000326604709,-6.866327626364572,3.8960764408111572,-30.126670837402344
0.3,3,stepwise_test,5.0,101df2256aecf75b,0.0,0.3500240580049956,0.0037897604728481917,0.012532424997023766,0.04162178745346579,0.05000000326604709,-6.866327626364572,3.8960764408111572,-30.126670837402344
0.3,3,stepwise_test,5.0,1717ce53958590ba,0.010000000000000009,0.3500240580049956,0.0037897604728481917,0.012532424997023766,0.04162178745346579,0.05000000326604709,-6.866327626364572,3.8960764408111572,-30.126670837402344
0.3,3,stepwise_test,5.0,1868815d0a7c6716,0.0,0.3500240580049956,0.0037897604728481917,0.012532424997023766,0.04162178745346579,0.05000000326604709,-6.866327626364572,3.8960764408111572,-30.126670837402344
0.3,3,stepwise_test,5.0,1991ac094bc47b5a,0.00952380952380949,0.3500240580049956,0.0037897604728481917,0.012532424997023766,0.04162178745346579,0.05000000326604709,-6.866327626364572,3.8960764408111572,-30.126670837402344
0.3,3,stepwise_test,5.0,1e9be34e7c154aee,0.0,0.3500240580049956,0.0037897604728481917,0.012532424997023766,0.04162178745346579,0.05000000326604709,-6.866327626364572,3.8960764408111572,-30.126670837402344
0.3,3,stepwise_test,5.0,245b8a2be8abc37e,0.010526315789473717,0.3500240580049956,0.0037897604728481917,0.012532424997023766,0.04162178745346579,0.05000000326604709,-6.866327626364572,3.8960764408111572,-30.126670837402344
0.3,3,stepwise_test,5.0,2982eb379acc1dcf,0.0,0.3500240580049956,0.0037897604728481917,0.012532424997023766,0.04162178745346579,0.05000000326604709,-6.866327626364572,3.8960764408111572,-30.126670837402344
0.3,3,stepwise_test,5.0,2a7630b9ddded8d5,0.0,0.3500240580049956,0.0037897604728481917,0.012532424997023766,0.04162178745346579,0.05000000326604709,-6.866327626364572,3.8960764408111572,-30.126670837402344
0.3,3,stepwise_test,5.0,3159f31edc896059,0.0,0.3500240580049956,0.0037897604728481917,0.012532424997023766,0.04162178745346579,0.05000000326604709,-6.866327626364572,3.8960764408111572,-30.126670837402344
0.3,3,stepwise_test,5.0,3605a51c50d5daa0,0.0,0.3500240580049956,0.0037897604728481917,0.012532424997023766,0.04162178745346579,0.05000000326604709,-6.866327626364572,3.8960764408111572,-30.126670837402344
0.3,3,stepwise_test,5.0,38e3fe88a50cb3ef,0.0,0.3500240580049956,0.0037897604728481917,0.012532424997023766,0.04162178745346579,0.05000000326604709,-6.866327626364572,3.8960764408111572,-30.126670837402344
0.3,3,stepwise_test,5.0,3a831f177b4c7882,0.0,0.3500240580049956,0.0037897604728481917,0.012532424997023766,0.04162178745346579,0.05000000326604709,-6.866327626364572,3.8960764408111572,-30.126670837402344
0.3,3,stepwise_test,5.0,41450c0e975a1c31,0.008888888888888835,0.3500240580049956,0.0037897604728481917,0.012532424997023766,0.04162178745346579,0.05000000326604709,-6.866327626364572,3.8960764408111572,-30.126670837402344
0.3,3,stepwise_test,5.0,4381c0fb4c396040,0.0,0.3500240580049956,0.0037897604728481917,0.012532424997023766,0.04162178745346579,0.05000000326604709,-6.866327626364572,3.8960764408111572,-30.126670837402344
0.3,3,stepwise_test,5.0,44e03bc01ee3055a,0.0,0.3500240580049956,0.0037897604728481917,0.012532424997023766,0.04162178745346579,0.05000000326604709,-6.866327626364572,3.8960764408111572,-30.126670837402344
0.3,3,stepwise_test,5.0,47bf27669a8fa08a,0.01980198019801982,0.3500240580049956,0.0037897604728481917,0.012532424997023766,0.04162178745346579,0.05000000326604709,-6.866327626364572,3.8960764408111572,-30.126670837402344
0.3,3,stepwise_test,5.0,486ee1ca9e71adc6,0.0,0.3500240580049956,0.0037897604728481917,0.012532424997023766,0.04162178745346579,0.05000000326604709,-6.866327626364572,3.8960764408111572,-30.126670837402344
0.3,3,stepwise_test,5.0,4910c9193fca9a21,0.0,0.3500240580049956,0.0037897604728481917,0.012532424997023766,0.04162178745346579,0.05000000326604709,-6.866327626364572,3.8960764408111572,-30.126670837402344
0.3,3,stepwise_test,5.0,4a78cd4f429333ac,0.008583690987124415,0.3500240580049956,0.0037897604728481917,0.012532424997023766,0.04162178745346579,0.05000000326604709,-6.866327626364572,3.8960764408111572,-30.126670837402344
0.3,3,stepwise_test,5.0,4d3a619d3d16b595,0.0,0.3500240580049956,0.0037897604728481917,0.012532424997023766,0.04162178745346579,0.05000000326604709,-6.866327626364572,3.8960764408111572,-30.126670837402344
0.3,3,stepwise_test,5.0,4e12766ab5ee9a6f,0.0,0.3500240580049956,0.0037897604728481917,0.012532424997023766,0.04162178745346579,0.05000000326604709,-6.866327626364572,3.8960764408111572,-30.126670837402344
0.3,3,stepwise_test,5.0,5406f38bad958fff,0.0,0.3500240580049956,0.0037897604728481917,0.012532424997023766,0.04162178745346579,0.05000000326604709,-6.866327626364572,3.8960764408111572,-30.126670837402344
0.3,3,stepwise_test,5.0,5b6660299c28d21a,0.009756097560975618,0.3500240580049956,0.0037897604728481917,0.012532424997023766,0.04162178745346579,0.05000000326604709,-6.866327626364572,3.8960764408111572,-30.126670837402344
0.3,3,stepwise_test,5.0,5d8a6dda9c034943,0.0,0.3500240580049956,0.0037897604728481917,0.012532424997023766,0.04162178745346579,0.05000000326604709,-6.866327626364572,3.8960764408111572,-30.126670837402344
0.3,3,stepwise_test,5.0,6354b26bfd6b0d3b,0.0,0.3500240580049956,0.0037897604728481917,0.012532424997023766,0.04162178745346579,0.05000000326604709,-6.866327626364572,3.8960764408111572,-30.126670837402344
0.3,3,stepwise_test,5.0,663b72de42e74e86,0.0,0.3500240580049956,0.0037897604728481917,0.012532424997023766,0.04162178745346579,0.05000000326604709,-6.866327626364572,3.8960764408111572,-30.126670837402344
0.3,3,stepwise_test,5.0,66eb648c6256c151,0.0,0.3500240580049956,0.0037897604728481917,0.012532424997023766,0.04162178745346579,0.05000000326604709,-6.866327626364572,3.8960764408111572,-30.126670837402344
0.3,3,stepwise_test,5.0,67f63c1627c03412,0.012499999999999956,0.3500240580049956,0.0037897604728481917,0.012532424997023766,0.04162178745346579,0.05000000326604709,-6.866327626364572,3.8960764408111572,-30.126670837402344
0.3,3,stepwise_test,5.0,6d1d8e613ece86e7,0.0,0.3500240580049956,0.0037897604728481917,0.012532424997023766,0.04162178745346579,0.05000000326604709,-6.866327626364572,3.8960764408111572,-30.126670837402344
0.3,3,stepwise_test,5.0,6f3466b968e73ba3,0.009302325581395321,0.3500240580049956,0.0037897604728481917,0.012532424997023766,0.04162178745346579,0.05000000326604709,-6.866327626364572,3.8960764408111572,-30.126670837402344
0.3,3,stepwise_test,5.0,71fe74132803f26b,0.0,0.3500240580049956,0.0037897604728481917,0.012532424997023766,0.04162178745346579,0.05000000326604709,-6.866327626364572,3.8960764408111572,-30.126670837402344
0.3,3,stepwise_test,5.0,76825b753db42030,0.0,0.3500240580049956,0.0037897604728481917,0.012532424997023766,0.04162178745346579,0.05000000326604709,-6.866327626364572,3.8960764408111572,-30.126670837402344
0.3,3,stepwise_test,5.0,78001bdfb89f1ad1,0.0,0.3500240580049956,0.0037897604728481917,0.012532424997023766,0.04162178745346579,0.05000000326604709,-6.866327626364572,3.8960764408111572,-30.126670837402344
0.3,3,stepwise_test,5.0,7b925779bf22fd74,0.00877192982456143,0.3500240580049956,0.0037897604728481917,0.012532424997023766,0.04162178745346579,0.05000000326604709,-6.866327626364572,3.8960764408111572,-30.126670837402344
0.3,3,stepwise_test,5.0,7be724e7d2299999,0.011560693641618491,0.3500240580049956,0.0037897604728481917,0.012532424997023766,0.04162178745346579,0.05000000326604709,-6.866327626364572,3.8960764408111572,-30.126670837402344
0.3,3,stepwise_test,5.0,82da82d3e55219a5,0.02941176470588236,0.3500240580049956,0.0037897604728481917,0.012532424997023766,0.04162178745346579,0.05000000326604709,-6.866327626364572,3.8960764408111572,-30.126670837402344
0.3,3,stepwise_test,5.0,8acfa77cf5234bd4,0.0,0.3500240580049956,0.0037897604728481917,0.012532424997023766,0.04162178745346579,0.05000000326604709,-6.866327626364572,3.8960764408111572,-30.126670837402344
0.3,3,stepwise_test,5.0,9332a9cf5d92314a,0.0,0.3500240580049956,0.0037897604728481917,0.012532424997023766,0.04162178745346579,0.05000000326604709,-6.866327626364572,3.8960764408111572,-30.126670837402344
0.3,3,stepwise_test,5.0,9f60113cec74b0ee,0.0,0.3500240580049956,0.0037897604728481917,0.012532424997023766,0.04162178745346579,0.05000000326604709,-6.866327626364572,3.8960764408111572,-30.126670837402344
0.3,3,stepwise_test,5.0,a2f68f9c135648a0,0.0,0.3500240580049956,0.0037897604728481917,0.012532424997023766,0.04162178745346579,0.05000000326604709,-6.866327626364572,3.8960764408111572,-30.126670837402344
0.3,3,stepwise_test,5.0,a3ecb75bd15d05d8,0.0,0.3500240580049956,0.0037897604728481917,0.012532424997023766,0.04162178745346579,0.05000000326604709,-6.866327626364572,3.8960764408111572,-30.126670837402344
0.3,3,stepwise_test,5.0,a4a471e79162ce6a,0.0,0.3500240580049956,0.0037897604728481917,0.012532424997023766,0.04162178745346579,0.05000000326604709,-6.866327626364572,3.8960764408111572,-30.126670837402344
0.3,3,stepwise_test,5.0,aa0070de67183c08,0.0,0.3500240580049956,0.0037897604728481917,0.012532424997023766,0.04162178745346579,0.05000000326604709,-6.866327626364572,3.8960764408111572,-30.126670837402344
0.3,3,stepwise_test,5.0,aa6bc6d9ff6d7768,0.0,0.3500240580049956,0.0037897604728481917,0.012532424997023766,0.04162178745346579,0.05000000326604709,-6.866327626364572,3.8960764408111572,-30.126670837402344
0.3,3,stepwise_test,5.0,acd5a3fd547677f6,0.0,0.3500240580049956,0.0037897604728481917,0.012532424997023766,0.04162178745346579,0.05000000326604709,-6.866327626364572,3.8960764408111572,-30.126670837402344
0.3,3,stepwise_test,5.0,b5124e1b88000bd7,0.0,0.3500240580049956,0.0037897604728481917,0.012532424997023766,0.04162178745346579,0.05000000326604709,-6.866327626364572,3.8960764408111572,-30.126670837402344
0.3,3,stepwise_test,5.0,b62f26029c55da5d,0.0,0.3500240580049956,0.0037897604728481917,0.012532424997023766,0.04162178745346579,0.05000000326604709,-6.866327626364572,3.8960764408111572,-30.126670837402344
0.3,3,stepwise_test,5.0,b7036711cecf282e,0.009433962264150941,0.3500240580049956,0.0037897604728481917,0.012532424997023766,0.04162178745346579,0.05000000326604709,-6.866327626364572,3.8960764408111572,-30.126670837402344
0.3,3,stepwise_test,5.0,bc83dba623c24f83,0.0,0.3500240580049956,0.0037897604728481917,0.012532424997023766,0.04162178745346579,0.05000000326604709,-6.866327626364572,3.8960764408111572,-30.126670837402344
0.3,3,stepwise_test,5.0,bd981ed06e640944,0.009090909090909038,0.3500240580049956,0.0037897604728481917,0.012532424997023766,0.04162178745346579,0.05000000326604709,-6.866327626364572,3.8960764408111572,-30.126670837402344
0.3,3,stepwise_test,5.0,c0b0a6fd8196e526,0.0,0.3500240580049956,0.0037897604728481917,0.012532424997023766,0.04162178745346579,0.05000000326604709,-6.866327626364572,3.8960764408111572,-30.126670837402344
0.3,3,stepwise_test,5.0,c0da6f9a810ac96e,0.0,0.3500240580049956,0.0037897604728481917,0.012532424997023766,0.04162178745346579,0.05000000326604709,-6.866327626364572,3.8960764408111572,-30.126670837402344
0.3,3,stepwise_test,5.0,c4e140c6b10a0649,0.0,0.3500240580049956,0.0037897604728481917,0.012532424997023766,0.04162178745346579,0.05000000326604709,-6.866327626364572,3.8960764408111572,-30.126670837402344
0.3,3,stepwise_test,5.0,ceab4fde9bc557e9,0.0,0.3500240580049956,0.0037897604728481917,0.012532424997023766,0.04162178745346579,0.05000000326604709,-6.866327626364572,3.8960764408111572,-30.126670837402344
0.3,3,stepwise_test,5.0,cfd0baecd1304030,0.0,0.3500240580049956,0.0037897604728481917,0.012532424997023766,0.04162178745346579,0.05000000326604709,-6.866327626364572,3.8960764408111572,-30.126670837402344
0.3,3,stepwise_test,5.0,d437bb99475d3d83,0.0,0.3500240580049956,0.0037897604728481917,0.012532424997023766,0.04162178745346579,0.05000000326604709,-6.866327626364572,3.8960764408111572,-30.126670837402344
0.3,3,stepwise_test,5.0,df593c445aa37cdd,0.0,0.3500240580049956,0.0037897604728481917,0.012532424997023766,0.04162178745346579,0.05000000326604709,-6.866327626364572,3.8960764408111572,-30.126670837402344
0.3,3,stepwise_test,5.0,e0cbaf79c0d6e3eb,0.0,0.3500240580049956,0.0037897604728481917,0.012532424997023766,0.04162178745346579,0.05000000326604709,-6.866327626364572,3.8960764408111572,-30.126670837402344
0.3,3,stepwise_test,5.0,e3664a91fc92d1d6,0.0,0.3500240580049956,0.0037897604728481917,0.012532424997023766,0.04162178745346579,0.05000000326604709,-6.866327626364572,3.8960764408111572,-30.126670837402344
0.3,3,stepwise_test,5.0,e55575bab6cd051d,0.0,0.3500240580049956,0.0037897604728481917,0.012532424997023766,0.04162178745346579,0.05000000326604709,-6.866327626364572,3.8960764408111572,-30.126670837402344
0.3,3,stepwise_test,5.0,eac6ec2b274f3fe8,0.0092592592592593,0.3500240580049956,0.0037897604728481917,0.012532424997023766,0.04162178745346579,0.05000000326604709,-6.866327626364572,3.8960764408111572,-30.126670837402344
0.3,3,stepwise_test,5.0,eb5cda6e1fe9f6b5,0.010869565217391353,0.3500240580049956,0.0037897604728481917,0.012532424997023766,0.04162178745346579,0.05000000326604709,-6.866327626364572,3.8960764408111572,-30.126670837402344
0.3,3,stepwise_test,5.0,ecbc64034f374904,0.008130081300813052,0.3500240580049956,0.0037897604728481917,0.012532424997023766,0.04162178745346579,0.05000000326604709,-6.866327626364572,3.8960764408111572,-30.126670837402344
0.3,3,stepwise_test,5.0,f16d6af3f8b8b330,0.010362694300518172,0.3500240580049956,0.0037897604728481917,0.012532424997023766,0.04162178745346579,0.05000000326604709,-6.866327626364572,3.8960764408111572,-30.126670837402344
0.3,3,stepwise_test,5.0,f2e24c35c5249c8b,0.0,0.3500240580049956,0.0037897604728481917,0.012532424997023766,0.04162178745346579,0.05000000326604709,-6.866327626364572,3.8960764408111572,-30.126670837402344
0.3333333333333333,3,authority_test,0.0,018ccdd70b67d50b,1.0,0.3448440595137482,0.017723716216052288,0.023512248433210835,0.0444033382818043,0.05000000275482693,-1.536904982158116,4.344296080725534,-26.32982063293457
0.3333333333333333,3,authority_test,0.0,0545ede9161cd87b,1.0,0.3448440595137482,0.017723716216052288,0.023512248433210835,0.0444033382818043,0.05000000275482693,-1.536904982158116,4.344296080725534,-26.32982063293457
0.3333333333333333,3,authority_test,0.0,0822110b214bf434,1.0,0.3448440595137482,0.017723716216052288,0.023512248433210835,0.0444033382818043,0.05000000275482693,-1.536904982158116,4.344296080725534,-26.32982063293457
0.3333333333333333,3,authority_test,0.0,0dbb1e13fa00f0f6,1.0,0.3448440595137482,0.017723716216052288,0.023512248433210835,0.0444033382818043,0.05000000275482693,-1.536904982158116,4.344296080725534,-26.32982063293457
0.3333333333333333,3,authority_test,0.0,0e2ca3a9a1e8e218,1.0,0.3448440595137482,0.017723716216052288,0.023512248433210835,0.0444033382818043,0.05000000275482693,-1.536904982158116,4.344296080725534,-26.32982063293457
0.3333333333333333,3,authority_test,0.0,101df2256aecf75b,0.0,0.3448440595137482,0.017723716216052288,0.023512248433210835,0.0444033382818043,0.05000000275482693,-1.536904982158116,4.344296080725534,-26.32982063293457
0.3333333333333333,3,authority_test,0.0,1717ce53958590ba,0.0,0.3448440595137482,0.017723716216052288,0.023512248433210835,0.0444033382818043,0.05000000275482693,-1.536904982158116,4.344296080725534,-26.32982063293457
0.3333333333333333,3,authority_test,0.0,1868815d0a7c6716,1.0,0.3448440595137482,0.017723716216052288,0.023512248433210835,0.0444033382818043,0.05000000275482693,-1.536904982158116,4.344296080725534,-26.32982063293457
0.3333333333333333,3,authority_test,0.0,1991ac094bc47b5a,0.0,0.3448440595137482,0.017723716216052288,0.023512248433210835,0.0444033382818043,0.05000000275482693,-1.536904982158116,4.344296080725534,-26.32982063293457
0.3333333333333333,3,authority_test,0.0,1e9be34e7c154aee,1.0,0.3448440595137482,0.017723716216052288,0.023512248433210835,0.0444033382818043,0.05000000275482693,-1.536904982158116,4.344296080725534,-26.32982063293457
0.3333333333333333,3,authority_test,0.0,245b8a2be8abc37e,1.0,0.3448440595137482,0.017723716216052288,0.023512248433210835,0.0444033382818043,0.05000000275482693,-1.536904982158116,4.344296080725534,-26.32982063293457
0.3333333333333333,3,authority_test,0.0,2982eb379acc1dcf,0.008230452674897082,0.3448440595137482,0.017723716216052288,0.023512248433210835,0.0444033382818043,0.05000000275482693,-1.536904982158116,4.344296080725534,-26.32982063293457
0.3333333333333333,3,authority_test,0.0,2a7630b9ddded8d5,1.0,0.3448440595137482,0.017723716216052288,0.023512248433210835,0.0444033382818043,0.05000000275482693,-1.536904982158116,4.344296080725534,-26.32982063293457
0.3333333333333333,3,authority_test,0.0,3159f31edc896059,0.008196721311475419,0.3448440595137482,0.017723716216052288,0.023512248433210835,0.0444033382818043,0.05000000275482693,-1.536904982158116,4.344296080725534,-26.32982063293457
0.3333333333333333,3,authority_test,0.0,3605a51c50d5daa0,0.007352941176470562,0.3448440595137482,0.017723716216052288,0.023512248433210835,0.0444033382818043,0.05000000275482693,-1.536904982158116,4.344296080725534,-26.32982063293457
0.3333333333333333,3,authority_test,0.0,38e3fe88a50cb3ef,0.0,0.3448440595137482,0.017723716216052288,0.023512248433210835,0.0444033382818043,0.05000000275482693,-1.536904982158116,4.344296080725534,-26.32982063293457
0.3333333333333333,3,authority_test,0.0,3a831f177b4c7882,0.0,0.3448440595137482,0.017723716216052288,0.023512248433210835,0.0444033382818043,0.05000000275482693,-1.536904982158116,4.344296080725534,-26.32982063293457
0.3333333333333333,3,authority_test,0.0,41450c0e975a1c31,1.0,0.3448440595137482,0.017723716216052288,0.023512248433210835,0.0444033382818043,0.05000000275482693,-1.536904982158116,4.344296080725534,-26.32982063293457
0.3333333333333333,3,authority_test,0.0,4381c0fb4c396040,0.0,0.3448440595137482,0.017723716216052288,0.023512248433210835,0.0444033382818043,0.05000000275482693,-1.536904982158116,4.344296080725534,-26.32982063293457
0.3333333333333333,3,authority_test,0.0,44e03bc01ee3055a,1.0,0.3448440595137482,0.017723716216052288,0.023512248433210835,0.0444033382818043,0.05000000275482693,-1.536904982158116,4.344296080725534,-26.32982063293457
0.3333333333333333,3,authority_test,0.0,47bf27669a8fa08a,0.0073800738007380184,0.3448440595137482,0.017723716216052288,0.023512248433210835,0.0444033382818043,0.05000000275482693,-1.536904982158116,4.344296080725534,-26.32982063293457
0.3333333333333333,3,authority_test,0.0,486ee1ca9e71adc6,0.0,0.3448440595137482,0.017723716216052288,0.023512248433210835,0.0444033382818043,0.05000000275482693,-1.536904982158116,4.344296080725534,-26.32982063293457
0.3333333333333333,3,authority_test,0.0,4910c9193fca9a21,0.0,0.3448440595137482,0.017723716216052288,0.023512248433210835,0.0444033382818043,0.05000000275482693,-1.536904982158116,4.344296080725534,-26.32982063293457
0.3333333333333333,3,authority_test,0.0,4a78cd4f429333ac,0.0,0.3448440595137482,0.017723716216052288,0.023512248433210835,0.0444033382818043,0.05000000275482693,-1.536904982158116,4.344296080725534,-26.32982063293457
0.3333333333333333,3,authority_test,0.0,4d3a619d3d16b595,0.0,0.3448440595137482,0.017723716216052288,0.023512248433210835,0.0444033382818043,0.05000000275482693,-1.536904982158116,4.344296080725534,-26.32982063293457
0.3333333333333333,3,authority_test,0.0,4e12766ab5ee9a6f,1.0,0.3448440595137482,0.017723716216052288,0.023512248433210835,0.0444033382818043,0.05000000275482693,-1.536904982158116,4.344296080725534,-26.32982063293457
0.3333333333333333,3,authority_test,0.0,5406f38bad958fff,1.0,0.3448440595137482,0.017723716216052288,0.023512248433210835,0.0444033382818043,0.05000000275482693,-1.536904982158116,4.344296080725534,-26.32982063293457
0.3333333333333333,3,authority_test,0.0,5b6660299c28d21a,1.0,0.3448440595137482,0.017723716216052288,0.023512248433210835,0.0444033382818043,0.05000000275482693,-1.536904982158116,4.344296080725534,-26.32982063293457
0.3333333333333333,3,authority_test,0.0,5d8a6dda9c034943,0.0,0.3448440595137482,0.017723716216052288,0.023512248433210835,0.0444033382818043,0.05000000275482693,-1.536904982158116,4.344296080725534,-26.32982063293457
0.3333333333333333,3,authority_test,0.0,6354b26bfd6b0d3b,0.007092198581560294,0.3448440595137482,0.017723716216052288,0.023512248433210835,0.0444033382818043,0.05000000275482693,-1.536904982158116,4.344296080725534,-26.32982063293457
0.3333333333333333,3,authority_test,0.0,663b72de42e74e86,0.0,0.3448440595137482,0.017723716216052288,0.023512248433210835,0.0444033382818043,0.05000000275482693,-1.536904982158116,4.344296080725534,-26.32982063293457
0.3333333333333333,3,authority_test,0.0,66eb648c6256c151,0.0,0.3448440595137482,0.017723716216052288,0.023512248433210835,0.0444033382818043,0.05000000275482693,-1.536904982158116,4.344296080725534,-26.32982063293457
0.3333333333333333,3,authority_test,0.0,67f63c1627c03412,1.0,0.3448440595137482,0.017723716216052288,0.023512248433210835,0.0444033382818043,0.05000000275482693,-1.536904982158116,4.344296080725534,-26.32982063293457
0.3333333333333333,3,authority_test,0.0,6d1d8e613ece86e7,0.0,0.3448440595137482,0.017723716216052288,0.023512248433210835,0.0444033382818043,0.05000000275482693,-1.536904982158116,4.344296080725534,-26.32982063293457
0.3333333333333333,3,authority_test,0.0,6f3466b968e73ba3,0.0,0.3448440595137482,0.017723716216052288,0.023512248433210835,0.0444033382818043,0.05000000275482693,-1.536904982158116,4.344296080725534,-26.32982063293457
0.3333333333333333,3,authority_test,0.0,71fe74132803f26b,0.0,0.3448440595137482,0.017723716216052288,0.023512248433210835,0.0444033382818043,0.05000000275482693,-1.536904982158116,4.344296080725534,-26.32982063293457
0.3333333333333333,3,authority_test,0.0,76825b753db42030,1.0,0.3448440595137482,0.017723716216052288,0.023512248433210835,0.0444033382818043,0.05000000275482693,-1.536904982158116,4.344296080725534,-26.32982063293457
0.3333333333333333,3,authority_test,0.0,78001bdfb89f1ad1,1.0,0.3448440595137482,0.017723716216052288,0.023512248433210835,0.0444033382818043,0.05000000275482693,-1.536904982158116,4.344296080725534,-26.32982063293457
0.3333333333333333,3,authority_test,0.0,7b925779bf22fd74,0.0,0.3448440595137482,0.017723716216052288,0.023512248433210835,0.0444033382818043,0.05000000275482693,-1.536904982158116,4.344296080725534,-26.32982063293457
0.3333333333333333,3,authority_test,0.0,7be724e7d2299999,0.0,0.3448440595137482,0.017723716216052288,0.023512248433210835,0.0444033382818043,0.05000000275482693,-1.536904982158116,4.344296080725534,-26.32982063293457
0.3333333333333333,3,authority_test,0.0,82da82d3e55219a5,0.0,0.3448440595137482,0.017723716216052288,0.023512248433210835,0.0444033382818043,0.05000000275482693,-1.536904982158116,4.344296080725534,-26.32982063293457
0.3333333333333333,3,authority_test,0.0,8acfa77cf5234bd4,0.036329352608422294,0.3448440595137482,0.017723716216052288,0.023512248433210835,0.0444033382818043,0.05000000275482693,-1.536904982158116,4.344296080725534,-26.32982063293457
0.3333333333333333,3,authority_test,0.0,9332a9cf5d92314a,0.008163265306122436,0.3448440595137482,0.017723716216052288,0.023512248433210835,0.0444033382818043,0.05000000275482693,-1.536904982158116,4.344296080725534,-26.32982063293457
0.3333333333333333,3,authority_test,0.0,9f60113cec74b0ee,0.0,0.3448440595137482,0.017723716216052288,0.023512248433210835,0.0444033382818043,0.05000000275482693,-1.536904982158116,4.344296080725534,-26.32982063293457
0.3333333333333333,3,authority_test,0.0,a2f68f9c135648a0,1.0,0.3448440595137482,0.017723716216052288,0.023512248433210835,0.0444033382818043,0.05000000275482693,-1.536904982158116,4.344296080725534,-26.32982063293457
0.3333333333333333,3,authority_test,0.0,a3ecb75bd15d05d8,1.0,0.3448440595137482,0.017723716216052288,0.023512248433210835,0.0444033382818043,0.05000000275482693,-1.536904982158116,4.344296080725534,-26.32982063293457
0.3333333333333333,3,authority_test,0.0,a4a471e79162ce6a,0.0,0.3448440595137482,0.017723716216052288,0.023512248433210835,0.0444033382818043,0.05000000275482693,-1.536904982158116,4.344296080725534,-26.32982063293457
0.3333333333333333,3,authority_test,0.0,aa0070de67183c08,0.0,0.3448440595137482,0.017723716216052288,0.023512248433210835,0.0444033382818043,0.05000000275482693,-1.536904982158116,4.344296080725534,-26.32982063293457
0.3333333333333333,3,authority_test,0.0,aa6bc6d9ff6d7768,1.0,0.3448440595137482,0.017723716216052288,0.023512248433210835,0.0444033382818043,0.05000000275482693,-1.536904982158116,4.344296080725534,-26.32982063293457
0.3333333333333333,3,authority_test,0.0,acd5a3fd547677f6,0.0,0.3448440595137482,0.017723716216052288,0.023512248433210835,0.0444033382818043,0.05000000275482693,-1.536904982158116,4.344296080725534,-26.32982063293457
0.3333333333333333,3,authority_test,0.0,b5124e1b88000bd7,0.0,0.3448440595137482,0.017723716216052288,0.023512248433210835,0.0444033382818043,0.05000000275482693,-1.536904982158116,4.344296080725534,-26.32982063293457
0.3333333333333333,3,authority_test,0.0,b62f26029c55da5d,1.0,0.3448440595137482,0.017723716216052288,0.023512248433210835,0.0444033382818043,0.05000000275482693,-1.536904982158116,4.344296080725534,-26.32982063293457
0.3333333333333333,3,authority_test,0.0,b7036711cecf282e,1.0,0.3448440595137482,0.017723716216052288,0.023512248433210835,0.0444033382818043,0.05000000275482693,-1.536904982158116,4.344296080725534,-26.32982063293457
0.3333333333333333,3,authority_test,0.0,bc83dba623c24f83,1.0,0.3448440595137482,0.017723716216052288,0.023512248433210835,0.0444033382818043,0.05000000275482693,-1.536904982158116,4.344296080725534,-26.32982063293457
0.3333333333333333,3,authority_test,0.0,bd981ed06e640944,0.008000000000000007,0.3448440595137482,0.017723716216052288,0.023512248433210835,0.0444033382818043,0.05000000275482693,-1.536904982158116,4.344296080725534,-26.32982063293457
0.3333333333333333,3,authority_test,0.0,c0b0a6fd8196e526,1.0,0.3448440595137482,0.017723716216052288,0.023512248433210835,0.0444033382818043,0.05000000275482693,-1.536904982158116,4.344296080725534,-26.32982063293457
0.3333333333333333,3,authority_test,0.0,c0da6f9a810ac96e,0.0,0.3448440595137482,0.017723716216052288,0.023512248433210835,0.0444033382818043,0.05000000275482693,-1.536904982158116,4.344296080725534,-26.32982063293457
0.3333333333333333,3,authority_test,0.0,c4e140c6b10a0649,0.0,0.3448440595137482,0.017723716216052288,0.023512248433210835,0.0444033382818043,0.05000000275482693,-1.536904982158116,4.344296080725534,-26.32982063293457
0.3333333333333333,3,authority_test,0.0,ceab4fde9bc557e9,0.0,0.3448440595137482,0.017723716216052288,0.023512248433210835,0.0444033382818043,0.05000000275482693,-1.536904982158116,4.344296080725534,-26.32982063293457
0.3333333333333333,3,authority_test,0.0,cfd0baecd1304030,1.0,0.3448440595137482,0.017723716216052288,0.023512248433210835,0.0444033382818043,0.05000000275482693,-1.536904982158116,4.344296080725534,-26.32982063293457
0.3333333333333333,3,authority_test,0.0,d437bb99475d3d83,0.0,0.3448440595137482,0.017723716216052288,0.023512248433210835,0.0444033382818043,0.05000000275482693,-1.536904982158116,4.344296080725534,-26.32982063293457
0.3333333333333333,3,authority_test,0.0,df593c445aa37cdd,0.008403361344537785,0.3448440595137482,0.017723716216052288,0.023512248433210835,0.0444033382818043,0.05000000275482693,-1.536904982158116,4.344296080725534,-26.32982063293457
0.3333333333333333,3,authority_test,0.0,e0cbaf79c0d6e3eb,1.0,0.3448440595137482,0.017723716216052288,0.023512248433210835,0.0444033382818043,0.05000000275482693,-1.536904982158116,4.344296080725534,-26.32982063293457
0.3333333333333333,3,authority_test,0.0,e3664a91fc92d1d6,0.0091324200913242,0.3448440595137482,0.017723716216052288,0.023512248433210835,0.0444033382818043,0.05000000275482693,-1.536904982158116,4.344296080725534,-26.32982063293457
0.3333333333333333,3,authority_test,0.0,e55575bab6cd051d,1.0,0.3448440595137482,0.017723716216052288,0.023512248433210835,0.0444033382818043,0.05000000275482693,-1.536904982158116,4.344296080725534,-26.32982063293457
0.3333333333333333,3,authority_test,0.0,eac6ec2b274f3fe8,0.008583690987124415,0.3448440595137482,0.017723716216052288,0.023512248433210835,0.0444033382818043,0.05000000275482693,-1.536904982158116,4.344296080725534,-26.32982063293457
0.3333333333333333,3,authority_test,0.0,eb5cda6e1fe9f6b5,1.0,0.3448440595137482,0.017723716216052288,0.023512248433210835,0.0444033382818043,0.05000000275482693,-1.536904982158116,4.344296080725534,-26.32982063293457
0.3333333333333333,3,authority_test,0.0,ecbc64034f374904,0.0,0.3448440595137482,0.017723716216052288,0.023512248433210835,0.0444033382818043,0.05000000275482693,-1.536904982158116,4.344296080725534,-26.32982063293457
0.3333333333333333,3,authority_test,0.0,f16d6af3f8b8b330,1.0,0.3448440595137482,0.017723716216052288,0.023512248433210835,0.0444033382818043,0.05000000275482693,-1.536904982158116,4.344296080725534,-26.32982063293457
0.3333333333333333,3,authority_test,0.0,f2e24c35c5249c8b,0.008620689655172376,0.3448440595137482,0.017723716216052288,0.023512248433210835,0.0444033382818043,0.05000000275482693,-1.536904982158116,4.344296080725534,-26.32982063293457
0.3333333333333333,3,authority_test,2.0,018ccdd70b67d50b,0.0,0.3448440595137482,0.013126129562257652,0.021198018326659174,0.04757187009206826,0.050000002979950726,-3.4853286061968123,4.149448565074375,-27.848560333251953
0.3333333333333333,3,authority_test,2.0,0545ede9161cd87b,1.0,0.3448440595137482,0.013126129562257652,0.021198018326659174,0.04757187009206826,0.050000002979950726,-3.4853286061968123,4.149448565074375,-27.848560333251953
0.3333333333333333,3,authority_test,2.0,0822110b214bf434,0.0,0.3448440595137482,0.013126129562257652,0.021198018326659174,0.04757187009206826,0.050000002979950726,-3.4853286061968123,4.149448565074375,-27.848560333251953
0.3333333333333333,3,authority_test,2.0,0dbb1e13fa00f0f6,1.0,0.3448440595137482,0.013126129562257652,0.021198018326659174,0.04757187009206826,0.050000002979950726,-3.4853286061968123,4.149448565074375,-27.848560333251953
0.3333333333333333,3,authority_test,2.0,0e2ca3a9a1e8e218,0.0,0.3448440595137482,0.013126129562257652,0.021198018326659174,0.04757187009206826,0.050000002979950726,-3.4853286061968123,4.149448565074375,-27.848560333251953
0.3333333333333333,3,authority_test,2.0,101df2256aecf75b,0.0,0.3448440595137482,0.013126129562257652,0.021198018326659174,0.04757187009206826,0.050000002979950726,-3.4853286061968123,4.149448565074375,-27.848560333251953
0.3333333333333333,3,authority_test,2.0,1717ce53958590ba,0.0,0.3448440595137482,0.013126129562257652,0.021198018326659174,0.04757187009206826,0.050000002979950726,-3.4853286061968123,4.149448565074375,-27.848560333251953
0.3333333333333333,3,authority_test,2.0,1868815d0a7c6716,0.0076045627376425395,0.3448440595137482,0.013126129562257652,0.021198018326659174,0.04757187009206826,0.050000002979950726,-3.4853286061968123,4.149448565074375,-27.848560333251953
0.3333333333333333,3,authority_test,2.0,1991ac094bc47b5a,0.008368200836820106,0.3448440595137482,0.013126129562257652,0.021198018326659174,0.04757187009206826,0.050000002979950726,-3.4853286061968123,4.149448565074375,-27.848560333251953
0.3333333333333333,3,authority_test,2.0,1e9be34e7c154aee,0.0,0.3448440595137482,0.013126129562257652,0.021198018326659174,0.04757187009206826,0.050000002979950726,-3.4853286061968123,4.149448565074375,-27.848560333251953
0.3333333333333333,3,authority_test,2.0,245b8a2be8abc37e,0.0,0.3448440595137482,0.013126129562257652,0.021198018326659174,0.04757187009206826,0.050000002979950726,-3.4853286061968123,4.149448565074375,-27.848560333251953
0.3333333333333333,3,authority_test,2.0,2982eb379acc1dcf,0.0,0.3448440595137482,0.013126129562257652,0.021198018326659174,0.04757187009206826,0.050000002979950726,-3.4853286061968123,4.149448565074375,-27.848560333251953
0.3333333333333333,3,authority_test,2.0,2a7630b9ddded8d5,0.0,0.3448440595137482,0.013126129562257652,0.021198018326659174,0.04757187009206826,0.050000002979950726,-3.4853286061968123,4.149448565074375,-27.848560333251953
0.3333333333333333,3,authority_test,2.0,3159f31edc896059,0.0,0.3448440595137482,0.013126129562257652,0.021198018326659174,0.04757187009206826,0.050000002979950726,-3.4853286061968123,4.149448565074375,-27.848560333251953
0.3333333333333333,3,authority_test,2.0,3605a51c50d5daa0,0.0,0.3448440595137482,0.013126129562257652,0.021198018326659174,0.04757187009206826,0.050000002979950726,-3.4853286061968123,4.149448565074375,-27.848560333251953
0.3333333333333333,3,authority_test,2.0,38e3fe88a50cb3ef,0.0,0.3448440595137482,0.013126129562257652,0.021198018326659174,0.04757187009206826,0.050000002979950726,-3.4853286061968123,4.149448565074375,-27.848560333251953
0.3333333333333333,3,authority_test,2.0,3a831f177b4c7882,0.0,0.3448440595137482,0.013126129562257652,0.021198018326659174,0.04757187009206826,0.050000002979950726,-3.4853286061968123,4.149448565074375,-27.848560333251953
0.3333333333333333,3,authority_test,2.0,41450c0e975a1c31,0.00877192982456143,0.3448440595137482,0.013126129562257652,0.021198018326659174,0.04757187009206826,0.050000002979950726,-3.4853286061968123,4.149448565074375,-27.848560333251953
0.3333333333333333,3,authority_test,2.0,4381c0fb4c396040,1.0,0.3448440595137482,0.013126129562257652,0.021198018326659174,0.04757187009206826,0.050000002979950726,-3.4853286061968123,4.149448565074375,-27.848560333251953
0.3333333333333333,3,authority_test,2.0,44e03bc01ee3055a,1.0,0.3448440595137482,0.013126129562257652,0.021198018326659174,0.04757187009206826,0.050000002979950726,-3.4853286061968123,4.149448565074375,-27.848560333251953
0.3333333333333333,3,authority_test,2.0,47bf27669a8fa08a,0.0072202166064981865,0.3448440595137482,0.013126129562257652,0.021198018326659174,0.04757187009206826,0.050000002979950726,-3.4853286061968123,4.149448565074375,-27.848560333251953
0.3333333333333333,3,authority_test,2.0,486ee1ca9e71adc6,0.0,0.3448440595137482,0.013126129562257652,0.021198018326659174,0.04757187009206826,0.050000002979950726,-3.4853286061968123,4.149448565074375,-27.848560333251953
0.3333333333333333,3,authority_test,2.0,4910c9193fca9a21,0.0,0.3448440595137482,0.013126129562257652,0.021198018326659174,0.04757187009206826,0.050000002979950726,-3.4853286061968123,4.149448565074375,-27.848560333251953
0.3333333333333333,3,authority_test,2.0,4a78cd4f429333ac,0.006993006993006978,0.3448440595137482,0.013126129562257652,0.021198018326659174,0.04757187009206826,0.050000002979950726,-3.4853286061968123,4.149448565074375,-27.848560333251953
0.3333333333333333,3,authority_test,2.0,4d3a619d3d16b595,1.0,0.3448440595137482,0.013126129562257652,0.021198018326659174,0.04757187009206826,0.050000002979950726,-3.4853286061968123,4.149448565074375,-27.848560333251953
0.3333333333333333,3,authority_test,2.0,4e12766ab5ee9a6f,1.0,0.3448440595137482,0.013126129562257652,0.021198018326659174,0.04757187009206826,0.050000002979950726,-3.4853286061968123,4.149448565074375,-27.848560333251953
0.3333333333333333,3,authority_test,2.0,5406f38bad958fff,0.0,0.3448440595137482,0.013126129562257652,0.021198018326659174,0.04757187009206826,0.050000002979950726,-3.4853286061968123,4.149448565074375,-27.848560333251953
0.3333333333333333,3,authority_test,2.0,5b6660299c28d21a,0.0,0.3448440595137482,0.013126129562257652,0.021198018326659174,0.04757187009206826,0.050000002979950726,-3.4853286061968123,4.149448565074375,-27.848560333251953
0.3333333333333333,3,authority_test,2.0,5d8a6dda9c034943,0.0,0.3448440595137482,0.013126129562257652,0.021198018326659174,0.04757187009206826,0.050000002979950726,-3.4853286061968123,4.149448565074375,-27.848560333251953
0.3333333333333333,3,authority_test,2.0,6354b26bfd6b0d3b,0.006896551724137945,0.3448440595137482,0.013126129562257652,0.021198018326659174,0.04757187009206826,0.050000002979950726,-3.4853286061968123,4.149448565074375,-27.848560333251953
0.3333333333333333,3,authority_test,2.0,663b72de42e74e86,0.0,0.3448440595137482,0.013126129562257652,0.021198018326659174,0.04757187009206826,0.050000002979950726,-3.4853286061968123,4.149448565074375,-27.848560333251953
0.3333333333333333,3,authority_test,2.0,66eb648c6256c151,0.007874015748031482,0.3448440595137482,0.013126129562257652,0.021198018326659174,0.04757187009206826,0.050000002979950726,-3.4853286061968123,4.149448565074375,-27.848560333251953
0.3333333333333333,3,authority_test,2.0,67f63c1627c03412,1.0,0.3448440595137482,0.013126129562257652,0.021198018326659174,0.04757187009206826,0.050000002979950726,-3.4853286061968123,4.149448565074375,-27.848560333251953
0.3333333333333333,3,authority_test,2.0,6d1d8e613ece86e7,0.009661835748792313,0.3448440595137482,0.013126129562257652,0.021198018326659174,0.04757187009206826,0.050000002979950726,-3.4853286061968123,4.149448565074375,-27.848560333251953
0.3333333333333333,3,authority_test,2.0,6f3466b968e73ba3,1.0,0.3448440595137482,0.013126129562257652,0.021198018326659174,0.04757187009206826,0.050000002979950726,-3.4853286061968123,4.149448565074375,-27.848560333251953
0.3333333333333333,3,authority_test,2.0,71fe74132803f26b,0.0,0.3448440595137482,0.013126129562257652,0.021198018326659174,0.04757187009206826,0.050000002979950726,-3.4853286061968123,4.149448565074375,-27.848560333251953
0.3333333333333333,3,authority_test,2.0,76825b753db42030,0.0,0.3448440595137482,0.013126129562257652,0.021198018326659174,0.04757187009206826,0.050000002979950726,-3.4853286061968123,4.149448565074375,-27.848560333251953
0.3333333333333333,3,authority_test,2.0,78001bdfb89f1ad1,1.0,0.3448440595137482,0.013126129562257652,0.021198018326659174,0.04757187009206826,0.050000002979950726,-3.4853286061968123,4.149448565074375,-27.848560333251953
0.3333333333333333,3,authority_test,2.0,7b925779bf22fd74,0.0,0.3448440595137482,0.013126129562257652,0.021198018326659174,0.04757187009206826,0.050000002979950726,-3.4853286061968123,4.149448565074375,-27.848560333251953
0.3333333333333333,3,authority_test,2.0,7be724e7d2299999,0.0,0.3448440595137482,0.013126129562257652,0.021198018326659174,0.04757187009206826,0.050000002979950726,-3.4853286061968123,4.149448565074375,-27.848560333251953
0.3333333333333333,3,authority_test,2.0,82da82d3e55219a5,0.0,0.3448440595137482,0.013126129562257652,0.021198018326659174,0.04757187009206826,0.050000002979950726,-3.4853286061968123,4.149448565074375,-27.848560333251953
0.3333333333333333,3,authority_test,2.0,8acfa77cf5234bd4,0.008264462809917328,0.3448440595137482,0.013126129562257652,0.021198018326659174,0.04757187009206826,0.050000002979950726,-3.4853286061968123,4.149448565074375,-27.848560333251953
0.3333333333333333,3,authority_test,2.0,9332a9cf5d92314a,0.007968127490039834,0.3448440595137482,0.013126129562257652,0.021198018326659174,0.04757187009206826,0.050000002979950726,-3.4853286061968123,4.149448565074375,-27.848560333251953
0.3333333333333333,3,authority_test,2.0,9f60113cec74b0ee,0.0,0.3448440595137482,0.013126129562257652,0.021198018326659174,0.04757187009206826,0.050000002979950726,-3.4853286061968123,4.149448565074375,-27.848560333251953
0.3333333333333333,3,authority_test,2.0,a2f68f9c135648a0,0.0,0.3448440595137482,0.013126129562257652,0.021198018326659174,0.04757187009206826,0.050000002979950726,-3.4853286061968123,4.149448565074375,-27.848560333251953
0.3333333333333333,3,authority_test,2.0,a3ecb75bd15d05d8,0.0,0.3448440595137482,0.013126129562257652,0.021198018326659174,0.04757187009206826,0.050000002979950726,-3.4853286061968123,4.149448565074375,-27.848560333251953
0.3333333333333333,3,authority_test,2.0,a4a471e79162ce6a,0.0,0.3448440595137482,0.013126129562257652,0.021198018326659174,0.04757187009206826,0.050000002979950726,-3.4853286061968123,4.149448565074375,-27.848560333251953
0.3333333333333333,3,authority_test,2.0,aa0070de67183c08,0.007968127490039834,0.3448440595137482,0.013126129562257652,0.021198018326659174,0.04757187009206826,0.050000002979950726,-3.4853286061968123,4.149448565074375,-27.848560333251953
0.3333333333333333,3,authority_test,2.0,aa6bc6d9ff6d7768,0.0,0.3448440595137482,0.013126129562257652,0.021198018326659174,0.04757187009206826,0.050000002979950726,-3.4853286061968123,4.149448565074375,-27.848560333251953
0.3333333333333333,3,authority_test,2.0,acd5a3fd547677f6,0.008333333333333304,0.3448440595137482,0.013126129562257652,0.021198018326659174,0.04757187009206826,0.050000002979950726,-3.4853286061968123,4.149448565074375,-27.848560333251953
0.3333333333333333,3,authority_test,2.0,b5124e1b88000bd7,0.0,0.3448440595137482,0.013126129562257652,0.021198018326659174,0.04757187009206826,0.050000002979950726,-3.4853286061968123,4.149448565074375,-27.848560333251953
0.3333333333333333,3,authority_test,2.0,b62f26029c55da5d,0.0,0.3448440595137482,0.013126129562257652,0.021198018326659174,0.04757187009206826,0.050000002979950726,-3.4853286061968123,4.149448565074375,-27.848560333251953
0.3333333333333333,3,authority_test,2.0,b7036711cecf282e,0.0,0.3448440595137482,0.013126129562257652,0.021198018326659174,0.04757187009206826,0.050000002979950726,-3.4853286061968123,4.149448565074375,-27.848560333251953
0.3333333333333333,3,authority_test,2.0,bc83dba623c24f83,0.0080971659919028,0.3448440595137482,0.013126129562257652,0.021198018326659174,0.04757187009206826,0.050000002979950726,-3.4853286061968123,4.149448565074375,-27.848560333251953
0.3333333333333333,3,authority_test,2.0,bd981ed06e640944,0.008510638297872353,0.3448440595137482,0.013126129562257652,0.021198018326659174,0.04757187009206826,0.050000002979950726,-3.4853286061968123,4.149448565074375,-27.848560333251953
0.3333333333333333,3,authority_test,2.0,c0b0a6fd8196e526,1.0,0.3448440595137482,0.013126129562257652,0.021198018326659174,0.04757187009206826,0.050000002979950726,-3.4853286061968123,4.149448565074375,-27.848560333251953
0.3333333333333333,3,authority_test,2.0,c0da6f9a810ac96e,0.0,0.3448440595137482,0.013126129562257652,0.021198018326659174,0.04757187009206826,0.050000002979950726,-3.4853286061968123,4.149448565074375,-27.848560333251953
0.3333333333333333,3,authority_test,2.0,c4e140c6b10a0649,0.009569377990430672,0.3448440595137482,0.013126129562257652,0.021198018326659174,0.04757187009206826,0.050000002979950726,-3.4853286061968123,4.149448565074375,-27.848560333251953
0.3333333333333333,3,authority_test,2.0,ceab4fde9bc557e9,0.0,0.3448440595137482,0.013126129562257652,0.021198018326659174,0.04757187009206826,0.050000002979950726,-3.4853286061968123,4.149448565074375,-27.848560333251953
0.3333333333333333,3,authority_test,2.0,cfd0baecd1304030,1.0,0.3448440595137482,0.013126129562257652,0.021198018326659174,0.04757187009206826,0.050000002979950726,-3.4853286061968123,4.149448565074375,-27.848560333251953
0.3333333333333333,3,authority_test,2.0,d437bb99475d3d83,0.0,0.3448440595137482,0.013126129562257652,0.021198018326659174,0.04757187009206826,0.050000002979950726,-3.4853286061968123,4.149448565074375,-27.848560333251953
0.3333333333333333,3,authority_test,2.0,df593c445aa37cdd,0.0,0.3448440595137482,0.013126129562257652,0.021198018326659174,0.04757187009206826,0.050000002979950726,-3.4853286061968123,4.149448565074375,-27.848560333251953
0.3333333333333333,3,authority_test,2.0,e0cbaf79c0d6e3eb,0.0,0.3448440595137482,0.013126129562257652,0.021198018326659174,0.04757187009206826,0.050000002979950726,-3.4853286061968123,4.149448565074375,-27.848560333251953
0.3333333333333333,3,authority_test,2.0,e3664a91fc92d1d6,0.008510638297872353,0.3448440595137482,0.013126129562257652,0.021198018326659174,0.04757187009206826,0.050000002979950726,-3.4853286061968123,4.149448565074375,-27.848560333251953
0.3333333333333333,3,authority_test,2.0,e55575bab6cd051d,0.0,0.3448440595137482,0.013126129562257652,0.021198018326659174,0.04757187009206826,0.050000002979950726,-3.4853286061968123,4.149448565074375,-27.848560333251953
0.3333333333333333,3,authority_test,2.0,eac6ec2b274f3fe8,0.06444444444444442,0.3448440595137482,0.013126129562257652,0.021198018326659174,0.04757187009206826,0.050000002979950726,-3.4853286061968123,4.149448565074375,-27.848560333251953
0.3333333333333333,3,authority_test,2.0,eb5cda6e1fe9f6b5,0.0,0.3448440595137482,0.013126129562257652,0.021198018326659174,0.04757187009206826,0.050000002979950726,-3.4853286061968123,4.149448565074375,-27.848560333251953
0.3333333333333333,3,authority_test,2.0,ecbc64034f374904,1.0,0.3448440595137482,0.013126129562257652,0.021198018326659174,0.04757187009206826,0.050000002979950726,-3.4853286061968123,4.149448565074375,-27.848560333251953
0.3333333333333333,3,authority_test,2.0,f16d6af3f8b8b330,0.0,0.3448440595137482,0.013126129562257652,0.021198018326659174,0.04757187009206826,0.050000002979950726,-3.4853286061968123,4.149448565074375,-27.848560333251953
0.3333333333333333,3,authority_test,2.0,f2e24c35c5249c8b,0.007246376811594235,0.3448440595137482,0.013126129562257652,0.021198018326659174,0.04757187009206826,0.050000002979950726,-3.4853286061968123,4.149448565074375,-27.848560333251953
0.3333333333333333,3,authority_test,5.0,018ccdd70b67d50b,0.007692307692307665,0.3448440595137482,0.003640698988304015,0.012254156274828459,0.0392312098320279,0.050000002955130574,-6.453852585383824,3.9632297243390764,-30.126670837402344
0.3333333333333333,3,authority_test,5.0,0545ede9161cd87b,0.0,0.3448440595137482,0.003640698988304015,0.012254156274828459,0.0392312098320279,0.050000002955130574,-6.453852585383824,3.9632297243390764,-30.126670837402344
0.3333333333333333,3,authority_test,5.0,0822110b214bf434,0.25,0.3448440595137482,0.003640698988304015,0.012254156274828459,0.0392312098320279,0.050000002955130574,-6.453852585383824,3.9632297243390764,-30.126670837402344
0.3333333333333333,3,authority_test,5.0,0dbb1e13fa00f0f6,0.0,0.3448440595137482,0.003640698988304015,0.012254156274828459,0.0392312098320279,0.050000002955130574,-6.453852585383824,3.9632297243390764,-30.126670837402344
0.3333333333333333,3,authority_test,5.0,0e2ca3a9a1e8e218,0.0,0.3448440595137482,0.003640698988304015,0.012254156274828459,0.0392312098320279,0.050000002955130574,-6.453852585383824,3.9632297243390764,-30.126670837402344
0.3333333333333333,3,authority_test,5.0,101df2256aecf75b,0.0,0.3448440595137482,0.003640698988304015,0.012254156274828459,0.0392312098320279,0.050000002955130574,-6.453852585383824,3.9632297243390764,-30.126670837402344
0.3333333333333333,3,authority_test,5.0,1717ce53958590ba,0.03692801712603688,0.3448440595137482,0.003640698988304015,0.012254156274828459,0.0392312098320279,0.050000002955130574,-6.453852585383824,3.9632297243390764,-30.126670837402344
0.3333333333333333,3,authority_test,5.0,1868815d0a7c6716,0.0,0.3448440595137482,0.003640698988304015,0.012254156274828459,0.0392312098320279,0.050000002955130574,-6.453852585383824,3.9632297243390764,-30.126670837402344
0.3333333333333333,3,authority_test,5.0,1991ac094bc47b5a,0.008438818565400852,0.3448440595137482,0.003640698988304015,0.012254156274828459,0.0392312098320279,0.050000002955130574,-6.453852585383824,3.9632297243390764,-30.126670837402344
0.3333333333333333,3,authority_test,5.0,1e9be34e7c154aee,0.0,0.3448440595137482,0.003640698988304015,0.012254156274828459,0.0392312098320279,0.050000002955130574,-6.453852585383824,3.9632297243390764,-30.126670837402344
0.3333333333333333,3,authority_test,5.0,245b8a2be8abc37e,0.6666666666666667,0.3448440595137482,0.003640698988304015,0.012254156274828459,0.0392312098320279,0.050000002955130574,-6.453852585383824,3.9632297243390764,-30.126670837402344
0.3333333333333333,3,authority_test,5.0,2982eb379acc1dcf,0.007692307692307665,0.3448440595137482,0.003640698988304015,0.012254156274828459,0.0392312098320279,0.050000002955130574,-6.453852585383824,3.9632297243390764,-30.126670837402344
0.3333333333333333,3,authority_test,5.0,2a7630b9ddded8d5,0.0,0.3448440595137482,0.003640698988304015,0.012254156274828459,0.0392312098320279,0.050000002955130574,-6.453852585383824,3.9632297243390764,-30.126670837402344
0.3333333333333333,3,authority_test,5.0,3159f31edc896059,0.0,0.3448440595137482,0.003640698988304015,0.012254156274828459,0.0392312098320279,0.050000002955130574,-6.453852585383824,3.9632297243390764,-30.126670837402344
0.3333333333333333,3,authority_test,5.0,3605a51c50d5daa0,0.0,0.3448440595137482,0.003640698988304015,0.012254156274828459,0.0392312098320279,0.050000002955130574,-6.453852585383824,3.9632297243390764,-30.126670837402344
0.3333333333333333,3,authority_test,5.0,38e3fe88a50cb3ef,0.0,0.3448440595137482,0.003640698988304015,0.012254156274828459,0.0392312098320279,0.050000002955130574,-6.453852585383824,3.9632297243390764,-30.126670837402344
0.3333333333333333,3,authority_test,5.0,3a831f177b4c7882,0.007575757575757569,0.3448440595137482,0.003640698988304015,0.012254156274828459,0.0392312098320279,0.050000002955130574,-6.453852585383824,3.9632297243390764,-30.126670837402344
0.3333333333333333,3,authority_test,5.0,41450c0e975a1c31,0.007874015748031482,0.3448440595137482,0.003640698988304015,0.012254156274828459,0.0392312098320279,0.050000002955130574,-6.453852585383824,3.9632297243390764,-30.126670837402344
0.3333333333333333,3,authority_test,5.0,4381c0fb4c396040,0.0080971659919028,0.3448440595137482,0.003640698988304015,0.012254156274828459,0.0392312098320279,0.050000002955130574,-6.453852585383824,3.9632297243390764,-30.126670837402344
0.3333333333333333,3,authority_test,5.0,44e03bc01ee3055a,0.0,0.3448440595137482,0.003640698988304015,0.012254156274828459,0.0392312098320279,0.050000002955130574,-6.453852585383824,3.9632297243390764,-30.126670837402344
0.3333333333333333,3,authority_test,5.0,47bf27669a8fa08a,0.008620689655172376,0.3448440595137482,0.003640698988304015,0.012254156274828459,0.0392312098320279,0.050000002955130574,-6.453852585383824,3.9632297243390764,-30.126670837402344
0.3333333333333333,3,authority_test,5.0,486ee1ca9e71adc6,0.0,0.3448440595137482,0.003640698988304015,0.012254156274828459,0.0392312098320279,0.050000002955130574,-6.453852585383824,3.9632297243390764,-30.126670837402344
0.3333333333333333,3,authority_test,5.0,4910c9193fca9a21,0.008333333333333304,0.3448440595137482,0.003640698988304015,0.012254156274828459,0.0392312098320279,0.050000002955130574,-6.453852585383824,3.9632297243390764,-30.126670837402344
0.3333333333333333,3,authority_test,5.0,4a78cd4f429333ac,0.00917431192660545,0.3448440595137482,0.003640698988304015,0.012254156274828459,0.0392312098320279,0.050000002955130574,-6.453852585383824,3.9632297243390764,-30.126670837402344
0.3333333333333333,3,authority_test,5.0,4d3a619d3d16b595,0.0,0.3448440595137482,0.003640698988304015,0.012254156274828459,0.0392312098320279,0.050000002955130574,-6.453852585383824,3.9632297243390764,-30.126670837402344
0.3333333333333333,3,authority_test,5.0,4e12766ab5ee9a6f,0.008474576271186418,0.3448440595137482,0.003640698988304015,0.012254156274828459,0.0392312098320279,0.050000002955130574,-6.453852585383824,3.9632297243390764,-30.126670837402344
0.3333333333333333,3,authority_test,5.0,5406f38bad958fff,0.0,0.3448440595137482,0.003640698988304015,0.012254156274828459,0.0392312098320279,0.050000002955130574,-6.453852585383824,3.9632297243390764,-30.126670837402344
0.3333333333333333,3,authority_test,5.0,5b6660299c28d21a,0.008368200836820106,0.3448440595137482,0.003640698988304015,0.012254156274828459,0.0392312098320279,0.050000002955130574,-6.453852585383824,3.9632297243390764,-30.126670837402344
0.3333333333333333,3,authority_test,5.0,5d8a6dda9c034943,0.0,0.3448440595137482,0.003640698988304015,0.012254156274828459,0.0392312098320279,0.050000002955130574,-6.453852585383824,3.9632297243390764,-30.126670837402344
0.3333333333333333,3,authority_test,5.0,6354b26bfd6b0d3b,0.0072727272727273196,0.3448440595137482,0.003640698988304015,0.012254156274828459,0.0392312098320279,0.050000002955130574,-6.453852585383824,3.9632297243390764,-30.126670837402344
0.3333333333333333,3,authority_test,5.0,663b72de42e74e86,0.008928571428571397,0.3448440595137482,0.003640698988304015,0.012254156274828459,0.0392312098320279,0.050000002955130574,-6.453852585383824,3.9632297243390764,-30.126670837402344
0.3333333333333333,3,authority_test,5.0,66eb648c6256c151,0.0,0.3448440595137482,0.003640698988304015,0.012254156274828459,0.0392312098320279,0.050000002955130574,-6.453852585383824,3.9632297243390764,-30.126670837402344
0.3333333333333333,3,authority_test,5.0,67f63c1627c03412,0.007518796992481258,0.3448440595137482,0.003640698988304015,0.012254156274828459,0.0392312098320279,0.050000002955130574,-6.453852585383824,3.9632297243390764,-30.126670837402344
0.3333333333333333,3,authority_test,5.0,6d1d8e613ece86e7,0.010152284263959421,0.3448440595137482,0.003640698988304015,0.012254156274828459,0.0392312098320279,0.050000002955130574,-6.453852585383824,3.9632297243390764,-30.126670837402344
0.3333333333333333,3,authority_test,5.0,6f3466b968e73ba3,0.008230452674897082,0.3448440595137482,0.003640698988304015,0.012254156274828459,0.0392312098320279,0.050000002955130574,-6.453852585383824,3.9632297243390764,-30.126670837402344
0.3333333333333333,3,authority_test,5.0,71fe74132803f26b,0.0,0.3448440595137482,0.003640698988304015,0.012254156274828459,0.0392312098320279,0.050000002955130574,-6.453852585383824,3.9632297243390764,-30.126670837402344
0.3333333333333333,3,authority_test,5.0,76825b753db42030,0.008368200836820106,0.3448440595137482,0.003640698988304015,0.012254156274828459,0.0392312098320279,0.050000002955130574,-6.453852585383824,3.9632297243390764,-30.126670837402344
0.3333333333333333,3,authority_test,5.0,78001bdfb89f1ad1,0.010000000000000009,0.3448440595137482,0.003640698988304015,0.012254156274828459,0.0392312098320279,0.050000002955130574,-6.453852585383824,3.9632297243390764,-30.126670837402344
0.3333333333333333,3,authority_test,5.0,7b925779bf22fd74,0.009433962264150941,0.3448440595137482,0.003640698988304015,0.012254156274828459,0.0392312098320279,0.050000002955130574,-6.453852585383824,3.9632297243390764,-30.126670837402344
0.3333333333333333,3,authority_test,5.0,7be724e7d2299999,0.008968609865470878,0.3448440595137482,0.003640698988304015,0.012254156274828459,0.0392312098320279,0.050000002955130574,-6.453852585383824,3.9632297243390764,-30.126670837402344
0.3333333333333333,3,authority_test,5.0,82da82d3e55219a5,0.0078125,0.3448440595137482,0.003640698988304015,0.012254156274828459,0.0392312098320279,0.050000002955130574,-6.453852585383824,3.9632297243390764,-30.126670837402344
0.3333333333333333,3,authority_test,5.0,8acfa77cf5234bd4,0.008438818565400852,0.3448440595137482,0.003640698988304015,0.012254156274828459,0.0392312098320279,0.050000002955130574,-6.453852585383824,3.9632297243390764,-30.126670837402344
0.3333333333333333,3,authority_test,5.0,9332a9cf5d92314a,0.009756097560975618,0.3448440595137482,0.003640698988304015,0.012254156274828459,0.0392312098320279,0.050000002955130574,-6.453852585383824,3.9632297243390764,-30.126670837402344
0.3333333333333333,3,authority_test,5.0,9f60113cec74b0ee,0.008438818565400852,0.3448440595137482,0.003640698988304015,0.012254156274828459,0.0392312098320279,0.050000002955130574,-6.453852585383824,3.9632297243390764,-30.126670837402344
0.3333333333333333,3,authority_test,5.0,a2f68f9c135648a0,0.0,0.3448440595137482,0.003640698988304015,0.012254156274828459,0.0392312098320279,0.050000002955130574,-6.453852585383824,3.9632297243390764,-30.126670837402344
0.3333333333333333,3,authority_test,5.0,a3ecb75bd15d05d8,0.0,0.3448440595137482,0.003640698988304015,0.012254156274828459,0.0392312098320279,0.050000002955130574,-6.453852585383824,3.9632297243390764,-30.126670837402344
0.3333333333333333,3,authority_test,5.0,a4a471e79162ce6a,0.008810572687224627,0.3448440595137482,0.003640698988304015,0.012254156274828459,0.0392312098320279,0.050000002955130574,-6.453852585383824,3.9632297243390764,-30.126670837402344
0.3333333333333333,3,authority_test,5.0,aa0070de67183c08,0.0,0.3448440595137482,0.003640698988304015,0.012254156274828459,0.0392312098320279,0.050000002955130574,-6.453852585383824,3.9632297243390764,-30.126670837402344
0.3333333333333333,3,authority_test,5.0,aa6bc6d9ff6d7768,0.0,0.3448440595137482,0.003640698988304015,0.012254156274828459,0.0392312098320279,0.050000002955130574,-6.453852585383824,3.9632297243390764,-30.126670837402344
0.3333333333333333,3,authority_test,5.0,acd5a3fd547677f6,0.010000000000000009,0.3448440595137482,0.003640698988304015,0.012254156274828459,0.0392312098320279,0.050000002955130574,-6.453852585383824,3.9632297243390764,-30.126670837402344
0.3333333333333333,3,authority_test,5.0,b5124e1b88000bd7,0.009009009009009028,0.3448440595137482,0.003640698988304015,0.012254156274828459,0.0392312098320279,0.050000002955130574,-6.453852585383824,3.9632297243390764,-30.126670837402344
0.3333333333333333,3,authority_test,5.0,b62f26029c55da5d,0.027027027027026973,0.3448440595137482,0.003640698988304015,0.012254156274828459,0.0392312098320279,0.050000002955130574,-6.453852585383824,3.9632297243390764,-30.126670837402344
0.3333333333333333,3,authority_test,5.0,b7036711cecf282e,0.0,0.3448440595137482,0.003640698988304015,0.012254156274828459,0.0392312098320279,0.050000002955130574,-6.453852585383824,3.9632297243390764,-30.126670837402344
0.3333333333333333,3,authority_test,5.0,bc83dba623c24f83,0.0,0.3448440595137482,0.003640698988304015,0.012254156274828459,0.0392312098320279,0.050000002955130574,-6.453852585383824,3.9632297243390764,-30.126670837402344
0.3333333333333333,3,authority_test,5.0,bd981ed06e640944,0.008810572687224627,0.3448440595137482,0.003640698988304015,0.012254156274828459,0.0392312098320279,0.050000002955130574,-6.453852585383824,3.9632297243390764,-30.126670837402344
0.3333333333333333,3,authority_test,5.0,c0b0a6fd8196e526,0.0,0.3448440595137482,0.003640698988304015,0.012254156274828459,0.0392312098320279,0.050000002955130574,-6.453852585383824,3.9632297243390764,-30.126670837402344
0.3333333333333333,3,authority_test,5.0,c0da6f9a810ac96e,0.0,0.3448440595137482,0.003640698988304015,0.012254156274828459,0.0392312098320279,0.050000002955130574,-6.453852585383824,3.9632297243390764,-30.126670837402344
0.3333333333333333,3,authority_test,5.0,c4e140c6b10a0649,0.00952380952380949,0.3448440595137482,0.003640698988304015,0.012254156274828459,0.0392312098320279,0.050000002955130574,-6.453852585383824,3.9632297243390764,-30.126670837402344
0.3333333333333333,3,authority_test,5.0,ceab4fde9bc557e9,0.0,0.3448440595137482,0.003640698988304015,0.012254156274828459,0.0392312098320279,0.050000002955130574,-6.453852585383824,3.9632297243390764,-30.126670837402344
0.3333333333333333,3,authority_test,5.0,cfd0baecd1304030,0.0,0.3448440595137482,0.003640698988304015,0.012254156274828459,0.0392312098320279,0.050000002955130574,-6.453852585383824,3.9632297243390764,-30.126670837402344
0.3333333333333333,3,authority_test,5.0,d437bb99475d3d83,0.0,0.3448440595137482,0.003640698988304015,0.012254156274828459,0.0392312098320279,0.050000002955130574,-6.453852585383824,3.9632297243390764,-30.126670837402344
0.3333333333333333,3,authority_test,5.0,df593c445aa37cdd,0.008368200836820106,0.3448440595137482,0.003640698988304015,0.012254156274828459,0.0392312098320279,0.050000002955130574,-6.453852585383824,3.9632297243390764,-30.126670837402344
0.3333333333333333,3,authority_test,5.0,e0cbaf79c0d6e3eb,0.0,0.3448440595137482,0.003640698988304015,0.012254156274828459,0.0392312098320279,0.050000002955130574,-6.453852585383824,3.9632297243390764,-30.126670837402344
0.3333333333333333,3,authority_test,5.0,e3664a91fc92d1d6,0.008695652173912993,0.3448440595137482,0.003640698988304015,0.012254156274828459,0.0392312098320279,0.050000002955130574,-6.453852585383824,3.9632297243390764,-30.126670837402344
0.3333333333333333,3,authority_test,5.0,e55575bab6cd051d,0.0,0.3448440595137482,0.003640698988304015,0.012254156274828459,0.0392312098320279,0.050000002955130574,-6.453852585383824,3.9632297243390764,-30.126670837402344
0.3333333333333333,3,authority_test,5.0,eac6ec2b274f3fe8,0.009389671361502372,0.3448440595137482,0.003640698988304015,0.012254156274828459,0.0392312098320279,0.050000002955130574,-6.453852585383824,3.9632297243390764,-30.126670837402344
0.3333333333333333,3,authority_test,5.0,eb5cda6e1fe9f6b5,0.7083333333333333,0.3448440595137482,0.003640698988304015,0.012254156274828459,0.0392312098320279,0.050000002955130574,-6.453852585383824,3.9632297243390764,-30.126670837402344
0.3333333333333333,3,authority_test,5.0,ecbc64034f374904,1.0,0.3448440595137482,0.003640698988304015,0.012254156274828459,0.0392312098320279,0.050000002955130574,-6.453852585383824,3.9632297243390764,-30.126670837402344
0.3333333333333333,3,authority_test,5.0,f16d6af3f8b8b330,0.01851851851851849,0.3448440595137482,0.003640698988304015,0.012254156274828459,0.0392312098320279,0.050000002955130574,-6.453852585383824,3.9632297243390764,-30.126670837402344
0.3333333333333333,3,authority_test,5.0,f2e24c35c5249c8b,0.008547008547008517,0.3448440595137482,0.003640698988304015,0.012254156274828459,0.0392312098320279,0.050000002955130574,-6.453852585383824,3.9632297243390764,-30.126670837402344
0.3333333333333333,3,stepwise_test,0.0,018ccdd70b67d50b,1.0,0.3448440595137482,0.020874030722731085,0.026816033869851905,0.0453659882296752,0.05000000258214764,-2.165439316204616,4.146031481879098,-26.32982063293457
0.3333333333333333,3,stepwise_test,0.0,0545ede9161cd87b,0.0,0.3448440595137482,0.020874030722731085,0.026816033869851905,0.0453659882296752,0.05000000258214764,-2.165439316204616,4.146031481879098,-26.32982063293457
0.3333333333333333,3,stepwise_test,0.0,0822110b214bf434,0.009756097560975618,0.3448440595137482,0.020874030722731085,0.026816033869851905,0.0453659882296752,0.05000000258214764,-2.165439316204616,4.146031481879098,-26.32982063293457
0.3333333333333333,3,stepwise_test,0.0,0dbb1e13fa00f0f6,0.0,0.3448440595137482,0.020874030722731085,0.026816033869851905,0.0453659882296752,0.05000000258214764,-2.165439316204616,4.146031481879098,-26.32982063293457
0.3333333333333333,3,stepwise_test,0.0,0e2ca3a9a1e8e218,0.0,0.3448440595137482,0.020874030722731085,0.026816033869851905,0.0453659882296752,0.05000000258214764,-2.165439316204616,4.146031481879098,-26.32982063293457
0.3333333333333333,3,stepwise_test,0.0,101df2256aecf75b,1.0,0.3448440595137482,0.020874030722731085,0.026816033869851905,0.0453659882296752,0.05000000258214764,-2.165439316204616,4.146031481879098,-26.32982063293457
0.3333333333333333,3,stepwise_test,0.0,1717ce53958590ba,1.0,0.3448440595137482,0.020874030722731085,0.026816033869851905,0.0453659882296752,0.05000000258214764,-2.165439316204616,4.146031481879098,-26.32982063293457
0.3333333333333333,3,stepwise_test,0.0,1868815d0a7c6716,1.0,0.3448440595137482,0.020874030722731085,0.026816033869851905,0.0453659882296752,0.05000000258214764,-2.165439316204616,4.146031481879098,-26.32982063293457
0.3333333333333333,3,stepwise_test,0.0,1991ac094bc47b5a,0.0,0.3448440595137482,0.020874030722731085,0.026816033869851905,0.0453659882296752,0.05000000258214764,-2.165439316204616,4.146031481879098,-26.32982063293457
0.3333333333333333,3,stepwise_test,0.0,1e9be34e7c154aee,0.009615384615384581,0.3448440595137482,0.020874030722731085,0.026816033869851905,0.0453659882296752,0.05000000258214764,-2.165439316204616,4.146031481879098,-26.32982063293457
0.3333333333333333,3,stepwise_test,0.0,245b8a2be8abc37e,0.008888888888888835,0.3448440595137482,0.020874030722731085,0.026816033869851905,0.0453659882296752,0.05000000258214764,-2.165439316204616,4.146031481879098,-26.32982063293457
0.3333333333333333,3,stepwise_test,0.0,2982eb379acc1dcf,0.0,0.3448440595137482,0.020874030722731085,0.026816033869851905,0.0453659882296752,0.05000000258214764,-2.165439316204616,4.146031481879098,-26.32982063293457
0.3333333333333333,3,stepwise_test,0.0,2a7630b9ddded8d5,1.0,0.3448440595137482,0.020874030722731085,0.026816033869851905,0.0453659882296752,0.05000000258214764,-2.165439316204616,4.146031481879098,-26.32982063293457
0.3333333333333333,3,stepwise_test,0.0,3159f31edc896059,0.0,0.3448440595137482,0.020874030722731085,0.026816033869851905,0.0453659882296752,0.05000000258214764,-2.165439316204616,4.146031481879098,-26.32982063293457
0.3333333333333333,3,stepwise_test,0.0,3605a51c50d5daa0,0.0,0.3448440595137482,0.020874030722731085,0.026816033869851905,0.0453659882296752,0.05000000258214764,-2.165439316204616,4.146031481879098,-26.32982063293457
0.3333333333333333,3,stepwise_test,0.0,38e3fe88a50cb3ef,0.0,0.3448440595137482,0.020874030722731085,0.026816033869851905,0.0453659882296752,0.05000000258214764,-2.165439316204616,4.146031481879098,-26.32982063293457
0.3333333333333333,3,stepwise_test,0.0,3a831f177b4c7882,0.0,0.3448440595137482,0.020874030722731085,0.026816033869851905,0.0453659882296752,0.05000000258214764,-2.165439316204616,4.146031481879098,-26.32982063293457
0.3333333333333333,3,stepwise_test,0.0,41450c0e975a1c31,0.0,0.3448440595137482,0.020874030722731085,0.026816033869851905,0.0453659882296752,0.05000000258214764,-2.165439316204616,4.146031481879098,-26.32982063293457
0.3333333333333333,3,stepwise_test,0.0,4381c0fb4c396040,0.0,0.3448440595137482,0.020874030722731085,0.026816033869851905,0.0453659882296752,0.05000000258214764,-2.165439316204616,4.146031481879098,-26.32982063293457
0.3333333333333333,3,stepwise_test,0.0,44e03bc01ee3055a,0.0,0.3448440595137482,0.020874030722731085,0.026816033869851905,0.0453659882296752,0.05000000258214764,-2.165439316204616,4.146031481879098,-26.32982063293457
0.3333333333333333,3,stepwise_test,0.0,47bf27669a8fa08a,0.008583690987124415,0.3448440595137482,0.020874030722731085,0.026816033869851905,0.0453659882296752,0.05000000258214764,-2.165439316204616,4.146031481879098,-26.32982063293457
0.3333333333333333,3,stepwise_test,0.0,486ee1ca9e71adc6,0.0,0.3448440595137482,0.020874030722731085,0.026816033869851905,0.0453659882296752,0.05000000258214764,-2.165439316204616,4.146031481879098,-26.32982063293457
0.3333333333333333,3,stepwise_test,0.0,4910c9193fca9a21,0.0,0.3448440595137482,0.020874030722731085,0.026816033869851905,0.0453659882296752,0.05000000258214764,-2.165439316204616,4.146031481879098,-26.32982063293457
0.3333333333333333,3,stepwise_test,0.0,4a78cd4f429333ac,0.00877192982456143,0.3448440595137482,0.020874030722731085,0.026816033869851905,0.0453659882296752,0.05000000258214764,-2.165439316204616,4.146031481879098,-26.32982063293457
0.3333333333333333,3,stepwise_test,0.0,4d3a619d3d16b595,1.0,0.3448440595137482,0.020874030722731085,0.026816033869851905,0.0453659882296752,0.05000000258214764,-2.165439316204616,4.146031481879098,-26.32982063293457
0.3333333333333333,3,stepwise_test,0.0,4e12766ab5ee9a6f,0.0,0.3448440595137482,0.020874030722731085,0.026816033869851905,0.0453659882296752,0.05000000258214764,-2.165439316204616,4.146031481879098,-26.32982063293457
0.3333333333333333,3,stepwise_test,0.0,5406f38bad958fff,0.0,0.3448440595137482,0.020874030722731085,0.026816033869851905,0.0453659882296752,0.05000000258214764,-2.165439316204616,4.146031481879098,-26.32982063293457
0.3333333333333333,3,stepwise_test,0.0,5b6660299c28d21a,0.009708737864077666,0.3448440595137482,0.020874030722731085,0.026816033869851905,0.0453659882296752,0.05000000258214764,-2.165439316204616,4.146031481879098,-26.32982063293457
0.3333333333333333,3,stepwise_test,0.0,5d8a6dda9c034943,0.0,0.3448440595137482,0.020874030722731085,0.026816033869851905,0.0453659882296752,0.05000000258214764,-2.165439316204616,4.146031481879098,-26.32982063293457
0.3333333333333333,3,stepwise_test,0.0,6354b26bfd6b0d3b,0.0,0.3448440595137482,0.020874030722731085,0.026816033869851905,0.0453659882296752,0.05000000258214764,-2.165439316204616,4.146031481879098,-26.32982063293457
0.3333333333333333,3,stepwise_test,0.0,663b72de42e74e86,0.0,0.3448440595137482,0.020874030722731085,0.026816033869851905,0.0453659882296752,0.05000000258214764,-2.165439316204616,4.146031481879098,-26.32982063293457
0.3333333333333333,3,stepwise_test,0.0,66eb648c6256c151,0.0,0.3448440595137482,0.020874030722731085,0.026816033869851905,0.0453659882296752,0.05000000258214764,-2.165439316204616,4.146031481879098,-26.32982063293457
0.3333333333333333,3,stepwise_test,0.0,67f63c1627c03412,0.0,0.3448440595137482,0.020874030722731085,0.026816033869851905,0.0453659882296752,0.05000000258214764,-2.165439316204616,4.146031481879098,-26.32982063293457
0.3333333333333333,3,stepwise_test,0.0,6d1d8e613ece86e7,0.0,0.3448440595137482,0.020874030722731085,0.026816033869851905,0.0453659882296752,0.05000000258214764,-2.165439316204616,4.146031481879098,-26.32982063293457
0.3333333333333333,3,stepwise_test,0.0,6f3466b968e73ba3,0.008968609865470878,0.3448440595137482,0.020874030722731085,0.026816033869851905,0.0453659882296752,0.05000000258214764,-2.165439316204616,4.146031481879098,-26.32982063293457
0.3333333333333333,3,stepwise_test,0.0,71fe74132803f26b,0.0,0.3448440595137482,0.020874030722731085,0.026816033869851905,0.0453659882296752,0.05000000258214764,-2.165439316204616,4.146031481879098,-26.32982063293457
0.3333333333333333,3,stepwise_test,0.0,76825b753db42030,1.0,0.3448440595137482,0.020874030722731085,0.026816033869851905,0.0453659882296752,0.05000000258214764,-2.165439316204616,4.146031481879098,-26.32982063293457
0.3333333333333333,3,stepwise_test,0.0,78001bdfb89f1ad1,1.0,0.3448440595137482,0.020874030722731085,0.026816033869851905,0.0453659882296752,0.05000000258214764,-2.165439316204616,4.146031481879098,-26.32982063293457
0.3333333333333333,3,stepwise_test,0.0,7b925779bf22fd74,0.008333333333333304,0.3448440595137482,0.020874030722731085,0.026816033869851905,0.0453659882296752,0.05000000258214764,-2.165439316204616,4.146031481879098,-26.32982063293457
0.3333333333333333,3,stepwise_test,0.0,7be724e7d2299999,0.009708737864077666,0.3448440595137482,0.020874030722731085,0.026816033869851905,0.0453659882296752,0.05000000258214764,-2.165439316204616,4.146031481879098,-26.32982063293457
0.3333333333333333,3,stepwise_test,0.0,82da82d3e55219a5,0.02941176470588236,0.3448440595137482,0.020874030722731085,0.026816033869851905,0.0453659882296752,0.05000000258214764,-2.165439316204616,4.146031481879098,-26.32982063293457
0.3333333333333333,3,stepwise_test,0.0,8acfa77cf5234bd4,0.0,0.3448440595137482,0.020874030722731085,0.026816033869851905,0.0453659882296752,0.05000000258214764,-2.165439316204616,4.146031481879098,-26.32982063293457
0.3333333333333333,3,stepwise_test,0.0,9332a9cf5d92314a,0.008810572687224627,0.3448440595137482,0.020874030722731085,0.026816033869851905,0.0453659882296752,0.05000000258214764,-2.165439316204616,4.146031481879098,-26.32982063293457
0.3333333333333333,3,stepwise_test,0.0,9f60113cec74b0ee,0.008810572687224627,0.3448440595137482,0.020874030722731085,0.026816033869851905,0.0453659882296752,0.05000000258214764,-2.165439316204616,4.146031481879098,-26.32982063293457
0.3333333333333333,3,stepwise_test,0.0,a2f68f9c135648a0,0.0,0.3448440595137482,0.020874030722731085,0.026816033869851905,0.0453659882296752,0.05000000258214764,-2.165439316204616,4.146031481879098,-26.32982063293457
0.3333333333333333,3,stepwise_test,0.0,a3ecb75bd15d05d8,0.0,0.3448440595137482,0.020874030722731085,0.026816033869851905,0.0453659882296752,0.05000000258214764,-2.165439316204616,4.146031481879098,-26.32982063293457
0.3333333333333333,3,stepwise_test,0.0,a4a471e79162ce6a,0.0,0.3448440595137482,0.020874030722731085,0.026816033869851905,0.0453659882296752,0.05000000258214764,-2.165439316204616,4.146031481879098,-26.32982063293457
0.3333333333333333,3,stepwise_test,0.0,aa0070de67183c08,0.0,0.3448440595137482,0.020874030722731085,0.026816033869851905,0.0453659882296752,0.05000000258214764,-2.165439316204616,4.146031481879098,-26.32982063293457
0.3333333333333333,3,stepwise_test,0.0,aa6bc6d9ff6d7768,1.0,0.3448440595137482,0.020874030722731085,0.026816033869851905,0.0453659882296752,0.05000000258214764,-2.165439316204616,4.146031481879098,-26.32982063293457
0.3333333333333333,3,stepwise_test,0.0,acd5a3fd547677f6,0.0,0.3448440595137482,0.020874030722731085,0.026816033869851905,0.0453659882296752,0.05000000258214764,-2.165439316204616,4.146031481879098,-26.32982063293457
0.3333333333333333,3,stepwise_test,0.0,b5124e1b88000bd7,0.0,0.3448440595137482,0.020874030722731085,0.026816033869851905,0.0453659882296752,0.05000000258214764,-2.165439316204616,4.146031481879098,-26.32982063293457
0.3333333333333333,3,stepwise_test,0.0,b62f26029c55da5d,0.0,0.3448440595137482,0.020874030722731085,0.026816033869851905,0.0453659882296752,0.05000000258214764,-2.165439316204616,4.146031481879098,-26.32982063293457
0.3333333333333333,3,stepwise_test,0.0,b7036711cecf282e,1.0,0.3448440595137482,0.020874030722731085,0.026816033869851905,0.0453659882296752,0.05000000258214764,-2.165439316204616,4.146031481879098,-26.32982063293457
0.3333333333333333,3,stepwise_test,0.0,bc83dba623c24f83,0.0,0.3448440595137482,0.020874030722731085,0.026816033869851905,0.0453659882296752,0.05000000258214764,-2.165439316204616,4.146031481879098,-26.32982063293457
0.3333333333333333,3,stepwise_test,0.0,bd981ed06e640944,0.0,0.3448440595137482,0.020874030722731085,0.026816033869851905,0.0453659882296752,0.05000000258214764,-2.165439316204616,4.146031481879098,-26.32982063293457
0.3333333333333333,3,stepwise_test,0.0,c0b0a6fd8196e526,0.0,0.3448440595137482,0.020874030722731085,0.026816033869851905,0.0453659882296752,0.05000000258214764,-2.165439316204616,4.146031481879098,-26.32982063293457
0.3333333333333333,3,stepwise_test,0.0,c0da6f9a810ac96e,0.0,0.3448440595137482,0.020874030722731085,0.026816033869851905,0.0453659882296752,0.05000000258214764,-2.165439316204616,4.146031481879098,-26.32982063293457
0.3333333333333333,3,stepwise_test,0.0,c4e140c6b10a0649,0.0,0.3448440595137482,0.020874030722731085,0.026816033869851905,0.0453659882296752,0.05000000258214764,-2.165439316204616,4.146031481879098,-26.32982063293457
0.3333333333333333,3,stepwise_test,0.0,ceab4fde9bc557e9,0.03125,0.3448440595137482,0.020874030722731085,0.026816033869851905,0.0453659882296752,0.05000000258214764,-2.165439316204616,4.146031481879098,-26.32982063293457
0.3333333333333333,3,stepwise_test,0.0,cfd0baecd1304030,0.0,0.3448440595137482,0.020874030722731085,0.026816033869851905,0.0453659882296752,0.05000000258214764,-2.165439316204616,4.146031481879098,-26.32982063293457
0.3333333333333333,3,stepwise_test,0.0,d437bb99475d3d83,0.03125,0.3448440595137482,0.020874030722731085,0.026816033869851905,0.0453659882296752,0.05000000258214764,-2.165439316204616,4.146031481879098,-26.32982063293457
0.3333333333333333,3,stepwise_test,0.0,df593c445aa37cdd,0.0,0.3448440595137482,0.020874030722731085,0.026816033869851905,0.0453659882296752,0.05000000258214764,-2.165439316204616,4.146031481879098,-26.32982063293457
0.3333333333333333,3,stepwise_test,0.0,e0cbaf79c0d6e3eb,0.0,0.3448440595137482,0.020874030722731085,0.026816033869851905,0.0453659882296752,0.05000000258214764,-2.165439316204616,4.146031481879098,-26.32982063293457
0.3333333333333333,3,stepwise_test,0.0,e3664a91fc92d1d6,0.0,0.3448440595137482,0.020874030722731085,0.026816033869851905,0.0453659882296752,0.05000000258214764,-2.165439316204616,4.146031481879098,-26.32982063293457
0.3333333333333333,3,stepwise_test,0.0,e55575bab6cd051d,0.0,0.3448440595137482,0.020874030722731085,0.026816033869851905,0.0453659882296752,0.05000000258214764,-2.165439316204616,4.146031481879098,-26.32982063293457
0.3333333333333333,3,stepwise_test,0.0,eac6ec2b274f3fe8,0.009049773755656076,0.3448440595137482,0.020874030722731085,0.026816033869851905,0.0453659882296752,0.05000000258214764,-2.165439316204616,4.146031481879098,-26.32982063293457
0.3333333333333333,3,stepwise_test,0.0,eb5cda6e1fe9f6b5,0.00995024875621886,0.3448440595137482,0.020874030722731085,0.026816033869851905,0.0453659882296752,0.05000000258214764,-2.165439316204616,4.146031481879098,-26.32982063293457
0.3333333333333333,3,stepwise_test,0.0,ecbc64034f374904,1.0,0.3448440595137482,0.020874030722731085,0.026816033869851905,0.0453659882296752,0.05000000258214764,-2.165439316204616,4.146031481879098,-26.32982063293457
0.3333333333333333,3,stepwise_test,0.0,f16d6af3f8b8b330,1.0,0.3448440595137482,0.020874030722731085,0.026816033869851905,0.0453659882296752,0.05000000258214764,-2.165439316204616,4.146031481879098,-26.32982063293457
0.3333333333333333,3,stepwise_test,0.0,f2e24c35c5249c8b,0.0,0.3448440595137482,0.020874030722731085,0.026816033869851905,0.0453659882296752,0.05000000258214764,-2.165439316204616,4.146031481879098,-26.32982063293457
0.3333333333333333,3,stepwise_test,2.0,018ccdd70b67d50b,0.0091324200913242,0.3448440595137482,0.017901312259005438,0.026680083858859314,0.05000000119893427,0.05000000351942561,-4.0184518950326105,4.017094782420567,-27.848560333251953
0.3333333333333333,3,stepwise_test,2.0,0545ede9161cd87b,0.0,0.3448440595137482,0.017901312259005438,0.026680083858859314,0.05000000119893427,0.05000000351942561,-4.0184518950326105,4.017094782420567,-27.848560333251953
0.3333333333333333,3,stepwise_test,2.0,0822110b214bf434,0.009389671361502372,0.3448440595137482,0.017901312259005438,0.026680083858859314,0.05000000119893427,0.05000000351942561,-4.0184518950326105,4.017094782420567,-27.848560333251953
0.3333333333333333,3,stepwise_test,2.0,0dbb1e13fa00f0f6,0.0,0.3448440595137482,0.017901312259005438,0.026680083858859314,0.05000000119893427,0.05000000351942561,-4.0184518950326105,4.017094782420567,-27.848560333251953
0.3333333333333333,3,stepwise_test,2.0,0e2ca3a9a1e8e218,0.0,0.3448440595137482,0.017901312259005438,0.026680083858859314,0.05000000119893427,0.05000000351942561,-4.0184518950326105,4.017094782420567,-27.848560333251953
0.3333333333333333,3,stepwise_test,2.0,101df2256aecf75b,0.0,0.3448440595137482,0.017901312259005438,0.026680083858859314,0.05000000119893427,0.05000000351942561,-4.0184518950326105,4.017094782420567,-27.848560333251953
0.3333333333333333,3,stepwise_test,2.0,1717ce53958590ba,0.010101010101010055,0.3448440595137482,0.017901312259005438,0.026680083858859314,0.05000000119893427,0.05000000351942561,-4.0184518950326105,4.017094782420567,-27.848560333251953
0.3333333333333333,3,stepwise_test,2.0,1868815d0a7c6716,0.007722007722007707,0.3448440595137482,0.017901312259005438,0.026680083858859314,0.05000000119893427,0.05000000351942561,-4.0184518950326105,4.017094782420567,-27.848560333251953
0.3333333333333333,3,stepwise_test,2.0,1991ac094bc47b5a,0.0,0.3448440595137482,0.017901312259005438,0.026680083858859314,0.05000000119893427,0.05000000351942561,-4.0184518950326105,4.017094782420567,-27.848560333251953
0.3333333333333333,3,stepwise_test,2.0,1e9be34e7c154aee,0.0,0.3448440595137482,0.017901312259005438,0.026680083858859314,0.05000000119893427,0.05000000351942561,-4.0184518950326105,4.017094782420567,-27.848560333251953
0.3333333333333333,3,stepwise_test,2.0,245b8a2be8abc37e,0.00995024875621886,0.3448440595137482,0.017901312259005438,0.026680083858859314,0.05000000119893427,0.05000000351942561,-4.0184518950326105,4.017094782420567,-27.848560333251953
0.3333333333333333,3,stepwise_test,2.0,2982eb379acc1dcf,0.0,0.3448440595137482,0.017901312259005438,0.026680083858859314,0.05000000119893427,0.05000000351942561,-4.0184518950326105,4.017094782420567,-27.848560333251953
0.3333333333333333,3,stepwise_test,2.0,2a7630b9ddded8d5,0.0,0.3448440595137482,0.017901312259005438,0.026680083858859314,0.05000000119893427,0.05000000351942561,-4.0184518950326105,4.017094782420567,-27.848560333251953
0.3333333333333333,3,stepwise_test,2.0,3159f31edc896059,0.0,0.3448440595137482,0.017901312259005438,0.026680083858859314,0.05000000119893427,0.05000000351942561,-4.0184518950326105,4.017094782420567,-27.848560333251953
0.3333333333333333,3,stepwise_test,2.0,3605a51c50d5daa0,0.0,0.3448440595137482,0.017901312259005438,0.026680083858859314,0.05000000119893427,0.05000000351942561,-4.0184518950326105,4.017094782420567,-27.848560333251953
0.3333333333333333,3,stepwise_test,2.0,38e3fe88a50cb3ef,0.0,0.3448440595137482,0.017901312259005438,0.026680083858859314,0.05000000119893427,0.05000000351942561,-4.0184518950326105,4.017094782420567,-27.848560333251953
0.3333333333333333,3,stepwise_test,2.0,3a831f177b4c7882,0.0,0.3448440595137482,0.017901312259005438,0.026680083858859314,0.05000000119893427,0.05000000351942561,-4.0184518950326105,4.017094782420567,-27.848560333251953
0.3333333333333333,3,stepwise_test,2.0,41450c0e975a1c31,0.0,0.3448440595137482,0.017901312259005438,0.026680083858859314,0.05000000119893427,0.05000000351942561,-4.0184518950326105,4.017094782420567,-27.848560333251953
0.3333333333333333,3,stepwise_test,2.0,4381c0fb4c396040,0.0,0.3448440595137482,0.017901312259005438,0.026680083858859314,0.05000000119893427,0.05000000351942561,-4.0184518950326105,4.017094782420567,-27.848560333251953
0.3333333333333333,3,stepwise_test,2.0,44e03bc01ee3055a,0.0,0.3448440595137482,0.017901312259005438,0.026680083858859314,0.05000000119893427,0.05000000351942561,-4.0184518950326105,4.017094782420567,-27.848560333251953
0.3333333333333333,3,stepwise_test,2.0,47bf27669a8fa08a,0.018181818181818188,0.3448440595137482,0.017901312259005438,0.026680083858859314,0.05000000119893427,0.05000000351942561,-4.0184518950326105,4.017094782420567,-27.848560333251953
0.3333333333333333,3,stepwise_test,2.0,486ee1ca9e71adc6,0.0,0.3448440595137482,0.017901312259005438,0.026680083858859314,0.05000000119893427,0.05000000351942561,-4.0184518950326105,4.017094782420567,-27.848560333251953
0.3333333333333333,3,stepwise_test,2.0,4910c9193fca9a21,0.0,0.3448440595137482,0.017901312259005438,0.026680083858859314,0.05000000119893427,0.05000000351942561,-4.0184518950326105,4.017094782420567,-27.848560333251953
0.3333333333333333,3,stepwise_test,2.0,4a78cd4f429333ac,0.008849557522123908,0.3448440595137482,0.017901312259005438,0.026680083858859314,0.05000000119893427,0.05000000351942561,-4.0184518950326105,4.017094782420567,-27.848560333251953
0.3333333333333333,3,stepwise_test,2.0,4d3a619d3d16b595,0.0,0.3448440595137482,0.017901312259005438,0.026680083858859314,0.05000000119893427,0.05000000351942561,-4.0184518950326105,4.017094782420567,-27.848560333251953
0.3333333333333333,3,stepwise_test,2.0,4e12766ab5ee9a6f,0.0,0.3448440595137482,0.017901312259005438,0.026680083858859314,0.05000000119893427,0.05000000351942561,-4.0184518950326105,4.017094782420567,-27.848560333251953
0.3333333333333333,3,stepwise_test,2.0,5406f38bad958fff,0.0,0.3448440595137482,0.017901312259005438,0.026680083858859314,0.05000000119893427,0.05000000351942561,-4.0184518950326105,4.017094782420567,-27.848560333251953
0.3333333333333333,3,stepwise_test,2.0,5b6660299c28d21a,0.009708737864077666,0.3448440595137482,0.017901312259005438,0.026680083858859314,0.05000000119893427,0.05000000351942561,-4.0184518950326105,4.017094782420567,-27.848560333251953
0.3333333333333333,3,stepwise_test,2.0,5d8a6dda9c034943,0.0,0.3448440595137482,0.017901312259005438,0.026680083858859314,0.05000000119893427,0.05000000351942561,-4.0184518950326105,4.017094782420567,-27.848560333251953
0.3333333333333333,3,stepwise_test,2.0,6354b26bfd6b0d3b,0.0,0.3448440595137482,0.017901312259005438,0.026680083858859314,0.05000000119893427,0.05000000351942561,-4.0184518950326105,4.017094782420567,-27.848560333251953
0.3333333333333333,3,stepwise_test,2.0,663b72de42e74e86,0.0,0.3448440595137482,0.017901312259005438,0.026680083858859314,0.05000000119893427,0.05000000351942561,-4.0184518950326105,4.017094782420567,-27.848560333251953
0.3333333333333333,3,stepwise_test,2.0,66eb648c6256c151,0.0,0.3448440595137482,0.017901312259005438,0.026680083858859314,0.05000000119893427,0.05000000351942561,-4.0184518950326105,4.017094782420567,-27.848560333251953
0.3333333333333333,3,stepwise_test,2.0,67f63c1627c03412,0.008264462809917328,0.3448440595137482,0.017901312259005438,0.026680083858859314,0.05000000119893427,0.05000000351942561,-4.0184518950326105,4.017094782420567,-27.848560333251953
0.3333333333333333,3,stepwise_test,2.0,6d1d8e613ece86e7,0.0,0.3448440595137482,0.017901312259005438,0.026680083858859314,0.05000000119893427,0.05000000351942561,-4.0184518950326105,4.017094782420567,-27.848560333251953
0.3333333333333333,3,stepwise_test,2.0,6f3466b968e73ba3,0.009615384615384581,0.3448440595137482,0.017901312259005438,0.026680083858859314,0.05000000119893427,0.05000000351942561,-4.0184518950326105,4.017094782420567,-27.848560333251953
0.3333333333333333,3,stepwise_test,2.0,71fe74132803f26b,0.0,0.3448440595137482,0.017901312259005438,0.026680083858859314,0.05000000119893427,0.05000000351942561,-4.0184518950326105,4.017094782420567,-27.848560333251953
0.3333333333333333,3,stepwise_test,2.0,76825b753db42030,0.0,0.3448440595137482,0.017901312259005438,0.026680083858859314,0.05000000119893427,0.05000000351942561,-4.0184518950326105,4.017094782420567,-27.848560333251953
0.3333333333333333,3,stepwise_test,2.0,78001bdfb89f1ad1,0.0,0.3448440595137482,0.017901312259005438,0.026680083858859314,0.05000000119893427,0.05000000351942561,-4.0184518950326105,4.017094782420567,-27.848560333251953
0.3333333333333333,3,stepwise_test,2.0,7b925779bf22fd74,0.0092592592592593,0.3448440595137482,0.017901312259005438,0.026680083858859314,0.05000000119893427,0.05000000351942561,-4.0184518950326105,4.017094782420567,-27.848560333251953
0.3333333333333333,3,stepwise_test,2.0,7be724e7d2299999,0.01041666666666663,0.3448440595137482,0.017901312259005438,0.026680083858859314,0.05000000119893427,0.05000000351942561,-4.0184518950326105,4.017094782420567,-27.848560333251953
0.3333333333333333,3,stepwise_test,2.0,82da82d3e55219a5,0.02941176470588236,0.3448440595137482,0.017901312259005438,0.026680083858859314,0.05000000119893427,0.05000000351942561,-4.0184518950326105,4.017094782420567,-27.848560333251953
0.3333333333333333,3,stepwise_test,2.0,8acfa77cf5234bd4,0.0,0.3448440595137482,0.017901312259005438,0.026680083858859314,0.05000000119893427,0.05000000351942561,-4.0184518950326105,4.017094782420567,-27.848560333251953
0.3333333333333333,3,stepwise_test,2.0,9332a9cf5d92314a,0.0,0.3448440595137482,0.017901312259005438,0.026680083858859314,0.05000000119893427,0.05000000351942561,-4.0184518950326105,4.017094782420567,-27.848560333251953
0.3333333333333333,3,stepwise_test,2.0,9f60113cec74b0ee,0.0,0.3448440595137482,0.017901312259005438,0.026680083858859314,0.05000000119893427,0.05000000351942561,-4.0184518950326105,4.017094782420567,-27.848560333251953
0.3333333333333333,3,stepwise_test,2.0,a2f68f9c135648a0,0.0,0.3448440595137482,0.017901312259005438,0.026680083858859314,0.05000000119893427,0.05000000351942561,-4.0184518950326105,4.017094782420567,-27.848560333251953
0.3333333333333333,3,stepwise_test,2.0,a3ecb75bd15d05d8,0.0,0.3448440595137482,0.017901312259005438,0.026680083858859314,0.05000000119893427,0.05000000351942561,-4.0184518950326105,4.017094782420567,-27.848560333251953
0.3333333333333333,3,stepwise_test,2.0,a4a471e79162ce6a,0.0,0.3448440595137482,0.017901312259005438,0.026680083858859314,0.05000000119893427,0.05000000351942561,-4.0184518950326105,4.017094782420567,-27.848560333251953
0.3333333333333333,3,stepwise_test,2.0,aa0070de67183c08,0.0,0.3448440595137482,0.017901312259005438,0.026680083858859314,0.05000000119893427,0.05000000351942561,-4.0184518950326105,4.017094782420567,-27.848560333251953
0.3333333333333333,3,stepwise_test,2.0,aa6bc6d9ff6d7768,0.0,0.3448440595137482,0.017901312259005438,0.026680083858859314,0.05000000119893427,0.05000000351942561,-4.0184518950326105,4.017094782420567,-27.848560333251953
0.3333333333333333,3,stepwise_test,2.0,acd5a3fd547677f6,0.0,0.3448440595137482,0.017901312259005438,0.026680083858859314,0.05000000119893427,0.05000000351942561,-4.0184518950326105,4.017094782420567,-27.848560333251953
0.3333333333333333,3,stepwise_test,2.0,b5124e1b88000bd7,0.0,0.3448440595137482,0.017901312259005438,0.026680083858859314,0.05000000119893427,0.05000000351942561,-4.0184518950326105,4.017094782420567,-27.848560333251953
0.3333333333333333,3,stepwise_test,2.0,b62f26029c55da5d,0.0,0.3448440595137482,0.017901312259005438,0.026680083858859314,0.05000000119893427,0.05000000351942561,-4.0184518950326105,4.017094782420567,-27.848560333251953
0.3333333333333333,3,stepwise_test,2.0,b7036711cecf282e,0.008968609865470878,0.3448440595137482,0.017901312259005438,0.026680083858859314,0.05000000119893427,0.05000000351942561,-4.0184518950326105,4.017094782420567,-27.848560333251953
0.3333333333333333,3,stepwise_test,2.0,bc83dba623c24f83,0.008888888888888835,0.3448440595137482,0.017901312259005438,0.026680083858859314,0.05000000119893427,0.05000000351942561,-4.0184518950326105,4.017094782420567,-27.848560333251953
0.3333333333333333,3,stepwise_test,2.0,bd981ed06e640944,0.0,0.3448440595137482,0.017901312259005438,0.026680083858859314,0.05000000119893427,0.05000000351942561,-4.0184518950326105,4.017094782420567,-27.848560333251953
0.3333333333333333,3,stepwise_test,2.0,c0b0a6fd8196e526,0.0,0.3448440595137482,0.017901312259005438,0.026680083858859314,0.05000000119893427,0.05000000351942561,-4.0184518950326105,4.017094782420567,-27.848560333251953
0.3333333333333333,3,stepwise_test,2.0,c0da6f9a810ac96e,0.0,0.3448440595137482,0.017901312259005438,0.026680083858859314,0.05000000119893427,0.05000000351942561,-4.0184518950326105,4.017094782420567,-27.848560333251953
0.3333333333333333,3,stepwise_test,2.0,c4e140c6b10a0649,0.0,0.3448440595137482,0.017901312259005438,0.026680083858859314,0.05000000119893427,0.05000000351942561,-4.0184518950326105,4.017094782420567,-27.848560333251953
0.3333333333333333,3,stepwise_test,2.0,ceab4fde9bc557e9,0.0,0.3448440595137482,0.017901312259005438,0.026680083858859314,0.05000000119893427,0.05000000351942561,-4.0184518950326105,4.017094782420567,-27.848560333251953
0.3333333333333333,3,stepwise_test,2.0,cfd0baecd1304030,0.0,0.3448440595137482,0.017901312259005438,0.026680083858859314,0.05000000119893427,0.05000000351942561,-4.0184518950326105,4.017094782420567,-27.848560333251953
0.3333333333333333,3,stepwise_test,2.0,d437bb99475d3d83,0.0,0.3448440595137482,0.017901312259005438,0.026680083858859314,0.05000000119893427,0.05000000351942561,-4.0184518950326105,4.017094782420567,-27.848560333251953
0.3333333333333333,3,stepwise_test,2.0,df593c445aa37cdd,0.0,0.3448440595137482,0.017901312259005438,0.026680083858859314,0.05000000119893427,0.05000000351942561,-4.0184518950326105,4.017094782420567,-27.848560333251953
0.3333333333333333,3,stepwise_test,2.0,e0cbaf79c0d6e3eb,0.0,0.3448440595137482,0.017901312259005438,0.026680083858859314,0.05000000119893427,0.05000000351942561,-4.0184518950326105,4.017094782420567,-27.848560333251953
0.3333333333333333,3,stepwise_test,2.0,e3664a91fc92d1d6,0.0,0.3448440595137482,0.017901312259005438,0.026680083858859314,0.05000000119893427,0.05000000351942561,-4.0184518950326105,4.017094782420567,-27.848560333251953
0.3333333333333333,3,stepwise_test,2.0,e55575bab6cd051d,0.0,0.3448440595137482,0.017901312259005438,0.026680083858859314,0.05000000119893427,0.05000000351942561,-4.0184518950326105,4.017094782420567,-27.848560333251953
0.3333333333333333,3,stepwise_test,2.0,eac6ec2b274f3fe8,0.036416698388529345,0.3448440595137482,0.017901312259005438,0.026680083858859314,0.05000000119893427,0.05000000351942561,-4.0184518950326105,4.017094782420567,-27.848560333251953
0.3333333333333333,3,stepwise_test,2.0,eb5cda6e1fe9f6b5,0.009661835748792313,0.3448440595137482,0.017901312259005438,0.026680083858859314,0.05000000119893427,0.05000000351942561,-4.0184518950326105,4.017094782420567,-27.848560333251953
0.3333333333333333,3,stepwise_test,2.0,ecbc64034f374904,0.0,0.3448440595137482,0.017901312259005438,0.026680083858859314,0.05000000119893427,0.05000000351942561,-4.0184518950326105,4.017094782420567,-27.848560333251953
0.3333333333333333,3,stepwise_test,2.0,f16d6af3f8b8b330,0.008849557522123908,0.3448440595137482,0.017901312259005438,0.026680083858859314,0.05000000119893427,0.05000000351942561,-4.0184518950326105,4.017094782420567,-27.848560333251953
0.3333333333333333,3,stepwise_test,2.0,f2e24c35c5249c8b,0.0,0.3448440595137482,0.017901312259005438,0.026680083858859314,0.05000000119893427,0.05000000351942561,-4.0184518950326105,4.017094782420567,-27.848560333251953
0.3333333333333333,3,stepwise_test,5.0,018ccdd70b67d50b,0.009433962264150941,0.3448440595137482,0.0018426446976829885,0.008880826444964735,0.008407777139298368,0.05000000276424353,-6.868615082332066,3.894294568470546,-30.126670837402344
0.3333333333333333,3,stepwise_test,5.0,0545ede9161cd87b,0.0,0.3448440595137482,0.0018426446976829885,0.008880826444964735,0.008407777139298368,0.05000000276424353,-6.868615082332066,3.894294568470546,-30.126670837402344
0.3333333333333333,3,stepwise_test,5.0,0822110b214bf434,0.010695187165775444,0.3448440595137482,0.0018426446976829885,0.008880826444964735,0.008407777139298368,0.05000000276424353,-6.868615082332066,3.894294568470546,-30.126670837402344
0.3333333333333333,3,stepwise_test,5.0,0dbb1e13fa00f0f6,0.0,0.3448440595137482,0.0018426446976829885,0.008880826444964735,0.008407777139298368,0.05000000276424353,-6.868615082332066,3.894294568470546,-30.126670837402344
0.3333333333333333,3,stepwise_test,5.0,0e2ca3a9a1e8e218,0.0,0.3448440595137482,0.0018426446976829885,0.008880826444964735,0.008407777139298368,0.05000000276424353,-6.868615082332066,3.894294568470546,-30.126670837402344
0.3333333333333333,3,stepwise_test,5.0,101df2256aecf75b,0.0,0.3448440595137482,0.0018426446976829885,0.008880826444964735,0.008407777139298368,0.05000000276424353,-6.868615082332066,3.894294568470546,-30.126670837402344
0.3333333333333333,3,stepwise_test,5.0,1717ce53958590ba,0.010000000000000009,0.3448440595137482,0.0018426446976829885,0.008880826444964735,0.008407777139298368,0.05000000276424353,-6.868615082332066,3.894294568470546,-30.126670837402344
0.3333333333333333,3,stepwise_test,5.0,1868815d0a7c6716,0.0,0.3448440595137482,0.0018426446976829885,0.008880826444964735,0.008407777139298368,0.05000000276424353,-6.868615082332066,3.894294568470546,-30.126670837402344
0.3333333333333333,3,stepwise_test,5.0,1991ac094bc47b5a,0.00952380952380949,0.3448440595137482,0.0018426446976829885,0.008880826444964735,0.008407777139298368,0.05000000276424353,-6.868615082332066,3.894294568470546,-30.126670837402344
0.3333333333333333,3,stepwise_test,5.0,1e9be34e7c154aee,0.0,0.3448440595137482,0.0018426446976829885,0.008880826444964735,0.008407777139298368,0.05000000276424353,-6.868615082332066,3.894294568470546,-30.126670837402344
0.3333333333333333,3,stepwise_test,5.0,245b8a2be8abc37e,0.010526315789473717,0.3448440595137482,0.0018426446976829885,0.008880826444964735,0.008407777139298368,0.05000000276424353,-6.868615082332066,3.894294568470546,-30.126670837402344
0.3333333333333333,3,stepwise_test,5.0,2982eb379acc1dcf,0.0,0.3448440595137482,0.0018426446976829885,0.008880826444964735,0.008407777139298368,0.05000000276424353,-6.868615082332066,3.894294568470546,-30.126670837402344
0.3333333333333333,3,stepwise_test,5.0,2a7630b9ddded8d5,0.0,0.3448440595137482,0.0018426446976829885,0.008880826444964735,0.008407777139298368,0.05000000276424353,-6.868615082332066,3.894294568470546,-30.126670837402344
0.3333333333333333,3,stepwise_test,5.0,3159f31edc896059,0.0,0.3448440595137482,0.0018426446976829885,0.008880826444964735,0.008407777139298368,0.05000000276424353,-6.868615082332066,3.894294568470546,-30.126670837402344
0.3333333333333333,3,stepwise_test,5.0,3605a51c50d5daa0,0.0,0.3448440595137482,0.0018426446976829885,0.008880826444964735,0.008407777139298368,0.05000000276424353,-6.868615082332066,3.894294568470546,-30.126670837402344
0.3333333333333333,3,stepwise_test,5.0,38e3fe88a50cb3ef,0.0,0.3448440595137482,0.0018426446976829885,0.008880826444964735,0.008407777139298368,0.05000000276424353,-6.868615082332066,3.894294568470546,-30.126670837402344
0.3333333333333333,3,stepwise_test,5.0,3a831f177b4c7882,0.0,0.3448440595137482,0.0018426446976829885,0.008880826444964735,0.008407777139298368,0.05000000276424353,-6.868615082332066,3.894294568470546,-30.126670837402344
0.3333333333333333,3,stepwise_test,5.0,41450c0e975a1c31,0.0,0.3448440595137482,0.0018426446976829885,0.008880826444964735,0.008407777139298368,0.05000000276424353,-6.868615082332066,3.894294568470546,-30.126670837402344
0.3333333333333333,3,stepwise_test,5.0,4381c0fb4c396040,0.0,0.3448440595137482,0.0018426446976829885,0.008880826444964735,0.008407777139298368,0.05000000276424353,-6.868615082332066,3.894294568470546,-30.126670837402344
0.3333333333333333,3,stepwise_test,5.0,44e03bc01ee3055a,0.0,0.3448440595137482,0.0018426446976829885,0.008880826444964735,0.008407777139298368,0.05000000276424353,-6.868615082332066,3.894294568470546,-30.126670837402344
0.3333333333333333,3,stepwise_test,5.0,47bf27669a8fa08a,0.020942408376963373,0.3448440595137482,0.0018426446976829885,0.008880826444964735,0.008407777139298368,0.05000000276424353,-6.868615082332066,3.894294568470546,-30.126670837402344
0.3333333333333333,3,stepwise_test,5.0,486ee1ca9e71adc6,0.0,0.3448440595137482,0.0018426446976829885,0.008880826444964735,0.008407777139298368,0.05000000276424353,-6.868615082332066,3.894294568470546,-30.126670837402344
0.3333333333333333,3,stepwise_test,5.0,4910c9193fca9a21,0.0,0.3448440595137482,0.0018426446976829885,0.008880826444964735,0.008407777139298368,0.05000000276424353,-6.868615082332066,3.894294568470546,-30.126670837402344
0.3333333333333333,3,stepwise_test,5.0,4a78cd4f429333ac,0.008583690987124415,0.3448440595137482,0.0018426446976829885,0.008880826444964735,0.008407777139298368,0.05000000276424353,-6.868615082332066,3.894294568470546,-30.126670837402344
0.3333333333333333,3,stepwise_test,5.0,4d3a619d3d16b595,0.0,0.3448440595137482,0.0018426446976829885,0.008880826444964735,0.008407777139298368,0.05000000276424353,-6.868615082332066,3.894294568470546,-30.126670837402344
0.3333333333333333,3,stepwise_test,5.0,4e12766ab5ee9a6f,0.0,0.3448440595137482,0.0018426446976829885,0.008880826444964735,0.008407777139298368,0.05000000276424353,-6.868615082332066,3.894294568470546,-30.126670837402344
0.3333333333333333,3,stepwise_test,5.0,5406f38bad958fff,0.0,0.3448440595137482,0.0018426446976829885,0.008880826444964735,0.008407777139298368,0.05000000276424353,-6.868615082332066,3.894294568470546,-30.126670837402344
0.3333333333333333,3,stepwise_test,5.0,5b6660299c28d21a,0.009756097560975618,0.3448440595137482,0.0018426446976829885,0.008880826444964735,0.008407777139298368,0.05000000276424353,-6.868615082332066,3.894294568470546,-30.126670837402344
0.3333333333333333,3,stepwise_test,5.0,5d8a6dda9c034943,0.0,0.3448440595137482,0.0018426446976829885,0.008880826444964735,0.008407777139298368,0.05000000276424353,-6.868615082332066,3.894294568470546,-30.126670837402344
0.3333333333333333,3,stepwise_test,5.0,6354b26bfd6b0d3b,0.0,0.3448440595137482,0.0018426446976829885,0.008880826444964735,0.008407777139298368,0.05000000276424353,-6.868615082332066,3.894294568470546,-30.126670837402344
0.3333333333333333,3,stepwise_test,5.0,663b72de42e74e86,0.0,0.3448440595137482,0.0018426446976829885,0.008880826444964735,0.008407777139298368,0.05000000276424353,-6.868615082332066,3.894294568470546,-30.126670837402344
0.3333333333333333,3,stepwise_test,5.0,66eb648c6256c151,0.0,0.3448440595137482,0.0018426446976829885,0.008880826444964735,0.008407777139298368,0.05000000276424353,-6.868615082332066,3.894294568470546,-30.126670837402344
0.3333333333333333,3,stepwise_test,5.0,67f63c1627c03412,0.012499999999999956,0.3448440595137482,0.0018426446976829885,0.008880826444964735,0.008407777139298368,0.05000000276424353,-6.868615082332066,3.894294568470546,-30.126670837402344
0.3333333333333333,3,stepwise_test,5.0,6d1d8e613ece86e7,0.0,0.3448440595137482,0.0018426446976829885,0.008880826444964735,0.008407777139298368,0.05000000276424353,-6.868615082332066,3.894294568470546,-30.126670837402344
0.3333333333333333,3,stepwise_test,5.0,6f3466b968e73ba3,0.009302325581395321,0.3448440595137482,0.0018426446976829885,0.008880826444964735,0.008407777139298368,0.05000000276424353,-6.868615082332066,3.894294568470546,-30.126670837402344
0.3333333333333333,3,stepwise_test,5.0,71fe74132803f26b,0.0,0.3448440595137482,0.0018426446976829885,0.008880826444964735,0.008407777139298368,0.05000000276424353,-6.868615082332066,3.894294568470546,-30.126670837402344
0.3333333333333333,3,stepwise_test,5.0,76825b753db42030,0.0,0.3448440595137482,0.0018426446976829885,0.008880826444964735,0.008407777139298368,0.05000000276424353,-6.868615082332066,3.894294568470546,-30.126670837402344
0.3333333333333333,3,stepwise_test,5.0,78001bdfb89f1ad1,0.0,0.3448440595137482,0.0018426446976829885,0.008880826444964735,0.008407777139298368,0.05000000276424353,-6.868615082332066,3.894294568470546,-30.126670837402344
0.3333333333333333,3,stepwise_test,5.0,7b925779bf22fd74,0.00877192982456143,0.3448440595137482,0.0018426446976829885,0.008880826444964735,0.008407777139298368,0.05000000276424353,-6.868615082332066,3.894294568470546,-30.126670837402344
0.3333333333333333,3,stepwise_test,5.0,7be724e7d2299999,0.011560693641618491,0.3448440595137482,0.0018426446976829885,0.008880826444964735,0.008407777139298368,0.05000000276424353,-6.868615082332066,3.894294568470546,-30.126670837402344
0.3333333333333333,3,stepwise_test,5.0,82da82d3e55219a5,0.0,0.3448440595137482,0.0018426446976829885,0.008880826444964735,0.008407777139298368,0.05000000276424353,-6.868615082332066,3.894294568470546,-30.126670837402344
0.3333333333333333,3,stepwise_test,5.0,8acfa77cf5234bd4,0.0,0.3448440595137482,0.0018426446976829885,0.008880826444964735,0.008407777139298368,0.05000000276424353,-6.868615082332066,3.894294568470546,-30.126670837402344
0.3333333333333333,3,stepwise_test,5.0,9332a9cf5d92314a,0.0,0.3448440595137482,0.0018426446976829885,0.008880826444964735,0.008407777139298368,0.05000000276424353,-6.868615082332066,3.894294568470546,-30.126670837402344
0.3333333333333333,3,stepwise_test,5.0,9f60113cec74b0ee,0.0,0.3448440595137482,0.0018426446976829885,0.008880826444964735,0.008407777139298368,0.05000000276424353,-6.868615082332066,3.894294568470546,-30.126670837402344
0.3333333333333333,3,stepwise_test,5.0,a2f68f9c135648a0,0.0,0.3448440595137482,0.0018426446976829885,0.008880826444964735,0.008407777139298368,0.05000000276424353,-6.868615082332066,3.894294568470546,-30.126670837402344
0.3333333333333333,3,stepwise_test,5.0,a3ecb75bd15d05d8,0.0,0.3448440595137482,0.0018426446976829885,0.008880826444964735,0.008407777139298368,0.05000000276424353,-6.868615082332066,3.894294568470546,-30.126670837402344
0.3333333333333333,3,stepwise_test,5.0,a4a471e79162ce6a,0.0,0.3448440595137482,0.0018426446976829885,0.008880826444964735,0.008407777139298368,0.05000000276424353,-6.868615082332066,3.894294568470546,-30.126670837402344
0.3333333333333333,3,stepwise_test,5.0,aa0070de67183c08,0.0,0.3448440595137482,0.0018426446976829885,0.008880826444964735,0.008407777139298368,0.05000000276424353,-6.868615082332066,3.894294568470546,-30.126670837402344
0.3333333333333333,3,stepwise_test,5.0,aa6bc6d9ff6d7768,0.009049773755656076,0.3448440595137482,0.0018426446976829885,0.008880826444964735,0.008407777139298368,0.05000000276424353,-6.868615082332066,3.894294568470546,-30.126670837402344
0.3333333333333333,3,stepwise_test,5.0,acd5a3fd547677f6,0.0,0.3448440595137482,0.0018426446976829885,0.008880826444964735,0.008407777139298368,0.05000000276424353,-6.868615082332066,3.894294568470546,-30.126670837402344
0.3333333333333333,3,stepwise_test,5.0,b5124e1b88000bd7,0.0,0.3448440595137482,0.0018426446976829885,0.008880826444964735,0.008407777139298368,0.05000000276424353,-6.868615082332066,3.894294568470546,-30.126670837402344
0.3333333333333333,3,stepwise_test,5.0,b62f26029c55da5d,0.0,0.3448440595137482,0.0018426446976829885,0.008880826444964735,0.008407777139298368,0.05000000276424353,-6.868615082332066,3.894294568470546,-30.126670837402344
0.3333333333333333,3,stepwise_test,5.0,b7036711cecf282e,0.009433962264150941,0.3448440595137482,0.0018426446976829885,0.008880826444964735,0.008407777139298368,0.05000000276424353,-6.868615082332066,3.894294568470546,-30.126670837402344
0.3333333333333333,3,stepwise_test,5.0,bc83dba623c24f83,0.0,0.3448440595137482,0.0018426446976829885,0.008880826444964735,0.008407777139298368,0.05000000276424353,-6.868615082332066,3.894294568470546,-30.126670837402344
0.3333333333333333,3,stepwise_test,5.0,bd981ed06e640944,0.009090909090909038,0.3448440595137482,0.0018426446976829885,0.008880826444964735,0.008407777139298368,0.05000000276424353,-6.868615082332066,3.894294568470546,-30.126670837402344
0.3333333333333333,3,stepwise_test,5.0,c0b0a6fd8196e526,0.0,0.3448440595137482,0.0018426446976829885,0.008880826444964735,0.008407777139298368,0.05000000276424353,-6.868615082332066,3.894294568470546,-30.126670837402344
0.3333333333333333,3,stepwise_test,5.0,c0da6f9a810ac96e,0.0,0.3448440595137482,0.0018426446976829885,0.008880826444964735,0.008407777139298368,0.05000000276424353,-6.868615082332066,3.894294568470546,-30.126670837402344
0.3333333333333333,3,stepwise_test,5.0,c4e140c6b10a0649,0.0,0.3448440595137482,0.0018426446976829885,0.008880826444964735,0.008407777139298368,0.05000000276424353,-6.868615082332066,3.894294568470546,-30.126670837402344
0.3333333333333333,3,stepwise_test,5.0,ceab4fde9bc557e9,0.02564102564102566,0.3448440595137482,0.0018426446976829885,0.008880826444964735,0.008407777139298368,0.05000000276424353,-6.868615082332066,3.894294568470546,-30.126670837402344
0.3333333333333333,3,stepwise_test,5.0,cfd0baecd1304030,0.0,0.3448440595137482,0.0018426446976829885,0.008880826444964735,0.008407777139298368,0.05000000276424353,-6.868615082332066,3.894294568470546,-30.126670837402344
0.3333333333333333,3,stepwise_test,5.0,d437bb99475d3d83,0.0,0.3448440595137482,0.0018426446976829885,0.008880826444964735,0.008407777139298368,0.05000000276424353,-6.868615082332066,3.894294568470546,-30.126670837402344
0.3333333333333333,3,stepwise_test,5.0,df593c445aa37cdd,0.0,0.3448440595137482,0.0018426446976829885,0.008880826444964735,0.008407777139298368,0.05000000276424353,-6.868615082332066,3.894294568470546,-30.126670837402344
0.3333333333333333,3,stepwise_test,5.0,e0cbaf79c0d6e3eb,0.0,0.3448440595137482,0.0018426446976829885,0.008880826444964735,0.008407777139298368,0.05000000276424353,-6.868615082332066,3.894294568470546,-30.126670837402344
0.3333333333333333,3,stepwise_test,5.0,e3664a91fc92d1d6,0.0,0.3448440595137482,0.0018426446976829885,0.008880826444964735,0.008407777139298368,0.05000000276424353,-6.868615082332066,3.894294568470546,-30.126670837402344
0.3333333333333333,3,stepwise_test,5.0,e55575bab6cd051d,0.0,0.3448440595137482,0.0018426446976829885,0.008880826444964735,0.008407777139298368,0.05000000276424353,-6.868615082332066,3.894294568470546,-30.126670837402344
0.3333333333333333,3,stepwise_test,5.0,eac6ec2b274f3fe8,0.0092592592592593,0.3448440595137482,0.0018426446976829885,0.008880826444964735,0.008407777139298368,0.05000000276424353,-6.868615082332066,3.894294568470546,-30.126670837402344
0.3333333333333333,3,stepwise_test,5.0,eb5cda6e1fe9f6b5,0.010869565217391353,0.3448440595137482,0.0018426446976829885,0.008880826444964735,0.008407777139298368,0.05000000276424353,-6.868615082332066,3.894294568470546,-30.126670837402344
0.3333333333333333,3,stepwise_test,5.0,ecbc64034f374904,0.008130081300813052,0.3448440595137482,0.0018426446976829885,0.008880826444964735,0.008407777139298368,0.05000000276424353,-6.868615082332066,3.894294568470546,-30.126670837402344
0.3333333333333333,3,stepwise_test,5.0,f16d6af3f8b8b330,0.010362694300518172,0.3448440595137482,0.0018426446976829885,0.008880826444964735,0.008407777139298368,0.05000000276424353,-6.868615082332066,3.894294568470546,-30.126670837402344
0.3333333333333333,3,stepwise_test,5.0,f2e24c35c5249c8b,0.0,0.3448440595137482,0.0018426446976829885,0.008880826444964735,0.008407777139298368,0.05000000276424353,-6.868615082332066,3.894294568470546,-30.126670837402344
0.36,3,authority_test,0.0,018ccdd70b67d50b,1.0,0.3130922027685002,0.01876245081386669,0.02484544943196069,0.04580775509565487,0.050000002771963835,-1.5396109308515276,4.34096588407244,-26.32982063293457
0.36,3,authority_test,0.0,0545ede9161cd87b,1.0,0.3130922027685002,0.01876245081386669,0.02484544943196069,0.04580775509565487,0.050000002771963835,-1.5396109308515276,4.34096588407244,-26.32982063293457
0.36,3,authority_test,0.0,0822110b214bf434,1.0,0.3130922027685002,0.01876245081386669,0.02484544943196069,0.04580775509565487,0.050000002771963835,-1.5396109308515276,4.34096588407244,-26.32982063293457
0.36,3,authority_test,0.0,0dbb1e13fa00f0f6,1.0,0.3130922027685002,0.01876245081386669,0.02484544943196069,0.04580775509565487,0.050000002771963835,-1.5396109308515276,4.34096588407244,-26.32982063293457
0.36,3,authority_test,0.0,0e2ca3a9a1e8e218,1.0,0.3130922027685002,0.01876245081386669,0.02484544943196069,0.04580775509565487,0.050000002771963835,-1.5396109308515276,4.34096588407244,-26.32982063293457
0.36,3,authority_test,0.0,101df2256aecf75b,0.0,0.3130922027685002,0.01876245081386669,0.02484544943196069,0.04580775509565487,0.050000002771963835,-1.5396109308515276,4.34096588407244,-26.32982063293457
0.36,3,authority_test,0.0,1717ce53958590ba,0.0,0.3130922027685002,0.01876245081386669,0.02484544943196069,0.04580775509565487,0.050000002771963835,-1.5396109308515276,4.34096588407244,-26.32982063293457
0.36,3,authority_test,0.0,1868815d0a7c6716,1.0,0.3130922027685002,0.01876245081386669,0.02484544943196069,0.04580775509565487,0.050000002771963835,-1.5396109308515276,4.34096588407244,-26.32982063293457
0.36,3,authority_test,0.0,1991ac094bc47b5a,0.0,0.3130922027685002,0.01876245081386669,0.02484544943196069,0.04580775509565487,0.050000002771963835,-1.5396109308515276,4.34096588407244,-26.32982063293457
0.36,3,authority_test,0.0,1e9be34e7c154aee,1.0,0.3130922027685002,0.01876245081386669,0.02484544943196069,0.04580775509565487,0.050000002771963835,-1.5396109308515276,4.34096588407244,-26.32982063293457
0.36,3,authority_test,0.0,245b8a2be8abc37e,1.0,0.3130922027685002,0.01876245081386669,0.02484544943196069,0.04580775509565487,0.050000002771963835,-1.5396109308515276,4.34096588407244,-26.32982063293457
0.36,3,authority_test,0.0,2982eb379acc1dcf,0.008230452674897082,0.3130922027685002,0.01876245081386669,0.02484544943196069,0.04580775509565487,0.050000002771963835,-1.5396109308515276,4.34096588407244,-26.32982063293457
0.36,3,authority_test,0.0,2a7630b9ddded8d5,1.0,0.3130922027685002,0.01876245081386669,0.02484544943196069,0.04580775509565487,0.050000002771963835,-1.5396109308515276,4.34096588407244,-26.32982063293457
0.36,3,authority_test,0.0,3159f31edc896059,0.008196721311475419,0.3130922027685002,0.01876245081386669,0.02484544943196069,0.04580775509565487,0.050000002771963835,-1.5396109308515276,4.34096588407244,-26.32982063293457
0.36,3,authority_test,0.0,3605a51c50d5daa0,0.007352941176470562,0.3130922027685002,0.01876245081386669,0.02484544943196069,0.04580775509565487,0.050000002771963835,-1.5396109308515276,4.34096588407244,-26.32982063293457
0.36,3,authority_test,0.0,38e3fe88a50cb3ef,0.0,0.3130922027685002,0.01876245081386669,0.02484544943196069,0.04580775509565487,0.050000002771963835,-1.5396109308515276,4.34096588407244,-26.32982063293457
0.36,3,authority_test,0.0,3a831f177b4c7882,0.0,0.3130922027685002,0.01876245081386669,0.02484544943196069,0.04580775509565487,0.050000002771963835,-1.5396109308515276,4.34096588407244,-26.32982063293457
0.36,3,authority_test,0.0,41450c0e975a1c31,0.0,0.3130922027685002,0.01876245081386669,0.02484544943196069,0.04580775509565487,0.050000002771963835,-1.5396109308515276,4.34096588407244,-26.32982063293457
0.36,3,authority_test,0.0,4381c0fb4c396040,0.0,0.3130922027685002,0.01876245081386669,0.02484544943196069,0.04580775509565487,0.050000002771963835,-1.5396109308515276,4.34096588407244,-26.32982063293457
0.36,3,authority_test,0.0,44e03bc01ee3055a,1.0,0.3130922027685002,0.01876245081386669,0.02484544943196069,0.04580775509565487,0.050000002771963835,-1.5396109308515276,4.34096588407244,-26.32982063293457
0.36,3,authority_test,0.0,47bf27669a8fa08a,0.0073800738007380184,0.3130922027685002,0.01876245081386669,0.02484544943196069,0.04580775509565487,0.050000002771963835,-1.5396109308515276,4.34096588407244,-26.32982063293457
0.36,3,authority_test,0.0,486ee1ca9e71adc6,0.0,0.3130922027685002,0.01876245081386669,0.02484544943196069,0.04580775509565487,0.050000002771963835,-1.5396109308515276,4.34096588407244,-26.32982063293457
0.36,3,authority_test,0.0,4910c9193fca9a21,0.0,0.3130922027685002,0.01876245081386669,0.02484544943196069,0.04580775509565487,0.050000002771963835,-1.5396109308515276,4.34096588407244,-26.32982063293457
0.36,3,authority_test,0.0,4a78cd4f429333ac,0.0,0.3130922027685002,0.01876245081386669,0.02484544943196069,0.04580775509565487,0.050000002771963835,-1.5396109308515276,4.34096588407244,-26.32982063293457
0.36,3,authority_test,0.0,4d3a619d3d16b595,1.0,0.3130922027685002,0.01876245081386669,0.02484544943196069,0.04580775509565487,0.050000002771963835,-1.5396109308515276,4.34096588407244,-26.32982063293457
0.36,3,authority_test,0.0,4e12766ab5ee9a6f,0.0,0.3130922027685002,0.01876245081386669,0.02484544943196069,0.04580775509565487,0.050000002771963835,-1.5396109308515276,4.34096588407244,-26.32982063293457
0.36,3,authority_test,0.0,5406f38bad958fff,1.0,0.3130922027685002,0.01876245081386669,0.02484544943196069,0.04580775509565487,0.050000002771963835,-1.5396109308515276,4.34096588407244,-26.32982063293457
0.36,3,authority_test,0.0,5b6660299c28d21a,1.0,0.3130922027685002,0.01876245081386669,0.02484544943196069,0.04580775509565487,0.050000002771963835,-1.5396109308515276,4.34096588407244,-26.32982063293457
0.36,3,authority_test,0.0,5d8a6dda9c034943,0.0,0.3130922027685002,0.01876245081386669,0.02484544943196069,0.04580775509565487,0.050000002771963835,-1.5396109308515276,4.34096588407244,-26.32982063293457
0.36,3,authority_test,0.0,6354b26bfd6b0d3b,0.007092198581560294,0.3130922027685002,0.01876245081386669,0.02484544943196069,0.04580775509565487,0.050000002771963835,-1.5396109308515276,4.34096588407244,-26.32982063293457
0.36,3,authority_test,0.0,663b72de42e74e86,0.0,0.3130922027685002,0.01876245081386669,0.02484544943196069,0.04580775509565487,0.050000002771963835,-1.5396109308515276,4.34096588407244,-26.32982063293457
0.36,3,authority_test,0.0,66eb648c6256c151,0.0,0.3130922027685002,0.01876245081386669,0.02484544943196069,0.04580775509565487,0.050000002771963835,-1.5396109308515276,4.34096588407244,-26.32982063293457
0.36,3,authority_test,0.0,67f63c1627c03412,0.0,0.3130922027685002,0.01876245081386669,0.02484544943196069,0.04580775509565487,0.050000002771963835,-1.5396109308515276,4.34096588407244,-26.32982063293457
0.36,3,authority_test,0.0,6d1d8e613ece86e7,0.0,0.3130922027685002,0.01876245081386669,0.02484544943196069,0.04580775509565487,0.050000002771963835,-1.5396109308515276,4.34096588407244,-26.32982063293457
0.36,3,authority_test,0.0,6f3466b968e73ba3,0.0,0.3130922027685002,0.01876245081386669,0.02484544943196069,0.04580775509565487,0.050000002771963835,-1.5396109308515276,4.34096588407244,-26.32982063293457
0.36,3,authority_test,0.0,71fe74132803f26b,0.0,0.3130922027685002,0.01876245081386669,0.02484544943196069,0.04580775509565487,0.050000002771963835,-1.5396109308515276,4.34096588407244,-26.32982063293457
0.36,3,authority_test,0.0,76825b753db42030,1.0,0.3130922027685002,0.01876245081386669,0.02484544943196069,0.04580775509565487,0.050000002771963835,-1.5396109308515276,4.34096588407244,-26.32982063293457
0.36,3,authority_test,0.0,78001bdfb89f1ad1,1.0,0.3130922027685002,0.01876245081386669,0.02484544943196069,0.04580775509565487,0.050000002771963835,-1.5396109308515276,4.34096588407244,-26.32982063293457
0.36,3,authority_test,0.0,7b925779bf22fd74,0.0,0.3130922027685002,0.01876245081386669,0.02484544943196069,0.04580775509565487,0.050000002771963835,-1.5396109308515276,4.34096588407244,-26.32982063293457
0.36,3,authority_test,0.0,7be724e7d2299999,0.0,0.3130922027685002,0.01876245081386669,0.02484544943196069,0.04580775509565487,0.050000002771963835,-1.5396109308515276,4.34096588407244,-26.32982063293457
0.36,3,authority_test,0.0,82da82d3e55219a5,0.05555555555555558,0.3130922027685002,0.01876245081386669,0.02484544943196069,0.04580775509565487,0.050000002771963835,-1.5396109308515276,4.34096588407244,-26.32982063293457
0.36,3,authority_test,0.0,8acfa77cf5234bd4,0.036329352608422294,0.3130922027685002,0.01876245081386669,0.02484544943196069,0.04580775509565487,0.050000002771963835,-1.5396109308515276,4.34096588407244,-26.32982063293457
0.36,3,authority_test,0.0,9332a9cf5d92314a,0.008163265306122436,0.3130922027685002,0.01876245081386669,0.02484544943196069,0.04580775509565487,0.050000002771963835,-1.5396109308515276,4.34096588407244,-26.32982063293457
0.36,3,authority_test,0.0,9f60113cec74b0ee,0.0,0.3130922027685002,0.01876245081386669,0.02484544943196069,0.04580775509565487,0.050000002771963835,-1.5396109308515276,4.34096588407244,-26.32982063293457
0.36,3,authority_test,0.0,a2f68f9c135648a0,1.0,0.3130922027685002,0.01876245081386669,0.02484544943196069,0.04580775509565487,0.050000002771963835,-1.5396109308515276,4.34096588407244,-26.32982063293457
0.36,3,authority_test,0.0,a3ecb75bd15d05d8,1.0,0.3130922027685002,0.01876245081386669,0.02484544943196069,0.04580775509565487,0.050000002771963835,-1.5396109308515276,4.34096588407244,-26.32982063293457
0.36,3,authority_test,0.0,a4a471e79162ce6a,0.0,0.3130922027685002,0.01876245081386669,0.02484544943196069,0.04580775509565487,0.050000002771963835,-1.5396109308515276,4.34096588407244,-26.32982063293457
0.36,3,authority_test,0.0,aa0070de67183c08,0.0,0.3130922027685002,0.01876245081386669,0.02484544943196069,0.04580775509565487,0.050000002771963835,-1.5396109308515276,4.34096588407244,-26.32982063293457
0.36,3,authority_test,0.0,aa6bc6d9ff6d7768,1.0,0.3130922027685002,0.01876245081386669,0.02484544943196069,0.04580775509565487,0.050000002771963835,-1.5396109308515276,4.34096588407244,-26.32982063293457
0.36,3,authority_test,0.0,acd5a3fd547677f6,0.0,0.3130922027685002,0.01876245081386669,0.02484544943196069,0.04580775509565487,0.050000002771963835,-1.5396109308515276,4.34096588407244,-26.32982063293457
0.36,3,authority_test,0.0,b5124e1b88000bd7,0.0,0.3130922027685002,0.01876245081386669,0.02484544943196069,0.04580775509565487,0.050000002771963835,-1.5396109308515276,4.34096588407244,-26.32982063293457
0.36,3,authority_test,0.0,b62f26029c55da5d,1.0,0.3130922027685002,0.01876245081386669,0.02484544943196069,0.04580775509565487,0.050000002771963835,-1.5396109308515276,4.34096588407244,-26.32982063293457
0.36,3,authority_test,0.0,b7036711cecf282e,1.0,0.3130922027685002,0.01876245081386669,0.02484544943196069,0.04580775509565487,0.050000002771963835,-1.5396109308515276,4.34096588407244,-26.32982063293457
0.36,3,authority_test,0.0,bc83dba623c24f83,1.0,0.3130922027685002,0.01876245081386669,0.02484544943196069,0.04580775509565487,0.050000002771963835,-1.5396109308515276,4.34096588407244,-26.32982063293457
0.36,3,authority_test,0.0,bd981ed06e640944,1.0,0.3130922027685002,0.01876245081386669,0.02484544943196069,0.04580775509565487,0.050000002771963835,-1.5396109308515276,4.34096588407244,-26.32982063293457
0.36,3,authority_test,0.0,c0b0a6fd8196e526,1.0,0.3130922027685002,0.01876245081386669,0.02484544943196069,0.04580775509565487,0.050000002771963835,-1.5396109308515276,4.34096588407244,-26.32982063293457
0.36,3,authority_test,0.0,c0da6f9a810ac96e,0.0,0.3130922027685002,0.01876245081386669,0.02484544943196069,0.04580775509565487,0.050000002771963835,-1.5396109308515276,4.34096588407244,-26.32982063293457
0.36,3,authority_test,0.0,c4e140c6b10a0649,0.0,0.3130922027685002,0.01876245081386669,0.02484544943196069,0.04580775509565487,0.050000002771963835,-1.5396109308515276,4.34096588407244,-26.32982063293457
0.36,3,authority_test,0.0,ceab4fde9bc557e9,0.0,0.3130922027685002,0.01876245081386669,0.02484544943196069,0.04580775509565487,0.050000002771963835,-1.5396109308515276,4.34096588407244,-26.32982063293457
0.36,3,authority_test,0.0,cfd0baecd1304030,1.0,0.3130922027685002,0.01876245081386669,0.02484544943196069,0.04580775509565487,0.050000002771963835,-1.5396109308515276,4.34096588407244,-26.32982063293457
0.36,3,authority_test,0.0,d437bb99475d3d83,0.0,0.3130922027685002,0.01876245081386669,0.02484544943196069,0.04580775509565487,0.050000002771963835,-1.5396109308515276,4.34096588407244,-26.32982063293457
0.36,3,authority_test,0.0,df593c445aa37cdd,0.008403361344537785,0.3130922027685002,0.01876245081386669,0.02484544943196069,0.04580775509565487,0.050000002771963835,-1.5396109308515276,4.34096588407244,-26.32982063293457
0.36,3,authority_test,0.0,e0cbaf79c0d6e3eb,1.0,0.3130922027685002,0.01876245081386669,0.02484544943196069,0.04580775509565487,0.050000002771963835,-1.5396109308515276,4.34096588407244,-26.32982063293457
0.36,3,authority_test,0.0,e3664a91fc92d1d6,0.0091324200913242,0.3130922027685002,0.01876245081386669,0.02484544943196069,0.04580775509565487,0.050000002771963835,-1.5396109308515276,4.34096588407244,-26.32982063293457
0.36,3,authority_test,0.0,e55575bab6cd051d,0.0,0.3130922027685002,0.01876245081386669,0.02484544943196069,0.04580775509565487,0.050000002771963835,-1.5396109308515276,4.34096588407244,-26.32982063293457
0.36,3,authority_test,0.0,eac6ec2b274f3fe8,0.008583690987124415,0.3130922027685002,0.01876245081386669,0.02484544943196069,0.04580775509565487,0.050000002771963835,-1.5396109308515276,4.34096588407244,-26.32982063293457
0.36,3,authority_test,0.0,eb5cda6e1fe9f6b5,1.0,0.3130922027685002,0.01876245081386669,0.02484544943196069,0.04580775509565487,0.050000002771963835,-1.5396109308515276,4.34096588407244,-26.32982063293457
0.36,3,authority_test,0.0,ecbc64034f374904,0.0,0.3130922027685002,0.01876245081386669,0.02484544943196069,0.04580775509565487,0.050000002771963835,-1.5396109308515276,4.34096588407244,-26.32982063293457
0.36,3,authority_test,0.0,f16d6af3f8b8b330,1.0,0.3130922027685002,0.01876245081386669,0.02484544943196069,0.04580775509565487,0.050000002771963835,-1.5396109308515276,4.34096588407244,-26.32982063293457
0.36,3,authority_test,0.0,f2e24c35c5249c8b,0.008620689655172376,0.3130922027685002,0.01876245081386669,0.02484544943196069,0.04580775509565487,0.050000002771963835,-1.5396109308515276,4.34096588407244,-26.32982063293457
0.36,3,authority_test,2.0,018ccdd70b67d50b,0.0,0.3130922027685002,0.01498923602056228,0.02331604238593418,0.04999835613092331,0.05000000277644323,-3.4965809413364957,4.14526104927063,-27.848560333251953
0.36,3,authority_test,2.0,0545ede9161cd87b,1.0,0.3130922027685002,0.01498923602056228,0.02331604238593418,0.04999835613092331,0.05000000277644323,-3.4965809413364957,4.14526104927063,-27.848560333251953
0.36,3,authority_test,2.0,0822110b214bf434,0.0,0.3130922027685002,0.01498923602056228,0.02331604238593418,0.04999835613092331,0.05000000277644323,-3.4965809413364957,4.14526104927063,-27.848560333251953
0.36,3,authority_test,2.0,0dbb1e13fa00f0f6,1.0,0.3130922027685002,0.01498923602056228,0.02331604238593418,0.04999835613092331,0.05000000277644323,-3.4965809413364957,4.14526104927063,-27.848560333251953
0.36,3,authority_test,2.0,0e2ca3a9a1e8e218,0.0,0.3130922027685002,0.01498923602056228,0.02331604238593418,0.04999835613092331,0.05000000277644323,-3.4965809413364957,4.14526104927063,-27.848560333251953
0.36,3,authority_test,2.0,101df2256aecf75b,0.0,0.3130922027685002,0.01498923602056228,0.02331604238593418,0.04999835613092331,0.05000000277644323,-3.4965809413364957,4.14526104927063,-27.848560333251953
0.36,3,authority_test,2.0,1717ce53958590ba,0.0,0.3130922027685002,0.01498923602056228,0.02331604238593418,0.04999835613092331,0.05000000277644323,-3.4965809413364957,4.14526104927063,-27.848560333251953
0.36,3,authority_test,2.0,1868815d0a7c6716,0.007299270072992692,0.3130922027685002,0.01498923602056228,0.02331604238593418,0.04999835613092331,0.05000000277644323,-3.4965809413364957,4.14526104927063,-27.848560333251953
0.36,3,authority_test,2.0,1991ac094bc47b5a,0.008368200836820106,0.3130922027685002,0.01498923602056228,0.02331604238593418,0.04999835613092331,0.05000000277644323,-3.4965809413364957,4.14526104927063,-27.848560333251953
0.36,3,authority_test,2.0,1e9be34e7c154aee,0.0,0.3130922027685002,0.01498923602056228,0.02331604238593418,0.04999835613092331,0.05000000277644323,-3.4965809413364957,4.14526104927063,-27.848560333251953
0.36,3,authority_test,2.0,245b8a2be8abc37e,0.0,0.3130922027685002,0.01498923602056228,0.02331604238593418,0.04999835613092331,0.05000000277644323,-3.4965809413364957,4.14526104927063,-27.848560333251953
0.36,3,authority_test,2.0,2982eb379acc1dcf,0.0,0.3130922027685002,0.01498923602056228,0.02331604238593418,0.04999835613092331,0.05000000277644323,-3.4965809413364957,4.14526104927063,-27.848560333251953
0.36,3,authority_test,2.0,2a7630b9ddded8d5,0.0,0.3130922027685002,0.01498923602056228,0.02331604238593418,0.04999835613092331,0.05000000277644323,-3.4965809413364957,4.14526104927063,-27.848560333251953
0.36,3,authority_test,2.0,3159f31edc896059,0.007905138339920903,0.3130922027685002,0.01498923602056228,0.02331604238593418,0.04999835613092331,0.05000000277644323,-3.4965809413364957,4.14526104927063,-27.848560333251953
0.36,3,authority_test,2.0,3605a51c50d5daa0,0.0,0.3130922027685002,0.01498923602056228,0.02331604238593418,0.04999835613092331,0.05000000277644323,-3.4965809413364957,4.14526104927063,-27.848560333251953
0.36,3,authority_test,2.0,38e3fe88a50cb3ef,0.0,0.3130922027685002,0.01498923602056228,0.02331604238593418,0.04999835613092331,0.05000000277644323,-3.4965809413364957,4.14526104927063,-27.848560333251953
0.36,3,authority_test,2.0,3a831f177b4c7882,0.0,0.3130922027685002,0.01498923602056228,0.02331604238593418,0.04999835613092331,0.05000000277644323,-3.4965809413364957,4.14526104927063,-27.848560333251953
0.36,3,authority_test,2.0,41450c0e975a1c31,0.00877192982456143,0.3130922027685002,0.01498923602056228,0.02331604238593418,0.04999835613092331,0.05000000277644323,-3.4965809413364957,4.14526104927063,-27.848560333251953
0.36,3,authority_test,2.0,4381c0fb4c396040,1.0,0.3130922027685002,0.01498923602056228,0.02331604238593418,0.04999835613092331,0.05000000277644323,-3.4965809413364957,4.14526104927063,-27.848560333251953
0.36,3,authority_test,2.0,44e03bc01ee3055a,1.0,0.3130922027685002,0.01498923602056228,0.02331604238593418,0.04999835613092331,0.05000000277644323,-3.4965809413364957,4.14526104927063,-27.848560333251953
0.36,3,authority_test,2.0,47bf27669a8fa08a,0.0072202166064981865,0.3130922027685002,0.01498923602056228,0.02331604238593418,0.04999835613092331,0.05000000277644323,-3.4965809413364957,4.14526104927063,-27.848560333251953
0.36,3,authority_test,2.0,486ee1ca9e71adc6,0.0,0.3130922027685002,0.01498923602056228,0.02331604238593418,0.04999835613092331,0.05000000277644323,-3.4965809413364957,4.14526104927063,-27.848560333251953
0.36,3,authority_test,2.0,4910c9193fca9a21,0.0,0.3130922027685002,0.01498923602056228,0.02331604238593418,0.04999835613092331,0.05000000277644323,-3.4965809413364957,4.14526104927063,-27.848560333251953
0.36,3,authority_test,2.0,4a78cd4f429333ac,0.0,0.3130922027685002,0.01498923602056228,0.02331604238593418,0.04999835613092331,0.05000000277644323,-3.4965809413364957,4.14526104927063,-27.848560333251953
0.36,3,authority_test,2.0,4d3a619d3d16b595,1.0,0.3130922027685002,0.01498923602056228,0.02331604238593418,0.04999835613092331,0.05000000277644323,-3.4965809413364957,4.14526104927063,-27.848560333251953
0.36,3,authority_test,2.0,4e12766ab5ee9a6f,1.0,0.3130922027685002,0.01498923602056228,0.02331604238593418,0.04999835613092331,0.05000000277644323,-3.4965809413364957,4.14526104927063,-27.848560333251953
0.36,3,authority_test,2.0,5406f38bad958fff,0.0,0.3130922027685002,0.01498923602056228,0.02331604238593418,0.04999835613092331,0.05000000277644323,-3.4965809413364957,4.14526104927063,-27.848560333251953
0.36,3,authority_test,2.0,5b6660299c28d21a,0.0,0.3130922027685002,0.01498923602056228,0.02331604238593418,0.04999835613092331,0.05000000277644323,-3.4965809413364957,4.14526104927063,-27.848560333251953
0.36,3,authority_test,2.0,5d8a6dda9c034943,0.0,0.3130922027685002,0.01498923602056228,0.02331604238593418,0.04999835613092331,0.05000000277644323,-3.4965809413364957,4.14526104927063,-27.848560333251953
0.36,3,authority_test,2.0,6354b26bfd6b0d3b,0.00694444444444442,0.3130922027685002,0.01498923602056228,0.02331604238593418,0.04999835613092331,0.05000000277644323,-3.4965809413364957,4.14526104927063,-27.848560333251953
0.36,3,authority_test,2.0,663b72de42e74e86,0.0,0.3130922027685002,0.01498923602056228,0.02331604238593418,0.04999835613092331,0.05000000277644323,-3.4965809413364957,4.14526104927063,-27.848560333251953
0.36,3,authority_test,2.0,66eb648c6256c151,0.007874015748031482,0.3130922027685002,0.01498923602056228,0.02331604238593418,0.04999835613092331,0.05000000277644323,-3.4965809413364957,4.14526104927063,-27.848560333251953
0.36,3,authority_test,2.0,67f63c1627c03412,1.0,0.3130922027685002,0.01498923602056228,0.02331604238593418,0.04999835613092331,0.05000000277644323,-3.4965809413364957,4.14526104927063,-27.848560333251953
0.36,3,authority_test,2.0,6d1d8e613ece86e7,0.009661835748792313,0.3130922027685002,0.01498923602056228,0.02331604238593418,0.04999835613092331,0.05000000277644323,-3.4965809413364957,4.14526104927063,-27.848560333251953
0.36,3,authority_test,2.0,6f3466b968e73ba3,1.0,0.3130922027685002,0.01498923602056228,0.02331604238593418,0.04999835613092331,0.05000000277644323,-3.4965809413364957,4.14526104927063,-27.848560333251953
0.36,3,authority_test,2.0,71fe74132803f26b,0.0,0.3130922027685002,0.01498923602056228,0.02331604238593418,0.04999835613092331,0.05000000277644323,-3.4965809413364957,4.14526104927063,-27.848560333251953
0.36,3,authority_test,2.0,76825b753db42030,0.0,0.3130922027685002,0.01498923602056228,0.02331604238593418,0.04999835613092331,0.05000000277644323,-3.4965809413364957,4.14526104927063,-27.848560333251953
0.36,3,authority_test,2.0,78001bdfb89f1ad1,1.0,0.3130922027685002,0.01498923602056228,0.02331604238593418,0.04999835613092331,0.05000000277644323,-3.4965809413364957,4.14526104927063,-27.848560333251953
0.36,3,authority_test,2.0,7b925779bf22fd74,0.0,0.3130922027685002,0.01498923602056228,0.02331604238593418,0.04999835613092331,0.05000000277644323,-3.4965809413364957,4.14526104927063,-27.848560333251953
0.36,3,authority_test,2.0,7be724e7d2299999,0.0,0.3130922027685002,0.01498923602056228,0.02331604238593418,0.04999835613092331,0.05000000277644323,-3.4965809413364957,4.14526104927063,-27.848560333251953
0.36,3,authority_test,2.0,82da82d3e55219a5,0.0,0.3130922027685002,0.01498923602056228,0.02331604238593418,0.04999835613092331,0.05000000277644323,-3.4965809413364957,4.14526104927063,-27.848560333251953
0.36,3,authority_test,2.0,8acfa77cf5234bd4,0.008264462809917328,0.3130922027685002,0.01498923602056228,0.02331604238593418,0.04999835613092331,0.05000000277644323,-3.4965809413364957,4.14526104927063,-27.848560333251953
0.36,3,authority_test,2.0,9332a9cf5d92314a,0.007874015748031482,0.3130922027685002,0.01498923602056228,0.02331604238593418,0.04999835613092331,0.05000000277644323,-3.4965809413364957,4.14526104927063,-27.848560333251953
0.36,3,authority_test,2.0,9f60113cec74b0ee,0.0,0.3130922027685002,0.01498923602056228,0.02331604238593418,0.04999835613092331,0.05000000277644323,-3.4965809413364957,4.14526104927063,-27.848560333251953
0.36,3,authority_test,2.0,a2f68f9c135648a0,0.0,0.3130922027685002,0.01498923602056228,0.02331604238593418,0.04999835613092331,0.05000000277644323,-3.4965809413364957,4.14526104927063,-27.848560333251953
0.36,3,authority_test,2.0,a3ecb75bd15d05d8,0.0,0.3130922027685002,0.01498923602056228,0.02331604238593418,0.04999835613092331,0.05000000277644323,-3.4965809413364957,4.14526104927063,-27.848560333251953
0.36,3,authority_test,2.0,a4a471e79162ce6a,0.0,0.3130922027685002,0.01498923602056228,0.02331604238593418,0.04999835613092331,0.05000000277644323,-3.4965809413364957,4.14526104927063,-27.848560333251953
0.36,3,authority_test,2.0,aa0070de67183c08,0.007722007722007707,0.3130922027685002,0.01498923602056228,0.02331604238593418,0.04999835613092331,0.05000000277644323,-3.4965809413364957,4.14526104927063,-27.848560333251953
0.36,3,authority_test,2.0,aa6bc6d9ff6d7768,0.0,0.3130922027685002,0.01498923602056228,0.02331604238593418,0.04999835613092331,0.05000000277644323,-3.4965809413364957,4.14526104927063,-27.848560333251953
0.36,3,authority_test,2.0,acd5a3fd547677f6,0.0,0.3130922027685002,0.01498923602056228,0.02331604238593418,0.04999835613092331,0.05000000277644323,-3.4965809413364957,4.14526104927063,-27.848560333251953
0.36,3,authority_test,2.0,b5124e1b88000bd7,0.0,0.3130922027685002,0.01498923602056228,0.02331604238593418,0.04999835613092331,0.05000000277644323,-3.4965809413364957,4.14526104927063,-27.848560333251953
0.36,3,authority_test,2.0,b62f26029c55da5d,0.0,0.3130922027685002,0.01498923602056228,0.02331604238593418,0.04999835613092331,0.05000000277644323,-3.4965809413364957,4.14526104927063,-27.848560333251953
0.36,3,authority_test,2.0,b7036711cecf282e,0.0,0.3130922027685002,0.01498923602056228,0.02331604238593418,0.04999835613092331,0.05000000277644323,-3.4965809413364957,4.14526104927063,-27.848560333251953
0.36,3,authority_test,2.0,bc83dba623c24f83,0.0,0.3130922027685002,0.01498923602056228,0.02331604238593418,0.04999835613092331,0.05000000277644323,-3.4965809413364957,4.14526104927063,-27.848560333251953
0.36,3,authority_test,2.0,bd981ed06e640944,0.008547008547008517,0.3130922027685002,0.01498923602056228,0.02331604238593418,0.04999835613092331,0.05000000277644323,-3.4965809413364957,4.14526104927063,-27.848560333251953
0.36,3,authority_test,2.0,c0b0a6fd8196e526,1.0,0.3130922027685002,0.01498923602056228,0.02331604238593418,0.04999835613092331,0.05000000277644323,-3.4965809413364957,4.14526104927063,-27.848560333251953
0.36,3,authority_test,2.0,c0da6f9a810ac96e,0.0,0.3130922027685002,0.01498923602056228,0.02331604238593418,0.04999835613092331,0.05000000277644323,-3.4965809413364957,4.14526104927063,-27.848560333251953
0.36,3,authority_test,2.0,c4e140c6b10a0649,0.009569377990430672,0.3130922027685002,0.01498923602056228,0.02331604238593418,0.04999835613092331,0.05000000277644323,-3.4965809413364957,4.14526104927063,-27.848560333251953
0.36,3,authority_test,2.0,ceab4fde9bc557e9,0.0,0.3130922027685002,0.01498923602056228,0.02331604238593418,0.04999835613092331,0.05000000277644323,-3.4965809413364957,4.14526104927063,-27.848560333251953
0.36,3,authority_test,2.0,cfd0baecd1304030,1.0,0.3130922027685002,0.01498923602056228,0.02331604238593418,0.04999835613092331,0.05000000277644323,-3.4965809413364957,4.14526104927063,-27.848560333251953
0.36,3,authority_test,2.0,d437bb99475d3d83,0.0,0.3130922027685002,0.01498923602056228,0.02331604238593418,0.04999835613092331,0.05000000277644323,-3.4965809413364957,4.14526104927063,-27.848560333251953
0.36,3,authority_test,2.0,df593c445aa37cdd,0.007874015748031482,0.3130922027685002,0.01498923602056228,0.02331604238593418,0.04999835613092331,0.05000000277644323,-3.4965809413364957,4.14526104927063,-27.848560333251953
0.36,3,authority_test,2.0,e0cbaf79c0d6e3eb,0.0,0.3130922027685002,0.01498923602056228,0.02331604238593418,0.04999835613092331,0.05000000277644323,-3.4965809413364957,4.14526104927063,-27.848560333251953
0.36,3,authority_test,2.0,e3664a91fc92d1d6,0.008510638297872353,0.3130922027685002,0.01498923602056228,0.02331604238593418,0.04999835613092331,0.05000000277644323,-3.4965809413364957,4.14526104927063,-27.848560333251953
0.36,3,authority_test,2.0,e55575bab6cd051d,0.0,0.3130922027685002,0.01498923602056228,0.02331604238593418,0.04999835613092331,0.05000000277644323,-3.4965809413364957,4.14526104927063,-27.848560333251953
0.36,3,authority_test,2.0,eac6ec2b274f3fe8,0.008968609865470878,0.3130922027685002,0.01498923602056228,0.02331604238593418,0.04999835613092331,0.05000000277644323,-3.4965809413364957,4.14526104927063,-27.848560333251953
0.36,3,authority_test,2.0,eb5cda6e1fe9f6b5,0.0,0.3130922027685002,0.01498923602056228,0.02331604238593418,0.04999835613092331,0.05000000277644323,-3.4965809413364957,4.14526104927063,-27.848560333251953
0.36,3,authority_test,2.0,ecbc64034f374904,1.0,0.3130922027685002,0.01498923602056228,0.02331604238593418,0.04999835613092331,0.05000000277644323,-3.4965809413364957,4.14526104927063,-27.848560333251953
0.36,3,authority_test,2.0,f16d6af3f8b8b330,0.0,0.3130922027685002,0.01498923602056228,0.02331604238593418,0.04999835613092331,0.05000000277644323,-3.4965809413364957,4.14526104927063,-27.848560333251953
0.36,3,authority_test,2.0,f2e24c35c5249c8b,0.007246376811594235,0.3130922027685002,0.01498923602056228,0.02331604238593418,0.04999835613092331,0.05000000277644323,-3.4965809413364957,4.14526104927063,-27.848560333251953
0.36,3,authority_test,5.0,018ccdd70b67d50b,0.008403361344537785,0.3130922027685002,0.0023107018480682936,0.00965233076358539,0.01909714938519736,0.05000000248215334,-6.452461923871722,3.9637506348746165,-30.126670837402344
0.36,3,authority_test,5.0,0545ede9161cd87b,0.0,0.3130922027685002,0.0023107018480682936,0.00965233076358539,0.01909714938519736,0.05000000248215334,-6.452461923871722,3.9637506348746165,-30.126670837402344
0.36,3,authority_test,5.0,0822110b214bf434,0.25,0.3130922027685002,0.0023107018480682936,0.00965233076358539,0.01909714938519736,0.05000000248215334,-6.452461923871722,3.9637506348746165,-30.126670837402344
0.36,3,authority_test,5.0,0dbb1e13fa00f0f6,0.0,0.3130922027685002,0.0023107018480682936,0.00965233076358539,0.01909714938519736,0.05000000248215334,-6.452461923871722,3.9637506348746165,-30.126670837402344
0.36,3,authority_test,5.0,0e2ca3a9a1e8e218,0.0,0.3130922027685002,0.0023107018480682936,0.00965233076358539,0.01909714938519736,0.05000000248215334,-6.452461923871722,3.9637506348746165,-30.126670837402344
0.36,3,authority_test,5.0,101df2256aecf75b,0.0,0.3130922027685002,0.0023107018480682936,0.00965233076358539,0.01909714938519736,0.05000000248215334,-6.452461923871722,3.9637506348746165,-30.126670837402344
0.36,3,authority_test,5.0,1717ce53958590ba,0.03692801712603688,0.3130922027685002,0.0023107018480682936,0.00965233076358539,0.01909714938519736,0.05000000248215334,-6.452461923871722,3.9637506348746165,-30.126670837402344
0.36,3,authority_test,5.0,1868815d0a7c6716,0.0,0.3130922027685002,0.0023107018480682936,0.00965233076358539,0.01909714938519736,0.05000000248215334,-6.452461923871722,3.9637506348746165,-30.126670837402344
0.36,3,authority_test,5.0,1991ac094bc47b5a,0.008438818565400852,0.3130922027685002,0.0023107018480682936,0.00965233076358539,0.01909714938519736,0.05000000248215334,-6.452461923871722,3.9637506348746165,-30.126670837402344
0.36,3,authority_test,5.0,1e9be34e7c154aee,0.0,0.3130922027685002,0.0023107018480682936,0.00965233076358539,0.01909714938519736,0.05000000248215334,-6.452461923871722,3.9637506348746165,-30.126670837402344
0.36,3,authority_test,5.0,245b8a2be8abc37e,0.6666666666666667,0.3130922027685002,0.0023107018480682936,0.00965233076358539,0.01909714938519736,0.05000000248215334,-6.452461923871722,3.9637506348746165,-30.126670837402344
0.36,3,authority_test,5.0,2982eb379acc1dcf,0.007692307692307665,0.3130922027685002,0.0023107018480682936,0.00965233076358539,0.01909714938519736,0.05000000248215334,-6.452461923871722,3.9637506348746165,-30.126670837402344
0.36,3,authority_test,5.0,2a7630b9ddded8d5,0.0,0.3130922027685002,0.0023107018480682936,0.00965233076358539,0.01909714938519736,0.05000000248215334,-6.452461923871722,3.9637506348746165,-30.126670837402344
0.36,3,authority_test,5.0,3159f31edc896059,0.0,0.3130922027685002,0.0023107018480682936,0.00965233076358539,0.01909714938519736,0.05000000248215334,-6.452461923871722,3.9637506348746165,-30.126670837402344
0.36,3,authority_test,5.0,3605a51c50d5daa0,0.0,0.3130922027685002,0.0023107018480682936,0.00965233076358539,0.01909714938519736,0.05000000248215334,-6.452461923871722,3.9637506348746165,-30.126670837402344
0.36,3,authority_test,5.0,38e3fe88a50cb3ef,0.0,0.3130922027685002,0.0023107018480682936,0.00965233076358539,0.01909714938519736,0.05000000248215334,-6.452461923871722,3.9637506348746165,-30.126670837402344
0.36,3,authority_test,5.0,3a831f177b4c7882,0.007575757575757569,0.3130922027685002,0.0023107018480682936,0.00965233076358539,0.01909714938519736,0.05000000248215334,-6.452461923871722,3.9637506348746165,-30.126670837402344
0.36,3,authority_test,5.0,41450c0e975a1c31,0.0077821011673151474,0.3130922027685002,0.0023107018480682936,0.00965233076358539,0.01909714938519736,0.05000000248215334,-6.452461923871722,3.9637506348746165,-30.126670837402344
0.36,3,authority_test,5.0,4381c0fb4c396040,0.0080971659919028,0.3130922027685002,0.0023107018480682936,0.00965233076358539,0.01909714938519736,0.05000000248215334,-6.452461923871722,3.9637506348746165,-30.126670837402344
0.36,3,authority_test,5.0,44e03bc01ee3055a,0.0,0.3130922027685002,0.0023107018480682936,0.00965233076358539,0.01909714938519736,0.05000000248215334,-6.452461923871722,3.9637506348746165,-30.126670837402344
0.36,3,authority_test,5.0,47bf27669a8fa08a,0.008620689655172376,0.3130922027685002,0.0023107018480682936,0.00965233076358539,0.01909714938519736,0.05000000248215334,-6.452461923871722,3.9637506348746165,-30.126670837402344
0.36,3,authority_test,5.0,486ee1ca9e71adc6,0.0,0.3130922027685002,0.0023107018480682936,0.00965233076358539,0.01909714938519736,0.05000000248215334,-6.452461923871722,3.9637506348746165,-30.126670837402344
0.36,3,authority_test,5.0,4910c9193fca9a21,0.008333333333333304,0.3130922027685002,0.0023107018480682936,0.00965233076358539,0.01909714938519736,0.05000000248215334,-6.452461923871722,3.9637506348746165,-30.126670837402344
0.36,3,authority_test,5.0,4a78cd4f429333ac,0.0,0.3130922027685002,0.0023107018480682936,0.00965233076358539,0.01909714938519736,0.05000000248215334,-6.452461923871722,3.9637506348746165,-30.126670837402344
0.36,3,authority_test,5.0,4d3a619d3d16b595,0.0,0.3130922027685002,0.0023107018480682936,0.00965233076358539,0.01909714938519736,0.05000000248215334,-6.452461923871722,3.9637506348746165,-30.126670837402344
0.36,3,authority_test,5.0,4e12766ab5ee9a6f,0.008474576271186418,0.3130922027685002,0.0023107018480682936,0.00965233076358539,0.01909714938519736,0.05000000248215334,-6.452461923871722,3.9637506348746165,-30.126670837402344
0.36,3,authority_test,5.0,5406f38bad958fff,0.0,0.3130922027685002,0.0023107018480682936,0.00965233076358539,0.01909714938519736,0.05000000248215334,-6.452461923871722,3.9637506348746165,-30.126670837402344
0.36,3,authority_test,5.0,5b6660299c28d21a,0.0,0.3130922027685002,0.0023107018480682936,0.00965233076358539,0.01909714938519736,0.05000000248215334,-6.452461923871722,3.9637506348746165,-30.126670837402344
0.36,3,authority_test,5.0,5d8a6dda9c034943,0.0,0.3130922027685002,0.0023107018480682936,0.00965233076358539,0.01909714938519736,0.05000000248215334,-6.452461923871722,3.9637506348746165,-30.126670837402344
0.36,3,authority_test,5.0,6354b26bfd6b0d3b,0.0072727272727273196,0.3130922027685002,0.0023107018480682936,0.00965233076358539,0.01909714938519736,0.05000000248215334,-6.452461923871722,3.9637506348746165,-30.126670837402344
0.36,3,authority_test,5.0,663b72de42e74e86,0.008928571428571397,0.3130922027685002,0.0023107018480682936,0.00965233076358539,0.01909714938519736,0.05000000248215334,-6.452461923871722,3.9637506348746165,-30.126670837402344
0.36,3,authority_test,5.0,66eb648c6256c151,0.0,0.3130922027685002,0.0023107018480682936,0.00965233076358539,0.01909714938519736,0.05000000248215334,-6.452461923871722,3.9637506348746165,-30.126670837402344
0.36,3,authority_test,5.0,67f63c1627c03412,0.007518796992481258,0.3130922027685002,0.0023107018480682936,0.00965233076358539,0.01909714938519736,0.05000000248215334,-6.452461923871722,3.9637506348746165,-30.126670837402344
0.36,3,authority_test,5.0,6d1d8e613ece86e7,0.009433962264150941,0.3130922027685002,0.0023107018480682936,0.00965233076358539,0.01909714938519736,0.05000000248215334,-6.452461923871722,3.9637506348746165,-30.126670837402344
0.36,3,authority_test,5.0,6f3466b968e73ba3,0.008230452674897082,0.3130922027685002,0.0023107018480682936,0.00965233076358539,0.01909714938519736,0.05000000248215334,-6.452461923871722,3.9637506348746165,-30.126670837402344
0.36,3,authority_test,5.0,71fe74132803f26b,0.0,0.3130922027685002,0.0023107018480682936,0.00965233076358539,0.01909714938519736,0.05000000248215334,-6.452461923871722,3.9637506348746165,-30.126670837402344
0.36,3,authority_test,5.0,76825b753db42030,0.008368200836820106,0.3130922027685002,0.0023107018480682936,0.00965233076358539,0.01909714938519736,0.05000000248215334,-6.452461923871722,3.9637506348746165,-30.126670837402344
0.36,3,authority_test,5.0,78001bdfb89f1ad1,0.010000000000000009,0.3130922027685002,0.0023107018480682936,0.00965233076358539,0.01909714938519736,0.05000000248215334,-6.452461923871722,3.9637506348746165,-30.126670837402344
0.36,3,authority_test,5.0,7b925779bf22fd74,0.009433962264150941,0.3130922027685002,0.0023107018480682936,0.00965233076358539,0.01909714938519736,0.05000000248215334,-6.452461923871722,3.9637506348746165,-30.126670837402344
0.36,3,authority_test,5.0,7be724e7d2299999,0.008968609865470878,0.3130922027685002,0.0023107018480682936,0.00965233076358539,0.01909714938519736,0.05000000248215334,-6.452461923871722,3.9637506348746165,-30.126670837402344
0.36,3,authority_test,5.0,82da82d3e55219a5,0.0078125,0.3130922027685002,0.0023107018480682936,0.00965233076358539,0.01909714938519736,0.05000000248215334,-6.452461923871722,3.9637506348746165,-30.126670837402344
0.36,3,authority_test,5.0,8acfa77cf5234bd4,0.008438818565400852,0.3130922027685002,0.0023107018480682936,0.00965233076358539,0.01909714938519736,0.05000000248215334,-6.452461923871722,3.9637506348746165,-30.126670837402344
0.36,3,authority_test,5.0,9332a9cf5d92314a,0.009756097560975618,0.3130922027685002,0.0023107018480682936,0.00965233076358539,0.01909714938519736,0.05000000248215334,-6.452461923871722,3.9637506348746165,-30.126670837402344
0.36,3,authority_test,5.0,9f60113cec74b0ee,0.008438818565400852,0.3130922027685002,0.0023107018480682936,0.00965233076358539,0.01909714938519736,0.05000000248215334,-6.452461923871722,3.9637506348746165,-30.126670837402344
0.36,3,authority_test,5.0,a2f68f9c135648a0,0.0,0.3130922027685002,0.0023107018480682936,0.00965233076358539,0.01909714938519736,0.05000000248215334,-6.452461923871722,3.9637506348746165,-30.126670837402344
0.36,3,authority_test,5.0,a3ecb75bd15d05d8,0.0,0.3130922027685002,0.0023107018480682936,0.00965233076358539,0.01909714938519736,0.05000000248215334,-6.452461923871722,3.9637506348746165,-30.126670837402344
0.36,3,authority_test,5.0,a4a471e79162ce6a,0.008810572687224627,0.3130922027685002,0.0023107018480682936,0.00965233076358539,0.01909714938519736,0.05000000248215334,-6.452461923871722,3.9637506348746165,-30.126670837402344
0.36,3,authority_test,5.0,aa0070de67183c08,0.0,0.3130922027685002,0.0023107018480682936,0.00965233076358539,0.01909714938519736,0.05000000248215334,-6.452461923871722,3.9637506348746165,-30.126670837402344
0.36,3,authority_test,5.0,aa6bc6d9ff6d7768,0.0,0.3130922027685002,0.0023107018480682936,0.00965233076358539,0.01909714938519736,0.05000000248215334,-6.452461923871722,3.9637506348746165,-30.126670837402344
0.36,3,authority_test,5.0,acd5a3fd547677f6,0.010000000000000009,0.3130922027685002,0.0023107018480682936,0.00965233076358539,0.01909714938519736,0.05000000248215334,-6.452461923871722,3.9637506348746165,-30.126670837402344
0.36,3,authority_test,5.0,b5124e1b88000bd7,0.009009009009009028,0.3130922027685002,0.0023107018480682936,0.00965233076358539,0.01909714938519736,0.05000000248215334,-6.452461923871722,3.9637506348746165,-30.126670837402344
0.36,3,authority_test,5.0,b62f26029c55da5d,0.027027027027026973,0.3130922027685002,0.0023107018480682936,0.00965233076358539,0.01909714938519736,0.05000000248215334,-6.452461923871722,3.9637506348746165,-30.126670837402344
0.36,3,authority_test,5.0,b7036711cecf282e,0.0,0.3130922027685002,0.0023107018480682936,0.00965233076358539,0.01909714938519736,0.05000000248215334,-6.452461923871722,3.9637506348746165,-30.126670837402344
0.36,3,authority_test,5.0,bc83dba623c24f83,0.0,0.3130922027685002,0.0023107018480682936,0.00965233076358539,0.01909714938519736,0.05000000248215334,-6.452461923871722,3.9637506348746165,-30.126670837402344
0.36,3,authority_test,5.0,bd981ed06e640944,0.008810572687224627,0.3130922027685002,0.0023107018480682936,0.00965233076358539,0.01909714938519736,0.05000000248215334,-6.452461923871722,3.9637506348746165,-30.126670837402344
0.36,3,authority_test,5.0,c0b0a6fd8196e526,0.0,0.3130922027685002,0.0023107018480682936,0.00965233076358539,0.01909714938519736,0.05000000248215334,-6.452461923871722,3.9637506348746165,-30.126670837402344
0.36,3,authority_test,5.0,c0da6f9a810ac96e,0.0,0.3130922027685002,0.0023107018480682936,0.00965233076358539,0.01909714938519736,0.05000000248215334,-6.452461923871722,3.9637506348746165,-30.126670837402344
0.36,3,authority_test,5.0,c4e140c6b10a0649,0.00952380952380949,0.3130922027685002,0.0023107018480682936,0.00965233076358539,0.01909714938519736,0.05000000248215334,-6.452461923871722,3.9637506348746165,-30.126670837402344
0.36,3,authority_test,5.0,ceab4fde9bc557e9,0.0,0.3130922027685002,0.0023107018480682936,0.00965233076358539,0.01909714938519736,0.05000000248215334,-6.452461923871722,3.9637506348746165,-30.126670837402344
0.36,3,authority_test,5.0,cfd0baecd1304030,0.0,0.3130922027685002,0.0023107018480682936,0.00965233076358539,0.01909714938519736,0.05000000248215334,-6.452461923871722,3.9637506348746165,-30.126670837402344
0.36,3,authority_test,5.0,d437bb99475d3d83,0.0,0.3130922027685002,0.0023107018480682936,0.00965233076358539,0.01909714938519736,0.05000000248215334,-6.452461923871722,3.9637506348746165,-30.126670837402344
0.36,3,authority_test,5.0,df593c445aa37cdd,0.008368200836820106,0.3130922027685002,0.0023107018480682936,0.00965233076358539,0.01909714938519736,0.05000000248215334,-6.452461923871722,3.9637506348746165,-30.126670837402344
0.36,3,authority_test,5.0,e0cbaf79c0d6e3eb,0.0,0.3130922027685002,0.0023107018480682936,0.00965233076358539,0.01909714938519736,0.05000000248215334,-6.452461923871722,3.9637506348746165,-30.126670837402344
0.36,3,authority_test,5.0,e3664a91fc92d1d6,0.008695652173912993,0.3130922027685002,0.0023107018480682936,0.00965233076358539,0.01909714938519736,0.05000000248215334,-6.452461923871722,3.9637506348746165,-30.126670837402344
0.36,3,authority_test,5.0,e55575bab6cd051d,0.0,0.3130922027685002,0.0023107018480682936,0.00965233076358539,0.01909714938519736,0.05000000248215334,-6.452461923871722,3.9637506348746165,-30.126670837402344
0.36,3,authority_test,5.0,eac6ec2b274f3fe8,0.009389671361502372,0.3130922027685002,0.0023107018480682936,0.00965233076358539,0.01909714938519736,0.05000000248215334,-6.452461923871722,3.9637506348746165,-30.126670837402344
0.36,3,authority_test,5.0,eb5cda6e1fe9f6b5,0.7083333333333333,0.3130922027685002,0.0023107018480682936,0.00965233076358539,0.01909714938519736,0.05000000248215334,-6.452461923871722,3.9637506348746165,-30.126670837402344
0.36,3,authority_test,5.0,ecbc64034f374904,1.0,0.3130922027685002,0.0023107018480682936,0.00965233076358539,0.01909714938519736,0.05000000248215334,-6.452461923871722,3.9637506348746165,-30.126670837402344
0.36,3,authority_test,5.0,f16d6af3f8b8b330,0.01851851851851849,0.3130922027685002,0.0023107018480682936,0.00965233076358539,0.01909714938519736,0.05000000248215334,-6.452461923871722,3.9637506348746165,-30.126670837402344
0.36,3,authority_test,5.0,f2e24c35c5249c8b,0.008547008547008517,0.3130922027685002,0.0023107018480682936,0.00965233076358539,0.01909714938519736,0.05000000248215334,-6.452461923871722,3.9637506348746165,-30.126670837402344
0.36,3,stepwise_test,0.0,018ccdd70b67d50b,1.0,0.3130922027685002,0.02137149483527479,0.027291485526243532,0.046430098757250224,0.05000000278628886,-2.16315952369145,4.146085296358381,-26.32982063293457
0.36,3,stepwise_test,0.0,0545ede9161cd87b,0.0,0.3130922027685002,0.02137149483527479,0.027291485526243532,0.046430098757250224,0.05000000278628886,-2.16315952369145,4.146085296358381,-26.32982063293457
0.36,3,stepwise_test,0.0,0822110b214bf434,0.009433962264150941,0.3130922027685002,0.02137149483527479,0.027291485526243532,0.046430098757250224,0.05000000278628886,-2.16315952369145,4.146085296358381,-26.32982063293457
0.36,3,stepwise_test,0.0,0dbb1e13fa00f0f6,0.0,0.3130922027685002,0.02137149483527479,0.027291485526243532,0.046430098757250224,0.05000000278628886,-2.16315952369145,4.146085296358381,-26.32982063293457
0.36,3,stepwise_test,0.0,0e2ca3a9a1e8e218,0.0,0.3130922027685002,0.02137149483527479,0.027291485526243532,0.046430098757250224,0.05000000278628886,-2.16315952369145,4.146085296358381,-26.32982063293457
0.36,3,stepwise_test,0.0,101df2256aecf75b,1.0,0.3130922027685002,0.02137149483527479,0.027291485526243532,0.046430098757250224,0.05000000278628886,-2.16315952369145,4.146085296358381,-26.32982063293457
0.36,3,stepwise_test,0.0,1717ce53958590ba,1.0,0.3130922027685002,0.02137149483527479,0.027291485526243532,0.046430098757250224,0.05000000278628886,-2.16315952369145,4.146085296358381,-26.32982063293457
0.36,3,stepwise_test,0.0,1868815d0a7c6716,1.0,0.3130922027685002,0.02137149483527479,0.027291485526243532,0.046430098757250224,0.05000000278628886,-2.16315952369145,4.146085296358381,-26.32982063293457
0.36,3,stepwise_test,0.0,1991ac094bc47b5a,0.0,0.3130922027685002,0.02137149483527479,0.027291485526243532,0.046430098757250224,0.05000000278628886,-2.16315952369145,4.146085296358381,-26.32982063293457
0.36,3,stepwise_test,0.0,1e9be34e7c154aee,0.0,0.3130922027685002,0.02137149483527479,0.027291485526243532,0.046430098757250224,0.05000000278628886,-2.16315952369145,4.146085296358381,-26.32982063293457
0.36,3,stepwise_test,0.0,245b8a2be8abc37e,0.00877192982456143,0.3130922027685002,0.02137149483527479,0.027291485526243532,0.046430098757250224,0.05000000278628886,-2.16315952369145,4.146085296358381,-26.32982063293457
0.36,3,stepwise_test,0.0,2982eb379acc1dcf,0.0,0.3130922027685002,0.02137149483527479,0.027291485526243532,0.046430098757250224,0.05000000278628886,-2.16315952369145,4.146085296358381,-26.32982063293457
0.36,3,stepwise_test,0.0,2a7630b9ddded8d5,1.0,0.3130922027685002,0.02137149483527479,0.027291485526243532,0.046430098757250224,0.05000000278628886,-2.16315952369145,4.146085296358381,-26.32982063293457
0.36,3,stepwise_test,0.0,3159f31edc896059,0.0,0.3130922027685002,0.02137149483527479,0.027291485526243532,0.046430098757250224,0.05000000278628886,-2.16315952369145,4.146085296358381,-26.32982063293457
0.36,3,stepwise_test,0.0,3605a51c50d5daa0,0.0,0.3130922027685002,0.02137149483527479,0.027291485526243532,0.046430098757250224,0.05000000278628886,-2.16315952369145,4.146085296358381,-26.32982063293457
0.36,3,stepwise_test,0.0,38e3fe88a50cb3ef,0.0,0.3130922027685002,0.02137149483527479,0.027291485526243532,0.046430098757250224,0.05000000278628886,-2.16315952369145,4.146085296358381,-26.32982063293457
0.36,3,stepwise_test,0.0,3a831f177b4c7882,0.0,0.3130922027685002,0.02137149483527479,0.027291485526243532,0.046430098757250224,0.05000000278628886,-2.16315952369145,4.146085296358381,-26.32982063293457
0.36,3,stepwise_test,0.0,41450c0e975a1c31,0.0,0.3130922027685002,0.02137149483527479,0.027291485526243532,0.046430098757250224,0.05000000278628886,-2.16315952369145,4.146085296358381,-26.32982063293457
0.36,3,stepwise_test,0.0,4381c0fb4c396040,0.0,0.3130922027685002,0.02137149483527479,0.027291485526243532,0.046430098757250224,0.05000000278628886,-2.16315952369145,4.146085296358381,-26.32982063293457
0.36,3,stepwise_test,0.0,44e03bc01ee3055a,0.0,0.3130922027685002,0.02137149483527479,0.027291485526243532,0.046430098757250224,0.05000000278628886,-2.16315952369145,4.146085296358381,-26.32982063293457
0.36,3,stepwise_test,0.0,47bf27669a8fa08a,0.008583690987124415,0.3130922027685002,0.02137149483527479,0.027291485526243532,0.046430098757250224,0.05000000278628886,-2.16315952369145,4.146085296358381,-26.32982063293457
0.36,3,stepwise_test,0.0,486ee1ca9e71adc6,0.0,0.3130922027685002,0.02137149483527479,0.027291485526243532,0.046430098757250224,0.05000000278628886,-2.16315952369145,4.146085296358381,-26.32982063293457
0.36,3,stepwise_test,0.0,4910c9193fca9a21,0.0,0.3130922027685002,0.02137149483527479,0.027291485526243532,0.046430098757250224,0.05000000278628886,-2.16315952369145,4.146085296358381,-26.32982063293457
0.36,3,stepwise_test,0.0,4a78cd4f429333ac,0.009009009009009028,0.3130922027685002,0.02137149483527479,0.027291485526243532,0.046430098757250224,0.05000000278628886,-2.16315952369145,4.146085296358381,-26.32982063293457
0.36,3,stepwise_test,0.0,4d3a619d3d16b595,1.0,0.3130922027685002,0.02137149483527479,0.027291485526243532,0.046430098757250224,0.05000000278628886,-2.16315952369145,4.146085296358381,-26.32982063293457
0.36,3,stepwise_test,0.0,4e12766ab5ee9a6f,0.0,0.3130922027685002,0.02137149483527479,0.027291485526243532,0.046430098757250224,0.05000000278628886,-2.16315952369145,4.146085296358381,-26.32982063293457
0.36,3,stepwise_test,0.0,5406f38bad958fff,0.0,0.3130922027685002,0.02137149483527479,0.027291485526243532,0.046430098757250224,0.05000000278628886,-2.16315952369145,4.146085296358381,-26.32982063293457
0.36,3,stepwise_test,0.0,5b6660299c28d21a,0.009708737864077666,0.3130922027685002,0.02137149483527479,0.027291485526243532,0.046430098757250224,0.05000000278628886,-2.16315952369145,4.146085296358381,-26.32982063293457
0.36,3,stepwise_test,0.0,5d8a6dda9c034943,0.0,0.3130922027685002,0.02137149483527479,0.027291485526243532,0.046430098757250224,0.05000000278628886,-2.16315952369145,4.146085296358381,-26.32982063293457
0.36,3,stepwise_test,0.0,6354b26bfd6b0d3b,0.0,0.3130922027685002,0.02137149483527479,0.027291485526243532,0.046430098757250224,0.05000000278628886,-2.16315952369145,4.146085296358381,-26.32982063293457
0.36,3,stepwise_test,0.0,663b72de42e74e86,0.0,0.3130922027685002,0.02137149483527479,0.027291485526243532,0.046430098757250224,0.05000000278628886,-2.16315952369145,4.146085296358381,-26.32982063293457
0.36,3,stepwise_test,0.0,66eb648c6256c151,0.0,0.3130922027685002,0.02137149483527479,0.027291485526243532,0.046430098757250224,0.05000000278628886,-2.16315952369145,4.146085296358381,-26.32982063293457
0.36,3,stepwise_test,0.0,67f63c1627c03412,0.008264462809917328,0.3130922027685002,0.02137149483527479,0.027291485526243532,0.046430098757250224,0.05000000278628886,-2.16315952369145,4.146085296358381,-26.32982063293457
0.36,3,stepwise_test,0.0,6d1d8e613ece86e7,0.0,0.3130922027685002,0.02137149483527479,0.027291485526243532,0.046430098757250224,0.05000000278628886,-2.16315952369145,4.146085296358381,-26.32982063293457
0.36,3,stepwise_test,0.0,6f3466b968e73ba3,0.009478672985781977,0.3130922027685002,0.02137149483527479,0.027291485526243532,0.046430098757250224,0.05000000278628886,-2.16315952369145,4.146085296358381,-26.32982063293457
0.36,3,stepwise_test,0.0,71fe74132803f26b,0.0,0.3130922027685002,0.02137149483527479,0.027291485526243532,0.046430098757250224,0.05000000278628886,-2.16315952369145,4.146085296358381,-26.32982063293457
0.36,3,stepwise_test,0.0,76825b753db42030,1.0,0.3130922027685002,0.02137149483527479,0.027291485526243532,0.046430098757250224,0.05000000278628886,-2.16315952369145,4.146085296358381,-26.32982063293457
0.36,3,stepwise_test,0.0,78001bdfb89f1ad1,1.0,0.3130922027685002,0.02137149483527479,0.027291485526243532,0.046430098757250224,0.05000000278628886,-2.16315952369145,4.146085296358381,-26.32982063293457
0.36,3,stepwise_test,0.0,7b925779bf22fd74,0.008333333333333304,0.3130922027685002,0.02137149483527479,0.027291485526243532,0.046430098757250224,0.05000000278628886,-2.16315952369145,4.146085296358381,-26.32982063293457
0.36,3,stepwise_test,0.0,7be724e7d2299999,0.009708737864077666,0.3130922027685002,0.02137149483527479,0.027291485526243532,0.046430098757250224,0.05000000278628886,-2.16315952369145,4.146085296358381,-26.32982063293457
0.36,3,stepwise_test,0.0,82da82d3e55219a5,0.02941176470588236,0.3130922027685002,0.02137149483527479,0.027291485526243532,0.046430098757250224,0.05000000278628886,-2.16315952369145,4.146085296358381,-26.32982063293457
0.36,3,stepwise_test,0.0,8acfa77cf5234bd4,0.0,0.3130922027685002,0.02137149483527479,0.027291485526243532,0.046430098757250224,0.05000000278628886,-2.16315952369145,4.146085296358381,-26.32982063293457
0.36,3,stepwise_test,0.0,9332a9cf5d92314a,0.0,0.3130922027685002,0.02137149483527479,0.027291485526243532,0.046430098757250224,0.05000000278628886,-2.16315952369145,4.146085296358381,-26.32982063293457
0.36,3,stepwise_test,0.0,9f60113cec74b0ee,0.0,0.3130922027685002,0.02137149483527479,0.027291485526243532,0.046430098757250224,0.05000000278628886,-2.16315952369145,4.146085296358381,-26.32982063293457
0.36,3,stepwise_test,0.0,a2f68f9c135648a0,0.0,0.3130922027685002,0.02137149483527479,0.027291485526243532,0.046430098757250224,0.05000000278628886,-2.16315952369145,4.146085296358381,-26.32982063293457
0.36,3,stepwise_test,0.0,a3ecb75bd15d05d8,0.0,0.3130922027685002,0.02137149483527479,0.027291485526243532,0.046430098757250224,0.05000000278628886,-2.16315952369145,4.146085296358381,-26.32982063293457
0.36,3,stepwise_test,0.0,a4a471e79162ce6a,0.0,0.3130922027685002,0.02137149483527479,0.027291485526243532,0.046430098757250224,0.05000000278628886,-2.16315952369145,4.146085296358381,-26.32982063293457
0.36,3,stepwise_test,0.0,aa0070de67183c08,0.0,0.3130922027685002,0.02137149483527479,0.027291485526243532,0.046430098757250224,0.05000000278628886,-2.16315952369145,4.146085296358381,-26.32982063293457
0.36,3,stepwise_test,0.0,aa6bc6d9ff6d7768,1.0,0.3130922027685002,0.02137149483527479,0.027291485526243532,0.046430098757250224,0.05000000278628886,-2.16315952369145,4.146085296358381,-26.32982063293457
0.36,3,stepwise_test,0.0,acd5a3fd547677f6,0.0,0.3130922027685002,0.02137149483527479,0.027291485526243532,0.046430098757250224,0.05000000278628886,-2.16315952369145,4.146085296358381,-26.32982063293457
0.36,3,stepwise_test,0.0,b5124e1b88000bd7,0.0,0.3130922027685002,0.02137149483527479,0.027291485526243532,0.046430098757250224,0.05000000278628886,-2.16315952369145,4.146085296358381,-26.32982063293457
0.36,3,stepwise_test,0.0,b62f26029c55da5d,0.0,0.3130922027685002,0.02137149483527479,0.027291485526243532,0.046430098757250224,0.05000000278628886,-2.16315952369145,4.146085296358381,-26.32982063293457
0.36,3,stepwise_test,0.0,b7036711cecf282e,1.0,0.3130922027685002,0.02137149483527479,0.027291485526243532,0.046430098757250224,0.05000000278628886,-2.16315952369145,4.146085296358381,-26.32982063293457
0.36,3,stepwise_test,0.0,bc83dba623c24f83,0.0,0.3130922027685002,0.02137149483527479,0.027291485526243532,0.046430098757250224,0.05000000278628886,-2.16315952369145,4.146085296358381,-26.32982063293457
0.36,3,stepwise_test,0.0,bd981ed06e640944,0.0,0.3130922027685002,0.02137149483527479,0.027291485526243532,0.046430098757250224,0.05000000278628886,-2.16315952369145,4.146085296358381,-26.32982063293457
0.36,3,stepwise_test,0.0,c0b0a6fd8196e526,0.0,0.3130922027685002,0.02137149483527479,0.027291485526243532,0.046430098757250224,0.05000000278628886,-2.16315952369145,4.146085296358381,-26.32982063293457
0.36,3,stepwise_test,0.0,c0da6f9a810ac96e,0.0,0.3130922027685002,0.02137149483527479,0.027291485526243532,0.046430098757250224,0.05000000278628886,-2.16315952369145,4.146085296358381,-26.32982063293457
0.36,3,stepwise_test,0.0,c4e140c6b10a0649,0.0,0.3130922027685002,0.02137149483527479,0.027291485526243532,0.046430098757250224,0.05000000278628886,-2.16315952369145,4.146085296358381,-26.32982063293457
0.36,3,stepwise_test,0.0,ceab4fde9bc557e9,0.027027027027026973,0.3130922027685002,0.02137149483527479,0.027291485526243532,0.046430098757250224,0.05000000278628886,-2.16315952369145,4.146085296358381,-26.32982063293457
0.36,3,stepwise_test,0.0,cfd0baecd1304030,0.0,0.3130922027685002,0.02137149483527479,0.027291485526243532,0.046430098757250224,0.05000000278628886,-2.16315952369145,4.146085296358381,-26.32982063293457
0.36,3,stepwise_test,0.0,d437bb99475d3d83,0.032258064516129004,0.3130922027685002,0.02137149483527479,0.027291485526243532,0.046430098757250224,0.05000000278628886,-2.16315952369145,4.146085296358381,-26.32982063293457
0.36,3,stepwise_test,0.0,df593c445aa37cdd,0.02777777777777779,0.3130922027685002,0.02137149483527479,0.027291485526243532,0.046430098757250224,0.05000000278628886,-2.16315952369145,4.146085296358381,-26.32982063293457
0.36,3,stepwise_test,0.0,e0cbaf79c0d6e3eb,0.0,0.3130922027685002,0.02137149483527479,0.027291485526243532,0.046430098757250224,0.05000000278628886,-2.16315952369145,4.146085296358381,-26.32982063293457
0.36,3,stepwise_test,0.0,e3664a91fc92d1d6,0.0,0.3130922027685002,0.02137149483527479,0.027291485526243532,0.046430098757250224,0.05000000278628886,-2.16315952369145,4.146085296358381,-26.32982063293457
0.36,3,stepwise_test,0.0,e55575bab6cd051d,0.0,0.3130922027685002,0.02137149483527479,0.027291485526243532,0.046430098757250224,0.05000000278628886,-2.16315952369145,4.146085296358381,-26.32982063293457
0.36,3,stepwise_test,0.0,eac6ec2b274f3fe8,0.03437465009517415,0.3130922027685002,0.02137149483527479,0.027291485526243532,0.046430098757250224,0.05000000278628886,-2.16315952369145,4.146085296358381,-26.32982063293457
0.36,3,stepwise_test,0.0,eb5cda6e1fe9f6b5,0.010582010582010581,0.3130922027685002,0.02137149483527479,0.027291485526243532,0.046430098757250224,0.05000000278628886,-2.16315952369145,4.146085296358381,-26.32982063293457
0.36,3,stepwise_test,0.0,ecbc64034f374904,1.0,0.3130922027685002,0.02137149483527479,0.027291485526243532,0.046430098757250224,0.05000000278628886,-2.16315952369145,4.146085296358381,-26.32982063293457
0.36,3,stepwise_test,0.0,f16d6af3f8b8b330,1.0,0.3130922027685002,0.02137149483527479,0.027291485526243532,0.046430098757250224,0.05000000278628886,-2.16315952369145,4.146085296358381,-26.32982063293457
0.36,3,stepwise_test,0.0,f2e24c35c5249c8b,0.0,0.3130922027685002,0.02137149483527479,0.027291485526243532,0.046430098757250224,0.05000000278628886,-2.16315952369145,4.146085296358381,-26.32982063293457
0.36,3,stepwise_test,2.0,018ccdd70b67d50b,0.011049723756906049,0.3130922027685002,0.020853929031247324,0.029486981428096,0.05000000129239657,0.05000000312967118,-4.0232071195329935,4.017219986234393,-27.848560333251953
0.36,3,stepwise_test,2.0,0545ede9161cd87b,0.0,0.3130922027685002,0.020853929031247324,0.029486981428096,0.05000000129239657,0.05000000312967118,-4.0232071195329935,4.017219986234393,-27.848560333251953
0.36,3,stepwise_test,2.0,0822110b214bf434,0.009389671361502372,0.3130922027685002,0.020853929031247324,0.029486981428096,0.05000000129239657,0.05000000312967118,-4.0232071195329935,4.017219986234393,-27.848560333251953
0.36,3,stepwise_test,2.0,0dbb1e13fa00f0f6,0.0,0.3130922027685002,0.020853929031247324,0.029486981428096,0.05000000129239657,0.05000000312967118,-4.0232071195329935,4.017219986234393,-27.848560333251953
0.36,3,stepwise_test,2.0,0e2ca3a9a1e8e218,0.0,0.3130922027685002,0.020853929031247324,0.029486981428096,0.05000000129239657,0.05000000312967118,-4.0232071195329935,4.017219986234393,-27.848560333251953
0.36,3,stepwise_test,2.0,101df2256aecf75b,0.0,0.3130922027685002,0.020853929031247324,0.029486981428096,0.05000000129239657,0.05000000312967118,-4.0232071195329935,4.017219986234393,-27.848560333251953
0.36,3,stepwise_test,2.0,1717ce53958590ba,0.010101010101010055,0.3130922027685002,0.020853929031247324,0.029486981428096,0.05000000129239657,0.05000000312967118,-4.0232071195329935,4.017219986234393,-27.848560333251953
0.36,3,stepwise_test,2.0,1868815d0a7c6716,0.007722007722007707,0.3130922027685002,0.020853929031247324,0.029486981428096,0.05000000129239657,0.05000000312967118,-4.0232071195329935,4.017219986234393,-27.848560333251953
0.36,3,stepwise_test,2.0,1991ac094bc47b5a,0.0,0.3130922027685002,0.020853929031247324,0.029486981428096,0.05000000129239657,0.05000000312967118,-4.0232071195329935,4.017219986234393,-27.848560333251953
0.36,3,stepwise_test,2.0,1e9be34e7c154aee,0.0,0.3130922027685002,0.020853929031247324,0.029486981428096,0.05000000129239657,0.05000000312967118,-4.0232071195329935,4.017219986234393,-27.848560333251953
0.36,3,stepwise_test,2.0,245b8a2be8abc37e,0.00995024875621886,0.3130922027685002,0.020853929031247324,0.029486981428096,0.05000000129239657,0.05000000312967118,-4.0232071195329935,4.017219986234393,-27.848560333251953
0.36,3,stepwise_test,2.0,2982eb379acc1dcf,0.0,0.3130922027685002,0.020853929031247324,0.029486981428096,0.05000000129239657,0.05000000312967118,-4.0232071195329935,4.017219986234393,-27.848560333251953
0.36,3,stepwise_test,2.0,2a7630b9ddded8d5,0.0,0.3130922027685002,0.020853929031247324,0.029486981428096,0.05000000129239657,0.05000000312967118,-4.0232071195329935,4.017219986234393,-27.848560333251953
0.36,3,stepwise_test,2.0,3159f31edc896059,0.0,0.3130922027685002,0.020853929031247324,0.029486981428096,0.05000000129239657,0.05000000312967118,-4.0232071195329935,4.017219986234393,-27.848560333251953
0.36,3,stepwise_test,2.0,3605a51c50d5daa0,0.0,0.3130922027685002,0.020853929031247324,0.029486981428096,0.05000000129239657,0.05000000312967118,-4.0232071195329935,4.017219986234393,-27.848560333251953
0.36,3,stepwise_test,2.0,38e3fe88a50cb3ef,0.0,0.3130922027685002,0.020853929031247324,0.029486981428096,0.05000000129239657,0.05000000312967118,-4.0232071195329935,4.017219986234393,-27.848560333251953
0.36,3,stepwise_test,2.0,3a831f177b4c7882,0.0,0.3130922027685002,0.020853929031247324,0.029486981428096,0.05000000129239657,0.05000000312967118,-4.0232071195329935,4.017219986234393,-27.848560333251953
0.36,3,stepwise_test,2.0,41450c0e975a1c31,0.0,0.3130922027685002,0.020853929031247324,0.029486981428096,0.05000000129239657,0.05000000312967118,-4.0232071195329935,4.017219986234393,-27.848560333251953
0.36,3,stepwise_test,2.0,4381c0fb4c396040,0.0,0.3130922027685002,0.020853929031247324,0.029486981428096,0.05000000129239657,0.05000000312967118,-4.0232071195329935,4.017219986234393,-27.848560333251953
0.36,3,stepwise_test,2.0,44e03bc01ee3055a,0.0,0.3130922027685002,0.020853929031247324,0.029486981428096,0.05000000129239657,0.05000000312967118,-4.0232071195329935,4.017219986234393,-27.848560333251953
0.36,3,stepwise_test,2.0,47bf27669a8fa08a,0.018181818181818188,0.3130922027685002,0.020853929031247324,0.029486981428096,0.05000000129239657,0.05000000312967118,-4.0232071195329935,4.017219986234393,-27.848560333251953
0.36,3,stepwise_test,2.0,486ee1ca9e71adc6,0.0,0.3130922027685002,0.020853929031247324,0.029486981428096,0.05000000129239657,0.05000000312967118,-4.0232071195329935,4.017219986234393,-27.848560333251953
0.36,3,stepwise_test,2.0,4910c9193fca9a21,0.0,0.3130922027685002,0.020853929031247324,0.029486981428096,0.05000000129239657,0.05000000312967118,-4.0232071195329935,4.017219986234393,-27.848560333251953
0.36,3,stepwise_test,2.0,4a78cd4f429333ac,0.008849557522123908,0.3130922027685002,0.020853929031247324,0.029486981428096,0.05000000129239657,0.05000000312967118,-4.0232071195329935,4.017219986234393,-27.848560333251953
0.36,3,stepwise_test,2.0,4d3a619d3d16b595,0.0,0.3130922027685002,0.020853929031247324,0.029486981428096,0.05000000129239657,0.05000000312967118,-4.0232071195329935,4.017219986234393,-27.848560333251953
0.36,3,stepwise_test,2.0,4e12766ab5ee9a6f,0.0,0.3130922027685002,0.020853929031247324,0.029486981428096,0.05000000129239657,0.05000000312967118,-4.0232071195329935,4.017219986234393,-27.848560333251953
0.36,3,stepwise_test,2.0,5406f38bad958fff,0.0,0.3130922027685002,0.020853929031247324,0.029486981428096,0.05000000129239657,0.05000000312967118,-4.0232071195329935,4.017219986234393,-27.848560333251953
0.36,3,stepwise_test,2.0,5b6660299c28d21a,0.009708737864077666,0.3130922027685002,0.020853929031247324,0.029486981428096,0.05000000129239657,0.05000000312967118,-4.0232071195329935,4.017219986234393,-27.848560333251953
0.36,3,stepwise_test,2.0,5d8a6dda9c034943,0.0,0.3130922027685002,0.020853929031247324,0.029486981428096,0.05000000129239657,0.05000000312967118,-4.0232071195329935,4.017219986234393,-27.848560333251953
0.36,3,stepwise_test,2.0,6354b26bfd6b0d3b,0.0,0.3130922027685002,0.020853929031247324,0.029486981428096,0.05000000129239657,0.05000000312967118,-4.0232071195329935,4.017219986234393,-27.848560333251953
0.36,3,stepwise_test,2.0,663b72de42e74e86,0.0,0.3130922027685002,0.020853929031247324,0.029486981428096,0.05000000129239657,0.05000000312967118,-4.0232071195329935,4.017219986234393,-27.848560333251953
0.36,3,stepwise_test,2.0,66eb648c6256c151,0.0,0.3130922027685002,0.020853929031247324,0.029486981428096,0.05000000129239657,0.05000000312967118,-4.0232071195329935,4.017219986234393,-27.848560333251953
0.36,3,stepwise_test,2.0,67f63c1627c03412,0.008264462809917328,0.3130922027685002,0.020853929031247324,0.029486981428096,0.05000000129239657,0.05000000312967118,-4.0232071195329935,4.017219986234393,-27.848560333251953
0.36,3,stepwise_test,2.0,6d1d8e613ece86e7,0.0,0.3130922027685002,0.020853929031247324,0.029486981428096,0.05000000129239657,0.05000000312967118,-4.0232071195329935,4.017219986234393,-27.848560333251953
0.36,3,stepwise_test,2.0,6f3466b968e73ba3,0.00917431192660545,0.3130922027685002,0.020853929031247324,0.029486981428096,0.05000000129239657,0.05000000312967118,-4.0232071195329935,4.017219986234393,-27.848560333251953
0.36,3,stepwise_test,2.0,71fe74132803f26b,0.0,0.3130922027685002,0.020853929031247324,0.029486981428096,0.05000000129239657,0.05000000312967118,-4.0232071195329935,4.017219986234393,-27.848560333251953
0.36,3,stepwise_test,2.0,76825b753db42030,0.0,0.3130922027685002,0.020853929031247324,0.029486981428096,0.05000000129239657,0.05000000312967118,-4.0232071195329935,4.017219986234393,-27.848560333251953
0.36,3,stepwise_test,2.0,78001bdfb89f1ad1,0.0,0.3130922027685002,0.020853929031247324,0.029486981428096,0.05000000129239657,0.05000000312967118,-4.0232071195329935,4.017219986234393,-27.848560333251953
0.36,3,stepwise_test,2.0,7b925779bf22fd74,0.0092592592592593,0.3130922027685002,0.020853929031247324,0.029486981428096,0.05000000129239657,0.05000000312967118,-4.0232071195329935,4.017219986234393,-27.848560333251953
0.36,3,stepwise_test,2.0,7be724e7d2299999,0.010362694300518172,0.3130922027685002,0.020853929031247324,0.029486981428096,0.05000000129239657,0.05000000312967118,-4.0232071195329935,4.017219986234393,-27.848560333251953
0.36,3,stepwise_test,2.0,82da82d3e55219a5,0.02941176470588236,0.3130922027685002,0.020853929031247324,0.029486981428096,0.05000000129239657,0.05000000312967118,-4.0232071195329935,4.017219986234393,-27.848560333251953
0.36,3,stepwise_test,2.0,8acfa77cf5234bd4,0.0,0.3130922027685002,0.020853929031247324,0.029486981428096,0.05000000129239657,0.05000000312967118,-4.0232071195329935,4.017219986234393,-27.848560333251953
0.36,3,stepwise_test,2.0,9332a9cf5d92314a,0.0,0.3130922027685002,0.020853929031247324,0.029486981428096,0.05000000129239657,0.05000000312967118,-4.0232071195329935,4.017219986234393,-27.848560333251953
0.36,3,stepwise_test,2.0,9f60113cec74b0ee,0.0,0.3130922027685002,0.020853929031247324,0.029486981428096,0.05000000129239657,0.05000000312967118,-4.0232071195329935,4.017219986234393,-27.848560333251953
0.36,3,stepwise_test,2.0,a2f68f9c135648a0,0.0,0.3130922027685002,0.020853929031247324,0.029486981428096,0.05000000129239657,0.05000000312967118,-4.0232071195329935,4.017219986234393,-27.848560333251953
0.36,3,stepwise_test,2.0,a3ecb75bd15d05d8,0.0,0.3130922027685002,0.020853929031247324,0.029486981428096,0.05000000129239657,0.05000000312967118,-4.0232071195329935,4.017219986234393,-27.848560333251953
0.36,3,stepwise_test,2.0,a4a471e79162ce6a,0.0,0.3130922027685002,0.020853929031247324,0.029486981428096,0.05000000129239657,0.05000000312967118,-4.0232071195329935,4.017219986234393,-27.848560333251953
0.36,3,stepwise_test,2.0,aa0070de67183c08,0.0,0.3130922027685002,0.020853929031247324,0.029486981428096,0.05000000129239657,0.05000000312967118,-4.0232071195329935,4.017219986234393,-27.848560333251953
0.36,3,stepwise_test,2.0,aa6bc6d9ff6d7768,0.0,0.3130922027685002,0.020853929031247324,0.029486981428096,0.05000000129239657,0.05000000312967118,-4.0232071195329935,4.017219986234393,-27.848560333251953
0.36,3,stepwise_test,2.0,acd5a3fd547677f6,0.0,0.3130922027685002,0.020853929031247324,0.029486981428096,0.05000000129239657,0.05000000312967118,-4.0232071195329935,4.017219986234393,-27.848560333251953
0.36,3,stepwise_test,2.0,b5124e1b88000bd7,0.0,0.3130922027685002,0.020853929031247324,0.029486981428096,0.05000000129239657,0.05000000312967118,-4.0232071195329935,4.017219986234393,-27.848560333251953
0.36,3,stepwise_test,2.0,b62f26029c55da5d,0.0,0.3130922027685002,0.020853929031247324,0.029486981428096,0.05000000129239657,0.05000000312967118,-4.0232071195329935,4.017219986234393,-27.848560333251953
0.36,3,stepwise_test,2.0,b7036711cecf282e,0.008968609865470878,0.3130922027685002,0.020853929031247324,0.029486981428096,0.05000000129239657,0.05000000312967118,-4.0232071195329935,4.017219986234393,-27.848560333251953
0.36,3,stepwise_test,2.0,bc83dba623c24f83,0.008888888888888835,0.3130922027685002,0.020853929031247324,0.029486981428096,0.05000000129239657,0.05000000312967118,-4.0232071195329935,4.017219986234393,-27.848560333251953
0.36,3,stepwise_test,2.0,bd981ed06e640944,0.0,0.3130922027685002,0.020853929031247324,0.029486981428096,0.05000000129239657,0.05000000312967118,-4.0232071195329935,4.017219986234393,-27.848560333251953
0.36,3,stepwise_test,2.0,c0b0a6fd8196e526,0.0,0.3130922027685002,0.020853929031247324,0.029486981428096,0.05000000129239657,0.05000000312967118,-4.0232071195329935,4.017219986234393,-27.848560333251953
0.36,3,stepwise_test,2.0,c0da6f9a810ac96e,0.0,0.3130922027685002,0.020853929031247324,0.029486981428096,0.05000000129239657,0.05000000312967118,-4.0232071195329935,4.017219986234393,-27.848560333251953
0.36,3,stepwise_test,2.0,c4e140c6b10a0649,0.0,0.3130922027685002,0.020853929031247324,0.029486981428096,0.05000000129239657,0.05000000312967118,-4.0232071195329935,4.017219986234393,-27.848560333251953
0.36,3,stepwise_test,2.0,ceab4fde9bc557e9,0.0,0.3130922027685002,0.020853929031247324,0.029486981428096,0.05000000129239657,0.05000000312967118,-4.0232071195329935,4.017219986234393,-27.848560333251953
0.36,3,stepwise_test,2.0,cfd0baecd1304030,0.0,0.3130922027685002,0.020853929031247324,0.029486981428096,0.05000000129239657,0.05000000312967118,-4.0232071195329935,4.017219986234393,-27.848560333251953
0.36,3,stepwise_test,2.0,d437bb99475d3d83,0.0,0.3130922027685002,0.020853929031247324,0.029486981428096,0.05000000129239657,0.05000000312967118,-4.0232071195329935,4.017219986234393,-27.848560333251953
0.36,3,stepwise_test,2.0,df593c445aa37cdd,0.0,0.3130922027685002,0.020853929031247324,0.029486981428096,0.05000000129239657,0.05000000312967118,-4.0232071195329935,4.017219986234393,-27.848560333251953
0.36,3,stepwise_test,2.0,e0cbaf79c0d6e3eb,0.0,0.3130922027685002,0.020853929031247324,0.029486981428096,0.05000000129239657,0.05000000312967118,-4.0232071195329935,4.017219986234393,-27.848560333251953
0.36,3,stepwise_test,2.0,e3664a91fc92d1d6,0.0,0.3130922027685002,0.020853929031247324,0.029486981428096,0.05000000129239657,0.05000000312967118,-4.0232071195329935,4.017219986234393,-27.848560333251953
0.36,3,stepwise_test,2.0,e55575bab6cd051d,0.0,0.3130922027685002,0.020853929031247324,0.029486981428096,0.05000000129239657,0.05000000312967118,-4.0232071195329935,4.017219986234393,-27.848560333251953
0.36,3,stepwise_test,2.0,eac6ec2b274f3fe8,0.036416698388529345,0.3130922027685002,0.020853929031247324,0.029486981428096,0.05000000129239657,0.05000000312967118,-4.0232071195329935,4.017219986234393,-27.848560333251953
0.36,3,stepwise_test,2.0,eb5cda6e1fe9f6b5,0.010695187165775444,0.3130922027685002,0.020853929031247324,0.029486981428096,0.05000000129239657,0.05000000312967118,-4.0232071195329935,4.017219986234393,-27.848560333251953
0.36,3,stepwise_test,2.0,ecbc64034f374904,0.0,0.3130922027685002,0.020853929031247324,0.029486981428096,0.05000000129239657,0.05000000312967118,-4.0232071195329935,4.017219986234393,-27.848560333251953
0.36,3,stepwise_test,2.0,f16d6af3f8b8b330,0.008849557522123908,0.3130922027685002,0.020853929031247324,0.029486981428096,0.05000000129239657,0.05000000312967118,-4.0232071195329935,4.017219986234393,-27.848560333251953
0.36,3,stepwise_test,2.0,f2e24c35c5249c8b,0.0,0.3130922027685002,0.020853929031247324,0.029486981428096,0.05000000129239657,0.05000000312967118,-4.0232071195329935,4.017219986234393,-27.848560333251953
0.36,3,stepwise_test,5.0,018ccdd70b67d50b,0.009433962264150941,0.3130922027685002,0.0010548356419097177,0.006512339320486715,0.0,0.05000000224363788,-6.871170112064907,3.8937768254961287,-30.126670837402344
0.36,3,stepwise_test,5.0,0545ede9161cd87b,0.0,0.3130922027685002,0.0010548356419097177,0.006512339320486715,0.0,0.05000000224363788,-6.871170112064907,3.8937768254961287,-30.126670837402344
0.36,3,stepwise_test,5.0,0822110b214bf434,0.010695187165775444,0.3130922027685002,0.0010548356419097177,0.006512339320486715,0.0,0.05000000224363788,-6.871170112064907,3.8937768254961287,-30.126670837402344
0.36,3,stepwise_test,5.0,0dbb1e13fa00f0f6,0.0,0.3130922027685002,0.0010548356419097177,0.006512339320486715,0.0,0.05000000224363788,-6.871170112064907,3.8937768254961287,-30.126670837402344
0.36,3,stepwise_test,5.0,0e2ca3a9a1e8e218,0.0,0.3130922027685002,0.0010548356419097177,0.006512339320486715,0.0,0.05000000224363788,-6.871170112064907,3.8937768254961287,-30.126670837402344
0.36,3,stepwise_test,5.0,101df2256aecf75b,0.0,0.3130922027685002,0.0010548356419097177,0.006512339320486715,0.0,0.05000000224363788,-6.871170112064907,3.8937768254961287,-30.126670837402344
0.36,3,stepwise_test,5.0,1717ce53958590ba,0.01005025125628145,0.3130922027685002,0.0010548356419097177,0.006512339320486715,0.0,0.05000000224363788,-6.871170112064907,3.8937768254961287,-30.126670837402344
0.36,3,stepwise_test,5.0,1868815d0a7c6716,0.0,0.3130922027685002,0.0010548356419097177,0.006512339320486715,0.0,0.05000000224363788,-6.871170112064907,3.8937768254961287,-30.126670837402344
0.36,3,stepwise_test,5.0,1991ac094bc47b5a,0.00952380952380949,0.3130922027685002,0.0010548356419097177,0.006512339320486715,0.0,0.05000000224363788,-6.871170112064907,3.8937768254961287,-30.126670837402344
0.36,3,stepwise_test,5.0,1e9be34e7c154aee,0.0,0.3130922027685002,0.0010548356419097177,0.006512339320486715,0.0,0.05000000224363788,-6.871170112064907,3.8937768254961287,-30.126670837402344
0.36,3,stepwise_test,5.0,245b8a2be8abc37e,0.010526315789473717,0.3130922027685002,0.0010548356419097177,0.006512339320486715,0.0,0.05000000224363788,-6.871170112064907,3.8937768254961287,-30.126670837402344
0.36,3,stepwise_test,5.0,2982eb379acc1dcf,0.0,0.3130922027685002,0.0010548356419097177,0.006512339320486715,0.0,0.05000000224363788,-6.871170112064907,3.8937768254961287,-30.126670837402344
0.36,3,stepwise_test,5.0,2a7630b9ddded8d5,0.0,0.3130922027685002,0.0010548356419097177,0.006512339320486715,0.0,0.05000000224363788,-6.871170112064907,3.8937768254961287,-30.126670837402344
0.36,3,stepwise_test,5.0,3159f31edc896059,0.0,0.3130922027685002,0.0010548356419097177,0.006512339320486715,0.0,0.05000000224363788,-6.871170112064907,3.8937768254961287,-30.126670837402344
0.36,3,stepwise_test,5.0,3605a51c50d5daa0,0.0,0.3130922027685002,0.0010548356419097177,0.006512339320486715,0.0,0.05000000224363788,-6.871170112064907,3.8937768254961287,-30.126670837402344
0.36,3,stepwise_test,5.0,38e3fe88a50cb3ef,0.0,0.3130922027685002,0.0010548356419097177,0.006512339320486715,0.0,0.05000000224363788,-6.871170112064907,3.8937768254961287,-30.126670837402344
0.36,3,stepwise_test,5.0,3a831f177b4c7882,0.0,0.3130922027685002,0.0010548356419097177,0.006512339320486715,0.0,0.05000000224363788,-6.871170112064907,3.8937768254961287,-30.126670837402344
0.36,3,stepwise_test,5.0,41450c0e975a1c31,0.0,0.3130922027685002,0.0010548356419097177,0.006512339320486715,0.0,0.05000000224363788,-6.871170112064907,3.8937768254961287,-30.126670837402344
0.36,3,stepwise_test,5.0,4381c0fb4c396040,0.0,0.3130922027685002,0.0010548356419097177,0.006512339320486715,0.0,0.05000000224363788,-6.871170112064907,3.8937768254961287,-30.126670837402344
0.36,3,stepwise_test,5.0,44e03bc01ee3055a,0.0,0.3130922027685002,0.0010548356419097177,0.006512339320486715,0.0,0.05000000224363788,-6.871170112064907,3.8937768254961287,-30.126670837402344
0.36,3,stepwise_test,5.0,47bf27669a8fa08a,0.020942408376963373,0.3130922027685002,0.0010548356419097177,0.006512339320486715,0.0,0.05000000224363788,-6.871170112064907,3.8937768254961287,-30.126670837402344
0.36,3,stepwise_test,5.0,486ee1ca9e71adc6,0.0,0.3130922027685002,0.0010548356419097177,0.006512339320486715,0.0,0.05000000224363788,-6.871170112064907,3.8937768254961287,-30.126670837402344
0.36,3,stepwise_test,5.0,4910c9193fca9a21,0.0,0.3130922027685002,0.0010548356419097177,0.006512339320486715,0.0,0.05000000224363788,-6.871170112064907,3.8937768254961287,-30.126670837402344
0.36,3,stepwise_test,5.0,4a78cd4f429333ac,0.008583690987124415,0.3130922027685002,0.0010548356419097177,0.006512339320486715,0.0,0.05000000224363788,-6.871170112064907,3.8937768254961287,-30.126670837402344
0.36,3,stepwise_test,5.0,4d3a619d3d16b595,0.0,0.3130922027685002,0.0010548356419097177,0.006512339320486715,0.0,0.05000000224363788,-6.871170112064907,3.8937768254961287,-30.126670837402344
0.36,3,stepwise_test,5.0,4e12766ab5ee9a6f,0.0,0.3130922027685002,0.0010548356419097177,0.006512339320486715,0.0,0.05000000224363788,-6.871170112064907,3.8937768254961287,-30.126670837402344
0.36,3,stepwise_test,5.0,5406f38bad958fff,0.0,0.3130922027685002,0.0010548356419097177,0.006512339320486715,0.0,0.05000000224363788,-6.871170112064907,3.8937768254961287,-30.126670837402344
0.36,3,stepwise_test,5.0,5b6660299c28d21a,0.009756097560975618,0.3130922027685002,0.0010548356419097177,0.006512339320486715,0.0,0.05000000224363788,-6.871170112064907,3.8937768254961287,-30.126670837402344
0.36,3,stepwise_test,5.0,5d8a6dda9c034943,0.0,0.3130922027685002,0.0010548356419097177,0.006512339320486715,0.0,0.05000000224363788,-6.871170112064907,3.8937768254961287,-30.126670837402344
0.36,3,stepwise_test,5.0,6354b26bfd6b0d3b,0.0,0.3130922027685002,0.0010548356419097177,0.006512339320486715,0.0,0.05000000224363788,-6.871170112064907,3.8937768254961287,-30.126670837402344
0.36,3,stepwise_test,5.0,663b72de42e74e86,0.0,0.3130922027685002,0.0010548356419097177,0.006512339320486715,0.0,0.05000000224363788,-6.871170112064907,3.8937768254961287,-30.126670837402344
0.36,3,stepwise_test,5.0,66eb648c6256c151,0.0,0.3130922027685002,0.0010548356419097177,0.006512339320486715,0.0,0.05000000224363788,-6.871170112064907,3.8937768254961287,-30.126670837402344
0.36,3,stepwise_test,5.0,67f63c1627c03412,0.012499999999999956,0.3130922027685002,0.0010548356419097177,0.006512339320486715,0.0,0.05000000224363788,-6.871170112064907,3.8937768254961287,-30.126670837402344
0.36,3,stepwise_test,5.0,6d1d8e613ece86e7,0.0,0.3130922027685002,0.0010548356419097177,0.006512339320486715,0.0,0.05000000224363788,-6.871170112064907,3.8937768254961287,-30.126670837402344
0.36,3,stepwise_test,5.0,6f3466b968e73ba3,0.009302325581395321,0.3130922027685002,0.0010548356419097177,0.006512339320486715,0.0,0.05000000224363788,-6.871170112064907,3.8937768254961287,-30.126670837402344
0.36,3,stepwise_test,5.0,71fe74132803f26b,0.0,0.3130922027685002,0.0010548356419097177,0.006512339320486715,0.0,0.05000000224363788,-6.871170112064907,3.8937768254961287,-30.126670837402344
0.36,3,stepwise_test,5.0,76825b753db42030,0.0,0.3130922027685002,0.0010548356419097177,0.006512339320486715,0.0,0.05000000224363788,-6.871170112064907,3.8937768254961287,-30.126670837402344
0.36,3,stepwise_test,5.0,78001bdfb89f1ad1,0.0,0.3130922027685002,0.0010548356419097177,0.006512339320486715,0.0,0.05000000224363788,-6.871170112064907,3.8937768254961287,-30.126670837402344
0.36,3,stepwise_test,5.0,7b925779bf22fd74,0.00877192982456143,0.3130922027685002,0.0010548356419097177,0.006512339320486715,0.0,0.05000000224363788,-6.871170112064907,3.8937768254961287,-30.126670837402344
0.36,3,stepwise_test,5.0,7be724e7d2299999,0.011560693641618491,0.3130922027685002,0.0010548356419097177,0.006512339320486715,0.0,0.05000000224363788,-6.871170112064907,3.8937768254961287,-30.126670837402344
0.36,3,stepwise_test,5.0,82da82d3e55219a5,0.0,0.3130922027685002,0.0010548356419097177,0.006512339320486715,0.0,0.05000000224363788,-6.871170112064907,3.8937768254961287,-30.126670837402344
0.36,3,stepwise_test,5.0,8acfa77cf5234bd4,0.0,0.3130922027685002,0.0010548356419097177,0.006512339320486715,0.0,0.05000000224363788,-6.871170112064907,3.8937768254961287,-30.126670837402344
0.36,3,stepwise_test,5.0,9332a9cf5d92314a,0.0,0.3130922027685002,0.0010548356419097177,0.006512339320486715,0.0,0.05000000224363788,-6.871170112064907,3.8937768254961287,-30.126670837402344
0.36,3,stepwise_test,5.0,9f60113cec74b0ee,0.0,0.3130922027685002,0.0010548356419097177,0.006512339320486715,0.0,0.05000000224363788,-6.871170112064907,3.8937768254961287,-30.126670837402344
0.36,3,stepwise_test,5.0,a2f68f9c135648a0,0.0,0.3130922027685002,0.0010548356419097177,0.006512339320486715,0.0,0.05000000224363788,-6.871170112064907,3.8937768254961287,-30.126670837402344
0.36,3,stepwise_test,5.0,a3ecb75bd15d05d8,0.0,0.3130922027685002,0.0010548356419097177,0.006512339320486715,0.0,0.05000000224363788,-6.871170112064907,3.8937768254961287,-30.126670837402344
0.36,3,stepwise_test,5.0,a4a471e79162ce6a,0.0,0.3130922027685002,0.0010548356419097177,0.006512339320486715,0.0,0.05000000224363788,-6.871170112064907,3.8937768254961287,-30.126670837402344
0.36,3,stepwise_test,5.0,aa0070de67183c08,0.0,0.3130922027685002,0.0010548356419097177,0.006512339320486715,0.0,0.05000000224363788,-6.871170112064907,3.8937768254961287,-30.126670837402344
0.36,3,stepwise_test,5.0,aa6bc6d9ff6d7768,0.009049773755656076,0.3130922027685002,0.0010548356419097177,0.006512339320486715,0.0,0.05000000224363788,-6.871170112064907,3.8937768254961287,-30.126670837402344
0.36,3,stepwise_test,5.0,acd5a3fd547677f6,0.0,0.3130922027685002,0.0010548356419097177,0.006512339320486715,0.0,0.05000000224363788,-6.871170112064907,3.8937768254961287,-30.126670837402344
0.36,3,stepwise_test,5.0,b5124e1b88000bd7,0.0,0.3130922027685002,0.0010548356419097177,0.006512339320486715,0.0,0.05000000224363788,-6.871170112064907,3.8937768254961287,-30.126670837402344
0.36,3,stepwise_test,5.0,b62f26029c55da5d,0.0,0.3130922027685002,0.0010548356419097177,0.006512339320486715,0.0,0.05000000224363788,-6.871170112064907,3.8937768254961287,-30.126670837402344
0.36,3,stepwise_test,5.0,b7036711cecf282e,0.009433962264150941,0.3130922027685002,0.0010548356419097177,0.006512339320486715,0.0,0.05000000224363788,-6.871170112064907,3.8937768254961287,-30.126670837402344
0.36,3,stepwise_test,5.0,bc83dba623c24f83,0.0,0.3130922027685002,0.0010548356419097177,0.006512339320486715,0.0,0.05000000224363788,-6.871170112064907,3.8937768254961287,-30.126670837402344
0.36,3,stepwise_test,5.0,bd981ed06e640944,0.009090909090909038,0.3130922027685002,0.0010548356419097177,0.006512339320486715,0.0,0.05000000224363788,-6.871170112064907,3.8937768254961287,-30.126670837402344
0.36,3,stepwise_test,5.0,c0b0a6fd8196e526,0.0,0.3130922027685002,0.0010548356419097177,0.006512339320486715,0.0,0.05000000224363788,-6.871170112064907,3.8937768254961287,-30.126670837402344
0.36,3,stepwise_test,5.0,c0da6f9a810ac96e,0.0,0.3130922027685002,0.0010548356419097177,0.006512339320486715,0.0,0.05000000224363788,-6.871170112064907,3.8937768254961287,-30.126670837402344
0.36,3,stepwise_test,5.0,c4e140c6b10a0649,0.0,0.3130922027685002,0.0010548356419097177,0.006512339320486715,0.0,0.05000000224363788,-6.871170112064907,3.8937768254961287,-30.126670837402344
0.36,3,stepwise_test,5.0,ceab4fde9bc557e9,0.0,0.3130922027685002,0.0010548356419097177,0.006512339320486715,0.0,0.05000000224363788,-6.871170112064907,3.8937768254961287,-30.126670837402344
0.36,3,stepwise_test,5.0,cfd0baecd1304030,0.0,0.3130922027685002,0.0010548356419097177,0.006512339320486715,0.0,0.05000000224363788,-6.871170112064907,3.8937768254961287,-30.126670837402344
0.36,3,stepwise_test,5.0,d437bb99475d3d83,0.0,0.3130922027685002,0.0010548356419097177,0.006512339320486715,0.0,0.05000000224363788,-6.871170112064907,3.8937768254961287,-30.126670837402344
0.36,3,stepwise_test,5.0,df593c445aa37cdd,0.0,0.3130922027685002,0.0010548356419097177,0.006512339320486715,0.0,0.05000000224363788,-6.871170112064907,3.8937768254961287,-30.126670837402344
0.36,3,stepwise_test,5.0,e0cbaf79c0d6e3eb,0.0,0.3130922027685002,0.0010548356419097177,0.006512339320486715,0.0,0.05000000224363788,-6.871170112064907,3.8937768254961287,-30.126670837402344
0.36,3,stepwise_test,5.0,e3664a91fc92d1d6,0.0,0.3130922027685002,0.0010548356419097177,0.006512339320486715,0.0,0.05000000224363788,-6.871170112064907,3.8937768254961287,-30.126670837402344
0.36,3,stepwise_test,5.0,e55575bab6cd051d,0.0,0.3130922027685002,0.0010548356419097177,0.006512339320486715,0.0,0.05000000224363788,-6.871170112064907,3.8937768254961287,-30.126670837402344
0.36,3,stepwise_test,5.0,eac6ec2b274f3fe8,0.0092592592592593,0.3130922027685002,0.0010548356419097177,0.006512339320486715,0.0,0.05000000224363788,-6.871170112064907,3.8937768254961287,-30.126670837402344
0.36,3,stepwise_test,5.0,eb5cda6e1fe9f6b5,0.010869565217391353,0.3130922027685002,0.0010548356419097177,0.006512339320486715,0.0,0.05000000224363788,-6.871170112064907,3.8937768254961287,-30.126670837402344
0.36,3,stepwise_test,5.0,ecbc64034f374904,0.008510638297872353,0.3130922027685002,0.0010548356419097177,0.006512339320486715,0.0,0.05000000224363788,-6.871170112064907,3.8937768254961287,-30.126670837402344
0.36,3,stepwise_test,5.0,f16d6af3f8b8b330,0.010362694300518172,0.3130922027685002,0.0010548356419097177,0.006512339320486715,0.0,0.05000000224363788,-6.871170112064907,3.8937768254961287,-30.126670837402344
0.36,3,stepwise_test,5.0,f2e24c35c5249c8b,0.0,0.3130922027685002,0.0010548356419097177,0.006512339320486715,0.0,0.05000000224363788,-6.871170112064907,3.8937768254961287,-30.126670837402344
0.4,3,authority_test,0.0,018ccdd70b67d50b,1.0,0.24464618247247455,0.01848848550515151,0.025265693660616654,0.04518366929273786,0.05000000191084596,-1.5710864577974593,4.322282654898507,-26.32982063293457
0.4,3,authority_test,0.0,0545ede9161cd87b,1.0,0.24464618247247455,0.01848848550515151,0.025265693660616654,0.04518366929273786,0.05000000191084596,-1.5710864577974593,4.322282654898507,-26.32982063293457
0.4,3,authority_test,0.0,0822110b214bf434,1.0,0.24464618247247455,0.01848848550515151,0.025265693660616654,0.04518366929273786,0.05000000191084596,-1.5710864577974593,4.322282654898507,-26.32982063293457
0.4,3,authority_test,0.0,0dbb1e13fa00f0f6,1.0,0.24464618247247455,0.01848848550515151,0.025265693660616654,0.04518366929273786,0.05000000191084596,-1.5710864577974593,4.322282654898507,-26.32982063293457
0.4,3,authority_test,0.0,0e2ca3a9a1e8e218,1.0,0.24464618247247455,0.01848848550515151,0.025265693660616654,0.04518366929273786,0.05000000191084596,-1.5710864577974593,4.322282654898507,-26.32982063293457
0.4,3,authority_test,0.0,101df2256aecf75b,0.0,0.24464618247247455,0.01848848550515151,0.025265693660616654,0.04518366929273786,0.05000000191084596,-1.5710864577974593,4.322282654898507,-26.32982063293457
0.4,3,authority_test,0.0,1717ce53958590ba,0.0,0.24464618247247455,0.01848848550515151,0.025265693660616654,0.04518366929273786,0.05000000191084596,-1.5710864577974593,4.322282654898507,-26.32982063293457
0.4,3,authority_test,0.0,1868815d0a7c6716,1.0,0.24464618247247455,0.01848848550515151,0.025265693660616654,0.04518366929273786,0.05000000191084596,-1.5710864577974593,4.322282654898507,-26.32982063293457
0.4,3,authority_test,0.0,1991ac094bc47b5a,0.0,0.24464618247247455,0.01848848550515151,0.025265693660616654,0.04518366929273786,0.05000000191084596,-1.5710864577974593,4.322282654898507,-26.32982063293457
0.4,3,authority_test,0.0,1e9be34e7c154aee,1.0,0.24464618247247455,0.01848848550515151,0.025265693660616654,0.04518366929273786,0.05000000191084596,-1.5710864577974593,4.322282654898507,-26.32982063293457
0.4,3,authority_test,0.0,245b8a2be8abc37e,1.0,0.24464618247247455,0.01848848550515151,0.025265693660616654,0.04518366929273786,0.05000000191084596,-1.5710864577974593,4.322282654898507,-26.32982063293457
0.4,3,authority_test,0.0,2982eb379acc1dcf,0.007168458781361964,0.24464618247247455,0.01848848550515151,0.025265693660616654,0.04518366929273786,0.05000000191084596,-1.5710864577974593,4.322282654898507,-26.32982063293457
0.4,3,authority_test,0.0,2a7630b9ddded8d5,1.0,0.24464618247247455,0.01848848550515151,0.025265693660616654,0.04518366929273786,0.05000000191084596,-1.5710864577974593,4.322282654898507,-26.32982063293457
0.4,3,authority_test,0.0,3159f31edc896059,0.008196721311475419,0.24464618247247455,0.01848848550515151,0.025265693660616654,0.04518366929273786,0.05000000191084596,-1.5710864577974593,4.322282654898507,-26.32982063293457
0.4,3,authority_test,0.0,3605a51c50d5daa0,0.007352941176470562,0.24464618247247455,0.01848848550515151,0.025265693660616654,0.04518366929273786,0.05000000191084596,-1.5710864577974593,4.322282654898507,-26.32982063293457
0.4,3,authority_test,0.0,38e3fe88a50cb3ef,0.0,0.24464618247247455,0.01848848550515151,0.025265693660616654,0.04518366929273786,0.05000000191084596,-1.5710864577974593,4.322282654898507,-26.32982063293457
0.4,3,authority_test,0.0,3a831f177b4c7882,0.0,0.24464618247247455,0.01848848550515151,0.025265693660616654,0.04518366929273786,0.05000000191084596,-1.5710864577974593,4.322282654898507,-26.32982063293457
0.4,3,authority_test,0.0,41450c0e975a1c31,0.0,0.24464618247247455,0.01848848550515151,0.025265693660616654,0.04518366929273786,0.05000000191084596,-1.5710864577974593,4.322282654898507,-26.32982063293457
0.4,3,authority_test,0.0,4381c0fb4c396040,0.0,0.24464618247247455,0.01848848550515151,0.025265693660616654,0.04518366929273786,0.05000000191084596,-1.5710864577974593,4.322282654898507,-26.32982063293457
0.4,3,authority_test,0.0,44e03bc01ee3055a,1.0,0.24464618247247455,0.01848848550515151,0.025265693660616654,0.04518366929273786,0.05000000191084596,-1.5710864577974593,4.322282654898507,-26.32982063293457
0.4,3,authority_test,0.0,47bf27669a8fa08a,0.0073800738007380184,0.24464618247247455,0.01848848550515151,0.025265693660616654,0.04518366929273786,0.05000000191084596,-1.5710864577974593,4.322282654898507,-26.32982063293457
0.4,3,authority_test,0.0,486ee1ca9e71adc6,0.0,0.24464618247247455,0.01848848550515151,0.025265693660616654,0.04518366929273786,0.05000000191084596,-1.5710864577974593,4.322282654898507,-26.32982063293457
0.4,3,authority_test,0.0,4910c9193fca9a21,0.0,0.24464618247247455,0.01848848550515151,0.025265693660616654,0.04518366929273786,0.05000000191084596,-1.5710864577974593,4.322282654898507,-26.32982063293457
0.4,3,authority_test,0.0,4a78cd4f429333ac,0.0,0.24464618247247455,0.01848848550515151,0.025265693660616654,0.04518366929273786,0.05000000191084596,-1.5710864577974593,4.322282654898507,-26.32982063293457
0.4,3,authority_test,0.0,4d3a619d3d16b595,0.0,0.24464618247247455,0.01848848550515151,0.025265693660616654,0.04518366929273786,0.05000000191084596,-1.5710864577974593,4.322282654898507,-26.32982063293457
0.4,3,authority_test,0.0,4e12766ab5ee9a6f,0.0,0.24464618247247455,0.01848848550515151,0.025265693660616654,0.04518366929273786,0.05000000191084596,-1.5710864577974593,4.322282654898507,-26.32982063293457
0.4,3,authority_test,0.0,5406f38bad958fff,1.0,0.24464618247247455,0.01848848550515151,0.025265693660616654,0.04518366929273786,0.05000000191084596,-1.5710864577974593,4.322282654898507,-26.32982063293457
0.4,3,authority_test,0.0,5b6660299c28d21a,1.0,0.24464618247247455,0.01848848550515151,0.025265693660616654,0.04518366929273786,0.05000000191084596,-1.5710864577974593,4.322282654898507,-26.32982063293457
0.4,3,authority_test,0.0,5d8a6dda9c034943,0.0,0.24464618247247455,0.01848848550515151,0.025265693660616654,0.04518366929273786,0.05000000191084596,-1.5710864577974593,4.322282654898507,-26.32982063293457
0.4,3,authority_test,0.0,6354b26bfd6b0d3b,0.007092198581560294,0.24464618247247455,0.01848848550515151,0.025265693660616654,0.04518366929273786,0.05000000191084596,-1.5710864577974593,4.322282654898507,-26.32982063293457
0.4,3,authority_test,0.0,663b72de42e74e86,0.0,0.24464618247247455,0.01848848550515151,0.025265693660616654,0.04518366929273786,0.05000000191084596,-1.5710864577974593,4.322282654898507,-26.32982063293457
0.4,3,authority_test,0.0,66eb648c6256c151,0.0,0.24464618247247455,0.01848848550515151,0.025265693660616654,0.04518366929273786,0.05000000191084596,-1.5710864577974593,4.322282654898507,-26.32982063293457
0.4,3,authority_test,0.0,67f63c1627c03412,0.0,0.24464618247247455,0.01848848550515151,0.025265693660616654,0.04518366929273786,0.05000000191084596,-1.5710864577974593,4.322282654898507,-26.32982063293457
0.4,3,authority_test,0.0,6d1d8e613ece86e7,0.0,0.24464618247247455,0.01848848550515151,0.025265693660616654,0.04518366929273786,0.05000000191084596,-1.5710864577974593,4.322282654898507,-26.32982063293457
0.4,3,authority_test,0.0,6f3466b968e73ba3,0.0,0.24464618247247455,0.01848848550515151,0.025265693660616654,0.04518366929273786,0.05000000191084596,-1.5710864577974593,4.322282654898507,-26.32982063293457
0.4,3,authority_test,0.0,71fe74132803f26b,0.0,0.24464618247247455,0.01848848550515151,0.025265693660616654,0.04518366929273786,0.05000000191084596,-1.5710864577974593,4.322282654898507,-26.32982063293457
0.4,3,authority_test,0.0,76825b753db42030,1.0,0.24464618247247455,0.01848848550515151,0.025265693660616654,0.04518366929273786,0.05000000191084596,-1.5710864577974593,4.322282654898507,-26.32982063293457
0.4,3,authority_test,0.0,78001bdfb89f1ad1,1.0,0.24464618247247455,0.01848848550515151,0.025265693660616654,0.04518366929273786,0.05000000191084596,-1.5710864577974593,4.322282654898507,-26.32982063293457
0.4,3,authority_test,0.0,7b925779bf22fd74,0.0,0.24464618247247455,0.01848848550515151,0.025265693660616654,0.04518366929273786,0.05000000191084596,-1.5710864577974593,4.322282654898507,-26.32982063293457
0.4,3,authority_test,0.0,7be724e7d2299999,0.0,0.24464618247247455,0.01848848550515151,0.025265693660616654,0.04518366929273786,0.05000000191084596,-1.5710864577974593,4.322282654898507,-26.32982063293457
0.4,3,authority_test,0.0,82da82d3e55219a5,0.0,0.24464618247247455,0.01848848550515151,0.025265693660616654,0.04518366929273786,0.05000000191084596,-1.5710864577974593,4.322282654898507,-26.32982063293457
0.4,3,authority_test,0.0,8acfa77cf5234bd4,0.036329352608422294,0.24464618247247455,0.01848848550515151,0.025265693660616654,0.04518366929273786,0.05000000191084596,-1.5710864577974593,4.322282654898507,-26.32982063293457
0.4,3,authority_test,0.0,9332a9cf5d92314a,0.008163265306122436,0.24464618247247455,0.01848848550515151,0.025265693660616654,0.04518366929273786,0.05000000191084596,-1.5710864577974593,4.322282654898507,-26.32982063293457
0.4,3,authority_test,0.0,9f60113cec74b0ee,0.0,0.24464618247247455,0.01848848550515151,0.025265693660616654,0.04518366929273786,0.05000000191084596,-1.5710864577974593,4.322282654898507,-26.32982063293457
0.4,3,authority_test,0.0,a2f68f9c135648a0,1.0,0.24464618247247455,0.01848848550515151,0.025265693660616654,0.04518366929273786,0.05000000191084596,-1.5710864577974593,4.322282654898507,-26.32982063293457
0.4,3,authority_test,0.0,a3ecb75bd15d05d8,1.0,0.24464618247247455,0.01848848550515151,0.025265693660616654,0.04518366929273786,0.05000000191084596,-1.5710864577974593,4.322282654898507,-26.32982063293457
0.4,3,authority_test,0.0,a4a471e79162ce6a,0.0,0.24464618247247455,0.01848848550515151,0.025265693660616654,0.04518366929273786,0.05000000191084596,-1.5710864577974593,4.322282654898507,-26.32982063293457
0.4,3,authority_test,0.0,aa0070de67183c08,0.0,0.24464618247247455,0.01848848550515151,0.025265693660616654,0.04518366929273786,0.05000000191084596,-1.5710864577974593,4.322282654898507,-26.32982063293457
0.4,3,authority_test,0.0,aa6bc6d9ff6d7768,1.0,0.24464618247247455,0.01848848550515151,0.025265693660616654,0.04518366929273786,0.05000000191084596,-1.5710864577974593,4.322282654898507,-26.32982063293457
0.4,3,authority_test,0.0,acd5a3fd547677f6,0.0,0.24464618247247455,0.01848848550515151,0.025265693660616654,0.04518366929273786,0.05000000191084596,-1.5710864577974593,4.322282654898507,-26.32982063293457
0.4,3,authority_test,0.0,b5124e1b88000bd7,0.0,0.24464618247247455,0.01848848550515151,0.025265693660616654,0.04518366929273786,0.05000000191084596,-1.5710864577974593,4.322282654898507,-26.32982063293457
0.4,3,authority_test,0.0,b62f26029c55da5d,1.0,0.24464618247247455,0.01848848550515151,0.025265693660616654,0.04518366929273786,0.05000000191084596,-1.5710864577974593,4.322282654898507,-26.32982063293457
0.4,3,authority_test,0.0,b7036711cecf282e,1.0,0.24464618247247455,0.01848848550515151,0.025265693660616654,0.04518366929273786,0.05000000191084596,-1.5710864577974593,4.322282654898507,-26.32982063293457
0.4,3,authority_test,0.0,bc83dba623c24f83,0.007843137254901933,0.24464618247247455,0.01848848550515151,0.025265693660616654,0.04518366929273786,0.05000000191084596,-1.5710864577974593,4.322282654898507,-26.32982063293457
0.4,3,authority_test,0.0,bd981ed06e640944,0.008438818565400852,0.24464618247247455,0.01848848550515151,0.025265693660616654,0.04518366929273786,0.05000000191084596,-1.5710864577974593,4.322282654898507,-26.32982063293457
0.4,3,authority_test,0.0,c0b0a6fd8196e526,1.0,0.24464618247247455,0.01848848550515151,0.025265693660616654,0.04518366929273786,0.05000000191084596,-1.5710864577974593,4.322282654898507,-26.32982063293457
0.4,3,authority_test,0.0,c0da6f9a810ac96e,0.0,0.24464618247247455,0.01848848550515151,0.025265693660616654,0.04518366929273786,0.05000000191084596,-1.5710864577974593,4.322282654898507,-26.32982063293457
0.4,3,authority_test,0.0,c4e140c6b10a0649,0.0,0.24464618247247455,0.01848848550515151,0.025265693660616654,0.04518366929273786,0.05000000191084596,-1.5710864577974593,4.322282654898507,-26.32982063293457
0.4,3,authority_test,0.0,ceab4fde9bc557e9,0.0,0.24464618247247455,0.01848848550515151,0.025265693660616654,0.04518366929273786,0.05000000191084596,-1.5710864577974593,4.322282654898507,-26.32982063293457
0.4,3,authority_test,0.0,cfd0baecd1304030,1.0,0.24464618247247455,0.01848848550515151,0.025265693660616654,0.04518366929273786,0.05000000191084596,-1.5710864577974593,4.322282654898507,-26.32982063293457
0.4,3,authority_test,0.0,d437bb99475d3d83,0.0,0.24464618247247455,0.01848848550515151,0.025265693660616654,0.04518366929273786,0.05000000191084596,-1.5710864577974593,4.322282654898507,-26.32982063293457
0.4,3,authority_test,0.0,df593c445aa37cdd,0.008403361344537785,0.24464618247247455,0.01848848550515151,0.025265693660616654,0.04518366929273786,0.05000000191084596,-1.5710864577974593,4.322282654898507,-26.32982063293457
0.4,3,authority_test,0.0,e0cbaf79c0d6e3eb,1.0,0.24464618247247455,0.01848848550515151,0.025265693660616654,0.04518366929273786,0.05000000191084596,-1.5710864577974593,4.322282654898507,-26.32982063293457
0.4,3,authority_test,0.0,e3664a91fc92d1d6,0.0091324200913242,0.24464618247247455,0.01848848550515151,0.025265693660616654,0.04518366929273786,0.05000000191084596,-1.5710864577974593,4.322282654898507,-26.32982063293457
0.4,3,authority_test,0.0,e55575bab6cd051d,0.0,0.24464618247247455,0.01848848550515151,0.025265693660616654,0.04518366929273786,0.05000000191084596,-1.5710864577974593,4.322282654898507,-26.32982063293457
0.4,3,authority_test,0.0,eac6ec2b274f3fe8,0.008583690987124415,0.24464618247247455,0.01848848550515151,0.025265693660616654,0.04518366929273786,0.05000000191084596,-1.5710864577974593,4.322282654898507,-26.32982063293457
0.4,3,authority_test,0.0,eb5cda6e1fe9f6b5,1.0,0.24464618247247455,0.01848848550515151,0.025265693660616654,0.04518366929273786,0.05000000191084596,-1.5710864577974593,4.322282654898507,-26.32982063293457
0.4,3,authority_test,0.0,ecbc64034f374904,0.0,0.24464618247247455,0.01848848550515151,0.025265693660616654,0.04518366929273786,0.05000000191084596,-1.5710864577974593,4.322282654898507,-26.32982063293457
0.4,3,authority_test,0.0,f16d6af3f8b8b330,1.0,0.24464618247247455,0.01848848550515151,0.025265693660616654,0.04518366929273786,0.05000000191084596,-1.5710864577974593,4.322282654898507,-26.32982063293457
0.4,3,authority_test,0.0,f2e24c35c5249c8b,0.007905138339920903,0.24464618247247455,0.01848848550515151,0.025265693660616654,0.04518366929273786,0.05000000191084596,-1.5710864577974593,4.322282654898507,-26.32982063293457
0.4,3,authority_test,2.0,018ccdd70b67d50b,0.0,0.24464618247247455,0.018878579521402667,0.02739895188080538,0.050000001091170754,0.05000000219088791,-3.4907222475324358,4.142521858215332,-27.848560333251953
0.4,3,authority_test,2.0,0545ede9161cd87b,1.0,0.24464618247247455,0.018878579521402667,0.02739895188080538,0.050000001091170754,0.05000000219088791,-3.4907222475324358,4.142521858215332,-27.848560333251953
0.4,3,authority_test,2.0,0822110b214bf434,0.0,0.24464618247247455,0.018878579521402667,0.02739895188080538,0.050000001091170754,0.05000000219088791,-3.4907222475324358,4.142521858215332,-27.848560333251953
0.4,3,authority_test,2.0,0dbb1e13fa00f0f6,0.0,0.24464618247247455,0.018878579521402667,0.02739895188080538,0.050000001091170754,0.05000000219088791,-3.4907222475324358,4.142521858215332,-27.848560333251953
0.4,3,authority_test,2.0,0e2ca3a9a1e8e218,0.0,0.24464618247247455,0.018878579521402667,0.02739895188080538,0.050000001091170754,0.05000000219088791,-3.4907222475324358,4.142521858215332,-27.848560333251953
0.4,3,authority_test,2.0,101df2256aecf75b,0.0,0.24464618247247455,0.018878579521402667,0.02739895188080538,0.050000001091170754,0.05000000219088791,-3.4907222475324358,4.142521858215332,-27.848560333251953
0.4,3,authority_test,2.0,1717ce53958590ba,0.0,0.24464618247247455,0.018878579521402667,0.02739895188080538,0.050000001091170754,0.05000000219088791,-3.4907222475324358,4.142521858215332,-27.848560333251953
0.4,3,authority_test,2.0,1868815d0a7c6716,1.0,0.24464618247247455,0.018878579521402667,0.02739895188080538,0.050000001091170754,0.05000000219088791,-3.4907222475324358,4.142521858215332,-27.848560333251953
0.4,3,authority_test,2.0,1991ac094bc47b5a,0.0,0.24464618247247455,0.018878579521402667,0.02739895188080538,0.050000001091170754,0.05000000219088791,-3.4907222475324358,4.142521858215332,-27.848560333251953
0.4,3,authority_test,2.0,1e9be34e7c154aee,0.0,0.24464618247247455,0.018878579521402667,0.02739895188080538,0.050000001091170754,0.05000000219088791,-3.4907222475324358,4.142521858215332,-27.848560333251953
0.4,3,authority_test,2.0,245b8a2be8abc37e,0.0,0.24464618247247455,0.018878579521402667,0.02739895188080538,0.050000001091170754,0.05000000219088791,-3.4907222475324358,4.142521858215332,-27.848560333251953
0.4,3,authority_test,2.0,2982eb379acc1dcf,0.0,0.24464618247247455,0.018878579521402667,0.02739895188080538,0.050000001091170754,0.05000000219088791,-3.4907222475324358,4.142521858215332,-27.848560333251953
0.4,3,authority_test,2.0,2a7630b9ddded8d5,0.0,0.24464618247247455,0.018878579521402667,0.02739895188080538,0.050000001091170754,0.05000000219088791,-3.4907222475324358,4.142521858215332,-27.848560333251953
0.4,3,authority_test,2.0,3159f31edc896059,0.0,0.24464618247247455,0.018878579521402667,0.02739895188080538,0.050000001091170754,0.05000000219088791,-3.4907222475324358,4.142521858215332,-27.848560333251953
0.4,3,authority_test,2.0,3605a51c50d5daa0,0.00917431192660545,0.24464618247247455,0.018878579521402667,0.02739895188080538,0.050000001091170754,0.05000000219088791,-3.4907222475324358,4.142521858215332,-27.848560333251953
0.4,3,authority_test,2.0,38e3fe88a50cb3ef,0.0,0.24464618247247455,0.018878579521402667,0.02739895188080538,0.050000001091170754,0.05000000219088791,-3.4907222475324358,4.142521858215332,-27.848560333251953
0.4,3,authority_test,2.0,3a831f177b4c7882,0.0,0.24464618247247455,0.018878579521402667,0.02739895188080538,0.050000001091170754,0.05000000219088791,-3.4907222475324358,4.142521858215332,-27.848560333251953
0.4,3,authority_test,2.0,41450c0e975a1c31,0.00877192982456143,0.24464618247247455,0.018878579521402667,0.02739895188080538,0.050000001091170754,0.05000000219088791,-3.4907222475324358,4.142521858215332,-27.848560333251953
0.4,3,authority_test,2.0,4381c0fb4c396040,1.0,0.24464618247247455,0.018878579521402667,0.02739895188080538,0.050000001091170754,0.05000000219088791,-3.4907222475324358,4.142521858215332,-27.848560333251953
0.4,3,authority_test,2.0,44e03bc01ee3055a,1.0,0.24464618247247455,0.018878579521402667,0.02739895188080538,0.050000001091170754,0.05000000219088791,-3.4907222475324358,4.142521858215332,-27.848560333251953
0.4,3,authority_test,2.0,47bf27669a8fa08a,0.0,0.24464618247247455,0.018878579521402667,0.02739895188080538,0.050000001091170754,0.05000000219088791,-3.4907222475324358,4.142521858215332,-27.848560333251953
0.4,3,authority_test,2.0,486ee1ca9e71adc6,0.0,0.24464618247247455,0.018878579521402667,0.02739895188080538,0.050000001091170754,0.05000000219088791,-3.4907222475324358,4.142521858215332,-27.848560333251953
0.4,3,authority_test,2.0,4910c9193fca9a21,0.008695652173912993,0.24464618247247455,0.018878579521402667,0.02739895188080538,0.050000001091170754,0.05000000219088791,-3.4907222475324358,4.142521858215332,-27.848560333251953
0.4,3,authority_test,2.0,4a78cd4f429333ac,0.0074906367041198685,0.24464618247247455,0.018878579521402667,0.02739895188080538,0.050000001091170754,0.05000000219088791,-3.4907222475324358,4.142521858215332,-27.848560333251953
0.4,3,authority_test,2.0,4d3a619d3d16b595,1.0,0.24464618247247455,0.018878579521402667,0.02739895188080538,0.050000001091170754,0.05000000219088791,-3.4907222475324358,4.142521858215332,-27.848560333251953
0.4,3,authority_test,2.0,4e12766ab5ee9a6f,0.007751937984496138,0.24464618247247455,0.018878579521402667,0.02739895188080538,0.050000001091170754,0.05000000219088791,-3.4907222475324358,4.142521858215332,-27.848560333251953
0.4,3,authority_test,2.0,5406f38bad958fff,0.0,0.24464618247247455,0.018878579521402667,0.02739895188080538,0.050000001091170754,0.05000000219088791,-3.4907222475324358,4.142521858215332,-27.848560333251953
0.4,3,authority_test,2.0,5b6660299c28d21a,0.0,0.24464618247247455,0.018878579521402667,0.02739895188080538,0.050000001091170754,0.05000000219088791,-3.4907222475324358,4.142521858215332,-27.848560333251953
0.4,3,authority_test,2.0,5d8a6dda9c034943,0.0,0.24464618247247455,0.018878579521402667,0.02739895188080538,0.050000001091170754,0.05000000219088791,-3.4907222475324358,4.142521858215332,-27.848560333251953
0.4,3,authority_test,2.0,6354b26bfd6b0d3b,0.0068259385665528916,0.24464618247247455,0.018878579521402667,0.02739895188080538,0.050000001091170754,0.05000000219088791,-3.4907222475324358,4.142521858215332,-27.848560333251953
0.4,3,authority_test,2.0,663b72de42e74e86,0.0,0.24464618247247455,0.018878579521402667,0.02739895188080538,0.050000001091170754,0.05000000219088791,-3.4907222475324358,4.142521858215332,-27.848560333251953
0.4,3,authority_test,2.0,66eb648c6256c151,0.007874015748031482,0.24464618247247455,0.018878579521402667,0.02739895188080538,0.050000001091170754,0.05000000219088791,-3.4907222475324358,4.142521858215332,-27.848560333251953
0.4,3,authority_test,2.0,67f63c1627c03412,1.0,0.24464618247247455,0.018878579521402667,0.02739895188080538,0.050000001091170754,0.05000000219088791,-3.4907222475324358,4.142521858215332,-27.848560333251953
0.4,3,authority_test,2.0,6d1d8e613ece86e7,0.009661835748792313,0.24464618247247455,0.018878579521402667,0.02739895188080538,0.050000001091170754,0.05000000219088791,-3.4907222475324358,4.142521858215332,-27.848560333251953
0.4,3,authority_test,2.0,6f3466b968e73ba3,1.0,0.24464618247247455,0.018878579521402667,0.02739895188080538,0.050000001091170754,0.05000000219088791,-3.4907222475324358,4.142521858215332,-27.848560333251953
0.4,3,authority_test,2.0,71fe74132803f26b,0.0,0.24464618247247455,0.018878579521402667,0.02739895188080538,0.050000001091170754,0.05000000219088791,-3.4907222475324358,4.142521858215332,-27.848560333251953
0.4,3,authority_test,2.0,76825b753db42030,0.0,0.24464618247247455,0.018878579521402667,0.02739895188080538,0.050000001091170754,0.05000000219088791,-3.4907222475324358,4.142521858215332,-27.848560333251953
0.4,3,authority_test,2.0,78001bdfb89f1ad1,0.0,0.24464618247247455,0.018878579521402667,0.02739895188080538,0.050000001091170754,0.05000000219088791,-3.4907222475324358,4.142521858215332,-27.848560333251953
0.4,3,authority_test,2.0,7b925779bf22fd74,0.0,0.24464618247247455,0.018878579521402667,0.02739895188080538,0.050000001091170754,0.05000000219088791,-3.4907222475324358,4.142521858215332,-27.848560333251953
0.4,3,authority_test,2.0,7be724e7d2299999,0.0,0.24464618247247455,0.018878579521402667,0.02739895188080538,0.050000001091170754,0.05000000219088791,-3.4907222475324358,4.142521858215332,-27.848560333251953
0.4,3,authority_test,2.0,82da82d3e55219a5,0.0,0.24464618247247455,0.018878579521402667,0.02739895188080538,0.050000001091170754,0.05000000219088791,-3.4907222475324358,4.142521858215332,-27.848560333251953
0.4,3,authority_test,2.0,8acfa77cf5234bd4,0.008264462809917328,0.24464618247247455,0.018878579521402667,0.02739895188080538,0.050000001091170754,0.05000000219088791,-3.4907222475324358,4.142521858215332,-27.848560333251953
0.4,3,authority_test,2.0,9332a9cf5d92314a,0.007722007722007707,0.24464618247247455,0.018878579521402667,0.02739895188080538,0.050000001091170754,0.05000000219088791,-3.4907222475324358,4.142521858215332,-27.848560333251953
0.4,3,authority_test,2.0,9f60113cec74b0ee,0.0,0.24464618247247455,0.018878579521402667,0.02739895188080538,0.050000001091170754,0.05000000219088791,-3.4907222475324358,4.142521858215332,-27.848560333251953
0.4,3,authority_test,2.0,a2f68f9c135648a0,0.0,0.24464618247247455,0.018878579521402667,0.02739895188080538,0.050000001091170754,0.05000000219088791,-3.4907222475324358,4.142521858215332,-27.848560333251953
0.4,3,authority_test,2.0,a3ecb75bd15d05d8,0.0,0.24464618247247455,0.018878579521402667,0.02739895188080538,0.050000001091170754,0.05000000219088791,-3.4907222475324358,4.142521858215332,-27.848560333251953
0.4,3,authority_test,2.0,a4a471e79162ce6a,0.0,0.24464618247247455,0.018878579521402667,0.02739895188080538,0.050000001091170754,0.05000000219088791,-3.4907222475324358,4.142521858215332,-27.848560333251953
0.4,3,authority_test,2.0,aa0070de67183c08,0.007722007722007707,0.24464618247247455,0.018878579521402667,0.02739895188080538,0.050000001091170754,0.05000000219088791,-3.4907222475324358,4.142521858215332,-27.848560333251953
0.4,3,authority_test,2.0,aa6bc6d9ff6d7768,0.0,0.24464618247247455,0.018878579521402667,0.02739895188080538,0.050000001091170754,0.05000000219088791,-3.4907222475324358,4.142521858215332,-27.848560333251953
0.4,3,authority_test,2.0,acd5a3fd547677f6,0.008658008658008698,0.24464618247247455,0.018878579521402667,0.02739895188080538,0.050000001091170754,0.05000000219088791,-3.4907222475324358,4.142521858215332,-27.848560333251953
0.4,3,authority_test,2.0,b5124e1b88000bd7,0.0,0.24464618247247455,0.018878579521402667,0.02739895188080538,0.050000001091170754,0.05000000219088791,-3.4907222475324358,4.142521858215332,-27.848560333251953
0.4,3,authority_test,2.0,b62f26029c55da5d,0.0,0.24464618247247455,0.018878579521402667,0.02739895188080538,0.050000001091170754,0.05000000219088791,-3.4907222475324358,4.142521858215332,-27.848560333251953
0.4,3,authority_test,2.0,b7036711cecf282e,0.0,0.24464618247247455,0.018878579521402667,0.02739895188080538,0.050000001091170754,0.05000000219088791,-3.4907222475324358,4.142521858215332,-27.848560333251953
0.4,3,authority_test,2.0,bc83dba623c24f83,0.0,0.24464618247247455,0.018878579521402667,0.02739895188080538,0.050000001091170754,0.05000000219088791,-3.4907222475324358,4.142521858215332,-27.848560333251953
0.4,3,authority_test,2.0,bd981ed06e640944,0.008547008547008517,0.24464618247247455,0.018878579521402667,0.02739895188080538,0.050000001091170754,0.05000000219088791,-3.4907222475324358,4.142521858215332,-27.848560333251953
0.4,3,authority_test,2.0,c0b0a6fd8196e526,1.0,0.24464618247247455,0.018878579521402667,0.02739895188080538,0.050000001091170754,0.05000000219088791,-3.4907222475324358,4.142521858215332,-27.848560333251953
0.4,3,authority_test,2.0,c0da6f9a810ac96e,0.0,0.24464618247247455,0.018878579521402667,0.02739895188080538,0.050000001091170754,0.05000000219088791,-3.4907222475324358,4.142521858215332,-27.848560333251953
0.4,3,authority_test,2.0,c4e140c6b10a0649,0.009302325581395321,0.24464618247247455,0.018878579521402667,0.02739895188080538,0.050000001091170754,0.05000000219088791,-3.4907222475324358,4.142521858215332,-27.848560333251953
0.4,3,authority_test,2.0,ceab4fde9bc557e9,0.0,0.24464618247247455,0.018878579521402667,0.02739895188080538,0.050000001091170754,0.05000000219088791,-3.4907222475324358,4.142521858215332,-27.848560333251953
0.4,3,authority_test,2.0,cfd0baecd1304030,1.0,0.24464618247247455,0.018878579521402667,0.02739895188080538,0.050000001091170754,0.05000000219088791,-3.4907222475324358,4.142521858215332,-27.848560333251953
0.4,3,authority_test,2.0,d437bb99475d3d83,0.0,0.24464618247247455,0.018878579521402667,0.02739895188080538,0.050000001091170754,0.05000000219088791,-3.4907222475324358,4.142521858215332,-27.848560333251953
0.4,3,authority_test,2.0,df593c445aa37cdd,0.009049773755656076,0.24464618247247455,0.018878579521402667,0.02739895188080538,0.050000001091170754,0.05000000219088791,-3.4907222475324358,4.142521858215332,-27.848560333251953
0.4,3,authority_test,2.0,e0cbaf79c0d6e3eb,0.0,0.24464618247247455,0.018878579521402667,0.02739895188080538,0.050000001091170754,0.05000000219088791,-3.4907222475324358,4.142521858215332,-27.848560333251953
0.4,3,authority_test,2.0,e3664a91fc92d1d6,0.008298755186721962,0.24464618247247455,0.018878579521402667,0.02739895188080538,0.050000001091170754,0.05000000219088791,-3.4907222475324358,4.142521858215332,-27.848560333251953
0.4,3,authority_test,2.0,e55575bab6cd051d,0.0,0.24464618247247455,0.018878579521402667,0.02739895188080538,0.050000001091170754,0.05000000219088791,-3.4907222475324358,4.142521858215332,-27.848560333251953
0.4,3,authority_test,2.0,eac6ec2b274f3fe8,0.008968609865470878,0.24464618247247455,0.018878579521402667,0.02739895188080538,0.050000001091170754,0.05000000219088791,-3.4907222475324358,4.142521858215332,-27.848560333251953
0.4,3,authority_test,2.0,eb5cda6e1fe9f6b5,0.0,0.24464618247247455,0.018878579521402667,0.02739895188080538,0.050000001091170754,0.05000000219088791,-3.4907222475324358,4.142521858215332,-27.848560333251953
0.4,3,authority_test,2.0,ecbc64034f374904,0.0077821011673151474,0.24464618247247455,0.018878579521402667,0.02739895188080538,0.050000001091170754,0.05000000219088791,-3.4907222475324358,4.142521858215332,-27.848560333251953
0.4,3,authority_test,2.0,f16d6af3f8b8b330,0.0,0.24464618247247455,0.018878579521402667,0.02739895188080538,0.050000001091170754,0.05000000219088791,-3.4907222475324358,4.142521858215332,-27.848560333251953
0.4,3,authority_test,2.0,f2e24c35c5249c8b,0.008064516129032251,0.24464618247247455,0.018878579521402667,0.02739895188080538,0.050000001091170754,0.05000000219088791,-3.4907222475324358,4.142521858215332,-27.848560333251953
0.4,3,authority_test,5.0,018ccdd70b67d50b,0.008403361344537785,0.24464618247247455,0.0010272895982074365,0.006222258121787222,2.1842491536888556e-05,0.0500000019331983,-6.452733925410679,3.963815144130162,-30.126670837402344
0.4,3,authority_test,5.0,0545ede9161cd87b,0.0,0.24464618247247455,0.0010272895982074365,0.006222258121787222,2.1842491536888556e-05,0.0500000019331983,-6.452733925410679,3.963815144130162,-30.126670837402344
0.4,3,authority_test,5.0,0822110b214bf434,0.33333333333333337,0.24464618247247455,0.0010272895982074365,0.006222258121787222,2.1842491536888556e-05,0.0500000019331983,-6.452733925410679,3.963815144130162,-30.126670837402344
0.4,3,authority_test,5.0,0dbb1e13fa00f0f6,0.0078125,0.24464618247247455,0.0010272895982074365,0.006222258121787222,2.1842491536888556e-05,0.0500000019331983,-6.452733925410679,3.963815144130162,-30.126670837402344
0.4,3,authority_test,5.0,0e2ca3a9a1e8e218,0.0,0.24464618247247455,0.0010272895982074365,0.006222258121787222,2.1842491536888556e-05,0.0500000019331983,-6.452733925410679,3.963815144130162,-30.126670837402344
0.4,3,authority_test,5.0,101df2256aecf75b,0.0,0.24464618247247455,0.0010272895982074365,0.006222258121787222,2.1842491536888556e-05,0.0500000019331983,-6.452733925410679,3.963815144130162,-30.126670837402344
0.4,3,authority_test,5.0,1717ce53958590ba,0.03692801712603688,0.24464618247247455,0.0010272895982074365,0.006222258121787222,2.1842491536888556e-05,0.0500000019331983,-6.452733925410679,3.963815144130162,-30.126670837402344
0.4,3,authority_test,5.0,1868815d0a7c6716,0.008733624454148492,0.24464618247247455,0.0010272895982074365,0.006222258121787222,2.1842491536888556e-05,0.0500000019331983,-6.452733925410679,3.963815144130162,-30.126670837402344
0.4,3,authority_test,5.0,1991ac094bc47b5a,0.008438818565400852,0.24464618247247455,0.0010272895982074365,0.006222258121787222,2.1842491536888556e-05,0.0500000019331983,-6.452733925410679,3.963815144130162,-30.126670837402344
0.4,3,authority_test,5.0,1e9be34e7c154aee,0.0,0.24464618247247455,0.0010272895982074365,0.006222258121787222,2.1842491536888556e-05,0.0500000019331983,-6.452733925410679,3.963815144130162,-30.126670837402344
0.4,3,authority_test,5.0,245b8a2be8abc37e,0.6666666666666667,0.24464618247247455,0.0010272895982074365,0.006222258121787222,2.1842491536888556e-05,0.0500000019331983,-6.452733925410679,3.963815144130162,-30.126670837402344
0.4,3,authority_test,5.0,2982eb379acc1dcf,0.007692307692307665,0.24464618247247455,0.0010272895982074365,0.006222258121787222,2.1842491536888556e-05,0.0500000019331983,-6.452733925410679,3.963815144130162,-30.126670837402344
0.4,3,authority_test,5.0,2a7630b9ddded8d5,0.0,0.24464618247247455,0.0010272895982074365,0.006222258121787222,2.1842491536888556e-05,0.0500000019331983,-6.452733925410679,3.963815144130162,-30.126670837402344
0.4,3,authority_test,5.0,3159f31edc896059,0.0,0.24464618247247455,0.0010272895982074365,0.006222258121787222,2.1842491536888556e-05,0.0500000019331983,-6.452733925410679,3.963815144130162,-30.126670837402344
0.4,3,authority_test,5.0,3605a51c50d5daa0,0.0,0.24464618247247455,0.0010272895982074365,0.006222258121787222,2.1842491536888556e-05,0.0500000019331983,-6.452733925410679,3.963815144130162,-30.126670837402344
0.4,3,authority_test,5.0,38e3fe88a50cb3ef,0.0,0.24464618247247455,0.0010272895982074365,0.006222258121787222,2.1842491536888556e-05,0.0500000019331983,-6.452733925410679,3.963815144130162,-30.126670837402344
0.4,3,authority_test,5.0,3a831f177b4c7882,0.007575757575757569,0.24464618247247455,0.0010272895982074365,0.006222258121787222,2.1842491536888556e-05,0.0500000019331983,-6.452733925410679,3.963815144130162,-30.126670837402344
0.4,3,authority_test,5.0,41450c0e975a1c31,0.0077821011673151474,0.24464618247247455,0.0010272895982074365,0.006222258121787222,2.1842491536888556e-05,0.0500000019331983,-6.452733925410679,3.963815144130162,-30.126670837402344
0.4,3,authority_test,5.0,4381c0fb4c396040,0.0,0.24464618247247455,0.0010272895982074365,0.006222258121787222,2.1842491536888556e-05,0.0500000019331983,-6.452733925410679,3.963815144130162,-30.126670837402344
0.4,3,authority_test,5.0,44e03bc01ee3055a,0.0,0.24464618247247455,0.0010272895982074365,0.006222258121787222,2.1842491536888556e-05,0.0500000019331983,-6.452733925410679,3.963815144130162,-30.126670837402344
0.4,3,authority_test,5.0,47bf27669a8fa08a,0.008620689655172376,0.24464618247247455,0.0010272895982074365,0.006222258121787222,2.1842491536888556e-05,0.0500000019331983,-6.452733925410679,3.963815144130162,-30.126670837402344
0.4,3,authority_test,5.0,486ee1ca9e71adc6,0.0,0.24464618247247455,0.0010272895982074365,0.006222258121787222,2.1842491536888556e-05,0.0500000019331983,-6.452733925410679,3.963815144130162,-30.126670837402344
0.4,3,authority_test,5.0,4910c9193fca9a21,0.008368200836820106,0.24464618247247455,0.0010272895982074365,0.006222258121787222,2.1842491536888556e-05,0.0500000019331983,-6.452733925410679,3.963815144130162,-30.126670837402344
0.4,3,authority_test,5.0,4a78cd4f429333ac,0.0,0.24464618247247455,0.0010272895982074365,0.006222258121787222,2.1842491536888556e-05,0.0500000019331983,-6.452733925410679,3.963815144130162,-30.126670837402344
0.4,3,authority_test,5.0,4d3a619d3d16b595,0.009090909090909038,0.24464618247247455,0.0010272895982074365,0.006222258121787222,2.1842491536888556e-05,0.0500000019331983,-6.452733925410679,3.963815144130162,-30.126670837402344
0.4,3,authority_test,5.0,4e12766ab5ee9a6f,0.008474576271186418,0.24464618247247455,0.0010272895982074365,0.006222258121787222,2.1842491536888556e-05,0.0500000019331983,-6.452733925410679,3.963815144130162,-30.126670837402344
0.4,3,authority_test,5.0,5406f38bad958fff,0.0,0.24464618247247455,0.0010272895982074365,0.006222258121787222,2.1842491536888556e-05,0.0500000019331983,-6.452733925410679,3.963815144130162,-30.126670837402344
0.4,3,authority_test,5.0,5b6660299c28d21a,0.0,0.24464618247247455,0.0010272895982074365,0.006222258121787222,2.1842491536888556e-05,0.0500000019331983,-6.452733925410679,3.963815144130162,-30.126670837402344
0.4,3,authority_test,5.0,5d8a6dda9c034943,0.0,0.24464618247247455,0.0010272895982074365,0.006222258121787222,2.1842491536888556e-05,0.0500000019331983,-6.452733925410679,3.963815144130162,-30.126670837402344
0.4,3,authority_test,5.0,6354b26bfd6b0d3b,0.0072727272727273196,0.24464618247247455,0.0010272895982074365,0.006222258121787222,2.1842491536888556e-05,0.0500000019331983,-6.452733925410679,3.963815144130162,-30.126670837402344
0.4,3,authority_test,5.0,663b72de42e74e86,0.008928571428571397,0.24464618247247455,0.0010272895982074365,0.006222258121787222,2.1842491536888556e-05,0.0500000019331983,-6.452733925410679,3.963815144130162,-30.126670837402344
0.4,3,authority_test,5.0,66eb648c6256c151,0.0,0.24464618247247455,0.0010272895982074365,0.006222258121787222,2.1842491536888556e-05,0.0500000019331983,-6.452733925410679,3.963815144130162,-30.126670837402344
0.4,3,authority_test,5.0,67f63c1627c03412,0.007518796992481258,0.24464618247247455,0.0010272895982074365,0.006222258121787222,2.1842491536888556e-05,0.0500000019331983,-6.452733925410679,3.963815144130162,-30.126670837402344
0.4,3,authority_test,5.0,6d1d8e613ece86e7,0.010152284263959421,0.24464618247247455,0.0010272895982074365,0.006222258121787222,2.1842491536888556e-05,0.0500000019331983,-6.452733925410679,3.963815144130162,-30.126670837402344
0.4,3,authority_test,5.0,6f3466b968e73ba3,0.008230452674897082,0.24464618247247455,0.0010272895982074365,0.006222258121787222,2.1842491536888556e-05,0.0500000019331983,-6.452733925410679,3.963815144130162,-30.126670837402344
0.4,3,authority_test,5.0,71fe74132803f26b,0.0,0.24464618247247455,0.0010272895982074365,0.006222258121787222,2.1842491536888556e-05,0.0500000019331983,-6.452733925410679,3.963815144130162,-30.126670837402344
0.4,3,authority_test,5.0,76825b753db42030,0.008849557522123908,0.24464618247247455,0.0010272895982074365,0.006222258121787222,2.1842491536888556e-05,0.0500000019331983,-6.452733925410679,3.963815144130162,-30.126670837402344
0.4,3,authority_test,5.0,78001bdfb89f1ad1,0.009433962264150941,0.24464618247247455,0.0010272895982074365,0.006222258121787222,2.1842491536888556e-05,0.0500000019331983,-6.452733925410679,3.963815144130162,-30.126670837402344
0.4,3,authority_test,5.0,7b925779bf22fd74,0.009433962264150941,0.24464618247247455,0.0010272895982074365,0.006222258121787222,2.1842491536888556e-05,0.0500000019331983,-6.452733925410679,3.963815144130162,-30.126670837402344
0.4,3,authority_test,5.0,7be724e7d2299999,0.008968609865470878,0.24464618247247455,0.0010272895982074365,0.006222258121787222,2.1842491536888556e-05,0.0500000019331983,-6.452733925410679,3.963815144130162,-30.126670837402344
0.4,3,authority_test,5.0,82da82d3e55219a5,0.0078125,0.24464618247247455,0.0010272895982074365,0.006222258121787222,2.1842491536888556e-05,0.0500000019331983,-6.452733925410679,3.963815144130162,-30.126670837402344
0.4,3,authority_test,5.0,8acfa77cf5234bd4,0.008510638297872353,0.24464618247247455,0.0010272895982074365,0.006222258121787222,2.1842491536888556e-05,0.0500000019331983,-6.452733925410679,3.963815144130162,-30.126670837402344
0.4,3,authority_test,5.0,9332a9cf5d92314a,0.008968609865470878,0.24464618247247455,0.0010272895982074365,0.006222258121787222,2.1842491536888556e-05,0.0500000019331983,-6.452733925410679,3.963815144130162,-30.126670837402344
0.4,3,authority_test,5.0,9f60113cec74b0ee,0.008474576271186418,0.24464618247247455,0.0010272895982074365,0.006222258121787222,2.1842491536888556e-05,0.0500000019331983,-6.452733925410679,3.963815144130162,-30.126670837402344
0.4,3,authority_test,5.0,a2f68f9c135648a0,0.0,0.24464618247247455,0.0010272895982074365,0.006222258121787222,2.1842491536888556e-05,0.0500000019331983,-6.452733925410679,3.963815144130162,-30.126670837402344
0.4,3,authority_test,5.0,a3ecb75bd15d05d8,0.0,0.24464618247247455,0.0010272895982074365,0.006222258121787222,2.1842491536888556e-05,0.0500000019331983,-6.452733925410679,3.963815144130162,-30.126670837402344
0.4,3,authority_test,5.0,a4a471e79162ce6a,0.009090909090909038,0.24464618247247455,0.0010272895982074365,0.006222258121787222,2.1842491536888556e-05,0.0500000019331983,-6.452733925410679,3.963815144130162,-30.126670837402344
0.4,3,authority_test,5.0,aa0070de67183c08,0.0,0.24464618247247455,0.0010272895982074365,0.006222258121787222,2.1842491536888556e-05,0.0500000019331983,-6.452733925410679,3.963815144130162,-30.126670837402344
0.4,3,authority_test,5.0,aa6bc6d9ff6d7768,0.0,0.24464618247247455,0.0010272895982074365,0.006222258121787222,2.1842491536888556e-05,0.0500000019331983,-6.452733925410679,3.963815144130162,-30.126670837402344
0.4,3,authority_test,5.0,acd5a3fd547677f6,0.010000000000000009,0.24464618247247455,0.0010272895982074365,0.006222258121787222,2.1842491536888556e-05,0.0500000019331983,-6.452733925410679,3.963815144130162,-30.126670837402344
0.4,3,authority_test,5.0,b5124e1b88000bd7,0.009009009009009028,0.24464618247247455,0.0010272895982074365,0.006222258121787222,2.1842491536888556e-05,0.0500000019331983,-6.452733925410679,3.963815144130162,-30.126670837402344
0.4,3,authority_test,5.0,b62f26029c55da5d,0.027027027027026973,0.24464618247247455,0.0010272895982074365,0.006222258121787222,2.1842491536888556e-05,0.0500000019331983,-6.452733925410679,3.963815144130162,-30.126670837402344
0.4,3,authority_test,5.0,b7036711cecf282e,0.010000000000000009,0.24464618247247455,0.0010272895982074365,0.006222258121787222,2.1842491536888556e-05,0.0500000019331983,-6.452733925410679,3.963815144130162,-30.126670837402344
0.4,3,authority_test,5.0,bc83dba623c24f83,0.0,0.24464618247247455,0.0010272895982074365,0.006222258121787222,2.1842491536888556e-05,0.0500000019331983,-6.452733925410679,3.963815144130162,-30.126670837402344
0.4,3,authority_test,5.0,bd981ed06e640944,0.008810572687224627,0.24464618247247455,0.0010272895982074365,0.006222258121787222,2.1842491536888556e-05,0.0500000019331983,-6.452733925410679,3.963815144130162,-30.126670837402344
0.4,3,authority_test,5.0,c0b0a6fd8196e526,0.0,0.24464618247247455,0.0010272895982074365,0.006222258121787222,2.1842491536888556e-05,0.0500000019331983,-6.452733925410679,3.963815144130162,-30.126670837402344
0.4,3,authority_test,5.0,c0da6f9a810ac96e,0.0,0.24464618247247455,0.0010272895982074365,0.006222258121787222,2.1842491536888556e-05,0.0500000019331983,-6.452733925410679,3.963815144130162,-30.126670837402344
0.4,3,authority_test,5.0,c4e140c6b10a0649,0.00952380952380949,0.24464618247247455,0.0010272895982074365,0.006222258121787222,2.1842491536888556e-05,0.0500000019331983,-6.452733925410679,3.963815144130162,-30.126670837402344
0.4,3,authority_test,5.0,ceab4fde9bc557e9,0.0,0.24464618247247455,0.0010272895982074365,0.006222258121787222,2.1842491536888556e-05,0.0500000019331983,-6.452733925410679,3.963815144130162,-30.126670837402344
0.4,3,authority_test,5.0,cfd0baecd1304030,0.7083333333333333,0.24464618247247455,0.0010272895982074365,0.006222258121787222,2.1842491536888556e-05,0.0500000019331983,-6.452733925410679,3.963815144130162,-30.126670837402344
0.4,3,authority_test,5.0,d437bb99475d3d83,0.0,0.24464618247247455,0.0010272895982074365,0.006222258121787222,2.1842491536888556e-05,0.0500000019331983,-6.452733925410679,3.963815144130162,-30.126670837402344
0.4,3,authority_test,5.0,df593c445aa37cdd,0.008368200836820106,0.24464618247247455,0.0010272895982074365,0.006222258121787222,2.1842491536888556e-05,0.0500000019331983,-6.452733925410679,3.963815144130162,-30.126670837402344
0.4,3,authority_test,5.0,e0cbaf79c0d6e3eb,0.008510638297872353,0.24464618247247455,0.0010272895982074365,0.006222258121787222,2.1842491536888556e-05,0.0500000019331983,-6.452733925410679,3.963815144130162,-30.126670837402344
0.4,3,authority_test,5.0,e3664a91fc92d1d6,0.008695652173912993,0.24464618247247455,0.0010272895982074365,0.006222258121787222,2.1842491536888556e-05,0.0500000019331983,-6.452733925410679,3.963815144130162,-30.126670837402344
0.4,3,authority_test,5.0,e55575bab6cd051d,0.0080971659919028,0.24464618247247455,0.0010272895982074365,0.006222258121787222,2.1842491536888556e-05,0.0500000019331983,-6.452733925410679,3.963815144130162,-30.126670837402344
0.4,3,authority_test,5.0,eac6ec2b274f3fe8,0.009389671361502372,0.24464618247247455,0.0010272895982074365,0.006222258121787222,2.1842491536888556e-05,0.0500000019331983,-6.452733925410679,3.963815144130162,-30.126670837402344
0.4,3,authority_test,5.0,eb5cda6e1fe9f6b5,0.7083333333333333,0.24464618247247455,0.0010272895982074365,0.006222258121787222,2.1842491536888556e-05,0.0500000019331983,-6.452733925410679,3.963815144130162,-30.126670837402344
0.4,3,authority_test,5.0,ecbc64034f374904,1.0,0.24464618247247455,0.0010272895982074365,0.006222258121787222,2.1842491536888556e-05,0.0500000019331983,-6.452733925410679,3.963815144130162,-30.126670837402344
0.4,3,authority_test,5.0,f16d6af3f8b8b330,0.0,0.24464618247247455,0.0010272895982074365,0.006222258121787222,2.1842491536888556e-05,0.0500000019331983,-6.452733925410679,3.963815144130162,-30.126670837402344
0.4,3,authority_test,5.0,f2e24c35c5249c8b,0.008547008547008517,0.24464618247247455,0.0010272895982074365,0.006222258121787222,2.1842491536888556e-05,0.0500000019331983,-6.452733925410679,3.963815144130162,-30.126670837402344
0.4,3,stepwise_test,0.0,018ccdd70b67d50b,1.0,0.24464618247247455,0.017427749575512335,0.024373536432022173,0.04497687917728406,0.05000000195528903,-2.1626880168914795,4.145697798047747,-26.32982063293457
0.4,3,stepwise_test,0.0,0545ede9161cd87b,0.0,0.24464618247247455,0.017427749575512335,0.024373536432022173,0.04497687917728406,0.05000000195528903,-2.1626880168914795,4.145697798047747,-26.32982063293457
0.4,3,stepwise_test,0.0,0822110b214bf434,0.009433962264150941,0.24464618247247455,0.017427749575512335,0.024373536432022173,0.04497687917728406,0.05000000195528903,-2.1626880168914795,4.145697798047747,-26.32982063293457
0.4,3,stepwise_test,0.0,0dbb1e13fa00f0f6,0.0,0.24464618247247455,0.017427749575512335,0.024373536432022173,0.04497687917728406,0.05000000195528903,-2.1626880168914795,4.145697798047747,-26.32982063293457
0.4,3,stepwise_test,0.0,0e2ca3a9a1e8e218,0.0,0.24464618247247455,0.017427749575512335,0.024373536432022173,0.04497687917728406,0.05000000195528903,-2.1626880168914795,4.145697798047747,-26.32982063293457
0.4,3,stepwise_test,0.0,101df2256aecf75b,1.0,0.24464618247247455,0.017427749575512335,0.024373536432022173,0.04497687917728406,0.05000000195528903,-2.1626880168914795,4.145697798047747,-26.32982063293457
0.4,3,stepwise_test,0.0,1717ce53958590ba,1.0,0.24464618247247455,0.017427749575512335,0.024373536432022173,0.04497687917728406,0.05000000195528903,-2.1626880168914795,4.145697798047747,-26.32982063293457
0.4,3,stepwise_test,0.0,1868815d0a7c6716,1.0,0.24464618247247455,0.017427749575512335,0.024373536432022173,0.04497687917728406,0.05000000195528903,-2.1626880168914795,4.145697798047747,-26.32982063293457
0.4,3,stepwise_test,0.0,1991ac094bc47b5a,0.0,0.24464618247247455,0.017427749575512335,0.024373536432022173,0.04497687917728406,0.05000000195528903,-2.1626880168914795,4.145697798047747,-26.32982063293457
0.4,3,stepwise_test,0.0,1e9be34e7c154aee,0.0,0.24464618247247455,0.017427749575512335,0.024373536432022173,0.04497687917728406,0.05000000195528903,-2.1626880168914795,4.145697798047747,-26.32982063293457
0.4,3,stepwise_test,0.0,245b8a2be8abc37e,0.00877192982456143,0.24464618247247455,0.017427749575512335,0.024373536432022173,0.04497687917728406,0.05000000195528903,-2.1626880168914795,4.145697798047747,-26.32982063293457
0.4,3,stepwise_test,0.0,2982eb379acc1dcf,0.0,0.24464618247247455,0.017427749575512335,0.024373536432022173,0.04497687917728406,0.05000000195528903,-2.1626880168914795,4.145697798047747,-26.32982063293457
0.4,3,stepwise_test,0.0,2a7630b9ddded8d5,1.0,0.24464618247247455,0.017427749575512335,0.024373536432022173,0.04497687917728406,0.05000000195528903,-2.1626880168914795,4.145697798047747,-26.32982063293457
0.4,3,stepwise_test,0.0,3159f31edc896059,0.0,0.24464618247247455,0.017427749575512335,0.024373536432022173,0.04497687917728406,0.05000000195528903,-2.1626880168914795,4.145697798047747,-26.32982063293457
0.4,3,stepwise_test,0.0,3605a51c50d5daa0,0.0,0.24464618247247455,0.017427749575512335,0.024373536432022173,0.04497687917728406,0.05000000195528903,-2.1626880168914795,4.145697798047747,-26.32982063293457
0.4,3,stepwise_test,0.0,38e3fe88a50cb3ef,0.0,0.24464618247247455,0.017427749575512335,0.024373536432022173,0.04497687917728406,0.05000000195528903,-2.1626880168914795,4.145697798047747,-26.32982063293457
0.4,3,stepwise_test,0.0,3a831f177b4c7882,0.0,0.24464618247247455,0.017427749575512335,0.024373536432022173,0.04497687917728406,0.05000000195528903,-2.1626880168914795,4.145697798047747,-26.32982063293457
0.4,3,stepwise_test,0.0,41450c0e975a1c31,0.0,0.24464618247247455,0.017427749575512335,0.024373536432022173,0.04497687917728406,0.05000000195528903,-2.1626880168914795,4.145697798047747,-26.32982063293457
0.4,3,stepwise_test,0.0,4381c0fb4c396040,0.0,0.24464618247247455,0.017427749575512335,0.024373536432022173,0.04497687917728406,0.05000000195528903,-2.1626880168914795,4.145697798047747,-26.32982063293457
0.4,3,stepwise_test,0.0,44e03bc01ee3055a,0.0,0.24464618247247455,0.017427749575512335,0.024373536432022173,0.04497687917728406,0.05000000195528903,-2.1626880168914795,4.145697798047747,-26.32982063293457
0.4,3,stepwise_test,0.0,47bf27669a8fa08a,0.008583690987124415,0.24464618247247455,0.017427749575512335,0.024373536432022173,0.04497687917728406,0.05000000195528903,-2.1626880168914795,4.145697798047747,-26.32982063293457
0.4,3,stepwise_test,0.0,486ee1ca9e71adc6,0.0,0.24464618247247455,0.017427749575512335,0.024373536432022173,0.04497687917728406,0.05000000195528903,-2.1626880168914795,4.145697798047747,-26.32982063293457
0.4,3,stepwise_test,0.0,4910c9193fca9a21,0.0,0.24464618247247455,0.017427749575512335,0.024373536432022173,0.04497687917728406,0.05000000195528903,-2.1626880168914795,4.145697798047747,-26.32982063293457
0.4,3,stepwise_test,0.0,4a78cd4f429333ac,0.009009009009009028,0.24464618247247455,0.017427749575512335,0.024373536432022173,0.04497687917728406,0.05000000195528903,-2.1626880168914795,4.145697798047747,-26.32982063293457
0.4,3,stepwise_test,0.0,4d3a619d3d16b595,1.0,0.24464618247247455,0.017427749575512335,0.024373536432022173,0.04497687917728406,0.05000000195528903,-2.1626880168914795,4.145697798047747,-26.32982063293457
0.4,3,stepwise_test,0.0,4e12766ab5ee9a6f,0.0,0.24464618247247455,0.017427749575512335,0.024373536432022173,0.04497687917728406,0.05000000195528903,-2.1626880168914795,4.145697798047747,-26.32982063293457
0.4,3,stepwise_test,0.0,5406f38bad958fff,0.0,0.24464618247247455,0.017427749575512335,0.024373536432022173,0.04497687917728406,0.05000000195528903,-2.1626880168914795,4.145697798047747,-26.32982063293457
0.4,3,stepwise_test,0.0,5b6660299c28d21a,0.009708737864077666,0.24464618247247455,0.017427749575512335,0.024373536432022173,0.04497687917728406,0.05000000195528903,-2.1626880168914795,4.145697798047747,-26.32982063293457
0.4,3,stepwise_test,0.0,5d8a6dda9c034943,0.0,0.24464618247247455,0.017427749575512335,0.024373536432022173,0.04497687917728406,0.05000000195528903,-2.1626880168914795,4.145697798047747,-26.32982063293457
0.4,3,stepwise_test,0.0,6354b26bfd6b0d3b,0.0,0.24464618247247455,0.017427749575512335,0.024373536432022173,0.04497687917728406,0.05000000195528903,-2.1626880168914795,4.145697798047747,-26.32982063293457
0.4,3,stepwise_test,0.0,663b72de42e74e86,0.0,0.24464618247247455,0.017427749575512335,0.024373536432022173,0.04497687917728406,0.05000000195528903,-2.1626880168914795,4.145697798047747,-26.32982063293457
0.4,3,stepwise_test,0.0,66eb648c6256c151,0.0,0.24464618247247455,0.017427749575512335,0.024373536432022173,0.04497687917728406,0.05000000195528903,-2.1626880168914795,4.145697798047747,-26.32982063293457
0.4,3,stepwise_test,0.0,67f63c1627c03412,0.008264462809917328,0.24464618247247455,0.017427749575512335,0.024373536432022173,0.04497687917728406,0.05000000195528903,-2.1626880168914795,4.145697798047747,-26.32982063293457
0.4,3,stepwise_test,0.0,6d1d8e613ece86e7,0.0,0.24464618247247455,0.017427749575512335,0.024373536432022173,0.04497687917728406,0.05000000195528903,-2.1626880168914795,4.145697798047747,-26.32982063293457
0.4,3,stepwise_test,0.0,6f3466b968e73ba3,0.009478672985781977,0.24464618247247455,0.017427749575512335,0.024373536432022173,0.04497687917728406,0.05000000195528903,-2.1626880168914795,4.145697798047747,-26.32982063293457
0.4,3,stepwise_test,0.0,71fe74132803f26b,0.0,0.24464618247247455,0.017427749575512335,0.024373536432022173,0.04497687917728406,0.05000000195528903,-2.1626880168914795,4.145697798047747,-26.32982063293457
0.4,3,stepwise_test,0.0,76825b753db42030,1.0,0.24464618247247455,0.017427749575512335,0.024373536432022173,0.04497687917728406,0.05000000195528903,-2.1626880168914795,4.145697798047747,-26.32982063293457
0.4,3,stepwise_test,0.0,78001bdfb89f1ad1,1.0,0.24464618247247455,0.017427749575512335,0.024373536432022173,0.04497687917728406,0.05000000195528903,-2.1626880168914795,4.145697798047747,-26.32982063293457
0.4,3,stepwise_test,0.0,7b925779bf22fd74,0.008333333333333304,0.24464618247247455,0.017427749575512335,0.024373536432022173,0.04497687917728406,0.05000000195528903,-2.1626880168914795,4.145697798047747,-26.32982063293457
0.4,3,stepwise_test,0.0,7be724e7d2299999,0.01025641025641022,0.24464618247247455,0.017427749575512335,0.024373536432022173,0.04497687917728406,0.05000000195528903,-2.1626880168914795,4.145697798047747,-26.32982063293457
0.4,3,stepwise_test,0.0,82da82d3e55219a5,0.02941176470588236,0.24464618247247455,0.017427749575512335,0.024373536432022173,0.04497687917728406,0.05000000195528903,-2.1626880168914795,4.145697798047747,-26.32982063293457
0.4,3,stepwise_test,0.0,8acfa77cf5234bd4,0.0,0.24464618247247455,0.017427749575512335,0.024373536432022173,0.04497687917728406,0.05000000195528903,-2.1626880168914795,4.145697798047747,-26.32982063293457
0.4,3,stepwise_test,0.0,9332a9cf5d92314a,0.0,0.24464618247247455,0.017427749575512335,0.024373536432022173,0.04497687917728406,0.05000000195528903,-2.1626880168914795,4.145697798047747,-26.32982063293457
0.4,3,stepwise_test,0.0,9f60113cec74b0ee,0.008810572687224627,0.24464618247247455,0.017427749575512335,0.024373536432022173,0.04497687917728406,0.05000000195528903,-2.1626880168914795,4.145697798047747,-26.32982063293457
0.4,3,stepwise_test,0.0,a2f68f9c135648a0,0.0,0.24464618247247455,0.017427749575512335,0.024373536432022173,0.04497687917728406,0.05000000195528903,-2.1626880168914795,4.145697798047747,-26.32982063293457
0.4,3,stepwise_test,0.0,a3ecb75bd15d05d8,0.0,0.24464618247247455,0.017427749575512335,0.024373536432022173,0.04497687917728406,0.05000000195528903,-2.1626880168914795,4.145697798047747,-26.32982063293457
0.4,3,stepwise_test,0.0,a4a471e79162ce6a,0.0,0.24464618247247455,0.017427749575512335,0.024373536432022173,0.04497687917728406,0.05000000195528903,-2.1626880168914795,4.145697798047747,-26.32982063293457
0.4,3,stepwise_test,0.0,aa0070de67183c08,0.0,0.24464618247247455,0.017427749575512335,0.024373536432022173,0.04497687917728406,0.05000000195528903,-2.1626880168914795,4.145697798047747,-26.32982063293457
0.4,3,stepwise_test,0.0,aa6bc6d9ff6d7768,1.0,0.24464618247247455,0.017427749575512335,0.024373536432022173,0.04497687917728406,0.05000000195528903,-2.1626880168914795,4.145697798047747,-26.32982063293457
0.4,3,stepwise_test,0.0,acd5a3fd547677f6,0.0,0.24464618247247455,0.017427749575512335,0.024373536432022173,0.04497687917728406,0.05000000195528903,-2.1626880168914795,4.145697798047747,-26.32982063293457
0.4,3,stepwise_test,0.0,b5124e1b88000bd7,0.0,0.24464618247247455,0.017427749575512335,0.024373536432022173,0.04497687917728406,0.05000000195528903,-2.1626880168914795,4.145697798047747,-26.32982063293457
0.4,3,stepwise_test,0.0,b62f26029c55da5d,0.0,0.24464618247247455,0.017427749575512335,0.024373536432022173,0.04497687917728406,0.05000000195528903,-2.1626880168914795,4.145697798047747,-26.32982063293457
0.4,3,stepwise_test,0.0,b7036711cecf282e,1.0,0.24464618247247455,0.017427749575512335,0.024373536432022173,0.04497687917728406,0.05000000195528903,-2.1626880168914795,4.145697798047747,-26.32982063293457
0.4,3,stepwise_test,0.0,bc83dba623c24f83,0.0,0.24464618247247455,0.017427749575512335,0.024373536432022173,0.04497687917728406,0.05000000195528903,-2.1626880168914795,4.145697798047747,-26.32982063293457
0.4,3,stepwise_test,0.0,bd981ed06e640944,0.0,0.24464618247247455,0.017427749575512335,0.024373536432022173,0.04497687917728406,0.05000000195528903,-2.1626880168914795,4.145697798047747,-26.32982063293457
0.4,3,stepwise_test,0.0,c0b0a6fd8196e526,0.0,0.24464618247247455,0.017427749575512335,0.024373536432022173,0.04497687917728406,0.05000000195528903,-2.1626880168914795,4.145697798047747,-26.32982063293457
0.4,3,stepwise_test,0.0,c0da6f9a810ac96e,0.0,0.24464618247247455,0.017427749575512335,0.024373536432022173,0.04497687917728406,0.05000000195528903,-2.1626880168914795,4.145697798047747,-26.32982063293457
0.4,3,stepwise_test,0.0,c4e140c6b10a0649,0.0,0.24464618247247455,0.017427749575512335,0.024373536432022173,0.04497687917728406,0.05000000195528903,-2.1626880168914795,4.145697798047747,-26.32982063293457
0.4,3,stepwise_test,0.0,ceab4fde9bc557e9,0.0,0.24464618247247455,0.017427749575512335,0.024373536432022173,0.04497687917728406,0.05000000195528903,-2.1626880168914795,4.145697798047747,-26.32982063293457
0.4,3,stepwise_test,0.0,cfd0baecd1304030,0.0,0.24464618247247455,0.017427749575512335,0.024373536432022173,0.04497687917728406,0.05000000195528903,-2.1626880168914795,4.145697798047747,-26.32982063293457
0.4,3,stepwise_test,0.0,d437bb99475d3d83,0.03125,0.24464618247247455,0.017427749575512335,0.024373536432022173,0.04497687917728406,0.05000000195528903,-2.1626880168914795,4.145697798047747,-26.32982063293457
0.4,3,stepwise_test,0.0,df593c445aa37cdd,0.02777777777777779,0.24464618247247455,0.017427749575512335,0.024373536432022173,0.04497687917728406,0.05000000195528903,-2.1626880168914795,4.145697798047747,-26.32982063293457
0.4,3,stepwise_test,0.0,e0cbaf79c0d6e3eb,0.02857142857142858,0.24464618247247455,0.017427749575512335,0.024373536432022173,0.04497687917728406,0.05000000195528903,-2.1626880168914795,4.145697798047747,-26.32982063293457
0.4,3,stepwise_test,0.0,e3664a91fc92d1d6,0.0,0.24464618247247455,0.017427749575512335,0.024373536432022173,0.04497687917728406,0.05000000195528903,-2.1626880168914795,4.145697798047747,-26.32982063293457
0.4,3,stepwise_test,0.0,e55575bab6cd051d,0.0,0.24464618247247455,0.017427749575512335,0.024373536432022173,0.04497687917728406,0.05000000195528903,-2.1626880168914795,4.145697798047747,-26.32982063293457
0.4,3,stepwise_test,0.0,eac6ec2b274f3fe8,0.03620133895363242,0.24464618247247455,0.017427749575512335,0.024373536432022173,0.04497687917728406,0.05000000195528903,-2.1626880168914795,4.145697798047747,-26.32982063293457
0.4,3,stepwise_test,0.0,eb5cda6e1fe9f6b5,0.00995024875621886,0.24464618247247455,0.017427749575512335,0.024373536432022173,0.04497687917728406,0.05000000195528903,-2.1626880168914795,4.145697798047747,-26.32982063293457
0.4,3,stepwise_test,0.0,ecbc64034f374904,1.0,0.24464618247247455,0.017427749575512335,0.024373536432022173,0.04497687917728406,0.05000000195528903,-2.1626880168914795,4.145697798047747,-26.32982063293457
0.4,3,stepwise_test,0.0,f16d6af3f8b8b330,1.0,0.24464618247247455,0.017427749575512335,0.024373536432022173,0.04497687917728406,0.05000000195528903,-2.1626880168914795,4.145697798047747,-26.32982063293457
0.4,3,stepwise_test,0.0,f2e24c35c5249c8b,0.0,0.24464618247247455,0.017427749575512335,0.024373536432022173,0.04497687917728406,0.05000000195528903,-2.1626880168914795,4.145697798047747,-26.32982063293457
0.4,3,stepwise_test,2.0,018ccdd70b67d50b,0.011049723756906049,0.24464618247247455,0.018197977015555217,0.026915010183786076,0.05000000099178316,0.05000000219088791,-4.024179424558367,4.019411700112479,-27.848560333251953
0.4,3,stepwise_test,2.0,0545ede9161cd87b,0.0,0.24464618247247455,0.018197977015555217,0.026915010183786076,0.05000000099178316,0.05000000219088791,-4.024179424558367,4.019411700112479,-27.848560333251953
0.4,3,stepwise_test,2.0,0822110b214bf434,0.009389671361502372,0.24464618247247455,0.018197977015555217,0.026915010183786076,0.05000000099178316,0.05000000219088791,-4.024179424558367,4.019411700112479,-27.848560333251953
0.4,3,stepwise_test,2.0,0dbb1e13fa00f0f6,0.0,0.24464618247247455,0.018197977015555217,0.026915010183786076,0.05000000099178316,0.05000000219088791,-4.024179424558367,4.019411700112479,-27.848560333251953
0.4,3,stepwise_test,2.0,0e2ca3a9a1e8e218,0.0,0.24464618247247455,0.018197977015555217,0.026915010183786076,0.05000000099178316,0.05000000219088791,-4.024179424558367,4.019411700112479,-27.848560333251953
0.4,3,stepwise_test,2.0,101df2256aecf75b,0.0,0.24464618247247455,0.018197977015555217,0.026915010183786076,0.05000000099178316,0.05000000219088791,-4.024179424558367,4.019411700112479,-27.848560333251953
0.4,3,stepwise_test,2.0,1717ce53958590ba,0.009615384615384581,0.24464618247247455,0.018197977015555217,0.026915010183786076,0.05000000099178316,0.05000000219088791,-4.024179424558367,4.019411700112479,-27.848560333251953
0.4,3,stepwise_test,2.0,1868815d0a7c6716,0.007722007722007707,0.24464618247247455,0.018197977015555217,0.026915010183786076,0.05000000099178316,0.05000000219088791,-4.024179424558367,4.019411700112479,-27.848560333251953
0.4,3,stepwise_test,2.0,1991ac094bc47b5a,0.0,0.24464618247247455,0.018197977015555217,0.026915010183786076,0.05000000099178316,0.05000000219088791,-4.024179424558367,4.019411700112479,-27.848560333251953
0.4,3,stepwise_test,2.0,1e9be34e7c154aee,0.0,0.24464618247247455,0.018197977015555217,0.026915010183786076,0.05000000099178316,0.05000000219088791,-4.024179424558367,4.019411700112479,-27.848560333251953
0.4,3,stepwise_test,2.0,245b8a2be8abc37e,0.00995024875621886,0.24464618247247455,0.018197977015555217,0.026915010183786076,0.05000000099178316,0.05000000219088791,-4.024179424558367,4.019411700112479,-27.848560333251953
0.4,3,stepwise_test,2.0,2982eb379acc1dcf,0.0,0.24464618247247455,0.018197977015555217,0.026915010183786076,0.05000000099178316,0.05000000219088791,-4.024179424558367,4.019411700112479,-27.848560333251953
0.4,3,stepwise_test,2.0,2a7630b9ddded8d5,0.00990099009900991,0.24464618247247455,0.018197977015555217,0.026915010183786076,0.05000000099178316,0.05000000219088791,-4.024179424558367,4.019411700112479,-27.848560333251953
0.4,3,stepwise_test,2.0,3159f31edc896059,0.0,0.24464618247247455,0.018197977015555217,0.026915010183786076,0.05000000099178316,0.05000000219088791,-4.024179424558367,4.019411700112479,-27.848560333251953
0.4,3,stepwise_test,2.0,3605a51c50d5daa0,0.0,0.24464618247247455,0.018197977015555217,0.026915010183786076,0.05000000099178316,0.05000000219088791,-4.024179424558367,4.019411700112479,-27.848560333251953
0.4,3,stepwise_test,2.0,38e3fe88a50cb3ef,0.0,0.24464618247247455,0.018197977015555217,0.026915010183786076,0.05000000099178316,0.05000000219088791,-4.024179424558367,4.019411700112479,-27.848560333251953
0.4,3,stepwise_test,2.0,3a831f177b4c7882,0.0,0.24464618247247455,0.018197977015555217,0.026915010183786076,0.05000000099178316,0.05000000219088791,-4.024179424558367,4.019411700112479,-27.848560333251953
0.4,3,stepwise_test,2.0,41450c0e975a1c31,0.0,0.24464618247247455,0.018197977015555217,0.026915010183786076,0.05000000099178316,0.05000000219088791,-4.024179424558367,4.019411700112479,-27.848560333251953
0.4,3,stepwise_test,2.0,4381c0fb4c396040,0.0,0.24464618247247455,0.018197977015555217,0.026915010183786076,0.05000000099178316,0.05000000219088791,-4.024179424558367,4.019411700112479,-27.848560333251953
0.4,3,stepwise_test,2.0,44e03bc01ee3055a,0.0,0.24464618247247455,0.018197977015555217,0.026915010183786076,0.05000000099178316,0.05000000219088791,-4.024179424558367,4.019411700112479,-27.848560333251953
0.4,3,stepwise_test,2.0,47bf27669a8fa08a,0.018181818181818188,0.24464618247247455,0.018197977015555217,0.026915010183786076,0.05000000099178316,0.05000000219088791,-4.024179424558367,4.019411700112479,-27.848560333251953
0.4,3,stepwise_test,2.0,486ee1ca9e71adc6,0.0,0.24464618247247455,0.018197977015555217,0.026915010183786076,0.05000000099178316,0.05000000219088791,-4.024179424558367,4.019411700112479,-27.848560333251953
0.4,3,stepwise_test,2.0,4910c9193fca9a21,0.0,0.24464618247247455,0.018197977015555217,0.026915010183786076,0.05000000099178316,0.05000000219088791,-4.024179424558367,4.019411700112479,-27.848560333251953
0.4,3,stepwise_test,2.0,4a78cd4f429333ac,0.008849557522123908,0.24464618247247455,0.018197977015555217,0.026915010183786076,0.05000000099178316,0.05000000219088791,-4.024179424558367,4.019411700112479,-27.848560333251953
0.4,3,stepwise_test,2.0,4d3a619d3d16b595,0.0,0.24464618247247455,0.018197977015555217,0.026915010183786076,0.05000000099178316,0.05000000219088791,-4.024179424558367,4.019411700112479,-27.848560333251953
0.4,3,stepwise_test,2.0,4e12766ab5ee9a6f,0.0,0.24464618247247455,0.018197977015555217,0.026915010183786076,0.05000000099178316,0.05000000219088791,-4.024179424558367,4.019411700112479,-27.848560333251953
0.4,3,stepwise_test,2.0,5406f38bad958fff,0.0,0.24464618247247455,0.018197977015555217,0.026915010183786076,0.05000000099178316,0.05000000219088791,-4.024179424558367,4.019411700112479,-27.848560333251953
0.4,3,stepwise_test,2.0,5b6660299c28d21a,0.009708737864077666,0.24464618247247455,0.018197977015555217,0.026915010183786076,0.05000000099178316,0.05000000219088791,-4.024179424558367,4.019411700112479,-27.848560333251953
0.4,3,stepwise_test,2.0,5d8a6dda9c034943,0.0,0.24464618247247455,0.018197977015555217,0.026915010183786076,0.05000000099178316,0.05000000219088791,-4.024179424558367,4.019411700112479,-27.848560333251953
0.4,3,stepwise_test,2.0,6354b26bfd6b0d3b,0.0,0.24464618247247455,0.018197977015555217,0.026915010183786076,0.05000000099178316,0.05000000219088791,-4.024179424558367,4.019411700112479,-27.848560333251953
0.4,3,stepwise_test,2.0,663b72de42e74e86,0.0,0.24464618247247455,0.018197977015555217,0.026915010183786076,0.05000000099178316,0.05000000219088791,-4.024179424558367,4.019411700112479,-27.848560333251953
0.4,3,stepwise_test,2.0,66eb648c6256c151,0.0,0.24464618247247455,0.018197977015555217,0.026915010183786076,0.05000000099178316,0.05000000219088791,-4.024179424558367,4.019411700112479,-27.848560333251953
0.4,3,stepwise_test,2.0,67f63c1627c03412,0.008264462809917328,0.24464618247247455,0.018197977015555217,0.026915010183786076,0.05000000099178316,0.05000000219088791,-4.024179424558367,4.019411700112479,-27.848560333251953
0.4,3,stepwise_test,2.0,6d1d8e613ece86e7,0.0,0.24464618247247455,0.018197977015555217,0.026915010183786076,0.05000000099178316,0.05000000219088791,-4.024179424558367,4.019411700112479,-27.848560333251953
0.4,3,stepwise_test,2.0,6f3466b968e73ba3,0.00917431192660545,0.24464618247247455,0.018197977015555217,0.026915010183786076,0.05000000099178316,0.05000000219088791,-4.024179424558367,4.019411700112479,-27.848560333251953
0.4,3,stepwise_test,2.0,71fe74132803f26b,0.0,0.24464618247247455,0.018197977015555217,0.026915010183786076,0.05000000099178316,0.05000000219088791,-4.024179424558367,4.019411700112479,-27.848560333251953
0.4,3,stepwise_test,2.0,76825b753db42030,0.0,0.24464618247247455,0.018197977015555217,0.026915010183786076,0.05000000099178316,0.05000000219088791,-4.024179424558367,4.019411700112479,-27.848560333251953
0.4,3,stepwise_test,2.0,78001bdfb89f1ad1,0.0,0.24464618247247455,0.018197977015555217,0.026915010183786076,0.05000000099178316,0.05000000219088791,-4.024179424558367,4.019411700112479,-27.848560333251953
0.4,3,stepwise_test,2.0,7b925779bf22fd74,0.008849557522123908,0.24464618247247455,0.018197977015555217,0.026915010183786076,0.05000000099178316,0.05000000219088791,-4.024179424558367,4.019411700112479,-27.848560333251953
0.4,3,stepwise_test,2.0,7be724e7d2299999,0.010362694300518172,0.24464618247247455,0.018197977015555217,0.026915010183786076,0.05000000099178316,0.05000000219088791,-4.024179424558367,4.019411700112479,-27.848560333251953
0.4,3,stepwise_test,2.0,82da82d3e55219a5,0.02941176470588236,0.24464618247247455,0.018197977015555217,0.026915010183786076,0.05000000099178316,0.05000000219088791,-4.024179424558367,4.019411700112479,-27.848560333251953
0.4,3,stepwise_test,2.0,8acfa77cf5234bd4,0.0,0.24464618247247455,0.018197977015555217,0.026915010183786076,0.05000000099178316,0.05000000219088791,-4.024179424558367,4.019411700112479,-27.848560333251953
0.4,3,stepwise_test,2.0,9332a9cf5d92314a,0.0,0.24464618247247455,0.018197977015555217,0.026915010183786076,0.05000000099178316,0.05000000219088791,-4.024179424558367,4.019411700112479,-27.848560333251953
0.4,3,stepwise_test,2.0,9f60113cec74b0ee,0.0,0.24464618247247455,0.018197977015555217,0.026915010183786076,0.05000000099178316,0.05000000219088791,-4.024179424558367,4.019411700112479,-27.848560333251953
0.4,3,stepwise_test,2.0,a2f68f9c135648a0,0.0,0.24464618247247455,0.018197977015555217,0.026915010183786076,0.05000000099178316,0.05000000219088791,-4.024179424558367,4.019411700112479,-27.848560333251953
0.4,3,stepwise_test,2.0,a3ecb75bd15d05d8,0.0,0.24464618247247455,0.018197977015555217,0.026915010183786076,0.05000000099178316,0.05000000219088791,-4.024179424558367,4.019411700112479,-27.848560333251953
0.4,3,stepwise_test,2.0,a4a471e79162ce6a,0.0,0.24464618247247455,0.018197977015555217,0.026915010183786076,0.05000000099178316,0.05000000219088791,-4.024179424558367,4.019411700112479,-27.848560333251953
0.4,3,stepwise_test,2.0,aa0070de67183c08,0.0,0.24464618247247455,0.018197977015555217,0.026915010183786076,0.05000000099178316,0.05000000219088791,-4.024179424558367,4.019411700112479,-27.848560333251953
0.4,3,stepwise_test,2.0,aa6bc6d9ff6d7768,0.0,0.24464618247247455,0.018197977015555217,0.026915010183786076,0.05000000099178316,0.05000000219088791,-4.024179424558367,4.019411700112479,-27.848560333251953
0.4,3,stepwise_test,2.0,acd5a3fd547677f6,0.0,0.24464618247247455,0.018197977015555217,0.026915010183786076,0.05000000099178316,0.05000000219088791,-4.024179424558367,4.019411700112479,-27.848560333251953
0.4,3,stepwise_test,2.0,b5124e1b88000bd7,0.0,0.24464618247247455,0.018197977015555217,0.026915010183786076,0.05000000099178316,0.05000000219088791,-4.024179424558367,4.019411700112479,-27.848560333251953
0.4,3,stepwise_test,2.0,b62f26029c55da5d,0.0,0.24464618247247455,0.018197977015555217,0.026915010183786076,0.05000000099178316,0.05000000219088791,-4.024179424558367,4.019411700112479,-27.848560333251953
0.4,3,stepwise_test,2.0,b7036711cecf282e,0.008968609865470878,0.24464618247247455,0.018197977015555217,0.026915010183786076,0.05000000099178316,0.05000000219088791,-4.024179424558367,4.019411700112479,-27.848560333251953
0.4,3,stepwise_test,2.0,bc83dba623c24f83,0.008888888888888835,0.24464618247247455,0.018197977015555217,0.026915010183786076,0.05000000099178316,0.05000000219088791,-4.024179424558367,4.019411700112479,-27.848560333251953
0.4,3,stepwise_test,2.0,bd981ed06e640944,0.0,0.24464618247247455,0.018197977015555217,0.026915010183786076,0.05000000099178316,0.05000000219088791,-4.024179424558367,4.019411700112479,-27.848560333251953
0.4,3,stepwise_test,2.0,c0b0a6fd8196e526,0.0,0.24464618247247455,0.018197977015555217,0.026915010183786076,0.05000000099178316,0.05000000219088791,-4.024179424558367,4.019411700112479,-27.848560333251953
0.4,3,stepwise_test,2.0,c0da6f9a810ac96e,0.0,0.24464618247247455,0.018197977015555217,0.026915010183786076,0.05000000099178316,0.05000000219088791,-4.024179424558367,4.019411700112479,-27.848560333251953
0.4,3,stepwise_test,2.0,c4e140c6b10a0649,0.0,0.24464618247247455,0.018197977015555217,0.026915010183786076,0.05000000099178316,0.05000000219088791,-4.024179424558367,4.019411700112479,-27.848560333251953
0.4,3,stepwise_test,2.0,ceab4fde9bc557e9,0.0,0.24464618247247455,0.018197977015555217,0.026915010183786076,0.05000000099178316,0.05000000219088791,-4.024179424558367,4.019411700112479,-27.848560333251953
0.4,3,stepwise_test,2.0,cfd0baecd1304030,0.0,0.24464618247247455,0.018197977015555217,0.026915010183786076,0.05000000099178316,0.05000000219088791,-4.024179424558367,4.019411700112479,-27.848560333251953
0.4,3,stepwise_test,2.0,d437bb99475d3d83,0.0,0.24464618247247455,0.018197977015555217,0.026915010183786076,0.05000000099178316,0.05000000219088791,-4.024179424558367,4.019411700112479,-27.848560333251953
0.4,3,stepwise_test,2.0,df593c445aa37cdd,0.0,0.24464618247247455,0.018197977015555217,0.026915010183786076,0.05000000099178316,0.05000000219088791,-4.024179424558367,4.019411700112479,-27.848560333251953
0.4,3,stepwise_test,2.0,e0cbaf79c0d6e3eb,0.0,0.24464618247247455,0.018197977015555217,0.026915010183786076,0.05000000099178316,0.05000000219088791,-4.024179424558367,4.019411700112479,-27.848560333251953
0.4,3,stepwise_test,2.0,e3664a91fc92d1d6,0.0,0.24464618247247455,0.018197977015555217,0.026915010183786076,0.05000000099178316,0.05000000219088791,-4.024179424558367,4.019411700112479,-27.848560333251953
0.4,3,stepwise_test,2.0,e55575bab6cd051d,0.0,0.24464618247247455,0.018197977015555217,0.026915010183786076,0.05000000099178316,0.05000000219088791,-4.024179424558367,4.019411700112479,-27.848560333251953
0.4,3,stepwise_test,2.0,eac6ec2b274f3fe8,0.00952380952380949,0.24464618247247455,0.018197977015555217,0.026915010183786076,0.05000000099178316,0.05000000219088791,-4.024179424558367,4.019411700112479,-27.848560333251953
0.4,3,stepwise_test,2.0,eb5cda6e1fe9f6b5,0.009569377990430672,0.24464618247247455,0.018197977015555217,0.026915010183786076,0.05000000099178316,0.05000000219088791,-4.024179424558367,4.019411700112479,-27.848560333251953
0.4,3,stepwise_test,2.0,ecbc64034f374904,0.0,0.24464618247247455,0.018197977015555217,0.026915010183786076,0.05000000099178316,0.05000000219088791,-4.024179424558367,4.019411700112479,-27.848560333251953
0.4,3,stepwise_test,2.0,f16d6af3f8b8b330,0.008849557522123908,0.24464618247247455,0.018197977015555217,0.026915010183786076,0.05000000099178316,0.05000000219088791,-4.024179424558367,4.019411700112479,-27.848560333251953
0.4,3,stepwise_test,2.0,f2e24c35c5249c8b,0.0,0.24464618247247455,0.018197977015555217,0.026915010183786076,0.05000000099178316,0.05000000219088791,-4.024179424558367,4.019411700112479,-27.848560333251953
0.4,3,stepwise_test,5.0,018ccdd70b67d50b,0.009433962264150941,0.24464618247247455,0.00026968805357885644,0.0030776622904919253,0.0,0.049896745735145534,-6.8679021426609586,3.8943581581115723,-30.126670837402344
0.4,3,stepwise_test,5.0,0545ede9161cd87b,0.0,0.24464618247247455,0.00026968805357885644,0.0030776622904919253,0.0,0.049896745735145534,-6.8679021426609586,3.8943581581115723,-30.126670837402344
0.4,3,stepwise_test,5.0,0822110b214bf434,0.010695187165775444,0.24464618247247455,0.00026968805357885644,0.0030776622904919253,0.0,0.049896745735145534,-6.8679021426609586,3.8943581581115723,-30.126670837402344
0.4,3,stepwise_test,5.0,0dbb1e13fa00f0f6,0.0,0.24464618247247455,0.00026968805357885644,0.0030776622904919253,0.0,0.049896745735145534,-6.8679021426609586,3.8943581581115723,-30.126670837402344
0.4,3,stepwise_test,5.0,0e2ca3a9a1e8e218,0.0,0.24464618247247455,0.00026968805357885644,0.0030776622904919253,0.0,0.049896745735145534,-6.8679021426609586,3.8943581581115723,-30.126670837402344
0.4,3,stepwise_test,5.0,101df2256aecf75b,0.0,0.24464618247247455,0.00026968805357885644,0.0030776622904919253,0.0,0.049896745735145534,-6.8679021426609586,3.8943581581115723,-30.126670837402344
0.4,3,stepwise_test,5.0,1717ce53958590ba,0.01005025125628145,0.24464618247247455,0.00026968805357885644,0.0030776622904919253,0.0,0.049896745735145534,-6.8679021426609586,3.8943581581115723,-30.126670837402344
0.4,3,stepwise_test,5.0,1868815d0a7c6716,0.0,0.24464618247247455,0.00026968805357885644,0.0030776622904919253,0.0,0.049896745735145534,-6.8679021426609586,3.8943581581115723,-30.126670837402344
0.4,3,stepwise_test,5.0,1991ac094bc47b5a,0.00952380952380949,0.24464618247247455,0.00026968805357885644,0.0030776622904919253,0.0,0.049896745735145534,-6.8679021426609586,3.8943581581115723,-30.126670837402344
0.4,3,stepwise_test,5.0,1e9be34e7c154aee,0.0,0.24464618247247455,0.00026968805357885644,0.0030776622904919253,0.0,0.049896745735145534,-6.8679021426609586,3.8943581581115723,-30.126670837402344
0.4,3,stepwise_test,5.0,245b8a2be8abc37e,0.010526315789473717,0.24464618247247455,0.00026968805357885644,0.0030776622904919253,0.0,0.049896745735145534,-6.8679021426609586,3.8943581581115723,-30.126670837402344
0.4,3,stepwise_test,5.0,2982eb379acc1dcf,0.0,0.24464618247247455,0.00026968805357885644,0.0030776622904919253,0.0,0.049896745735145534,-6.8679021426609586,3.8943581581115723,-30.126670837402344
0.4,3,stepwise_test,5.0,2a7630b9ddded8d5,0.0,0.24464618247247455,0.00026968805357885644,0.0030776622904919253,0.0,0.049896745735145534,-6.8679021426609586,3.8943581581115723,-30.126670837402344
0.4,3,stepwise_test,5.0,3159f31edc896059,0.0,0.24464618247247455,0.00026968805357885644,0.0030776622904919253,0.0,0.049896745735145534,-6.8679021426609586,3.8943581581115723,-30.126670837402344
0.4,3,stepwise_test,5.0,3605a51c50d5daa0,0.0,0.24464618247247455,0.00026968805357885644,0.0030776622904919253,0.0,0.049896745735145534,-6.8679021426609586,3.8943581581115723,-30.126670837402344
0.4,3,stepwise_test,5.0,38e3fe88a50cb3ef,0.0,0.24464618247247455,0.00026968805357885644,0.0030776622904919253,0.0,0.049896745735145534,-6.8679021426609586,3.8943581581115723,-30.126670837402344
0.4,3,stepwise_test,5.0,3a831f177b4c7882,0.0,0.24464618247247455,0.00026968805357885644,0.0030776622904919253,0.0,0.049896745735145534,-6.8679021426609586,3.8943581581115723,-30.126670837402344
0.4,3,stepwise_test,5.0,41450c0e975a1c31,0.0,0.24464618247247455,0.00026968805357885644,0.0030776622904919253,0.0,0.049896745735145534,-6.8679021426609586,3.8943581581115723,-30.126670837402344
0.4,3,stepwise_test,5.0,4381c0fb4c396040,0.0,0.24464618247247455,0.00026968805357885644,0.0030776622904919253,0.0,0.049896745735145534,-6.8679021426609586,3.8943581581115723,-30.126670837402344
0.4,3,stepwise_test,5.0,44e03bc01ee3055a,0.0,0.24464618247247455,0.00026968805357885644,0.0030776622904919253,0.0,0.049896745735145534,-6.8679021426609586,3.8943581581115723,-30.126670837402344
0.4,3,stepwise_test,5.0,47bf27669a8fa08a,0.020942408376963373,0.24464618247247455,0.00026968805357885644,0.0030776622904919253,0.0,0.049896745735145534,-6.8679021426609586,3.8943581581115723,-30.126670837402344
0.4,3,stepwise_test,5.0,486ee1ca9e71adc6,0.0,0.24464618247247455,0.00026968805357885644,0.0030776622904919253,0.0,0.049896745735145534,-6.8679021426609586,3.8943581581115723,-30.126670837402344
0.4,3,stepwise_test,5.0,4910c9193fca9a21,0.0,0.24464618247247455,0.00026968805357885644,0.0030776622904919253,0.0,0.049896745735145534,-6.8679021426609586,3.8943581581115723,-30.126670837402344
0.4,3,stepwise_test,5.0,4a78cd4f429333ac,0.008583690987124415,0.24464618247247455,0.00026968805357885644,0.0030776622904919253,0.0,0.049896745735145534,-6.8679021426609586,3.8943581581115723,-30.126670837402344
0.4,3,stepwise_test,5.0,4d3a619d3d16b595,0.0,0.24464618247247455,0.00026968805357885644,0.0030776622904919253,0.0,0.049896745735145534,-6.8679021426609586,3.8943581581115723,-30.126670837402344
0.4,3,stepwise_test,5.0,4e12766ab5ee9a6f,0.0,0.24464618247247455,0.00026968805357885644,0.0030776622904919253,0.0,0.049896745735145534,-6.8679021426609586,3.8943581581115723,-30.126670837402344
0.4,3,stepwise_test,5.0,5406f38bad958fff,0.0,0.24464618247247455,0.00026968805357885644,0.0030776622904919253,0.0,0.049896745735145534,-6.8679021426609586,3.8943581581115723,-30.126670837402344
0.4,3,stepwise_test,5.0,5b6660299c28d21a,0.009756097560975618,0.24464618247247455,0.00026968805357885644,0.0030776622904919253,0.0,0.049896745735145534,-6.8679021426609586,3.8943581581115723,-30.126670837402344
0.4,3,stepwise_test,5.0,5d8a6dda9c034943,0.0,0.24464618247247455,0.00026968805357885644,0.0030776622904919253,0.0,0.049896745735145534,-6.8679021426609586,3.8943581581115723,-30.126670837402344
0.4,3,stepwise_test,5.0,6354b26bfd6b0d3b,0.0,0.24464618247247455,0.00026968805357885644,0.0030776622904919253,0.0,0.049896745735145534,-6.8679021426609586,3.8943581581115723,-30.126670837402344
0.4,3,stepwise_test,5.0,663b72de42e74e86,0.0,0.24464618247247455,0.00026968805357885644,0.0030776622904919253,0.0,0.049896745735145534,-6.8679021426609586,3.8943581581115723,-30.126670837402344
0.4,3,stepwise_test,5.0,66eb648c6256c151,0.0,0.24464618247247455,0.00026968805357885644,0.0030776622904919253,0.0,0.049896745735145534,-6.8679021426609586,3.8943581581115723,-30.126670837402344
0.4,3,stepwise_test,5.0,67f63c1627c03412,0.012499999999999956,0.24464618247247455,0.00026968805357885644,0.0030776622904919253,0.0,0.049896745735145534,-6.8679021426609586,3.8943581581115723,-30.126670837402344
0.4,3,stepwise_test,5.0,6d1d8e613ece86e7,0.0,0.24464618247247455,0.00026968805357885644,0.0030776622904919253,0.0,0.049896745735145534,-6.8679021426609586,3.8943581581115723,-30.126670837402344
0.4,3,stepwise_test,5.0,6f3466b968e73ba3,0.009302325581395321,0.24464618247247455,0.00026968805357885644,0.0030776622904919253,0.0,0.049896745735145534,-6.8679021426609586,3.8943581581115723,-30.126670837402344
0.4,3,stepwise_test,5.0,71fe74132803f26b,0.0,0.24464618247247455,0.00026968805357885644,0.0030776622904919253,0.0,0.049896745735145534,-6.8679021426609586,3.8943581581115723,-30.126670837402344
0.4,3,stepwise_test,5.0,76825b753db42030,0.0,0.24464618247247455,0.00026968805357885644,0.0030776622904919253,0.0,0.049896745735145534,-6.8679021426609586,3.8943581581115723,-30.126670837402344
0.4,3,stepwise_test,5.0,78001bdfb89f1ad1,0.0,0.24464618247247455,0.00026968805357885644,0.0030776622904919253,0.0,0.049896745735145534,-6.8679021426609586,3.8943581581115723,-30.126670837402344
0.4,3,stepwise_test,5.0,7b925779bf22fd74,0.00877192982456143,0.24464618247247455,0.00026968805357885644,0.0030776622904919253,0.0,0.049896745735145534,-6.8679021426609586,3.8943581581115723,-30.126670837402344
0.4,3,stepwise_test,5.0,7be724e7d2299999,0.011560693641618491,0.24464618247247455,0.00026968805357885644,0.0030776622904919253,0.0,0.049896745735145534,-6.8679021426609586,3.8943581581115723,-30.126670837402344
0.4,3,stepwise_test,5.0,82da82d3e55219a5,0.0,0.24464618247247455,0.00026968805357885644,0.0030776622904919253,0.0,0.049896745735145534,-6.8679021426609586,3.8943581581115723,-30.126670837402344
0.4,3,stepwise_test,5.0,8acfa77cf5234bd4,0.0,0.24464618247247455,0.00026968805357885644,0.0030776622904919253,0.0,0.049896745735145534,-6.8679021426609586,3.8943581581115723,-30.126670837402344
0.4,3,stepwise_test,5.0,9332a9cf5d92314a,0.0,0.24464618247247455,0.00026968805357885644,0.0030776622904919253,0.0,0.049896745735145534,-6.8679021426609586,3.8943581581115723,-30.126670837402344
0.4,3,stepwise_test,5.0,9f60113cec74b0ee,0.0,0.24464618247247455,0.00026968805357885644,0.0030776622904919253,0.0,0.049896745735145534,-6.8679021426609586,3.8943581581115723,-30.126670837402344
0.4,3,stepwise_test,5.0,a2f68f9c135648a0,0.0,0.24464618247247455,0.00026968805357885644,0.0030776622904919253,0.0,0.049896745735145534,-6.8679021426609586,3.8943581581115723,-30.126670837402344
0.4,3,stepwise_test,5.0,a3ecb75bd15d05d8,0.0,0.24464618247247455,0.00026968805357885644,0.0030776622904919253,0.0,0.049896745735145534,-6.8679021426609586,3.8943581581115723,-30.126670837402344
0.4,3,stepwise_test,5.0,a4a471e79162ce6a,0.0,0.24464618247247455,0.00026968805357885644,0.0030776622904919253,0.0,0.049896745735145534,-6.8679021426609586,3.8943581581115723,-30.126670837402344
0.4,3,stepwise_test,5.0,aa0070de67183c08,0.0,0.24464618247247455,0.00026968805357885644,0.0030776622904919253,0.0,0.049896745735145534,-6.8679021426609586,3.8943581581115723,-30.126670837402344
0.4,3,stepwise_test,5.0,aa6bc6d9ff6d7768,0.009049773755656076,0.24464618247247455,0.00026968805357885644,0.0030776622904919253,0.0,0.049896745735145534,-6.8679021426609586,3.8943581581115723,-30.126670837402344
0.4,3,stepwise_test,5.0,acd5a3fd547677f6,0.0,0.24464618247247455,0.00026968805357885644,0.0030776622904919253,0.0,0.049896745735145534,-6.8679021426609586,3.8943581581115723,-30.126670837402344
0.4,3,stepwise_test,5.0,b5124e1b88000bd7,0.0,0.24464618247247455,0.00026968805357885644,0.0030776622904919253,0.0,0.049896745735145534,-6.8679021426609586,3.8943581581115723,-30.126670837402344
0.4,3,stepwise_test,5.0,b62f26029c55da5d,0.0,0.24464618247247455,0.00026968805357885644,0.0030776622904919253,0.0,0.049896745735145534,-6.8679021426609586,3.8943581581115723,-30.126670837402344
0.4,3,stepwise_test,5.0,b7036711cecf282e,0.009433962264150941,0.24464618247247455,0.00026968805357885644,0.0030776622904919253,0.0,0.049896745735145534,-6.8679021426609586,3.8943581581115723,-30.126670837402344
0.4,3,stepwise_test,5.0,bc83dba623c24f83,0.0,0.24464618247247455,0.00026968805357885644,0.0030776622904919253,0.0,0.049896745735145534,-6.8679021426609586,3.8943581581115723,-30.126670837402344
0.4,3,stepwise_test,5.0,bd981ed06e640944,0.009090909090909038,0.24464618247247455,0.00026968805357885644,0.0030776622904919253,0.0,0.049896745735145534,-6.8679021426609586,3.8943581581115723,-30.126670837402344
0.4,3,stepwise_test,5.0,c0b0a6fd8196e526,0.0,0.24464618247247455,0.00026968805357885644,0.0030776622904919253,0.0,0.049896745735145534,-6.8679021426609586,3.8943581581115723,-30.126670837402344
0.4,3,stepwise_test,5.0,c0da6f9a810ac96e,0.0,0.24464618247247455,0.00026968805357885644,0.0030776622904919253,0.0,0.049896745735145534,-6.8679021426609586,3.8943581581115723,-30.126670837402344
0.4,3,stepwise_test,5.0,c4e140c6b10a0649,0.0,0.24464618247247455,0.00026968805357885644,0.0030776622904919253,0.0,0.049896745735145534,-6.8679021426609586,3.8943581581115723,-30.126670837402344
0.4,3,stepwise_test,5.0,ceab4fde9bc557e9,0.02564102564102566,0.24464618247247455,0.00026968805357885644,0.0030776622904919253,0.0,0.049896745735145534,-6.8679021426609586,3.8943581581115723,-30.126670837402344
0.4,3,stepwise_test,5.0,cfd0baecd1304030,0.0,0.24464618247247455,0.00026968805357885644,0.0030776622904919253,0.0,0.049896745735145534,-6.8679021426609586,3.8943581581115723,-30.126670837402344
0.4,3,stepwise_test,5.0,d437bb99475d3d83,0.0,0.24464618247247455,0.00026968805357885644,0.0030776622904919253,0.0,0.049896745735145534,-6.8679021426609586,3.8943581581115723,-30.126670837402344
0.4,3,stepwise_test,5.0,df593c445aa37cdd,0.0,0.24464618247247455,0.00026968805357885644,0.0030776622904919253,0.0,0.049896745735145534,-6.8679021426609586,3.8943581581115723,-30.126670837402344
0.4,3,stepwise_test,5.0,e0cbaf79c0d6e3eb,0.0,0.24464618247247455,0.00026968805357885644,0.0030776622904919253,0.0,0.049896745735145534,-6.8679021426609586,3.8943581581115723,-30.126670837402344
0.4,3,stepwise_test,5.0,e3664a91fc92d1d6,0.0,0.24464618247247455,0.00026968805357885644,0.0030776622904919253,0.0,0.049896745735145534,-6.8679021426609586,3.8943581581115723,-30.126670837402344
0.4,3,stepwise_test,5.0,e55575bab6cd051d,0.0,0.24464618247247455,0.00026968805357885644,0.0030776622904919253,0.0,0.049896745735145534,-6.8679021426609586,3.8943581581115723,-30.126670837402344
0.4,3,stepwise_test,5.0,eac6ec2b274f3fe8,0.0092592592592593,0.24464618247247455,0.00026968805357885644,0.0030776622904919253,0.0,0.049896745735145534,-6.8679021426609586,3.8943581581115723,-30.126670837402344
0.4,3,stepwise_test,5.0,eb5cda6e1fe9f6b5,0.010869565217391353,0.24464618247247455,0.00026968805357885644,0.0030776622904919253,0.0,0.049896745735145534,-6.8679021426609586,3.8943581581115723,-30.126670837402344
0.4,3,stepwise_test,5.0,ecbc64034f374904,0.008130081300813052,0.24464618247247455,0.00026968805357885644,0.0030776622904919253,0.0,0.049896745735145534,-6.8679021426609586,3.8943581581115723,-30.126670837402344
0.4,3,stepwise_test,5.0,f16d6af3f8b8b330,0.009389671361502372,0.24464618247247455,0.00026968805357885644,0.0030776622904919253,0.0,0.049896745735145534,-6.8679021426609586,3.8943581581115723,-30.126670837402344
0.4,3,stepwise_test,5.0,f2e24c35c5249c8b,0.0,0.24464618247247455,0.00026968805357885644,0.0030776622904919253,0.0,0.049896745735145534,-6.8679021426609586,3.8943581581115723,-30.126670837402344
0.44,3,authority_test,0.0,018ccdd70b67d50b,1.0,0.3426408876717903,0.019486769563177297,0.03019421772447677,0.05000000187532338,0.05000000356165446,-1.5501127413340978,4.33103312764849,-26.32982063293457
0.44,3,authority_test,0.0,0545ede9161cd87b,1.0,0.3426408876717903,0.019486769563177297,0.03019421772447677,0.05000000187532338,0.05000000356165446,-1.5501127413340978,4.33103312764849,-26.32982063293457
0.44,3,authority_test,0.0,0822110b214bf434,1.0,0.3426408876717903,0.019486769563177297,0.03019421772447677,0.05000000187532338,0.05000000356165446,-1.5501127413340978,4.33103312764849,-26.32982063293457
0.44,3,authority_test,0.0,0dbb1e13fa00f0f6,1.0,0.3426408876717903,0.019486769563177297,0.03019421772447677,0.05000000187532338,0.05000000356165446,-1.5501127413340978,4.33103312764849,-26.32982063293457
0.44,3,authority_test,0.0,0e2ca3a9a1e8e218,1.0,0.3426408876717903,0.019486769563177297,0.03019421772447677,0.05000000187532338,0.05000000356165446,-1.5501127413340978,4.33103312764849,-26.32982063293457
0.44,3,authority_test,0.0,101df2256aecf75b,0.0,0.3426408876717903,0.019486769563177297,0.03019421772447677,0.05000000187532338,0.05000000356165446,-1.5501127413340978,4.33103312764849,-26.32982063293457
0.44,3,authority_test,0.0,1717ce53958590ba,0.0,0.3426408876717903,0.019486769563177297,0.03019421772447677,0.05000000187532338,0.05000000356165446,-1.5501127413340978,4.33103312764849,-26.32982063293457
0.44,3,authority_test,0.0,1868815d0a7c6716,1.0,0.3426408876717903,0.019486769563177297,0.03019421772447677,0.05000000187532338,0.05000000356165446,-1.5501127413340978,4.33103312764849,-26.32982063293457
0.44,3,authority_test,0.0,1991ac094bc47b5a,0.0,0.3426408876717903,0.019486769563177297,0.03019421772447677,0.05000000187532338,0.05000000356165446,-1.5501127413340978,4.33103312764849,-26.32982063293457
0.44,3,authority_test,0.0,1e9be34e7c154aee,1.0,0.3426408876717903,0.019486769563177297,0.03019421772447677,0.05000000187532338,0.05000000356165446,-1.5501127413340978,4.33103312764849,-26.32982063293457
0.44,3,authority_test,0.0,245b8a2be8abc37e,1.0,0.3426408876717903,0.019486769563177297,0.03019421772447677,0.05000000187532338,0.05000000356165446,-1.5501127413340978,4.33103312764849,-26.32982063293457
0.44,3,authority_test,0.0,2982eb379acc1dcf,0.007936507936507908,0.3426408876717903,0.019486769563177297,0.03019421772447677,0.05000000187532338,0.05000000356165446,-1.5501127413340978,4.33103312764849,-26.32982063293457
0.44,3,authority_test,0.0,2a7630b9ddded8d5,1.0,0.3426408876717903,0.019486769563177297,0.03019421772447677,0.05000000187532338,0.05000000356165446,-1.5501127413340978,4.33103312764849,-26.32982063293457
0.44,3,authority_test,0.0,3159f31edc896059,0.008032128514056214,0.3426408876717903,0.019486769563177297,0.03019421772447677,0.05000000187532338,0.05000000356165446,-1.5501127413340978,4.33103312764849,-26.32982063293457
0.44,3,authority_test,0.0,3605a51c50d5daa0,0.007352941176470562,0.3426408876717903,0.019486769563177297,0.03019421772447677,0.05000000187532338,0.05000000356165446,-1.5501127413340978,4.33103312764849,-26.32982063293457
0.44,3,authority_test,0.0,38e3fe88a50cb3ef,0.0,0.3426408876717903,0.019486769563177297,0.03019421772447677,0.05000000187532338,0.05000000356165446,-1.5501127413340978,4.33103312764849,-26.32982063293457
0.44,3,authority_test,0.0,3a831f177b4c7882,0.0,0.3426408876717903,0.019486769563177297,0.03019421772447677,0.05000000187532338,0.05000000356165446,-1.5501127413340978,4.33103312764849,-26.32982063293457
0.44,3,authority_test,0.0,41450c0e975a1c31,1.0,0.3426408876717903,0.019486769563177297,0.03019421772447677,0.05000000187532338,0.05000000356165446,-1.5501127413340978,4.33103312764849,-26.32982063293457
0.44,3,authority_test,0.0,4381c0fb4c396040,0.0,0.3426408876717903,0.019486769563177297,0.03019421772447677,0.05000000187532338,0.05000000356165446,-1.5501127413340978,4.33103312764849,-26.32982063293457
0.44,3,authority_test,0.0,44e03bc01ee3055a,1.0,0.3426408876717903,0.019486769563177297,0.03019421772447677,0.05000000187532338,0.05000000356165446,-1.5501127413340978,4.33103312764849,-26.32982063293457
0.44,3,authority_test,0.0,47bf27669a8fa08a,0.0073800738007380184,0.3426408876717903,0.019486769563177297,0.03019421772447677,0.05000000187532338,0.05000000356165446,-1.5501127413340978,4.33103312764849,-26.32982063293457
0.44,3,authority_test,0.0,486ee1ca9e71adc6,0.0,0.3426408876717903,0.019486769563177297,0.03019421772447677,0.05000000187532338,0.05000000356165446,-1.5501127413340978,4.33103312764849,-26.32982063293457
0.44,3,authority_test,0.0,4910c9193fca9a21,0.0,0.3426408876717903,0.019486769563177297,0.03019421772447677,0.05000000187532338,0.05000000356165446,-1.5501127413340978,4.33103312764849,-26.32982063293457
0.44,3,authority_test,0.0,4a78cd4f429333ac,0.0,0.3426408876717903,0.019486769563177297,0.03019421772447677,0.05000000187532338,0.05000000356165446,-1.5501127413340978,4.33103312764849,-26.32982063293457
0.44,3,authority_test,0.0,4d3a619d3d16b595,1.0,0.3426408876717903,0.019486769563177297,0.03019421772447677,0.05000000187532338,0.05000000356165446,-1.5501127413340978,4.33103312764849,-26.32982063293457
0.44,3,authority_test,0.0,4e12766ab5ee9a6f,0.0,0.3426408876717903,0.019486769563177297,0.03019421772447677,0.05000000187532338,0.05000000356165446,-1.5501127413340978,4.33103312764849,-26.32982063293457
0.44,3,authority_test,0.0,5406f38bad958fff,1.0,0.3426408876717903,0.019486769563177297,0.03019421772447677,0.05000000187532338,0.05000000356165446,-1.5501127413340978,4.33103312764849,-26.32982063293457
0.44,3,authority_test,0.0,5b6660299c28d21a,1.0,0.3426408876717903,0.019486769563177297,0.03019421772447677,0.05000000187532338,0.05000000356165446,-1.5501127413340978,4.33103312764849,-26.32982063293457
0.44,3,authority_test,0.0,5d8a6dda9c034943,0.0,0.3426408876717903,0.019486769563177297,0.03019421772447677,0.05000000187532338,0.05000000356165446,-1.5501127413340978,4.33103312764849,-26.32982063293457
0.44,3,authority_test,0.0,6354b26bfd6b0d3b,0.007092198581560294,0.3426408876717903,0.019486769563177297,0.03019421772447677,0.05000000187532338,0.05000000356165446,-1.5501127413340978,4.33103312764849,-26.32982063293457
0.44,3,authority_test,0.0,663b72de42e74e86,0.0,0.3426408876717903,0.019486769563177297,0.03019421772447677,0.05000000187532338,0.05000000356165446,-1.5501127413340978,4.33103312764849,-26.32982063293457
0.44,3,authority_test,0.0,66eb648c6256c151,0.0,0.3426408876717903,0.019486769563177297,0.03019421772447677,0.05000000187532338,0.05000000356165446,-1.5501127413340978,4.33103312764849,-26.32982063293457
0.44,3,authority_test,0.0,67f63c1627c03412,1.0,0.3426408876717903,0.019486769563177297,0.03019421772447677,0.05000000187532338,0.05000000356165446,-1.5501127413340978,4.33103312764849,-26.32982063293457
0.44,3,authority_test,0.0,6d1d8e613ece86e7,0.0,0.3426408876717903,0.019486769563177297,0.03019421772447677,0.05000000187532338,0.05000000356165446,-1.5501127413340978,4.33103312764849,-26.32982063293457
0.44,3,authority_test,0.0,6f3466b968e73ba3,0.0,0.3426408876717903,0.019486769563177297,0.03019421772447677,0.05000000187532338,0.05000000356165446,-1.5501127413340978,4.33103312764849,-26.32982063293457
0.44,3,authority_test,0.0,71fe74132803f26b,0.0,0.3426408876717903,0.019486769563177297,0.03019421772447677,0.05000000187532338,0.05000000356165446,-1.5501127413340978,4.33103312764849,-26.32982063293457
0.44,3,authority_test,0.0,76825b753db42030,1.0,0.3426408876717903,0.019486769563177297,0.03019421772447677,0.05000000187532338,0.05000000356165446,-1.5501127413340978,4.33103312764849,-26.32982063293457
0.44,3,authority_test,0.0,78001bdfb89f1ad1,1.0,0.3426408876717903,0.019486769563177297,0.03019421772447677,0.05000000187532338,0.05000000356165446,-1.5501127413340978,4.33103312764849,-26.32982063293457
0.44,3,authority_test,0.0,7b925779bf22fd74,0.0,0.3426408876717903,0.019486769563177297,0.03019421772447677,0.05000000187532338,0.05000000356165446,-1.5501127413340978,4.33103312764849,-26.32982063293457
0.44,3,authority_test,0.0,7be724e7d2299999,0.0,0.3426408876717903,0.019486769563177297,0.03019421772447677,0.05000000187532338,0.05000000356165446,-1.5501127413340978,4.33103312764849,-26.32982063293457
0.44,3,authority_test,0.0,82da82d3e55219a5,0.0,0.3426408876717903,0.019486769563177297,0.03019421772447677,0.05000000187532338,0.05000000356165446,-1.5501127413340978,4.33103312764849,-26.32982063293457
0.44,3,authority_test,0.0,8acfa77cf5234bd4,0.036329352608422294,0.3426408876717903,0.019486769563177297,0.03019421772447677,0.05000000187532338,0.05000000356165446,-1.5501127413340978,4.33103312764849,-26.32982063293457
0.44,3,authority_test,0.0,9332a9cf5d92314a,0.008163265306122436,0.3426408876717903,0.019486769563177297,0.03019421772447677,0.05000000187532338,0.05000000356165446,-1.5501127413340978,4.33103312764849,-26.32982063293457
0.44,3,authority_test,0.0,9f60113cec74b0ee,0.0,0.3426408876717903,0.019486769563177297,0.03019421772447677,0.05000000187532338,0.05000000356165446,-1.5501127413340978,4.33103312764849,-26.32982063293457
0.44,3,authority_test,0.0,a2f68f9c135648a0,1.0,0.3426408876717903,0.019486769563177297,0.03019421772447677,0.05000000187532338,0.05000000356165446,-1.5501127413340978,4.33103312764849,-26.32982063293457
0.44,3,authority_test,0.0,a3ecb75bd15d05d8,1.0,0.3426408876717903,0.019486769563177297,0.03019421772447677,0.05000000187532338,0.05000000356165446,-1.5501127413340978,4.33103312764849,-26.32982063293457
0.44,3,authority_test,0.0,a4a471e79162ce6a,1.0,0.3426408876717903,0.019486769563177297,0.03019421772447677,0.05000000187532338,0.05000000356165446,-1.5501127413340978,4.33103312764849,-26.32982063293457
0.44,3,authority_test,0.0,aa0070de67183c08,0.0,0.3426408876717903,0.019486769563177297,0.03019421772447677,0.05000000187532338,0.05000000356165446,-1.5501127413340978,4.33103312764849,-26.32982063293457
0.44,3,authority_test,0.0,aa6bc6d9ff6d7768,1.0,0.3426408876717903,0.019486769563177297,0.03019421772447677,0.05000000187532338,0.05000000356165446,-1.5501127413340978,4.33103312764849,-26.32982063293457
0.44,3,authority_test,0.0,acd5a3fd547677f6,0.0,0.3426408876717903,0.019486769563177297,0.03019421772447677,0.05000000187532338,0.05000000356165446,-1.5501127413340978,4.33103312764849,-26.32982063293457
0.44,3,authority_test,0.0,b5124e1b88000bd7,0.0,0.3426408876717903,0.019486769563177297,0.03019421772447677,0.05000000187532338,0.05000000356165446,-1.5501127413340978,4.33103312764849,-26.32982063293457
0.44,3,authority_test,0.0,b62f26029c55da5d,1.0,0.3426408876717903,0.019486769563177297,0.03019421772447677,0.05000000187532338,0.05000000356165446,-1.5501127413340978,4.33103312764849,-26.32982063293457
0.44,3,authority_test,0.0,b7036711cecf282e,1.0,0.3426408876717903,0.019486769563177297,0.03019421772447677,0.05000000187532338,0.05000000356165446,-1.5501127413340978,4.33103312764849,-26.32982063293457
0.44,3,authority_test,0.0,bc83dba623c24f83,0.0,0.3426408876717903,0.019486769563177297,0.03019421772447677,0.05000000187532338,0.05000000356165446,-1.5501127413340978,4.33103312764849,-26.32982063293457
0.44,3,authority_test,0.0,bd981ed06e640944,1.0,0.3426408876717903,0.019486769563177297,0.03019421772447677,0.05000000187532338,0.05000000356165446,-1.5501127413340978,4.33103312764849,-26.32982063293457
0.44,3,authority_test,0.0,c0b0a6fd8196e526,1.0,0.3426408876717903,0.019486769563177297,0.03019421772447677,0.05000000187532338,0.05000000356165446,-1.5501127413340978,4.33103312764849,-26.32982063293457
0.44,3,authority_test,0.0,c0da6f9a810ac96e,1.0,0.3426408876717903,0.019486769563177297,0.03019421772447677,0.05000000187532338,0.05000000356165446,-1.5501127413340978,4.33103312764849,-26.32982063293457
0.44,3,authority_test,0.0,c4e140c6b10a0649,0.0080971659919028,0.3426408876717903,0.019486769563177297,0.03019421772447677,0.05000000187532338,0.05000000356165446,-1.5501127413340978,4.33103312764849,-26.32982063293457
0.44,3,authority_test,0.0,ceab4fde9bc557e9,0.0,0.3426408876717903,0.019486769563177297,0.03019421772447677,0.05000000187532338,0.05000000356165446,-1.5501127413340978,4.33103312764849,-26.32982063293457
0.44,3,authority_test,0.0,cfd0baecd1304030,1.0,0.3426408876717903,0.019486769563177297,0.03019421772447677,0.05000000187532338,0.05000000356165446,-1.5501127413340978,4.33103312764849,-26.32982063293457
0.44,3,authority_test,0.0,d437bb99475d3d83,0.0,0.3426408876717903,0.019486769563177297,0.03019421772447677,0.05000000187532338,0.05000000356165446,-1.5501127413340978,4.33103312764849,-26.32982063293457
0.44,3,authority_test,0.0,df593c445aa37cdd,0.008403361344537785,0.3426408876717903,0.019486769563177297,0.03019421772447677,0.05000000187532338,0.05000000356165446,-1.5501127413340978,4.33103312764849,-26.32982063293457
0.44,3,authority_test,0.0,e0cbaf79c0d6e3eb,1.0,0.3426408876717903,0.019486769563177297,0.03019421772447677,0.05000000187532338,0.05000000356165446,-1.5501127413340978,4.33103312764849,-26.32982063293457
0.44,3,authority_test,0.0,e3664a91fc92d1d6,0.0091324200913242,0.3426408876717903,0.019486769563177297,0.03019421772447677,0.05000000187532338,0.05000000356165446,-1.5501127413340978,4.33103312764849,-26.32982063293457
0.44,3,authority_test,0.0,e55575bab6cd051d,0.0,0.3426408876717903,0.019486769563177297,0.03019421772447677,0.05000000187532338,0.05000000356165446,-1.5501127413340978,4.33103312764849,-26.32982063293457
0.44,3,authority_test,0.0,eac6ec2b274f3fe8,0.008583690987124415,0.3426408876717903,0.019486769563177297,0.03019421772447677,0.05000000187532338,0.05000000356165446,-1.5501127413340978,4.33103312764849,-26.32982063293457
0.44,3,authority_test,0.0,eb5cda6e1fe9f6b5,1.0,0.3426408876717903,0.019486769563177297,0.03019421772447677,0.05000000187532338,0.05000000356165446,-1.5501127413340978,4.33103312764849,-26.32982063293457
0.44,3,authority_test,0.0,ecbc64034f374904,0.0,0.3426408876717903,0.019486769563177297,0.03019421772447677,0.05000000187532338,0.05000000356165446,-1.5501127413340978,4.33103312764849,-26.32982063293457
0.44,3,authority_test,0.0,f16d6af3f8b8b330,1.0,0.3426408876717903,0.019486769563177297,0.03019421772447677,0.05000000187532338,0.05000000356165446,-1.5501127413340978,4.33103312764849,-26.32982063293457
0.44,3,authority_test,0.0,f2e24c35c5249c8b,0.007905138339920903,0.3426408876717903,0.019486769563177297,0.03019421772447677,0.05000000187532338,0.05000000356165446,-1.5501127413340978,4.33103312764849,-26.32982063293457
0.44,3,authority_test,2.0,018ccdd70b67d50b,0.0,0.3426408876717903,0.01423337399791563,0.025959017087948916,0.050000001857677535,0.05000000353762215,-3.4959305354527066,4.145235163824899,-27.848560333251953
0.44,3,authority_test,2.0,0545ede9161cd87b,1.0,0.3426408876717903,0.01423337399791563,0.025959017087948916,0.050000001857677535,0.05000000353762215,-3.4959305354527066,4.145235163824899,-27.848560333251953
0.44,3,authority_test,2.0,0822110b214bf434,1.0,0.3426408876717903,0.01423337399791563,0.025959017087948916,0.050000001857677535,0.05000000353762215,-3.4959305354527066,4.145235163824899,-27.848560333251953
0.44,3,authority_test,2.0,0dbb1e13fa00f0f6,0.0,0.3426408876717903,0.01423337399791563,0.025959017087948916,0.050000001857677535,0.05000000353762215,-3.4959305354527066,4.145235163824899,-27.848560333251953
0.44,3,authority_test,2.0,0e2ca3a9a1e8e218,0.0,0.3426408876717903,0.01423337399791563,0.025959017087948916,0.050000001857677535,0.05000000353762215,-3.4959305354527066,4.145235163824899,-27.848560333251953
0.44,3,authority_test,2.0,101df2256aecf75b,0.0,0.3426408876717903,0.01423337399791563,0.025959017087948916,0.050000001857677535,0.05000000353762215,-3.4959305354527066,4.145235163824899,-27.848560333251953
0.44,3,authority_test,2.0,1717ce53958590ba,0.0,0.3426408876717903,0.01423337399791563,0.025959017087948916,0.050000001857677535,0.05000000353762215,-3.4959305354527066,4.145235163824899,-27.848560333251953
0.44,3,authority_test,2.0,1868815d0a7c6716,1.0,0.3426408876717903,0.01423337399791563,0.025959017087948916,0.050000001857677535,0.05000000353762215,-3.4959305354527066,4.145235163824899,-27.848560333251953
0.44,3,authority_test,2.0,1991ac094bc47b5a,0.0,0.3426408876717903,0.01423337399791563,0.025959017087948916,0.050000001857677535,0.05000000353762215,-3.4959305354527066,4.145235163824899,-27.848560333251953
0.44,3,authority_test,2.0,1e9be34e7c154aee,0.0,0.3426408876717903,0.01423337399791563,0.025959017087948916,0.050000001857677535,0.05000000353762215,-3.4959305354527066,4.145235163824899,-27.848560333251953
0.44,3,authority_test,2.0,245b8a2be8abc37e,0.0,0.3426408876717903,0.01423337399791563,0.025959017087948916,0.050000001857677535,0.05000000353762215,-3.4959305354527066,4.145235163824899,-27.848560333251953
0.44,3,authority_test,2.0,2982eb379acc1dcf,0.008403361344537785,0.3426408876717903,0.01423337399791563,0.025959017087948916,0.050000001857677535,0.05000000353762215,-3.4959305354527066,4.145235163824899,-27.848560333251953
0.44,3,authority_test,2.0,2a7630b9ddded8d5,0.0,0.3426408876717903,0.01423337399791563,0.025959017087948916,0.050000001857677535,0.05000000353762215,-3.4959305354527066,4.145235163824899,-27.848560333251953
0.44,3,authority_test,2.0,3159f31edc896059,0.0,0.3426408876717903,0.01423337399791563,0.025959017087948916,0.050000001857677535,0.05000000353762215,-3.4959305354527066,4.145235163824899,-27.848560333251953
0.44,3,authority_test,2.0,3605a51c50d5daa0,0.00917431192660545,0.3426408876717903,0.01423337399791563,0.025959017087948916,0.050000001857677535,0.05000000353762215,-3.4959305354527066,4.145235163824899,-27.848560333251953
0.44,3,authority_test,2.0,38e3fe88a50cb3ef,0.0,0.3426408876717903,0.01423337399791563,0.025959017087948916,0.050000001857677535,0.05000000353762215,-3.4959305354527066,4.145235163824899,-27.848560333251953
0.44,3,authority_test,2.0,3a831f177b4c7882,0.0,0.3426408876717903,0.01423337399791563,0.025959017087948916,0.050000001857677535,0.05000000353762215,-3.4959305354527066,4.145235163824899,-27.848560333251953
0.44,3,authority_test,2.0,41450c0e975a1c31,0.008333333333333304,0.3426408876717903,0.01423337399791563,0.025959017087948916,0.050000001857677535,0.05000000353762215,-3.4959305354527066,4.145235163824899,-27.848560333251953
0.44,3,authority_test,2.0,4381c0fb4c396040,1.0,0.3426408876717903,0.01423337399791563,0.025959017087948916,0.050000001857677535,0.05000000353762215,-3.4959305354527066,4.145235163824899,-27.848560333251953
0.44,3,authority_test,2.0,44e03bc01ee3055a,1.0,0.3426408876717903,0.01423337399791563,0.025959017087948916,0.050000001857677535,0.05000000353762215,-3.4959305354527066,4.145235163824899,-27.848560333251953
0.44,3,authority_test,2.0,47bf27669a8fa08a,0.0,0.3426408876717903,0.01423337399791563,0.025959017087948916,0.050000001857677535,0.05000000353762215,-3.4959305354527066,4.145235163824899,-27.848560333251953
0.44,3,authority_test,2.0,486ee1ca9e71adc6,0.0,0.3426408876717903,0.01423337399791563,0.025959017087948916,0.050000001857677535,0.05000000353762215,-3.4959305354527066,4.145235163824899,-27.848560333251953
0.44,3,authority_test,2.0,4910c9193fca9a21,0.0,0.3426408876717903,0.01423337399791563,0.025959017087948916,0.050000001857677535,0.05000000353762215,-3.4959305354527066,4.145235163824899,-27.848560333251953
0.44,3,authority_test,2.0,4a78cd4f429333ac,0.0072727272727273196,0.3426408876717903,0.01423337399791563,0.025959017087948916,0.050000001857677535,0.05000000353762215,-3.4959305354527066,4.145235163824899,-27.848560333251953
0.44,3,authority_test,2.0,4d3a619d3d16b595,1.0,0.3426408876717903,0.01423337399791563,0.025959017087948916,0.050000001857677535,0.05000000353762215,-3.4959305354527066,4.145235163824899,-27.848560333251953
0.44,3,authority_test,2.0,4e12766ab5ee9a6f,1.0,0.3426408876717903,0.01423337399791563,0.025959017087948916,0.050000001857677535,0.05000000353762215,-3.4959305354527066,4.145235163824899,-27.848560333251953
0.44,3,authority_test,2.0,5406f38bad958fff,0.0,0.3426408876717903,0.01423337399791563,0.025959017087948916,0.050000001857677535,0.05000000353762215,-3.4959305354527066,4.145235163824899,-27.848560333251953
0.44,3,authority_test,2.0,5b6660299c28d21a,0.0,0.3426408876717903,0.01423337399791563,0.025959017087948916,0.050000001857677535,0.05000000353762215,-3.4959305354527066,4.145235163824899,-27.848560333251953
0.44,3,authority_test,2.0,5d8a6dda9c034943,0.0,0.3426408876717903,0.01423337399791563,0.025959017087948916,0.050000001857677535,0.05000000353762215,-3.4959305354527066,4.145235163824899,-27.848560333251953
0.44,3,authority_test,2.0,6354b26bfd6b0d3b,0.0072202166064981865,0.3426408876717903,0.01423337399791563,0.025959017087948916,0.050000001857677535,0.05000000353762215,-3.4959305354527066,4.145235163824899,-27.848560333251953
0.44,3,authority_test,2.0,663b72de42e74e86,0.0,0.3426408876717903,0.01423337399791563,0.025959017087948916,0.050000001857677535,0.05000000353762215,-3.4959305354527066,4.145235163824899,-27.848560333251953
0.44,3,authority_test,2.0,66eb648c6256c151,0.007874015748031482,0.3426408876717903,0.01423337399791563,0.025959017087948916,0.050000001857677535,0.05000000353762215,-3.4959305354527066,4.145235163824899,-27.848560333251953
0.44,3,authority_test,2.0,67f63c1627c03412,1.0,0.3426408876717903,0.01423337399791563,0.025959017087948916,0.050000001857677535,0.05000000353762215,-3.4959305354527066,4.145235163824899,-27.848560333251953
0.44,3,authority_test,2.0,6d1d8e613ece86e7,0.009661835748792313,0.3426408876717903,0.01423337399791563,0.025959017087948916,0.050000001857677535,0.05000000353762215,-3.4959305354527066,4.145235163824899,-27.848560333251953
0.44,3,authority_test,2.0,6f3466b968e73ba3,1.0,0.3426408876717903,0.01423337399791563,0.025959017087948916,0.050000001857677535,0.05000000353762215,-3.4959305354527066,4.145235163824899,-27.848560333251953
0.44,3,authority_test,2.0,71fe74132803f26b,0.0,0.3426408876717903,0.01423337399791563,0.025959017087948916,0.050000001857677535,0.05000000353762215,-3.4959305354527066,4.145235163824899,-27.848560333251953
0.44,3,authority_test,2.0,76825b753db42030,0.0,0.3426408876717903,0.01423337399791563,0.025959017087948916,0.050000001857677535,0.05000000353762215,-3.4959305354527066,4.145235163824899,-27.848560333251953
0.44,3,authority_test,2.0,78001bdfb89f1ad1,0.0,0.3426408876717903,0.01423337399791563,0.025959017087948916,0.050000001857677535,0.05000000353762215,-3.4959305354527066,4.145235163824899,-27.848560333251953
0.44,3,authority_test,2.0,7b925779bf22fd74,0.0,0.3426408876717903,0.01423337399791563,0.025959017087948916,0.050000001857677535,0.05000000353762215,-3.4959305354527066,4.145235163824899,-27.848560333251953
0.44,3,authority_test,2.0,7be724e7d2299999,0.0,0.3426408876717903,0.01423337399791563,0.025959017087948916,0.050000001857677535,0.05000000353762215,-3.4959305354527066,4.145235163824899,-27.848560333251953
0.44,3,authority_test,2.0,82da82d3e55219a5,0.05128205128205132,0.3426408876717903,0.01423337399791563,0.025959017087948916,0.050000001857677535,0.05000000353762215,-3.4959305354527066,4.145235163824899,-27.848560333251953
0.44,3,authority_test,2.0,8acfa77cf5234bd4,0.008264462809917328,0.3426408876717903,0.01423337399791563,0.025959017087948916,0.050000001857677535,0.05000000353762215,-3.4959305354527066,4.145235163824899,-27.848560333251953
0.44,3,authority_test,2.0,9332a9cf5d92314a,0.007722007722007707,0.3426408876717903,0.01423337399791563,0.025959017087948916,0.050000001857677535,0.05000000353762215,-3.4959305354527066,4.145235163824899,-27.848560333251953
0.44,3,authority_test,2.0,9f60113cec74b0ee,0.0,0.3426408876717903,0.01423337399791563,0.025959017087948916,0.050000001857677535,0.05000000353762215,-3.4959305354527066,4.145235163824899,-27.848560333251953
0.44,3,authority_test,2.0,a2f68f9c135648a0,0.0,0.3426408876717903,0.01423337399791563,0.025959017087948916,0.050000001857677535,0.05000000353762215,-3.4959305354527066,4.145235163824899,-27.848560333251953
0.44,3,authority_test,2.0,a3ecb75bd15d05d8,0.0,0.3426408876717903,0.01423337399791563,0.025959017087948916,0.050000001857677535,0.05000000353762215,-3.4959305354527066,4.145235163824899,-27.848560333251953
0.44,3,authority_test,2.0,a4a471e79162ce6a,0.0,0.3426408876717903,0.01423337399791563,0.025959017087948916,0.050000001857677535,0.05000000353762215,-3.4959305354527066,4.145235163824899,-27.848560333251953
0.44,3,authority_test,2.0,aa0070de67183c08,0.007722007722007707,0.3426408876717903,0.01423337399791563,0.025959017087948916,0.050000001857677535,0.05000000353762215,-3.4959305354527066,4.145235163824899,-27.848560333251953
0.44,3,authority_test,2.0,aa6bc6d9ff6d7768,0.0,0.3426408876717903,0.01423337399791563,0.025959017087948916,0.050000001857677535,0.05000000353762215,-3.4959305354527066,4.145235163824899,-27.848560333251953
0.44,3,authority_test,2.0,acd5a3fd547677f6,0.008333333333333304,0.3426408876717903,0.01423337399791563,0.025959017087948916,0.050000001857677535,0.05000000353762215,-3.4959305354527066,4.145235163824899,-27.848560333251953
0.44,3,authority_test,2.0,b5124e1b88000bd7,0.0,0.3426408876717903,0.01423337399791563,0.025959017087948916,0.050000001857677535,0.05000000353762215,-3.4959305354527066,4.145235163824899,-27.848560333251953
0.44,3,authority_test,2.0,b62f26029c55da5d,0.0,0.3426408876717903,0.01423337399791563,0.025959017087948916,0.050000001857677535,0.05000000353762215,-3.4959305354527066,4.145235163824899,-27.848560333251953
0.44,3,authority_test,2.0,b7036711cecf282e,0.0,0.3426408876717903,0.01423337399791563,0.025959017087948916,0.050000001857677535,0.05000000353762215,-3.4959305354527066,4.145235163824899,-27.848560333251953
0.44,3,authority_test,2.0,bc83dba623c24f83,0.02564102564102566,0.3426408876717903,0.01423337399791563,0.025959017087948916,0.050000001857677535,0.05000000353762215,-3.4959305354527066,4.145235163824899,-27.848560333251953
0.44,3,authority_test,2.0,bd981ed06e640944,0.008510638297872353,0.3426408876717903,0.01423337399791563,0.025959017087948916,0.050000001857677535,0.05000000353762215,-3.4959305354527066,4.145235163824899,-27.848560333251953
0.44,3,authority_test,2.0,c0b0a6fd8196e526,1.0,0.3426408876717903,0.01423337399791563,0.025959017087948916,0.050000001857677535,0.05000000353762215,-3.4959305354527066,4.145235163824899,-27.848560333251953
0.44,3,authority_test,2.0,c0da6f9a810ac96e,0.0,0.3426408876717903,0.01423337399791563,0.025959017087948916,0.050000001857677535,0.05000000353762215,-3.4959305354527066,4.145235163824899,-27.848560333251953
0.44,3,authority_test,2.0,c4e140c6b10a0649,0.009433962264150941,0.3426408876717903,0.01423337399791563,0.025959017087948916,0.050000001857677535,0.05000000353762215,-3.4959305354527066,4.145235163824899,-27.848560333251953
0.44,3,authority_test,2.0,ceab4fde9bc557e9,0.0,0.3426408876717903,0.01423337399791563,0.025959017087948916,0.050000001857677535,0.05000000353762215,-3.4959305354527066,4.145235163824899,-27.848560333251953
0.44,3,authority_test,2.0,cfd0baecd1304030,0.0,0.3426408876717903,0.01423337399791563,0.025959017087948916,0.050000001857677535,0.05000000353762215,-3.4959305354527066,4.145235163824899,-27.848560333251953
0.44,3,authority_test,2.0,d437bb99475d3d83,0.0,0.3426408876717903,0.01423337399791563,0.025959017087948916,0.050000001857677535,0.05000000353762215,-3.4959305354527066,4.145235163824899,-27.848560333251953
0.44,3,authority_test,2.0,df593c445aa37cdd,0.008888888888888835,0.3426408876717903,0.01423337399791563,0.025959017087948916,0.050000001857677535,0.05000000353762215,-3.4959305354527066,4.145235163824899,-27.848560333251953
0.44,3,authority_test,2.0,e0cbaf79c0d6e3eb,0.0,0.3426408876717903,0.01423337399791563,0.025959017087948916,0.050000001857677535,0.05000000353762215,-3.4959305354527066,4.145235163824899,-27.848560333251953
0.44,3,authority_test,2.0,e3664a91fc92d1d6,0.008510638297872353,0.3426408876717903,0.01423337399791563,0.025959017087948916,0.050000001857677535,0.05000000353762215,-3.4959305354527066,4.145235163824899,-27.848560333251953
0.44,3,authority_test,2.0,e55575bab6cd051d,0.0,0.3426408876717903,0.01423337399791563,0.025959017087948916,0.050000001857677535,0.05000000353762215,-3.4959305354527066,4.145235163824899,-27.848560333251953
0.44,3,authority_test,2.0,eac6ec2b274f3fe8,0.009345794392523366,0.3426408876717903,0.01423337399791563,0.025959017087948916,0.050000001857677535,0.05000000353762215,-3.4959305354527066,4.145235163824899,-27.848560333251953
0.44,3,authority_test,2.0,eb5cda6e1fe9f6b5,0.0,0.3426408876717903,0.01423337399791563,0.025959017087948916,0.050000001857677535,0.05000000353762215,-3.4959305354527066,4.145235163824899,-27.848560333251953
0.44,3,authority_test,2.0,ecbc64034f374904,0.007874015748031482,0.3426408876717903,0.01423337399791563,0.025959017087948916,0.050000001857677535,0.05000000353762215,-3.4959305354527066,4.145235163824899,-27.848560333251953
0.44,3,authority_test,2.0,f16d6af3f8b8b330,0.0,0.3426408876717903,0.01423337399791563,0.025959017087948916,0.050000001857677535,0.05000000353762215,-3.4959305354527066,4.145235163824899,-27.848560333251953
0.44,3,authority_test,2.0,f2e24c35c5249c8b,0.007575757575757569,0.3426408876717903,0.01423337399791563,0.025959017087948916,0.050000001857677535,0.05000000353762215,-3.4959305354527066,4.145235163824899,-27.848560333251953
0.44,3,authority_test,5.0,018ccdd70b67d50b,0.008403361344537785,0.3426408876717903,0.000537827309710726,0.005027245320171221,0.0,0.05000000223916327,-6.445187841142927,3.9687304156167165,-30.126670837402344
0.44,3,authority_test,5.0,0545ede9161cd87b,0.0,0.3426408876717903,0.000537827309710726,0.005027245320171221,0.0,0.05000000223916327,-6.445187841142927,3.9687304156167165,-30.126670837402344
0.44,3,authority_test,5.0,0822110b214bf434,0.33333333333333337,0.3426408876717903,0.000537827309710726,0.005027245320171221,0.0,0.05000000223916327,-6.445187841142927,3.9687304156167165,-30.126670837402344
0.44,3,authority_test,5.0,0dbb1e13fa00f0f6,0.0078125,0.3426408876717903,0.000537827309710726,0.005027245320171221,0.0,0.05000000223916327,-6.445187841142927,3.9687304156167165,-30.126670837402344
0.44,3,authority_test,5.0,0e2ca3a9a1e8e218,0.0,0.3426408876717903,0.000537827309710726,0.005027245320171221,0.0,0.05000000223916327,-6.445187841142927,3.9687304156167165,-30.126670837402344
0.44,3,authority_test,5.0,101df2256aecf75b,0.0,0.3426408876717903,0.000537827309710726,0.005027245320171221,0.0,0.05000000223916327,-6.445187841142927,3.9687304156167165,-30.126670837402344
0.44,3,authority_test,5.0,1717ce53958590ba,0.03692801712603688,0.3426408876717903,0.000537827309710726,0.005027245320171221,0.0,0.05000000223916327,-6.445187841142927,3.9687304156167165,-30.126670837402344
0.44,3,authority_test,5.0,1868815d0a7c6716,0.008230452674897082,0.3426408876717903,0.000537827309710726,0.005027245320171221,0.0,0.05000000223916327,-6.445187841142927,3.9687304156167165,-30.126670837402344
0.44,3,authority_test,5.0,1991ac094bc47b5a,0.008438818565400852,0.3426408876717903,0.000537827309710726,0.005027245320171221,0.0,0.05000000223916327,-6.445187841142927,3.9687304156167165,-30.126670837402344
0.44,3,authority_test,5.0,1e9be34e7c154aee,0.0,0.3426408876717903,0.000537827309710726,0.005027245320171221,0.0,0.05000000223916327,-6.445187841142927,3.9687304156167165,-30.126670837402344
0.44,3,authority_test,5.0,245b8a2be8abc37e,0.6666666666666667,0.3426408876717903,0.000537827309710726,0.005027245320171221,0.0,0.05000000223916327,-6.445187841142927,3.9687304156167165,-30.126670837402344
0.44,3,authority_test,5.0,2982eb379acc1dcf,0.007692307692307665,0.3426408876717903,0.000537827309710726,0.005027245320171221,0.0,0.05000000223916327,-6.445187841142927,3.9687304156167165,-30.126670837402344
0.44,3,authority_test,5.0,2a7630b9ddded8d5,0.0,0.3426408876717903,0.000537827309710726,0.005027245320171221,0.0,0.05000000223916327,-6.445187841142927,3.9687304156167165,-30.126670837402344
0.44,3,authority_test,5.0,3159f31edc896059,0.0,0.3426408876717903,0.000537827309710726,0.005027245320171221,0.0,0.05000000223916327,-6.445187841142927,3.9687304156167165,-30.126670837402344
0.44,3,authority_test,5.0,3605a51c50d5daa0,0.0,0.3426408876717903,0.000537827309710726,0.005027245320171221,0.0,0.05000000223916327,-6.445187841142927,3.9687304156167165,-30.126670837402344
0.44,3,authority_test,5.0,38e3fe88a50cb3ef,0.0,0.3426408876717903,0.000537827309710726,0.005027245320171221,0.0,0.05000000223916327,-6.445187841142927,3.9687304156167165,-30.126670837402344
0.44,3,authority_test,5.0,3a831f177b4c7882,0.007575757575757569,0.3426408876717903,0.000537827309710726,0.005027245320171221,0.0,0.05000000223916327,-6.445187841142927,3.9687304156167165,-30.126670837402344
0.44,3,authority_test,5.0,41450c0e975a1c31,0.0077821011673151474,0.3426408876717903,0.000537827309710726,0.005027245320171221,0.0,0.05000000223916327,-6.445187841142927,3.9687304156167165,-30.126670837402344
0.44,3,authority_test,5.0,4381c0fb4c396040,0.0,0.3426408876717903,0.000537827309710726,0.005027245320171221,0.0,0.05000000223916327,-6.445187841142927,3.9687304156167165,-30.126670837402344
0.44,3,authority_test,5.0,44e03bc01ee3055a,0.0,0.3426408876717903,0.000537827309710726,0.005027245320171221,0.0,0.05000000223916327,-6.445187841142927,3.9687304156167165,-30.126670837402344
0.44,3,authority_test,5.0,47bf27669a8fa08a,0.008620689655172376,0.3426408876717903,0.000537827309710726,0.005027245320171221,0.0,0.05000000223916327,-6.445187841142927,3.9687304156167165,-30.126670837402344
0.44,3,authority_test,5.0,486ee1ca9e71adc6,0.0,0.3426408876717903,0.000537827309710726,0.005027245320171221,0.0,0.05000000223916327,-6.445187841142927,3.9687304156167165,-30.126670837402344
0.44,3,authority_test,5.0,4910c9193fca9a21,0.008368200836820106,0.3426408876717903,0.000537827309710726,0.005027245320171221,0.0,0.05000000223916327,-6.445187841142927,3.9687304156167165,-30.126670837402344
0.44,3,authority_test,5.0,4a78cd4f429333ac,0.0,0.3426408876717903,0.000537827309710726,0.005027245320171221,0.0,0.05000000223916327,-6.445187841142927,3.9687304156167165,-30.126670837402344
0.44,3,authority_test,5.0,4d3a619d3d16b595,0.009090909090909038,0.3426408876717903,0.000537827309710726,0.005027245320171221,0.0,0.05000000223916327,-6.445187841142927,3.9687304156167165,-30.126670837402344
0.44,3,authority_test,5.0,4e12766ab5ee9a6f,0.008474576271186418,0.3426408876717903,0.000537827309710726,0.005027245320171221,0.0,0.05000000223916327,-6.445187841142927,3.9687304156167165,-30.126670837402344
0.44,3,authority_test,5.0,5406f38bad958fff,0.0,0.3426408876717903,0.000537827309710726,0.005027245320171221,0.0,0.05000000223916327,-6.445187841142927,3.9687304156167165,-30.126670837402344
0.44,3,authority_test,5.0,5b6660299c28d21a,0.0,0.3426408876717903,0.000537827309710726,0.005027245320171221,0.0,0.05000000223916327,-6.445187841142927,3.9687304156167165,-30.126670837402344
0.44,3,authority_test,5.0,5d8a6dda9c034943,0.0,0.3426408876717903,0.000537827309710726,0.005027245320171221,0.0,0.05000000223916327,-6.445187841142927,3.9687304156167165,-30.126670837402344
0.44,3,authority_test,5.0,6354b26bfd6b0d3b,0.0072727272727273196,0.3426408876717903,0.000537827309710726,0.005027245320171221,0.0,0.05000000223916327,-6.445187841142927,3.9687304156167165,-30.126670837402344
0.44,3,authority_test,5.0,663b72de42e74e86,0.008928571428571397,0.3426408876717903,0.000537827309710726,0.005027245320171221,0.0,0.05000000223916327,-6.445187841142927,3.9687304156167165,-30.126670837402344
0.44,3,authority_test,5.0,66eb648c6256c151,0.0,0.3426408876717903,0.000537827309710726,0.005027245320171221,0.0,0.05000000223916327,-6.445187841142927,3.9687304156167165,-30.126670837402344
0.44,3,authority_test,5.0,67f63c1627c03412,0.007518796992481258,0.3426408876717903,0.000537827309710726,0.005027245320171221,0.0,0.05000000223916327,-6.445187841142927,3.9687304156167165,-30.126670837402344
0.44,3,authority_test,5.0,6d1d8e613ece86e7,0.010152284263959421,0.3426408876717903,0.000537827309710726,0.005027245320171221,0.0,0.05000000223916327,-6.445187841142927,3.9687304156167165,-30.126670837402344
0.44,3,authority_test,5.0,6f3466b968e73ba3,0.008230452674897082,0.3426408876717903,0.000537827309710726,0.005027245320171221,0.0,0.05000000223916327,-6.445187841142927,3.9687304156167165,-30.126670837402344
0.44,3,authority_test,5.0,71fe74132803f26b,0.0,0.3426408876717903,0.000537827309710726,0.005027245320171221,0.0,0.05000000223916327,-6.445187841142927,3.9687304156167165,-30.126670837402344
0.44,3,authority_test,5.0,76825b753db42030,0.008849557522123908,0.3426408876717903,0.000537827309710726,0.005027245320171221,0.0,0.05000000223916327,-6.445187841142927,3.9687304156167165,-30.126670837402344
0.44,3,authority_test,5.0,78001bdfb89f1ad1,0.009433962264150941,0.3426408876717903,0.000537827309710726,0.005027245320171221,0.0,0.05000000223916327,-6.445187841142927,3.9687304156167165,-30.126670837402344
0.44,3,authority_test,5.0,7b925779bf22fd74,0.009433962264150941,0.3426408876717903,0.000537827309710726,0.005027245320171221,0.0,0.05000000223916327,-6.445187841142927,3.9687304156167165,-30.126670837402344
0.44,3,authority_test,5.0,7be724e7d2299999,0.008968609865470878,0.3426408876717903,0.000537827309710726,0.005027245320171221,0.0,0.05000000223916327,-6.445187841142927,3.9687304156167165,-30.126670837402344
0.44,3,authority_test,5.0,82da82d3e55219a5,0.0078125,0.3426408876717903,0.000537827309710726,0.005027245320171221,0.0,0.05000000223916327,-6.445187841142927,3.9687304156167165,-30.126670837402344
0.44,3,authority_test,5.0,8acfa77cf5234bd4,0.008510638297872353,0.3426408876717903,0.000537827309710726,0.005027245320171221,0.0,0.05000000223916327,-6.445187841142927,3.9687304156167165,-30.126670837402344
0.44,3,authority_test,5.0,9332a9cf5d92314a,0.009756097560975618,0.3426408876717903,0.000537827309710726,0.005027245320171221,0.0,0.05000000223916327,-6.445187841142927,3.9687304156167165,-30.126670837402344
0.44,3,authority_test,5.0,9f60113cec74b0ee,0.008474576271186418,0.3426408876717903,0.000537827309710726,0.005027245320171221,0.0,0.05000000223916327,-6.445187841142927,3.9687304156167165,-30.126670837402344
0.44,3,authority_test,5.0,a2f68f9c135648a0,0.0,0.3426408876717903,0.000537827309710726,0.005027245320171221,0.0,0.05000000223916327,-6.445187841142927,3.9687304156167165,-30.126670837402344
0.44,3,authority_test,5.0,a3ecb75bd15d05d8,0.0,0.3426408876717903,0.000537827309710726,0.005027245320171221,0.0,0.05000000223916327,-6.445187841142927,3.9687304156167165,-30.126670837402344
0.44,3,authority_test,5.0,a4a471e79162ce6a,0.008810572687224627,0.3426408876717903,0.000537827309710726,0.005027245320171221,0.0,0.05000000223916327,-6.445187841142927,3.9687304156167165,-30.126670837402344
0.44,3,authority_test,5.0,aa0070de67183c08,0.0,0.3426408876717903,0.000537827309710726,0.005027245320171221,0.0,0.05000000223916327,-6.445187841142927,3.9687304156167165,-30.126670837402344
0.44,3,authority_test,5.0,aa6bc6d9ff6d7768,0.0,0.3426408876717903,0.000537827309710726,0.005027245320171221,0.0,0.05000000223916327,-6.445187841142927,3.9687304156167165,-30.126670837402344
0.44,3,authority_test,5.0,acd5a3fd547677f6,0.010000000000000009,0.3426408876717903,0.000537827309710726,0.005027245320171221,0.0,0.05000000223916327,-6.445187841142927,3.9687304156167165,-30.126670837402344
0.44,3,authority_test,5.0,b5124e1b88000bd7,0.009009009009009028,0.3426408876717903,0.000537827309710726,0.005027245320171221,0.0,0.05000000223916327,-6.445187841142927,3.9687304156167165,-30.126670837402344
0.44,3,authority_test,5.0,b62f26029c55da5d,0.027027027027026973,0.3426408876717903,0.000537827309710726,0.005027245320171221,0.0,0.05000000223916327,-6.445187841142927,3.9687304156167165,-30.126670837402344
0.44,3,authority_test,5.0,b7036711cecf282e,0.010000000000000009,0.3426408876717903,0.000537827309710726,0.005027245320171221,0.0,0.05000000223916327,-6.445187841142927,3.9687304156167165,-30.126670837402344
0.44,3,authority_test,5.0,bc83dba623c24f83,0.0,0.3426408876717903,0.000537827309710726,0.005027245320171221,0.0,0.05000000223916327,-6.445187841142927,3.9687304156167165,-30.126670837402344
0.44,3,authority_test,5.0,bd981ed06e640944,0.008810572687224627,0.3426408876717903,0.000537827309710726,0.005027245320171221,0.0,0.05000000223916327,-6.445187841142927,3.9687304156167165,-30.126670837402344
0.44,3,authority_test,5.0,c0b0a6fd8196e526,0.0,0.3426408876717903,0.000537827309710726,0.005027245320171221,0.0,0.05000000223916327,-6.445187841142927,3.9687304156167165,-30.126670837402344
0.44,3,authority_test,5.0,c0da6f9a810ac96e,0.009433962264150941,0.3426408876717903,0.000537827309710726,0.005027245320171221,0.0,0.05000000223916327,-6.445187841142927,3.9687304156167165,-30.126670837402344
0.44,3,authority_test,5.0,c4e140c6b10a0649,0.00952380952380949,0.3426408876717903,0.000537827309710726,0.005027245320171221,0.0,0.05000000223916327,-6.445187841142927,3.9687304156167165,-30.126670837402344
0.44,3,authority_test,5.0,ceab4fde9bc557e9,0.0,0.3426408876717903,0.000537827309710726,0.005027245320171221,0.0,0.05000000223916327,-6.445187841142927,3.9687304156167165,-30.126670837402344
0.44,3,authority_test,5.0,cfd0baecd1304030,0.7083333333333333,0.3426408876717903,0.000537827309710726,0.005027245320171221,0.0,0.05000000223916327,-6.445187841142927,3.9687304156167165,-30.126670837402344
0.44,3,authority_test,5.0,d437bb99475d3d83,0.0,0.3426408876717903,0.000537827309710726,0.005027245320171221,0.0,0.05000000223916327,-6.445187841142927,3.9687304156167165,-30.126670837402344
0.44,3,authority_test,5.0,df593c445aa37cdd,0.008368200836820106,0.3426408876717903,0.000537827309710726,0.005027245320171221,0.0,0.05000000223916327,-6.445187841142927,3.9687304156167165,-30.126670837402344
0.44,3,authority_test,5.0,e0cbaf79c0d6e3eb,0.008510638297872353,0.3426408876717903,0.000537827309710726,0.005027245320171221,0.0,0.05000000223916327,-6.445187841142927,3.9687304156167165,-30.126670837402344
0.44,3,authority_test,5.0,e3664a91fc92d1d6,0.008695652173912993,0.3426408876717903,0.000537827309710726,0.005027245320171221,0.0,0.05000000223916327,-6.445187841142927,3.9687304156167165,-30.126670837402344
0.44,3,authority_test,5.0,e55575bab6cd051d,0.0080971659919028,0.3426408876717903,0.000537827309710726,0.005027245320171221,0.0,0.05000000223916327,-6.445187841142927,3.9687304156167165,-30.126670837402344
0.44,3,authority_test,5.0,eac6ec2b274f3fe8,0.009389671361502372,0.3426408876717903,0.000537827309710726,0.005027245320171221,0.0,0.05000000223916327,-6.445187841142927,3.9687304156167165,-30.126670837402344
0.44,3,authority_test,5.0,eb5cda6e1fe9f6b5,0.7083333333333333,0.3426408876717903,0.000537827309710726,0.005027245320171221,0.0,0.05000000223916327,-6.445187841142927,3.9687304156167165,-30.126670837402344
0.44,3,authority_test,5.0,ecbc64034f374904,1.0,0.3426408876717903,0.000537827309710726,0.005027245320171221,0.0,0.05000000223916327,-6.445187841142927,3.9687304156167165,-30.126670837402344
0.44,3,authority_test,5.0,f16d6af3f8b8b330,0.0,0.3426408876717903,0.000537827309710726,0.005027245320171221,0.0,0.05000000223916327,-6.445187841142927,3.9687304156167165,-30.126670837402344
0.44,3,authority_test,5.0,f2e24c35c5249c8b,0.008547008547008517,0.3426408876717903,0.000537827309710726,0.005027245320171221,0.0,0.05000000223916327,-6.445187841142927,3.9687304156167165,-30.126670837402344
0.44,3,stepwise_test,0.0,018ccdd70b67d50b,1.0,0.3426408876717903,0.016112424255036093,0.027512301796101445,0.05000000169033953,0.050000003550271135,-2.162245580128261,4.147069317953927,-26.32982063293457
0.44,3,stepwise_test,0.0,0545ede9161cd87b,0.0,0.3426408876717903,0.016112424255036093,0.027512301796101445,0.05000000169033953,0.050000003550271135,-2.162245580128261,4.147069317953927,-26.32982063293457
0.44,3,stepwise_test,0.0,0822110b214bf434,0.008888888888888835,0.3426408876717903,0.016112424255036093,0.027512301796101445,0.05000000169033953,0.050000003550271135,-2.162245580128261,4.147069317953927,-26.32982063293457
0.44,3,stepwise_test,0.0,0dbb1e13fa00f0f6,0.0,0.3426408876717903,0.016112424255036093,0.027512301796101445,0.05000000169033953,0.050000003550271135,-2.162245580128261,4.147069317953927,-26.32982063293457
0.44,3,stepwise_test,0.0,0e2ca3a9a1e8e218,0.0,0.3426408876717903,0.016112424255036093,0.027512301796101445,0.05000000169033953,0.050000003550271135,-2.162245580128261,4.147069317953927,-26.32982063293457
0.44,3,stepwise_test,0.0,101df2256aecf75b,1.0,0.3426408876717903,0.016112424255036093,0.027512301796101445,0.05000000169033953,0.050000003550271135,-2.162245580128261,4.147069317953927,-26.32982063293457
0.44,3,stepwise_test,0.0,1717ce53958590ba,0.009708737864077666,0.3426408876717903,0.016112424255036093,0.027512301796101445,0.05000000169033953,0.050000003550271135,-2.162245580128261,4.147069317953927,-26.32982063293457
0.44,3,stepwise_test,0.0,1868815d0a7c6716,1.0,0.3426408876717903,0.016112424255036093,0.027512301796101445,0.05000000169033953,0.050000003550271135,-2.162245580128261,4.147069317953927,-26.32982063293457
0.44,3,stepwise_test,0.0,1991ac094bc47b5a,0.0,0.3426408876717903,0.016112424255036093,0.027512301796101445,0.05000000169033953,0.050000003550271135,-2.162245580128261,4.147069317953927,-26.32982063293457
0.44,3,stepwise_test,0.0,1e9be34e7c154aee,0.0,0.3426408876717903,0.016112424255036093,0.027512301796101445,0.05000000169033953,0.050000003550271135,-2.162245580128261,4.147069317953927,-26.32982063293457
0.44,3,stepwise_test,0.0,245b8a2be8abc37e,0.008849557522123908,0.3426408876717903,0.016112424255036093,0.027512301796101445,0.05000000169033953,0.050000003550271135,-2.162245580128261,4.147069317953927,-26.32982063293457
0.44,3,stepwise_test,0.0,2982eb379acc1dcf,0.0,0.3426408876717903,0.016112424255036093,0.027512301796101445,0.05000000169033953,0.050000003550271135,-2.162245580128261,4.147069317953927,-26.32982063293457
0.44,3,stepwise_test,0.0,2a7630b9ddded8d5,1.0,0.3426408876717903,0.016112424255036093,0.027512301796101445,0.05000000169033953,0.050000003550271135,-2.162245580128261,4.147069317953927,-26.32982063293457
0.44,3,stepwise_test,0.0,3159f31edc896059,0.0,0.3426408876717903,0.016112424255036093,0.027512301796101445,0.05000000169033953,0.050000003550271135,-2.162245580128261,4.147069317953927,-26.32982063293457
0.44,3,stepwise_test,0.0,3605a51c50d5daa0,0.0,0.3426408876717903,0.016112424255036093,0.027512301796101445,0.05000000169033953,0.050000003550271135,-2.162245580128261,4.147069317953927,-26.32982063293457
0.44,3,stepwise_test,0.0,38e3fe88a50cb3ef,1.0,0.3426408876717903,0.016112424255036093,0.027512301796101445,0.05000000169033953,0.050000003550271135,-2.162245580128261,4.147069317953927,-26.32982063293457
0.44,3,stepwise_test,0.0,3a831f177b4c7882,0.0,0.3426408876717903,0.016112424255036093,0.027512301796101445,0.05000000169033953,0.050000003550271135,-2.162245580128261,4.147069317953927,-26.32982063293457
0.44,3,stepwise_test,0.0,41450c0e975a1c31,0.0,0.3426408876717903,0.016112424255036093,0.027512301796101445,0.05000000169033953,0.050000003550271135,-2.162245580128261,4.147069317953927,-26.32982063293457
0.44,3,stepwise_test,0.0,4381c0fb4c396040,0.0,0.3426408876717903,0.016112424255036093,0.027512301796101445,0.05000000169033953,0.050000003550271135,-2.162245580128261,4.147069317953927,-26.32982063293457
0.44,3,stepwise_test,0.0,44e03bc01ee3055a,0.0,0.3426408876717903,0.016112424255036093,0.027512301796101445,0.05000000169033953,0.050000003550271135,-2.162245580128261,4.147069317953927,-26.32982063293457
0.44,3,stepwise_test,0.0,47bf27669a8fa08a,0.008968609865470878,0.3426408876717903,0.016112424255036093,0.027512301796101445,0.05000000169033953,0.050000003550271135,-2.162245580128261,4.147069317953927,-26.32982063293457
0.44,3,stepwise_test,0.0,486ee1ca9e71adc6,0.0,0.3426408876717903,0.016112424255036093,0.027512301796101445,0.05000000169033953,0.050000003550271135,-2.162245580128261,4.147069317953927,-26.32982063293457
0.44,3,stepwise_test,0.0,4910c9193fca9a21,0.0,0.3426408876717903,0.016112424255036093,0.027512301796101445,0.05000000169033953,0.050000003550271135,-2.162245580128261,4.147069317953927,-26.32982063293457
0.44,3,stepwise_test,0.0,4a78cd4f429333ac,0.008968609865470878,0.3426408876717903,0.016112424255036093,0.027512301796101445,0.05000000169033953,0.050000003550271135,-2.162245580128261,4.147069317953927,-26.32982063293457
0.44,3,stepwise_test,0.0,4d3a619d3d16b595,1.0,0.3426408876717903,0.016112424255036093,0.027512301796101445,0.05000000169033953,0.050000003550271135,-2.162245580128261,4.147069317953927,-26.32982063293457
0.44,3,stepwise_test,0.0,4e12766ab5ee9a6f,0.0,0.3426408876717903,0.016112424255036093,0.027512301796101445,0.05000000169033953,0.050000003550271135,-2.162245580128261,4.147069317953927,-26.32982063293457
0.44,3,stepwise_test,0.0,5406f38bad958fff,0.0,0.3426408876717903,0.016112424255036093,0.027512301796101445,0.05000000169033953,0.050000003550271135,-2.162245580128261,4.147069317953927,-26.32982063293457
0.44,3,stepwise_test,0.0,5b6660299c28d21a,0.009708737864077666,0.3426408876717903,0.016112424255036093,0.027512301796101445,0.05000000169033953,0.050000003550271135,-2.162245580128261,4.147069317953927,-26.32982063293457
0.44,3,stepwise_test,0.0,5d8a6dda9c034943,0.0,0.3426408876717903,0.016112424255036093,0.027512301796101445,0.05000000169033953,0.050000003550271135,-2.162245580128261,4.147069317953927,-26.32982063293457
0.44,3,stepwise_test,0.0,6354b26bfd6b0d3b,0.0,0.3426408876717903,0.016112424255036093,0.027512301796101445,0.05000000169033953,0.050000003550271135,-2.162245580128261,4.147069317953927,-26.32982063293457
0.44,3,stepwise_test,0.0,663b72de42e74e86,0.0,0.3426408876717903,0.016112424255036093,0.027512301796101445,0.05000000169033953,0.050000003550271135,-2.162245580128261,4.147069317953927,-26.32982063293457
0.44,3,stepwise_test,0.0,66eb648c6256c151,0.0,0.3426408876717903,0.016112424255036093,0.027512301796101445,0.05000000169033953,0.050000003550271135,-2.162245580128261,4.147069317953927,-26.32982063293457
0.44,3,stepwise_test,0.0,67f63c1627c03412,0.008264462809917328,0.3426408876717903,0.016112424255036093,0.027512301796101445,0.05000000169033953,0.050000003550271135,-2.162245580128261,4.147069317953927,-26.32982063293457
0.44,3,stepwise_test,0.0,6d1d8e613ece86e7,0.0,0.3426408876717903,0.016112424255036093,0.027512301796101445,0.05000000169033953,0.050000003550271135,-2.162245580128261,4.147069317953927,-26.32982063293457
0.44,3,stepwise_test,0.0,6f3466b968e73ba3,0.009478672985781977,0.3426408876717903,0.016112424255036093,0.027512301796101445,0.05000000169033953,0.050000003550271135,-2.162245580128261,4.147069317953927,-26.32982063293457
0.44,3,stepwise_test,0.0,71fe74132803f26b,0.008733624454148492,0.3426408876717903,0.016112424255036093,0.027512301796101445,0.05000000169033953,0.050000003550271135,-2.162245580128261,4.147069317953927,-26.32982063293457
0.44,3,stepwise_test,0.0,76825b753db42030,1.0,0.3426408876717903,0.016112424255036093,0.027512301796101445,0.05000000169033953,0.050000003550271135,-2.162245580128261,4.147069317953927,-26.32982063293457
0.44,3,stepwise_test,0.0,78001bdfb89f1ad1,1.0,0.3426408876717903,0.016112424255036093,0.027512301796101445,0.05000000169033953,0.050000003550271135,-2.162245580128261,4.147069317953927,-26.32982063293457
0.44,3,stepwise_test,0.0,7b925779bf22fd74,0.008333333333333304,0.3426408876717903,0.016112424255036093,0.027512301796101445,0.05000000169033953,0.050000003550271135,-2.162245580128261,4.147069317953927,-26.32982063293457
0.44,3,stepwise_test,0.0,7be724e7d2299999,0.0,0.3426408876717903,0.016112424255036093,0.027512301796101445,0.05000000169033953,0.050000003550271135,-2.162245580128261,4.147069317953927,-26.32982063293457
0.44,3,stepwise_test,0.0,82da82d3e55219a5,0.02941176470588236,0.3426408876717903,0.016112424255036093,0.027512301796101445,0.05000000169033953,0.050000003550271135,-2.162245580128261,4.147069317953927,-26.32982063293457
0.44,3,stepwise_test,0.0,8acfa77cf5234bd4,0.0,0.3426408876717903,0.016112424255036093,0.027512301796101445,0.05000000169033953,0.050000003550271135,-2.162245580128261,4.147069317953927,-26.32982063293457
0.44,3,stepwise_test,0.0,9332a9cf5d92314a,0.0,0.3426408876717903,0.016112424255036093,0.027512301796101445,0.05000000169033953,0.050000003550271135,-2.162245580128261,4.147069317953927,-26.32982063293457
0.44,3,stepwise_test,0.0,9f60113cec74b0ee,0.0,0.3426408876717903,0.016112424255036093,0.027512301796101445,0.05000000169033953,0.050000003550271135,-2.162245580128261,4.147069317953927,-26.32982063293457
0.44,3,stepwise_test,0.0,a2f68f9c135648a0,0.0,0.3426408876717903,0.016112424255036093,0.027512301796101445,0.05000000169033953,0.050000003550271135,-2.162245580128261,4.147069317953927,-26.32982063293457
0.44,3,stepwise_test,0.0,a3ecb75bd15d05d8,0.0,0.3426408876717903,0.016112424255036093,0.027512301796101445,0.05000000169033953,0.050000003550271135,-2.162245580128261,4.147069317953927,-26.32982063293457
0.44,3,stepwise_test,0.0,a4a471e79162ce6a,0.0,0.3426408876717903,0.016112424255036093,0.027512301796101445,0.05000000169033953,0.050000003550271135,-2.162245580128261,4.147069317953927,-26.32982063293457
0.44,3,stepwise_test,0.0,aa0070de67183c08,0.0,0.3426408876717903,0.016112424255036093,0.027512301796101445,0.05000000169033953,0.050000003550271135,-2.162245580128261,4.147069317953927,-26.32982063293457
0.44,3,stepwise_test,0.0,aa6bc6d9ff6d7768,1.0,0.3426408876717903,0.016112424255036093,0.027512301796101445,0.05000000169033953,0.050000003550271135,-2.162245580128261,4.147069317953927,-26.32982063293457
0.44,3,stepwise_test,0.0,acd5a3fd547677f6,0.0,0.3426408876717903,0.016112424255036093,0.027512301796101445,0.05000000169033953,0.050000003550271135,-2.162245580128261,4.147069317953927,-26.32982063293457
0.44,3,stepwise_test,0.0,b5124e1b88000bd7,0.0,0.3426408876717903,0.016112424255036093,0.027512301796101445,0.05000000169033953,0.050000003550271135,-2.162245580128261,4.147069317953927,-26.32982063293457
0.44,3,stepwise_test,0.0,b62f26029c55da5d,0.0,0.3426408876717903,0.016112424255036093,0.027512301796101445,0.05000000169033953,0.050000003550271135,-2.162245580128261,4.147069317953927,-26.32982063293457
0.44,3,stepwise_test,0.0,b7036711cecf282e,1.0,0.3426408876717903,0.016112424255036093,0.027512301796101445,0.05000000169033953,0.050000003550271135,-2.162245580128261,4.147069317953927,-26.32982063293457
0.44,3,stepwise_test,0.0,bc83dba623c24f83,0.0,0.3426408876717903,0.016112424255036093,0.027512301796101445,0.05000000169033953,0.050000003550271135,-2.162245580128261,4.147069317953927,-26.32982063293457
0.44,3,stepwise_test,0.0,bd981ed06e640944,0.0,0.3426408876717903,0.016112424255036093,0.027512301796101445,0.05000000169033953,0.050000003550271135,-2.162245580128261,4.147069317953927,-26.32982063293457
0.44,3,stepwise_test,0.0,c0b0a6fd8196e526,0.0,0.3426408876717903,0.016112424255036093,0.027512301796101445,0.05000000169033953,0.050000003550271135,-2.162245580128261,4.147069317953927,-26.32982063293457
0.44,3,stepwise_test,0.0,c0da6f9a810ac96e,0.0,0.3426408876717903,0.016112424255036093,0.027512301796101445,0.05000000169033953,0.050000003550271135,-2.162245580128261,4.147069317953927,-26.32982063293457
0.44,3,stepwise_test,0.0,c4e140c6b10a0649,0.0,0.3426408876717903,0.016112424255036093,0.027512301796101445,0.05000000169033953,0.050000003550271135,-2.162245580128261,4.147069317953927,-26.32982063293457
0.44,3,stepwise_test,0.0,ceab4fde9bc557e9,0.0,0.3426408876717903,0.016112424255036093,0.027512301796101445,0.05000000169033953,0.050000003550271135,-2.162245580128261,4.147069317953927,-26.32982063293457
0.44,3,stepwise_test,0.0,cfd0baecd1304030,0.0,0.3426408876717903,0.016112424255036093,0.027512301796101445,0.05000000169033953,0.050000003550271135,-2.162245580128261,4.147069317953927,-26.32982063293457
0.44,3,stepwise_test,0.0,d437bb99475d3d83,0.03448275862068961,0.3426408876717903,0.016112424255036093,0.027512301796101445,0.05000000169033953,0.050000003550271135,-2.162245580128261,4.147069317953927,-26.32982063293457
0.44,3,stepwise_test,0.0,df593c445aa37cdd,0.02777777777777779,0.3426408876717903,0.016112424255036093,0.027512301796101445,0.05000000169033953,0.050000003550271135,-2.162245580128261,4.147069317953927,-26.32982063293457
0.44,3,stepwise_test,0.0,e0cbaf79c0d6e3eb,1.0,0.3426408876717903,0.016112424255036093,0.027512301796101445,0.05000000169033953,0.050000003550271135,-2.162245580128261,4.147069317953927,-26.32982063293457
0.44,3,stepwise_test,0.0,e3664a91fc92d1d6,0.0,0.3426408876717903,0.016112424255036093,0.027512301796101445,0.05000000169033953,0.050000003550271135,-2.162245580128261,4.147069317953927,-26.32982063293457
0.44,3,stepwise_test,0.0,e55575bab6cd051d,0.0,0.3426408876717903,0.016112424255036093,0.027512301796101445,0.05000000169033953,0.050000003550271135,-2.162245580128261,4.147069317953927,-26.32982063293457
0.44,3,stepwise_test,0.0,eac6ec2b274f3fe8,0.008928571428571397,0.3426408876717903,0.016112424255036093,0.027512301796101445,0.05000000169033953,0.050000003550271135,-2.162245580128261,4.147069317953927,-26.32982063293457
0.44,3,stepwise_test,0.0,eb5cda6e1fe9f6b5,0.00995024875621886,0.3426408876717903,0.016112424255036093,0.027512301796101445,0.05000000169033953,0.050000003550271135,-2.162245580128261,4.147069317953927,-26.32982063293457
0.44,3,stepwise_test,0.0,ecbc64034f374904,1.0,0.3426408876717903,0.016112424255036093,0.027512301796101445,0.05000000169033953,0.050000003550271135,-2.162245580128261,4.147069317953927,-26.32982063293457
0.44,3,stepwise_test,0.0,f16d6af3f8b8b330,1.0,0.3426408876717903,0.016112424255036093,0.027512301796101445,0.05000000169033953,0.050000003550271135,-2.162245580128261,4.147069317953927,-26.32982063293457
0.44,3,stepwise_test,0.0,f2e24c35c5249c8b,0.0,0.3426408876717903,0.016112424255036093,0.027512301796101445,0.05000000169033953,0.050000003550271135,-2.162245580128261,4.147069317953927,-26.32982063293457
0.44,3,stepwise_test,2.0,018ccdd70b67d50b,0.011049723756906049,0.3426408876717903,0.0103477964087456,0.02205028999099316,0.050000001462385715,0.05000000350984374,-4.01936023575919,4.019159112657819,-27.848560333251953
0.44,3,stepwise_test,2.0,0545ede9161cd87b,0.0,0.3426408876717903,0.0103477964087456,0.02205028999099316,0.050000001462385715,0.05000000350984374,-4.01936023575919,4.019159112657819,-27.848560333251953
0.44,3,stepwise_test,2.0,0822110b214bf434,0.009389671361502372,0.3426408876717903,0.0103477964087456,0.02205028999099316,0.050000001462385715,0.05000000350984374,-4.01936023575919,4.019159112657819,-27.848560333251953
0.44,3,stepwise_test,2.0,0dbb1e13fa00f0f6,0.0,0.3426408876717903,0.0103477964087456,0.02205028999099316,0.050000001462385715,0.05000000350984374,-4.01936023575919,4.019159112657819,-27.848560333251953
0.44,3,stepwise_test,2.0,0e2ca3a9a1e8e218,0.0,0.3426408876717903,0.0103477964087456,0.02205028999099316,0.050000001462385715,0.05000000350984374,-4.01936023575919,4.019159112657819,-27.848560333251953
0.44,3,stepwise_test,2.0,101df2256aecf75b,0.0,0.3426408876717903,0.0103477964087456,0.02205028999099316,0.050000001462385715,0.05000000350984374,-4.01936023575919,4.019159112657819,-27.848560333251953
0.44,3,stepwise_test,2.0,1717ce53958590ba,0.009803921568627416,0.3426408876717903,0.0103477964087456,0.02205028999099316,0.050000001462385715,0.05000000350984374,-4.01936023575919,4.019159112657819,-27.848560333251953
0.44,3,stepwise_test,2.0,1868815d0a7c6716,0.007722007722007707,0.3426408876717903,0.0103477964087456,0.02205028999099316,0.050000001462385715,0.05000000350984374,-4.01936023575919,4.019159112657819,-27.848560333251953
0.44,3,stepwise_test,2.0,1991ac094bc47b5a,0.0,0.3426408876717903,0.0103477964087456,0.02205028999099316,0.050000001462385715,0.05000000350984374,-4.01936023575919,4.019159112657819,-27.848560333251953
0.44,3,stepwise_test,2.0,1e9be34e7c154aee,0.0,0.3426408876717903,0.0103477964087456,0.02205028999099316,0.050000001462385715,0.05000000350984374,-4.01936023575919,4.019159112657819,-27.848560333251953
0.44,3,stepwise_test,2.0,245b8a2be8abc37e,0.01005025125628145,0.3426408876717903,0.0103477964087456,0.02205028999099316,0.050000001462385715,0.05000000350984374,-4.01936023575919,4.019159112657819,-27.848560333251953
0.44,3,stepwise_test,2.0,2982eb379acc1dcf,0.0,0.3426408876717903,0.0103477964087456,0.02205028999099316,0.050000001462385715,0.05000000350984374,-4.01936023575919,4.019159112657819,-27.848560333251953
0.44,3,stepwise_test,2.0,2a7630b9ddded8d5,0.0,0.3426408876717903,0.0103477964087456,0.02205028999099316,0.050000001462385715,0.05000000350984374,-4.01936023575919,4.019159112657819,-27.848560333251953
0.44,3,stepwise_test,2.0,3159f31edc896059,0.0,0.3426408876717903,0.0103477964087456,0.02205028999099316,0.050000001462385715,0.05000000350984374,-4.01936023575919,4.019159112657819,-27.848560333251953
0.44,3,stepwise_test,2.0,3605a51c50d5daa0,0.0,0.3426408876717903,0.0103477964087456,0.02205028999099316,0.050000001462385715,0.05000000350984374,-4.01936023575919,4.019159112657819,-27.848560333251953
0.44,3,stepwise_test,2.0,38e3fe88a50cb3ef,0.0,0.3426408876717903,0.0103477964087456,0.02205028999099316,0.050000001462385715,0.05000000350984374,-4.01936023575919,4.019159112657819,-27.848560333251953
0.44,3,stepwise_test,2.0,3a831f177b4c7882,0.0,0.3426408876717903,0.0103477964087456,0.02205028999099316,0.050000001462385715,0.05000000350984374,-4.01936023575919,4.019159112657819,-27.848560333251953
0.44,3,stepwise_test,2.0,41450c0e975a1c31,0.0,0.3426408876717903,0.0103477964087456,0.02205028999099316,0.050000001462385715,0.05000000350984374,-4.01936023575919,4.019159112657819,-27.848560333251953
0.44,3,stepwise_test,2.0,4381c0fb4c396040,0.0,0.3426408876717903,0.0103477964087456,0.02205028999099316,0.050000001462385715,0.05000000350984374,-4.01936023575919,4.019159112657819,-27.848560333251953
0.44,3,stepwise_test,2.0,44e03bc01ee3055a,0.0,0.3426408876717903,0.0103477964087456,0.02205028999099316,0.050000001462385715,0.05000000350984374,-4.01936023575919,4.019159112657819,-27.848560333251953
0.44,3,stepwise_test,2.0,47bf27669a8fa08a,0.018181818181818188,0.3426408876717903,0.0103477964087456,0.02205028999099316,0.050000001462385715,0.05000000350984374,-4.01936023575919,4.019159112657819,-27.848560333251953
0.44,3,stepwise_test,2.0,486ee1ca9e71adc6,0.0,0.3426408876717903,0.0103477964087456,0.02205028999099316,0.050000001462385715,0.05000000350984374,-4.01936023575919,4.019159112657819,-27.848560333251953
0.44,3,stepwise_test,2.0,4910c9193fca9a21,0.0,0.3426408876717903,0.0103477964087456,0.02205028999099316,0.050000001462385715,0.05000000350984374,-4.01936023575919,4.019159112657819,-27.848560333251953
0.44,3,stepwise_test,2.0,4a78cd4f429333ac,0.008849557522123908,0.3426408876717903,0.0103477964087456,0.02205028999099316,0.050000001462385715,0.05000000350984374,-4.01936023575919,4.019159112657819,-27.848560333251953
0.44,3,stepwise_test,2.0,4d3a619d3d16b595,0.0,0.3426408876717903,0.0103477964087456,0.02205028999099316,0.050000001462385715,0.05000000350984374,-4.01936023575919,4.019159112657819,-27.848560333251953
0.44,3,stepwise_test,2.0,4e12766ab5ee9a6f,0.0,0.3426408876717903,0.0103477964087456,0.02205028999099316,0.050000001462385715,0.05000000350984374,-4.01936023575919,4.019159112657819,-27.848560333251953
0.44,3,stepwise_test,2.0,5406f38bad958fff,0.0,0.3426408876717903,0.0103477964087456,0.02205028999099316,0.050000001462385715,0.05000000350984374,-4.01936023575919,4.019159112657819,-27.848560333251953
0.44,3,stepwise_test,2.0,5b6660299c28d21a,0.009708737864077666,0.3426408876717903,0.0103477964087456,0.02205028999099316,0.050000001462385715,0.05000000350984374,-4.01936023575919,4.019159112657819,-27.848560333251953
0.44,3,stepwise_test,2.0,5d8a6dda9c034943,0.0,0.3426408876717903,0.0103477964087456,0.02205028999099316,0.050000001462385715,0.05000000350984374,-4.01936023575919,4.019159112657819,-27.848560333251953
0.44,3,stepwise_test,2.0,6354b26bfd6b0d3b,0.0,0.3426408876717903,0.0103477964087456,0.02205028999099316,0.050000001462385715,0.05000000350984374,-4.01936023575919,4.019159112657819,-27.848560333251953
0.44,3,stepwise_test,2.0,663b72de42e74e86,0.0,0.3426408876717903,0.0103477964087456,0.02205028999099316,0.050000001462385715,0.05000000350984374,-4.01936023575919,4.019159112657819,-27.848560333251953
0.44,3,stepwise_test,2.0,66eb648c6256c151,0.0,0.3426408876717903,0.0103477964087456,0.02205028999099316,0.050000001462385715,0.05000000350984374,-4.01936023575919,4.019159112657819,-27.848560333251953
0.44,3,stepwise_test,2.0,67f63c1627c03412,0.008438818565400852,0.3426408876717903,0.0103477964087456,0.02205028999099316,0.050000001462385715,0.05000000350984374,-4.01936023575919,4.019159112657819,-27.848560333251953
0.44,3,stepwise_test,2.0,6d1d8e613ece86e7,0.0,0.3426408876717903,0.0103477964087456,0.02205028999099316,0.050000001462385715,0.05000000350984374,-4.01936023575919,4.019159112657819,-27.848560333251953
0.44,3,stepwise_test,2.0,6f3466b968e73ba3,0.00917431192660545,0.3426408876717903,0.0103477964087456,0.02205028999099316,0.050000001462385715,0.05000000350984374,-4.01936023575919,4.019159112657819,-27.848560333251953
0.44,3,stepwise_test,2.0,71fe74132803f26b,0.0,0.3426408876717903,0.0103477964087456,0.02205028999099316,0.050000001462385715,0.05000000350984374,-4.01936023575919,4.019159112657819,-27.848560333251953
0.44,3,stepwise_test,2.0,76825b753db42030,0.0,0.3426408876717903,0.0103477964087456,0.02205028999099316,0.050000001462385715,0.05000000350984374,-4.01936023575919,4.019159112657819,-27.848560333251953
0.44,3,stepwise_test,2.0,78001bdfb89f1ad1,0.0,0.3426408876717903,0.0103477964087456,0.02205028999099316,0.050000001462385715,0.05000000350984374,-4.01936023575919,4.019159112657819,-27.848560333251953
0.44,3,stepwise_test,2.0,7b925779bf22fd74,0.008849557522123908,0.3426408876717903,0.0103477964087456,0.02205028999099316,0.050000001462385715,0.05000000350984374,-4.01936023575919,4.019159112657819,-27.848560333251953
0.44,3,stepwise_test,2.0,7be724e7d2299999,0.01041666666666663,0.3426408876717903,0.0103477964087456,0.02205028999099316,0.050000001462385715,0.05000000350984374,-4.01936023575919,4.019159112657819,-27.848560333251953
0.44,3,stepwise_test,2.0,82da82d3e55219a5,0.02941176470588236,0.3426408876717903,0.0103477964087456,0.02205028999099316,0.050000001462385715,0.05000000350984374,-4.01936023575919,4.019159112657819,-27.848560333251953
0.44,3,stepwise_test,2.0,8acfa77cf5234bd4,0.0,0.3426408876717903,0.0103477964087456,0.02205028999099316,0.050000001462385715,0.05000000350984374,-4.01936023575919,4.019159112657819,-27.848560333251953
0.44,3,stepwise_test,2.0,9332a9cf5d92314a,0.0,0.3426408876717903,0.0103477964087456,0.02205028999099316,0.050000001462385715,0.05000000350984374,-4.01936023575919,4.019159112657819,-27.848560333251953
0.44,3,stepwise_test,2.0,9f60113cec74b0ee,0.0,0.3426408876717903,0.0103477964087456,0.02205028999099316,0.050000001462385715,0.05000000350984374,-4.01936023575919,4.019159112657819,-27.848560333251953
0.44,3,stepwise_test,2.0,a2f68f9c135648a0,0.0,0.3426408876717903,0.0103477964087456,0.02205028999099316,0.050000001462385715,0.05000000350984374,-4.01936023575919,4.019159112657819,-27.848560333251953
0.44,3,stepwise_test,2.0,a3ecb75bd15d05d8,0.0,0.3426408876717903,0.0103477964087456,0.02205028999099316,0.050000001462385715,0.05000000350984374,-4.01936023575919,4.019159112657819,-27.848560333251953
0.44,3,stepwise_test,2.0,a4a471e79162ce6a,0.0,0.3426408876717903,0.0103477964087456,0.02205028999099316,0.050000001462385715,0.05000000350984374,-4.01936023575919,4.019159112657819,-27.848560333251953
0.44,3,stepwise_test,2.0,aa0070de67183c08,0.0,0.3426408876717903,0.0103477964087456,0.02205028999099316,0.050000001462385715,0.05000000350984374,-4.01936023575919,4.019159112657819,-27.848560333251953
0.44,3,stepwise_test,2.0,aa6bc6d9ff6d7768,0.0,0.3426408876717903,0.0103477964087456,0.02205028999099316,0.050000001462385715,0.05000000350984374,-4.01936023575919,4.019159112657819,-27.848560333251953
0.44,3,stepwise_test,2.0,acd5a3fd547677f6,0.0,0.3426408876717903,0.0103477964087456,0.02205028999099316,0.050000001462385715,0.05000000350984374,-4.01936023575919,4.019159112657819,-27.848560333251953
0.44,3,stepwise_test,2.0,b5124e1b88000bd7,0.0,0.3426408876717903,0.0103477964087456,0.02205028999099316,0.050000001462385715,0.05000000350984374,-4.01936023575919,4.019159112657819,-27.848560333251953
0.44,3,stepwise_test,2.0,b62f26029c55da5d,0.0,0.3426408876717903,0.0103477964087456,0.02205028999099316,0.050000001462385715,0.05000000350984374,-4.01936023575919,4.019159112657819,-27.848560333251953
0.44,3,stepwise_test,2.0,b7036711cecf282e,0.008968609865470878,0.3426408876717903,0.0103477964087456,0.02205028999099316,0.050000001462385715,0.05000000350984374,-4.01936023575919,4.019159112657819,-27.848560333251953
0.44,3,stepwise_test,2.0,bc83dba623c24f83,0.008888888888888835,0.3426408876717903,0.0103477964087456,0.02205028999099316,0.050000001462385715,0.05000000350984374,-4.01936023575919,4.019159112657819,-27.848560333251953
0.44,3,stepwise_test,2.0,bd981ed06e640944,0.0,0.3426408876717903,0.0103477964087456,0.02205028999099316,0.050000001462385715,0.05000000350984374,-4.01936023575919,4.019159112657819,-27.848560333251953
0.44,3,stepwise_test,2.0,c0b0a6fd8196e526,0.0,0.3426408876717903,0.0103477964087456,0.02205028999099316,0.050000001462385715,0.05000000350984374,-4.01936023575919,4.019159112657819,-27.848560333251953
0.44,3,stepwise_test,2.0,c0da6f9a810ac96e,0.0,0.3426408876717903,0.0103477964087456,0.02205028999099316,0.050000001462385715,0.05000000350984374,-4.01936023575919,4.019159112657819,-27.848560333251953
0.44,3,stepwise_test,2.0,c4e140c6b10a0649,0.0,0.3426408876717903,0.0103477964087456,0.02205028999099316,0.050000001462385715,0.05000000350984374,-4.01936023575919,4.019159112657819,-27.848560333251953
0.44,3,stepwise_test,2.0,ceab4fde9bc557e9,0.0,0.3426408876717903,0.0103477964087456,0.02205028999099316,0.050000001462385715,0.05000000350984374,-4.01936023575919,4.019159112657819,-27.848560333251953
0.44,3,stepwise_test,2.0,cfd0baecd1304030,0.0,0.3426408876717903,0.0103477964087456,0.02205028999099316,0.050000001462385715,0.05000000350984374,-4.01936023575919,4.019159112657819,-27.848560333251953
0.44,3,stepwise_test,2.0,d437bb99475d3d83,0.0,0.3426408876717903,0.0103477964087456,0.02205028999099316,0.050000001462385715,0.05000000350984374,-4.01936023575919,4.019159112657819,-27.848560333251953
0.44,3,stepwise_test,2.0,df593c445aa37cdd,0.0,0.3426408876717903,0.0103477964087456,0.02205028999099316,0.050000001462385715,0.05000000350984374,-4.01936023575919,4.019159112657819,-27.848560333251953
0.44,3,stepwise_test,2.0,e0cbaf79c0d6e3eb,0.0,0.3426408876717903,0.0103477964087456,0.02205028999099316,0.050000001462385715,0.05000000350984374,-4.01936023575919,4.019159112657819,-27.848560333251953
0.44,3,stepwise_test,2.0,e3664a91fc92d1d6,0.0,0.3426408876717903,0.0103477964087456,0.02205028999099316,0.050000001462385715,0.05000000350984374,-4.01936023575919,4.019159112657819,-27.848560333251953
0.44,3,stepwise_test,2.0,e55575bab6cd051d,0.0,0.3426408876717903,0.0103477964087456,0.02205028999099316,0.050000001462385715,0.05000000350984374,-4.01936023575919,4.019159112657819,-27.848560333251953
0.44,3,stepwise_test,2.0,eac6ec2b274f3fe8,0.00952380952380949,0.3426408876717903,0.0103477964087456,0.02205028999099316,0.050000001462385715,0.05000000350984374,-4.01936023575919,4.019159112657819,-27.848560333251953
0.44,3,stepwise_test,2.0,eb5cda6e1fe9f6b5,0.009569377990430672,0.3426408876717903,0.0103477964087456,0.02205028999099316,0.050000001462385715,0.05000000350984374,-4.01936023575919,4.019159112657819,-27.848560333251953
0.44,3,stepwise_test,2.0,ecbc64034f374904,0.0,0.3426408876717903,0.0103477964087456,0.02205028999099316,0.050000001462385715,0.05000000350984374,-4.01936023575919,4.019159112657819,-27.848560333251953
0.44,3,stepwise_test,2.0,f16d6af3f8b8b330,0.008849557522123908,0.3426408876717903,0.0103477964087456,0.02205028999099316,0.050000001462385715,0.05000000350984374,-4.01936023575919,4.019159112657819,-27.848560333251953
0.44,3,stepwise_test,2.0,f2e24c35c5249c8b,0.0,0.3426408876717903,0.0103477964087456,0.02205028999099316,0.050000001462385715,0.05000000350984374,-4.01936023575919,4.019159112657819,-27.848560333251953
0.44,3,stepwise_test,5.0,018ccdd70b67d50b,0.009433962264150941,0.3426408876717903,9.170247924250366e-05,0.001940028275505604,0.0,0.0476453446119388,-6.871329511914935,3.8933469227382114,-30.126670837402344
0.44,3,stepwise_test,5.0,0545ede9161cd87b,0.0,0.3426408876717903,9.170247924250366e-05,0.001940028275505604,0.0,0.0476453446119388,-6.871329511914935,3.8933469227382114,-30.126670837402344
0.44,3,stepwise_test,5.0,0822110b214bf434,0.010695187165775444,0.3426408876717903,9.170247924250366e-05,0.001940028275505604,0.0,0.0476453446119388,-6.871329511914935,3.8933469227382114,-30.126670837402344
0.44,3,stepwise_test,5.0,0dbb1e13fa00f0f6,0.0,0.3426408876717903,9.170247924250366e-05,0.001940028275505604,0.0,0.0476453446119388,-6.871329511914935,3.8933469227382114,-30.126670837402344
0.44,3,stepwise_test,5.0,0e2ca3a9a1e8e218,0.0,0.3426408876717903,9.170247924250366e-05,0.001940028275505604,0.0,0.0476453446119388,-6.871329511914935,3.8933469227382114,-30.126670837402344
0.44,3,stepwise_test,5.0,101df2256aecf75b,0.0,0.3426408876717903,9.170247924250366e-05,0.001940028275505604,0.0,0.0476453446119388,-6.871329511914935,3.8933469227382114,-30.126670837402344
0.44,3,stepwise_test,5.0,1717ce53958590ba,0.01005025125628145,0.3426408876717903,9.170247924250366e-05,0.001940028275505604,0.0,0.0476453446119388,-6.871329511914935,3.8933469227382114,-30.126670837402344
0.44,3,stepwise_test,5.0,1868815d0a7c6716,0.0,0.3426408876717903,9.170247924250366e-05,0.001940028275505604,0.0,0.0476453446119388,-6.871329511914935,3.8933469227382114,-30.126670837402344
0.44,3,stepwise_test,5.0,1991ac094bc47b5a,0.00952380952380949,0.3426408876717903,9.170247924250366e-05,0.001940028275505604,0.0,0.0476453446119388,-6.871329511914935,3.8933469227382114,-30.126670837402344
0.44,3,stepwise_test,5.0,1e9be34e7c154aee,0.0,0.3426408876717903,9.170247924250366e-05,0.001940028275505604,0.0,0.0476453446119388,-6.871329511914935,3.8933469227382114,-30.126670837402344
0.44,3,stepwise_test,5.0,245b8a2be8abc37e,0.010526315789473717,0.3426408876717903,9.170247924250366e-05,0.001940028275505604,0.0,0.0476453446119388,-6.871329511914935,3.8933469227382114,-30.126670837402344
0.44,3,stepwise_test,5.0,2982eb379acc1dcf,0.0,0.3426408876717903,9.170247924250366e-05,0.001940028275505604,0.0,0.0476453446119388,-6.871329511914935,3.8933469227382114,-30.126670837402344
0.44,3,stepwise_test,5.0,2a7630b9ddded8d5,0.0,0.3426408876717903,9.170247924250366e-05,0.001940028275505604,0.0,0.0476453446119388,-6.871329511914935,3.8933469227382114,-30.126670837402344
0.44,3,stepwise_test,5.0,3159f31edc896059,0.0,0.3426408876717903,9.170247924250366e-05,0.001940028275505604,0.0,0.0476453446119388,-6.871329511914935,3.8933469227382114,-30.126670837402344
0.44,3,stepwise_test,5.0,3605a51c50d5daa0,0.0,0.3426408876717903,9.170247924250366e-05,0.001940028275505604,0.0,0.0476453446119388,-6.871329511914935,3.8933469227382114,-30.126670837402344
0.44,3,stepwise_test,5.0,38e3fe88a50cb3ef,0.0,0.3426408876717903,9.170247924250366e-05,0.001940028275505604,0.0,0.0476453446119388,-6.871329511914935,3.8933469227382114,-30.126670837402344
0.44,3,stepwise_test,5.0,3a831f177b4c7882,0.0,0.3426408876717903,9.170247924250366e-05,0.001940028275505604,0.0,0.0476453446119388,-6.871329511914935,3.8933469227382114,-30.126670837402344
0.44,3,stepwise_test,5.0,41450c0e975a1c31,0.0,0.3426408876717903,9.170247924250366e-05,0.001940028275505604,0.0,0.0476453446119388,-6.871329511914935,3.8933469227382114,-30.126670837402344
0.44,3,stepwise_test,5.0,4381c0fb4c396040,0.0,0.3426408876717903,9.170247924250366e-05,0.001940028275505604,0.0,0.0476453446119388,-6.871329511914935,3.8933469227382114,-30.126670837402344
0.44,3,stepwise_test,5.0,44e03bc01ee3055a,0.0,0.3426408876717903,9.170247924250366e-05,0.001940028275505604,0.0,0.0476453446119388,-6.871329511914935,3.8933469227382114,-30.126670837402344
0.44,3,stepwise_test,5.0,47bf27669a8fa08a,0.020942408376963373,0.3426408876717903,9.170247924250366e-05,0.001940028275505604,0.0,0.0476453446119388,-6.871329511914935,3.8933469227382114,-30.126670837402344
0.44,3,stepwise_test,5.0,486ee1ca9e71adc6,0.0,0.3426408876717903,9.170247924250366e-05,0.001940028275505604,0.0,0.0476453446119388,-6.871329511914935,3.8933469227382114,-30.126670837402344
0.44,3,stepwise_test,5.0,4910c9193fca9a21,0.0,0.3426408876717903,9.170247924250366e-05,0.001940028275505604,0.0,0.0476453446119388,-6.871329511914935,3.8933469227382114,-30.126670837402344
0.44,3,stepwise_test,5.0,4a78cd4f429333ac,0.008583690987124415,0.3426408876717903,9.170247924250366e-05,0.001940028275505604,0.0,0.0476453446119388,-6.871329511914935,3.8933469227382114,-30.126670837402344
0.44,3,stepwise_test,5.0,4d3a619d3d16b595,0.0,0.3426408876717903,9.170247924250366e-05,0.001940028275505604,0.0,0.0476453446119388,-6.871329511914935,3.8933469227382114,-30.126670837402344
0.44,3,stepwise_test,5.0,4e12766ab5ee9a6f,0.0,0.3426408876717903,9.170247924250366e-05,0.001940028275505604,0.0,0.0476453446119388,-6.871329511914935,3.8933469227382114,-30.126670837402344
0.44,3,stepwise_test,5.0,5406f38bad958fff,0.0,0.3426408876717903,9.170247924250366e-05,0.001940028275505604,0.0,0.0476453446119388,-6.871329511914935,3.8933469227382114,-30.126670837402344
0.44,3,stepwise_test,5.0,5b6660299c28d21a,0.009756097560975618,0.3426408876717903,9.170247924250366e-05,0.001940028275505604,0.0,0.0476453446119388,-6.871329511914935,3.8933469227382114,-30.126670837402344
0.44,3,stepwise_test,5.0,5d8a6dda9c034943,0.0,0.3426408876717903,9.170247924250366e-05,0.001940028275505604,0.0,0.0476453446119388,-6.871329511914935,3.8933469227382114,-30.126670837402344
0.44,3,stepwise_test,5.0,6354b26bfd6b0d3b,0.0,0.3426408876717903,9.170247924250366e-05,0.001940028275505604,0.0,0.0476453446119388,-6.871329511914935,3.8933469227382114,-30.126670837402344
0.44,3,stepwise_test,5.0,663b72de42e74e86,0.0,0.3426408876717903,9.170247924250366e-05,0.001940028275505604,0.0,0.0476453446119388,-6.871329511914935,3.8933469227382114,-30.126670837402344
0.44,3,stepwise_test,5.0,66eb648c6256c151,0.0,0.3426408876717903,9.170247924250366e-05,0.001940028275505604,0.0,0.0476453446119388,-6.871329511914935,3.8933469227382114,-30.126670837402344
0.44,3,stepwise_test,5.0,67f63c1627c03412,0.012499999999999956,0.3426408876717903,9.170247924250366e-05,0.001940028275505604,0.0,0.0476453446119388,-6.871329511914935,3.8933469227382114,-30.126670837402344
0.44,3,stepwise_test,5.0,6d1d8e613ece86e7,0.0,0.3426408876717903,9.170247924250366e-05,0.001940028275505604,0.0,0.0476453446119388,-6.871329511914935,3.8933469227382114,-30.126670837402344
0.44,3,stepwise_test,5.0,6f3466b968e73ba3,0.009302325581395321,0.3426408876717903,9.170247924250366e-05,0.001940028275505604,0.0,0.0476453446119388,-6.871329511914935,3.8933469227382114,-30.126670837402344
0.44,3,stepwise_test,5.0,71fe74132803f26b,0.0,0.3426408876717903,9.170247924250366e-05,0.001940028275505604,0.0,0.0476453446119388,-6.871329511914935,3.8933469227382114,-30.126670837402344
0.44,3,stepwise_test,5.0,76825b753db42030,0.0,0.3426408876717903,9.170247924250366e-05,0.001940028275505604,0.0,0.0476453446119388,-6.871329511914935,3.8933469227382114,-30.126670837402344
0.44,3,stepwise_test,5.0,78001bdfb89f1ad1,0.0,0.3426408876717903,9.170247924250366e-05,0.001940028275505604,0.0,0.0476453446119388,-6.871329511914935,3.8933469227382114,-30.126670837402344
0.44,3,stepwise_test,5.0,7b925779bf22fd74,0.00877192982456143,0.3426408876717903,9.170247924250366e-05,0.001940028275505604,0.0,0.0476453446119388,-6.871329511914935,3.8933469227382114,-30.126670837402344
0.44,3,stepwise_test,5.0,7be724e7d2299999,0.011560693641618491,0.3426408876717903,9.170247924250366e-05,0.001940028275505604,0.0,0.0476453446119388,-6.871329511914935,3.8933469227382114,-30.126670837402344
0.44,3,stepwise_test,5.0,82da82d3e55219a5,0.0,0.3426408876717903,9.170247924250366e-05,0.001940028275505604,0.0,0.0476453446119388,-6.871329511914935,3.8933469227382114,-30.126670837402344
0.44,3,stepwise_test,5.0,8acfa77cf5234bd4,0.0,0.3426408876717903,9.170247924250366e-05,0.001940028275505604,0.0,0.0476453446119388,-6.871329511914935,3.8933469227382114,-30.126670837402344
0.44,3,stepwise_test,5.0,9332a9cf5d92314a,0.0,0.3426408876717903,9.170247924250366e-05,0.001940028275505604,0.0,0.0476453446119388,-6.871329511914935,3.8933469227382114,-30.126670837402344
0.44,3,stepwise_test,5.0,9f60113cec74b0ee,0.0,0.3426408876717903,9.170247924250366e-05,0.001940028275505604,0.0,0.0476453446119388,-6.871329511914935,3.8933469227382114,-30.126670837402344
0.44,3,stepwise_test,5.0,a2f68f9c135648a0,0.0,0.3426408876717903,9.170247924250366e-05,0.001940028275505604,0.0,0.0476453446119388,-6.871329511914935,3.8933469227382114,-30.126670837402344
0.44,3,stepwise_test,5.0,a3ecb75bd15d05d8,0.0,0.3426408876717903,9.170247924250366e-05,0.001940028275505604,0.0,0.0476453446119388,-6.871329511914935,3.8933469227382114,-30.126670837402344
0.44,3,stepwise_test,5.0,a4a471e79162ce6a,0.0,0.3426408876717903,9.170247924250366e-05,0.001940028275505604,0.0,0.0476453446119388,-6.871329511914935,3.8933469227382114,-30.126670837402344
0.44,3,stepwise_test,5.0,aa0070de67183c08,0.0,0.3426408876717903,9.170247924250366e-05,0.001940028275505604,0.0,0.0476453446119388,-6.871329511914935,3.8933469227382114,-30.126670837402344
0.44,3,stepwise_test,5.0,aa6bc6d9ff6d7768,0.009049773755656076,0.3426408876717903,9.170247924250366e-05,0.001940028275505604,0.0,0.0476453446119388,-6.871329511914935,3.8933469227382114,-30.126670837402344
0.44,3,stepwise_test,5.0,acd5a3fd547677f6,0.0,0.3426408876717903,9.170247924250366e-05,0.001940028275505604,0.0,0.0476453446119388,-6.871329511914935,3.8933469227382114,-30.126670837402344
0.44,3,stepwise_test,5.0,b5124e1b88000bd7,0.0,0.3426408876717903,9.170247924250366e-05,0.001940028275505604,0.0,0.0476453446119388,-6.871329511914935,3.8933469227382114,-30.126670837402344
0.44,3,stepwise_test,5.0,b62f26029c55da5d,0.0,0.3426408876717903,9.170247924250366e-05,0.001940028275505604,0.0,0.0476453446119388,-6.871329511914935,3.8933469227382114,-30.126670837402344
0.44,3,stepwise_test,5.0,b7036711cecf282e,0.009433962264150941,0.3426408876717903,9.170247924250366e-05,0.001940028275505604,0.0,0.0476453446119388,-6.871329511914935,3.8933469227382114,-30.126670837402344
0.44,3,stepwise_test,5.0,bc83dba623c24f83,0.0,0.3426408876717903,9.170247924250366e-05,0.001940028275505604,0.0,0.0476453446119388,-6.871329511914935,3.8933469227382114,-30.126670837402344
0.44,3,stepwise_test,5.0,bd981ed06e640944,0.009090909090909038,0.3426408876717903,9.170247924250366e-05,0.001940028275505604,0.0,0.0476453446119388,-6.871329511914935,3.8933469227382114,-30.126670837402344
0.44,3,stepwise_test,5.0,c0b0a6fd8196e526,0.0,0.3426408876717903,9.170247924250366e-05,0.001940028275505604,0.0,0.0476453446119388,-6.871329511914935,3.8933469227382114,-30.126670837402344
0.44,3,stepwise_test,5.0,c0da6f9a810ac96e,0.0,0.3426408876717903,9.170247924250366e-05,0.001940028275505604,0.0,0.0476453446119388,-6.871329511914935,3.8933469227382114,-30.126670837402344
0.44,3,stepwise_test,5.0,c4e140c6b10a0649,0.0,0.3426408876717903,9.170247924250366e-05,0.001940028275505604,0.0,0.0476453446119388,-6.871329511914935,3.8933469227382114,-30.126670837402344
0.44,3,stepwise_test,5.0,ceab4fde9bc557e9,0.02564102564102566,0.3426408876717903,9.170247924250366e-05,0.001940028275505604,0.0,0.0476453446119388,-6.871329511914935,3.8933469227382114,-30.126670837402344
0.44,3,stepwise_test,5.0,cfd0baecd1304030,0.0,0.3426408876717903,9.170247924250366e-05,0.001940028275505604,0.0,0.0476453446119388,-6.871329511914935,3.8933469227382114,-30.126670837402344
0.44,3,stepwise_test,5.0,d437bb99475d3d83,0.0,0.3426408876717903,9.170247924250366e-05,0.001940028275505604,0.0,0.0476453446119388,-6.871329511914935,3.8933469227382114,-30.126670837402344
0.44,3,stepwise_test,5.0,df593c445aa37cdd,0.0,0.3426408876717903,9.170247924250366e-05,0.001940028275505604,0.0,0.0476453446119388,-6.871329511914935,3.8933469227382114,-30.126670837402344
0.44,3,stepwise_test,5.0,e0cbaf79c0d6e3eb,0.0,0.3426408876717903,9.170247924250366e-05,0.001940028275505604,0.0,0.0476453446119388,-6.871329511914935,3.8933469227382114,-30.126670837402344
0.44,3,stepwise_test,5.0,e3664a91fc92d1d6,0.0,0.3426408876717903,9.170247924250366e-05,0.001940028275505604,0.0,0.0476453446119388,-6.871329511914935,3.8933469227382114,-30.126670837402344
0.44,3,stepwise_test,5.0,e55575bab6cd051d,0.0,0.3426408876717903,9.170247924250366e-05,0.001940028275505604,0.0,0.0476453446119388,-6.871329511914935,3.8933469227382114,-30.126670837402344
0.44,3,stepwise_test,5.0,eac6ec2b274f3fe8,0.0092592592592593,0.3426408876717903,9.170247924250366e-05,0.001940028275505604,0.0,0.0476453446119388,-6.871329511914935,3.8933469227382114,-30.126670837402344
0.44,3,stepwise_test,5.0,eb5cda6e1fe9f6b5,0.010869565217391353,0.3426408876717903,9.170247924250366e-05,0.001940028275505604,0.0,0.0476453446119388,-6.871329511914935,3.8933469227382114,-30.126670837402344
0.44,3,stepwise_test,5.0,ecbc64034f374904,0.008130081300813052,0.3426408876717903,9.170247924250366e-05,0.001940028275505604,0.0,0.0476453446119388,-6.871329511914935,3.8933469227382114,-30.126670837402344
0.44,3,stepwise_test,5.0,f16d6af3f8b8b330,0.009389671361502372,0.3426408876717903,9.170247924250366e-05,0.001940028275505604,0.0,0.0476453446119388,-6.871329511914935,3.8933469227382114,-30.126670837402344
0.44,3,stepwise_test,5.0,f2e24c35c5249c8b,0.0,0.3426408876717903,9.170247924250366e-05,0.001940028275505604,0.0,0.0476453446119388,-6.871329511914935,3.8933469227382114,-30.126670837402344
0.46,3,authority_test,0.0,018ccdd70b67d50b,1.0,286.06018533483996,0.014624894699109586,0.027040263454585527,0.05000000188250205,0.050000003560915954,-1.5663623298917497,4.32441656930106,-26.32982063293457
0.46,3,authority_test,0.0,0545ede9161cd87b,1.0,286.06018533483996,0.014624894699109586,0.027040263454585527,0.05000000188250205,0.050000003560915954,-1.5663623298917497,4.32441656930106,-26.32982063293457
0.46,3,authority_test,0.0,0822110b214bf434,1.0,286.06018533483996,0.014624894699109586,0.027040263454585527,0.05000000188250205,0.050000003560915954,-1.5663623298917497,4.32441656930106,-26.32982063293457
0.46,3,authority_test,0.0,0dbb1e13fa00f0f6,1.0,286.06018533483996,0.014624894699109586,0.027040263454585527,0.05000000188250205,0.050000003560915954,-1.5663623298917497,4.32441656930106,-26.32982063293457
0.46,3,authority_test,0.0,0e2ca3a9a1e8e218,1.0,286.06018533483996,0.014624894699109586,0.027040263454585527,0.05000000188250205,0.050000003560915954,-1.5663623298917497,4.32441656930106,-26.32982063293457
0.46,3,authority_test,0.0,101df2256aecf75b,0.0,286.06018533483996,0.014624894699109586,0.027040263454585527,0.05000000188250205,0.050000003560915954,-1.5663623298917497,4.32441656930106,-26.32982063293457
0.46,3,authority_test,0.0,1717ce53958590ba,0.0,286.06018533483996,0.014624894699109586,0.027040263454585527,0.05000000188250205,0.050000003560915954,-1.5663623298917497,4.32441656930106,-26.32982063293457
0.46,3,authority_test,0.0,1868815d0a7c6716,1.0,286.06018533483996,0.014624894699109586,0.027040263454585527,0.05000000188250205,0.050000003560915954,-1.5663623298917497,4.32441656930106,-26.32982063293457
0.46,3,authority_test,0.0,1991ac094bc47b5a,0.0,286.06018533483996,0.014624894699109586,0.027040263454585527,0.05000000188250205,0.050000003560915954,-1.5663623298917497,4.32441656930106,-26.32982063293457
0.46,3,authority_test,0.0,1e9be34e7c154aee,1.0,286.06018533483996,0.014624894699109586,0.027040263454585527,0.05000000188250205,0.050000003560915954,-1.5663623298917497,4.32441656930106,-26.32982063293457
0.46,3,authority_test,0.0,245b8a2be8abc37e,1.0,286.06018533483996,0.014624894699109586,0.027040263454585527,0.05000000188250205,0.050000003560915954,-1.5663623298917497,4.32441656930106,-26.32982063293457
0.46,3,authority_test,0.0,2982eb379acc1dcf,0.007936507936507908,286.06018533483996,0.014624894699109586,0.027040263454585527,0.05000000188250205,0.050000003560915954,-1.5663623298917497,4.32441656930106,-26.32982063293457
0.46,3,authority_test,0.0,2a7630b9ddded8d5,1.0,286.06018533483996,0.014624894699109586,0.027040263454585527,0.05000000188250205,0.050000003560915954,-1.5663623298917497,4.32441656930106,-26.32982063293457
0.46,3,authority_test,0.0,3159f31edc896059,0.0,286.06018533483996,0.014624894699109586,0.027040263454585527,0.05000000188250205,0.050000003560915954,-1.5663623298917497,4.32441656930106,-26.32982063293457
0.46,3,authority_test,0.0,3605a51c50d5daa0,0.007352941176470562,286.06018533483996,0.014624894699109586,0.027040263454585527,0.05000000188250205,0.050000003560915954,-1.5663623298917497,4.32441656930106,-26.32982063293457
0.46,3,authority_test,0.0,38e3fe88a50cb3ef,0.0,286.06018533483996,0.014624894699109586,0.027040263454585527,0.05000000188250205,0.050000003560915954,-1.5663623298917497,4.32441656930106,-26.32982063293457
0.46,3,authority_test,0.0,3a831f177b4c7882,0.0,286.06018533483996,0.014624894699109586,0.027040263454585527,0.05000000188250205,0.050000003560915954,-1.5663623298917497,4.32441656930106,-26.32982063293457
0.46,3,authority_test,0.0,41450c0e975a1c31,0.0,286.06018533483996,0.014624894699109586,0.027040263454585527,0.05000000188250205,0.050000003560915954,-1.5663623298917497,4.32441656930106,-26.32982063293457
0.46,3,authority_test,0.0,4381c0fb4c396040,0.0,286.06018533483996,0.014624894699109586,0.027040263454585527,0.05000000188250205,0.050000003560915954,-1.5663623298917497,4.32441656930106,-26.32982063293457
0.46,3,authority_test,0.0,44e03bc01ee3055a,1.0,286.06018533483996,0.014624894699109586,0.027040263454585527,0.05000000188250205,0.050000003560915954,-1.5663623298917497,4.32441656930106,-26.32982063293457
0.46,3,authority_test,0.0,47bf27669a8fa08a,0.0073800738007380184,286.06018533483996,0.014624894699109586,0.027040263454585527,0.05000000188250205,0.050000003560915954,-1.5663623298917497,4.32441656930106,-26.32982063293457
0.46,3,authority_test,0.0,486ee1ca9e71adc6,0.0,286.06018533483996,0.014624894699109586,0.027040263454585527,0.05000000188250205,0.050000003560915954,-1.5663623298917497,4.32441656930106,-26.32982063293457
0.46,3,authority_test,0.0,4910c9193fca9a21,0.0,286.06018533483996,0.014624894699109586,0.027040263454585527,0.05000000188250205,0.050000003560915954,-1.5663623298917497,4.32441656930106,-26.32982063293457
0.46,3,authority_test,0.0,4a78cd4f429333ac,0.0,286.06018533483996,0.014624894699109586,0.027040263454585527,0.05000000188250205,0.050000003560915954,-1.5663623298917497,4.32441656930106,-26.32982063293457
0.46,3,authority_test,0.0,4d3a619d3d16b595,0.0,286.06018533483996,0.014624894699109586,0.027040263454585527,0.05000000188250205,0.050000003560915954,-1.5663623298917497,4.32441656930106,-26.32982063293457
0.46,3,authority_test,0.0,4e12766ab5ee9a6f,1.0,286.06018533483996,0.014624894699109586,0.027040263454585527,0.05000000188250205,0.050000003560915954,-1.5663623298917497,4.32441656930106,-26.32982063293457
0.46,3,authority_test,0.0,5406f38bad958fff,1.0,286.06018533483996,0.014624894699109586,0.027040263454585527,0.05000000188250205,0.050000003560915954,-1.5663623298917497,4.32441656930106,-26.32982063293457
0.46,3,authority_test,0.0,5b6660299c28d21a,1.0,286.06018533483996,0.014624894699109586,0.027040263454585527,0.05000000188250205,0.050000003560915954,-1.5663623298917497,4.32441656930106,-26.32982063293457
0.46,3,authority_test,0.0,5d8a6dda9c034943,0.0,286.06018533483996,0.014624894699109586,0.027040263454585527,0.05000000188250205,0.050000003560915954,-1.5663623298917497,4.32441656930106,-26.32982063293457
0.46,3,authority_test,0.0,6354b26bfd6b0d3b,0.007092198581560294,286.06018533483996,0.014624894699109586,0.027040263454585527,0.05000000188250205,0.050000003560915954,-1.5663623298917497,4.32441656930106,-26.32982063293457
0.46,3,authority_test,0.0,663b72de42e74e86,0.0,286.06018533483996,0.014624894699109586,0.027040263454585527,0.05000000188250205,0.050000003560915954,-1.5663623298917497,4.32441656930106,-26.32982063293457
0.46,3,authority_test,0.0,66eb648c6256c151,0.0,286.06018533483996,0.014624894699109586,0.027040263454585527,0.05000000188250205,0.050000003560915954,-1.5663623298917497,4.32441656930106,-26.32982063293457
0.46,3,authority_test,0.0,67f63c1627c03412,1.0,286.06018533483996,0.014624894699109586,0.027040263454585527,0.05000000188250205,0.050000003560915954,-1.5663623298917497,4.32441656930106,-26.32982063293457
0.46,3,authority_test,0.0,6d1d8e613ece86e7,0.0,286.06018533483996,0.014624894699109586,0.027040263454585527,0.05000000188250205,0.050000003560915954,-1.5663623298917497,4.32441656930106,-26.32982063293457
0.46,3,authority_test,0.0,6f3466b968e73ba3,0.0,286.06018533483996,0.014624894699109586,0.027040263454585527,0.05000000188250205,0.050000003560915954,-1.5663623298917497,4.32441656930106,-26.32982063293457
0.46,3,authority_test,0.0,71fe74132803f26b,0.0,286.06018533483996,0.014624894699109586,0.027040263454585527,0.05000000188250205,0.050000003560915954,-1.5663623298917497,4.32441656930106,-26.32982063293457
0.46,3,authority_test,0.0,76825b753db42030,1.0,286.06018533483996,0.014624894699109586,0.027040263454585527,0.05000000188250205,0.050000003560915954,-1.5663623298917497,4.32441656930106,-26.32982063293457
0.46,3,authority_test,0.0,78001bdfb89f1ad1,1.0,286.06018533483996,0.014624894699109586,0.027040263454585527,0.05000000188250205,0.050000003560915954,-1.5663623298917497,4.32441656930106,-26.32982063293457
0.46,3,authority_test,0.0,7b925779bf22fd74,0.0,286.06018533483996,0.014624894699109586,0.027040263454585527,0.05000000188250205,0.050000003560915954,-1.5663623298917497,4.32441656930106,-26.32982063293457
0.46,3,authority_test,0.0,7be724e7d2299999,0.0,286.06018533483996,0.014624894699109586,0.027040263454585527,0.05000000188250205,0.050000003560915954,-1.5663623298917497,4.32441656930106,-26.32982063293457
0.46,3,authority_test,0.0,82da82d3e55219a5,0.0,286.06018533483996,0.014624894699109586,0.027040263454585527,0.05000000188250205,0.050000003560915954,-1.5663623298917497,4.32441656930106,-26.32982063293457
0.46,3,authority_test,0.0,8acfa77cf5234bd4,0.036329352608422294,286.06018533483996,0.014624894699109586,0.027040263454585527,0.05000000188250205,0.050000003560915954,-1.5663623298917497,4.32441656930106,-26.32982063293457
0.46,3,authority_test,0.0,9332a9cf5d92314a,0.008163265306122436,286.06018533483996,0.014624894699109586,0.027040263454585527,0.05000000188250205,0.050000003560915954,-1.5663623298917497,4.32441656930106,-26.32982063293457
0.46,3,authority_test,0.0,9f60113cec74b0ee,0.0,286.06018533483996,0.014624894699109586,0.027040263454585527,0.05000000188250205,0.050000003560915954,-1.5663623298917497,4.32441656930106,-26.32982063293457
0.46,3,authority_test,0.0,a2f68f9c135648a0,1.0,286.06018533483996,0.014624894699109586,0.027040263454585527,0.05000000188250205,0.050000003560915954,-1.5663623298917497,4.32441656930106,-26.32982063293457
0.46,3,authority_test,0.0,a3ecb75bd15d05d8,1.0,286.06018533483996,0.014624894699109586,0.027040263454585527,0.05000000188250205,0.050000003560915954,-1.5663623298917497,4.32441656930106,-26.32982063293457
0.46,3,authority_test,0.0,a4a471e79162ce6a,0.0,286.06018533483996,0.014624894699109586,0.027040263454585527,0.05000000188250205,0.050000003560915954,-1.5663623298917497,4.32441656930106,-26.32982063293457
0.46,3,authority_test,0.0,aa0070de67183c08,0.0,286.06018533483996,0.014624894699109586,0.027040263454585527,0.05000000188250205,0.050000003560915954,-1.5663623298917497,4.32441656930106,-26.32982063293457
0.46,3,authority_test,0.0,aa6bc6d9ff6d7768,1.0,286.06018533483996,0.014624894699109586,0.027040263454585527,0.05000000188250205,0.050000003560915954,-1.5663623298917497,4.32441656930106,-26.32982063293457
0.46,3,authority_test,0.0,acd5a3fd547677f6,0.008474576271186418,286.06018533483996,0.014624894699109586,0.027040263454585527,0.05000000188250205,0.050000003560915954,-1.5663623298917497,4.32441656930106,-26.32982063293457
0.46,3,authority_test,0.0,b5124e1b88000bd7,0.0,286.06018533483996,0.014624894699109586,0.027040263454585527,0.05000000188250205,0.050000003560915954,-1.5663623298917497,4.32441656930106,-26.32982063293457
0.46,3,authority_test,0.0,b62f26029c55da5d,1.0,286.06018533483996,0.014624894699109586,0.027040263454585527,0.05000000188250205,0.050000003560915954,-1.5663623298917497,4.32441656930106,-26.32982063293457
0.46,3,authority_test,0.0,b7036711cecf282e,1.0,286.06018533483996,0.014624894699109586,0.027040263454585527,0.05000000188250205,0.050000003560915954,-1.5663623298917497,4.32441656930106,-26.32982063293457
0.46,3,authority_test,0.0,bc83dba623c24f83,0.0,286.06018533483996,0.014624894699109586,0.027040263454585527,0.05000000188250205,0.050000003560915954,-1.5663623298917497,4.32441656930106,-26.32982063293457
0.46,3,authority_test,0.0,bd981ed06e640944,1.0,286.06018533483996,0.014624894699109586,0.027040263454585527,0.05000000188250205,0.050000003560915954,-1.5663623298917497,4.32441656930106,-26.32982063293457
0.46,3,authority_test,0.0,c0b0a6fd8196e526,1.0,286.06018533483996,0.014624894699109586,0.027040263454585527,0.05000000188250205,0.050000003560915954,-1.5663623298917497,4.32441656930106,-26.32982063293457
0.46,3,authority_test,0.0,c0da6f9a810ac96e,0.0,286.06018533483996,0.014624894699109586,0.027040263454585527,0.05000000188250205,0.050000003560915954,-1.5663623298917497,4.32441656930106,-26.32982063293457
0.46,3,authority_test,0.0,c4e140c6b10a0649,0.0080971659919028,286.06018533483996,0.014624894699109586,0.027040263454585527,0.05000000188250205,0.050000003560915954,-1.5663623298917497,4.32441656930106,-26.32982063293457
0.46,3,authority_test,0.0,ceab4fde9bc557e9,0.0,286.06018533483996,0.014624894699109586,0.027040263454585527,0.05000000188250205,0.050000003560915954,-1.5663623298917497,4.32441656930106,-26.32982063293457
0.46,3,authority_test,0.0,cfd0baecd1304030,1.0,286.06018533483996,0.014624894699109586,0.027040263454585527,0.05000000188250205,0.050000003560915954,-1.5663623298917497,4.32441656930106,-26.32982063293457
0.46,3,authority_test,0.0,d437bb99475d3d83,0.0,286.06018533483996,0.014624894699109586,0.027040263454585527,0.05000000188250205,0.050000003560915954,-1.5663623298917497,4.32441656930106,-26.32982063293457
0.46,3,authority_test,0.0,df593c445aa37cdd,0.008695652173912993,286.06018533483996,0.014624894699109586,0.027040263454585527,0.05000000188250205,0.050000003560915954,-1.5663623298917497,4.32441656930106,-26.32982063293457
0.46,3,authority_test,0.0,e0cbaf79c0d6e3eb,1.0,286.06018533483996,0.014624894699109586,0.027040263454585527,0.05000000188250205,0.050000003560915954,-1.5663623298917497,4.32441656930106,-26.32982063293457
0.46,3,authority_test,0.0,e3664a91fc92d1d6,0.0091324200913242,286.06018533483996,0.014624894699109586,0.027040263454585527,0.05000000188250205,0.050000003560915954,-1.5663623298917497,4.32441656930106,-26.32982063293457
0.46,3,authority_test,0.0,e55575bab6cd051d,0.0,286.06018533483996,0.014624894699109586,0.027040263454585527,0.05000000188250205,0.050000003560915954,-1.5663623298917497,4.32441656930106,-26.32982063293457
0.46,3,authority_test,0.0,eac6ec2b274f3fe8,0.008583690987124415,286.06018533483996,0.014624894699109586,0.027040263454585527,0.05000000188250205,0.050000003560915954,-1.5663623298917497,4.32441656930106,-26.32982063293457
0.46,3,authority_test,0.0,eb5cda6e1fe9f6b5,1.0,286.06018533483996,0.014624894699109586,0.027040263454585527,0.05000000188250205,0.050000003560915954,-1.5663623298917497,4.32441656930106,-26.32982063293457
0.46,3,authority_test,0.0,ecbc64034f374904,0.0,286.06018533483996,0.014624894699109586,0.027040263454585527,0.05000000188250205,0.050000003560915954,-1.5663623298917497,4.32441656930106,-26.32982063293457
0.46,3,authority_test,0.0,f16d6af3f8b8b330,1.0,286.06018533483996,0.014624894699109586,0.027040263454585527,0.05000000188250205,0.050000003560915954,-1.5663623298917497,4.32441656930106,-26.32982063293457
0.46,3,authority_test,0.0,f2e24c35c5249c8b,0.008130081300813052,286.06018533483996,0.014624894699109586,0.027040263454585527,0.05000000188250205,0.050000003560915954,-1.5663623298917497,4.32441656930106,-26.32982063293457
0.46,3,authority_test,2.0,018ccdd70b67d50b,0.0,286.06018533483996,0.009673703062024322,0.02198632912089133,0.05000000153599699,0.050000003546856485,-3.5013797283172607,4.144468682152884,-27.848560333251953
0.46,3,authority_test,2.0,0545ede9161cd87b,1.0,286.06018533483996,0.009673703062024322,0.02198632912089133,0.05000000153599699,0.050000003546856485,-3.5013797283172607,4.144468682152884,-27.848560333251953
0.46,3,authority_test,2.0,0822110b214bf434,0.0,286.06018533483996,0.009673703062024322,0.02198632912089133,0.05000000153599699,0.050000003546856485,-3.5013797283172607,4.144468682152884,-27.848560333251953
0.46,3,authority_test,2.0,0dbb1e13fa00f0f6,0.0,286.06018533483996,0.009673703062024322,0.02198632912089133,0.05000000153599699,0.050000003546856485,-3.5013797283172607,4.144468682152884,-27.848560333251953
0.46,3,authority_test,2.0,0e2ca3a9a1e8e218,0.0,286.06018533483996,0.009673703062024322,0.02198632912089133,0.05000000153599699,0.050000003546856485,-3.5013797283172607,4.144468682152884,-27.848560333251953
0.46,3,authority_test,2.0,101df2256aecf75b,0.0,286.06018533483996,0.009673703062024322,0.02198632912089133,0.05000000153599699,0.050000003546856485,-3.5013797283172607,4.144468682152884,-27.848560333251953
0.46,3,authority_test,2.0,1717ce53958590ba,0.0,286.06018533483996,0.009673703062024322,0.02198632912089133,0.05000000153599699,0.050000003546856485,-3.5013797283172607,4.144468682152884,-27.848560333251953
0.46,3,authority_test,2.0,1868815d0a7c6716,0.007042253521126751,286.06018533483996,0.009673703062024322,0.02198632912089133,0.05000000153599699,0.050000003546856485,-3.5013797283172607,4.144468682152884,-27.848560333251953
0.46,3,authority_test,2.0,1991ac094bc47b5a,0.0,286.06018533483996,0.009673703062024322,0.02198632912089133,0.05000000153599699,0.050000003546856485,-3.5013797283172607,4.144468682152884,-27.848560333251953
0.46,3,authority_test,2.0,1e9be34e7c154aee,0.0,286.06018533483996,0.009673703062024322,0.02198632912089133,0.05000000153599699,0.050000003546856485,-3.5013797283172607,4.144468682152884,-27.848560333251953
0.46,3,authority_test,2.0,245b8a2be8abc37e,0.0,286.06018533483996,0.009673703062024322,0.02198632912089133,0.05000000153599699,0.050000003546856485,-3.5013797283172607,4.144468682152884,-27.848560333251953
0.46,3,authority_test,2.0,2982eb379acc1dcf,0.008403361344537785,286.06018533483996,0.009673703062024322,0.02198632912089133,0.05000000153599699,0.050000003546856485,-3.5013797283172607,4.144468682152884,-27.848560333251953
0.46,3,authority_test,2.0,2a7630b9ddded8d5,0.0,286.06018533483996,0.009673703062024322,0.02198632912089133,0.05000000153599699,0.050000003546856485,-3.5013797283172607,4.144468682152884,-27.848560333251953
0.46,3,authority_test,2.0,3159f31edc896059,0.0,286.06018533483996,0.009673703062024322,0.02198632912089133,0.05000000153599699,0.050000003546856485,-3.5013797283172607,4.144468682152884,-27.848560333251953
0.46,3,authority_test,2.0,3605a51c50d5daa0,0.008849557522123908,286.06018533483996,0.009673703062024322,0.02198632912089133,0.05000000153599699,0.050000003546856485,-3.5013797283172607,4.144468682152884,-27.848560333251953
0.46,3,authority_test,2.0,38e3fe88a50cb3ef,0.0,286.06018533483996,0.009673703062024322,0.02198632912089133,0.05000000153599699,0.050000003546856485,-3.5013797283172607,4.144468682152884,-27.848560333251953
0.46,3,authority_test,2.0,3a831f177b4c7882,0.0,286.06018533483996,0.009673703062024322,0.02198632912089133,0.05000000153599699,0.050000003546856485,-3.5013797283172607,4.144468682152884,-27.848560333251953
0.46,3,authority_test,2.0,41450c0e975a1c31,0.008163265306122436,286.06018533483996,0.009673703062024322,0.02198632912089133,0.05000000153599699,0.050000003546856485,-3.5013797283172607,4.144468682152884,-27.848560333251953
0.46,3,authority_test,2.0,4381c0fb4c396040,1.0,286.06018533483996,0.009673703062024322,0.02198632912089133,0.05000000153599699,0.050000003546856485,-3.5013797283172607,4.144468682152884,-27.848560333251953
0.46,3,authority_test,2.0,44e03bc01ee3055a,1.0,286.06018533483996,0.009673703062024322,0.02198632912089133,0.05000000153599699,0.050000003546856485,-3.5013797283172607,4.144468682152884,-27.848560333251953
0.46,3,authority_test,2.0,47bf27669a8fa08a,0.0,286.06018533483996,0.009673703062024322,0.02198632912089133,0.05000000153599699,0.050000003546856485,-3.5013797283172607,4.144468682152884,-27.848560333251953
0.46,3,authority_test,2.0,486ee1ca9e71adc6,0.0,286.06018533483996,0.009673703062024322,0.02198632912089133,0.05000000153599699,0.050000003546856485,-3.5013797283172607,4.144468682152884,-27.848560333251953
0.46,3,authority_test,2.0,4910c9193fca9a21,0.0,286.06018533483996,0.009673703062024322,0.02198632912089133,0.05000000153599699,0.050000003546856485,-3.5013797283172607,4.144468682152884,-27.848560333251953
0.46,3,authority_test,2.0,4a78cd4f429333ac,0.007042253521126751,286.06018533483996,0.009673703062024322,0.02198632912089133,0.05000000153599699,0.050000003546856485,-3.5013797283172607,4.144468682152884,-27.848560333251953
0.46,3,authority_test,2.0,4d3a619d3d16b595,1.0,286.06018533483996,0.009673703062024322,0.02198632912089133,0.05000000153599699,0.050000003546856485,-3.5013797283172607,4.144468682152884,-27.848560333251953
0.46,3,authority_test,2.0,4e12766ab5ee9a6f,1.0,286.06018533483996,0.009673703062024322,0.02198632912089133,0.05000000153599699,0.050000003546856485,-3.5013797283172607,4.144468682152884,-27.848560333251953
0.46,3,authority_test,2.0,5406f38bad958fff,0.0,286.06018533483996,0.009673703062024322,0.02198632912089133,0.05000000153599699,0.050000003546856485,-3.5013797283172607,4.144468682152884,-27.848560333251953
0.46,3,authority_test,2.0,5b6660299c28d21a,0.0,286.06018533483996,0.009673703062024322,0.02198632912089133,0.05000000153599699,0.050000003546856485,-3.5013797283172607,4.144468682152884,-27.848560333251953
0.46,3,authority_test,2.0,5d8a6dda9c034943,0.0,286.06018533483996,0.009673703062024322,0.02198632912089133,0.05000000153599699,0.050000003546856485,-3.5013797283172607,4.144468682152884,-27.848560333251953
0.46,3,authority_test,2.0,6354b26bfd6b0d3b,0.0072202166064981865,286.06018533483996,0.009673703062024322,0.02198632912089133,0.05000000153599699,0.050000003546856485,-3.5013797283172607,4.144468682152884,-27.848560333251953
0.46,3,authority_test,2.0,663b72de42e74e86,0.0,286.06018533483996,0.009673703062024322,0.02198632912089133,0.05000000153599699,0.050000003546856485,-3.5013797283172607,4.144468682152884,-27.848560333251953
0.46,3,authority_test,2.0,66eb648c6256c151,0.007874015748031482,286.06018533483996,0.009673703062024322,0.02198632912089133,0.05000000153599699,0.050000003546856485,-3.5013797283172607,4.144468682152884,-27.848560333251953
0.46,3,authority_test,2.0,67f63c1627c03412,1.0,286.06018533483996,0.009673703062024322,0.02198632912089133,0.05000000153599699,0.050000003546856485,-3.5013797283172607,4.144468682152884,-27.848560333251953
0.46,3,authority_test,2.0,6d1d8e613ece86e7,0.009661835748792313,286.06018533483996,0.009673703062024322,0.02198632912089133,0.05000000153599699,0.050000003546856485,-3.5013797283172607,4.144468682152884,-27.848560333251953
0.46,3,authority_test,2.0,6f3466b968e73ba3,1.0,286.06018533483996,0.009673703062024322,0.02198632912089133,0.05000000153599699,0.050000003546856485,-3.5013797283172607,4.144468682152884,-27.848560333251953
0.46,3,authority_test,2.0,71fe74132803f26b,0.0,286.06018533483996,0.009673703062024322,0.02198632912089133,0.05000000153599699,0.050000003546856485,-3.5013797283172607,4.144468682152884,-27.848560333251953
0.46,3,authority_test,2.0,76825b753db42030,0.0,286.06018533483996,0.009673703062024322,0.02198632912089133,0.05000000153599699,0.050000003546856485,-3.5013797283172607,4.144468682152884,-27.848560333251953
0.46,3,authority_test,2.0,78001bdfb89f1ad1,0.0,286.06018533483996,0.009673703062024322,0.02198632912089133,0.05000000153599699,0.050000003546856485,-3.5013797283172607,4.144468682152884,-27.848560333251953
0.46,3,authority_test,2.0,7b925779bf22fd74,0.0,286.06018533483996,0.009673703062024322,0.02198632912089133,0.05000000153599699,0.050000003546856485,-3.5013797283172607,4.144468682152884,-27.848560333251953
0.46,3,authority_test,2.0,7be724e7d2299999,0.0,286.06018533483996,0.009673703062024322,0.02198632912089133,0.05000000153599699,0.050000003546856485,-3.5013797283172607,4.144468682152884,-27.848560333251953
0.46,3,authority_test,2.0,82da82d3e55219a5,0.0,286.06018533483996,0.009673703062024322,0.02198632912089133,0.05000000153599699,0.050000003546856485,-3.5013797283172607,4.144468682152884,-27.848560333251953
0.46,3,authority_test,2.0,8acfa77cf5234bd4,0.008264462809917328,286.06018533483996,0.009673703062024322,0.02198632912089133,0.05000000153599699,0.050000003546856485,-3.5013797283172607,4.144468682152884,-27.848560333251953
0.46,3,authority_test,2.0,9332a9cf5d92314a,0.007722007722007707,286.06018533483996,0.009673703062024322,0.02198632912089133,0.05000000153599699,0.050000003546856485,-3.5013797283172607,4.144468682152884,-27.848560333251953
0.46,3,authority_test,2.0,9f60113cec74b0ee,0.007633587786259555,286.06018533483996,0.009673703062024322,0.02198632912089133,0.05000000153599699,0.050000003546856485,-3.5013797283172607,4.144468682152884,-27.848560333251953
0.46,3,authority_test,2.0,a2f68f9c135648a0,0.0,286.06018533483996,0.009673703062024322,0.02198632912089133,0.05000000153599699,0.050000003546856485,-3.5013797283172607,4.144468682152884,-27.848560333251953
0.46,3,authority_test,2.0,a3ecb75bd15d05d8,0.0,286.06018533483996,0.009673703062024322,0.02198632912089133,0.05000000153599699,0.050000003546856485,-3.5013797283172607,4.144468682152884,-27.848560333251953
0.46,3,authority_test,2.0,a4a471e79162ce6a,0.0,286.06018533483996,0.009673703062024322,0.02198632912089133,0.05000000153599699,0.050000003546856485,-3.5013797283172607,4.144468682152884,-27.848560333251953
0.46,3,authority_test,2.0,aa0070de67183c08,0.007722007722007707,286.06018533483996,0.009673703062024322,0.02198632912089133,0.05000000153599699,0.050000003546856485,-3.5013797283172607,4.144468682152884,-27.848560333251953
0.46,3,authority_test,2.0,aa6bc6d9ff6d7768,0.0,286.06018533483996,0.009673703062024322,0.02198632912089133,0.05000000153599699,0.050000003546856485,-3.5013797283172607,4.144468682152884,-27.848560333251953
0.46,3,authority_test,2.0,acd5a3fd547677f6,0.008130081300813052,286.06018533483996,0.009673703062024322,0.02198632912089133,0.05000000153599699,0.050000003546856485,-3.5013797283172607,4.144468682152884,-27.848560333251953
0.46,3,authority_test,2.0,b5124e1b88000bd7,0.0,286.06018533483996,0.009673703062024322,0.02198632912089133,0.05000000153599699,0.050000003546856485,-3.5013797283172607,4.144468682152884,-27.848560333251953
0.46,3,authority_test,2.0,b62f26029c55da5d,0.0,286.06018533483996,0.009673703062024322,0.02198632912089133,0.05000000153599699,0.050000003546856485,-3.5013797283172607,4.144468682152884,-27.848560333251953
0.46,3,authority_test,2.0,b7036711cecf282e,0.0,286.06018533483996,0.009673703062024322,0.02198632912089133,0.05000000153599699,0.050000003546856485,-3.5013797283172607,4.144468682152884,-27.848560333251953
0.46,3,authority_test,2.0,bc83dba623c24f83,0.02564102564102566,286.06018533483996,0.009673703062024322,0.02198632912089133,0.05000000153599699,0.050000003546856485,-3.5013797283172607,4.144468682152884,-27.848560333251953
0.46,3,authority_test,2.0,bd981ed06e640944,0.008333333333333304,286.06018533483996,0.009673703062024322,0.02198632912089133,0.05000000153599699,0.050000003546856485,-3.5013797283172607,4.144468682152884,-27.848560333251953
0.46,3,authority_test,2.0,c0b0a6fd8196e526,1.0,286.06018533483996,0.009673703062024322,0.02198632912089133,0.05000000153599699,0.050000003546856485,-3.5013797283172607,4.144468682152884,-27.848560333251953
0.46,3,authority_test,2.0,c0da6f9a810ac96e,0.0,286.06018533483996,0.009673703062024322,0.02198632912089133,0.05000000153599699,0.050000003546856485,-3.5013797283172607,4.144468682152884,-27.848560333251953
0.46,3,authority_test,2.0,c4e140c6b10a0649,0.009433962264150941,286.06018533483996,0.009673703062024322,0.02198632912089133,0.05000000153599699,0.050000003546856485,-3.5013797283172607,4.144468682152884,-27.848560333251953
0.46,3,authority_test,2.0,ceab4fde9bc557e9,0.0,286.06018533483996,0.009673703062024322,0.02198632912089133,0.05000000153599699,0.050000003546856485,-3.5013797283172607,4.144468682152884,-27.848560333251953
0.46,3,authority_test,2.0,cfd0baecd1304030,1.0,286.06018533483996,0.009673703062024322,0.02198632912089133,0.05000000153599699,0.050000003546856485,-3.5013797283172607,4.144468682152884,-27.848560333251953
0.46,3,authority_test,2.0,d437bb99475d3d83,0.0,286.06018533483996,0.009673703062024322,0.02198632912089133,0.05000000153599699,0.050000003546856485,-3.5013797283172607,4.144468682152884,-27.848560333251953
0.46,3,authority_test,2.0,df593c445aa37cdd,0.008888888888888835,286.06018533483996,0.009673703062024322,0.02198632912089133,0.05000000153599699,0.050000003546856485,-3.5013797283172607,4.144468682152884,-27.848560333251953
0.46,3,authority_test,2.0,e0cbaf79c0d6e3eb,0.0,286.06018533483996,0.009673703062024322,0.02198632912089133,0.05000000153599699,0.050000003546856485,-3.5013797283172607,4.144468682152884,-27.848560333251953
0.46,3,authority_test,2.0,e3664a91fc92d1d6,0.008510638297872353,286.06018533483996,0.009673703062024322,0.02198632912089133,0.05000000153599699,0.050000003546856485,-3.5013797283172607,4.144468682152884,-27.848560333251953
0.46,3,authority_test,2.0,e55575bab6cd051d,0.0,286.06018533483996,0.009673703062024322,0.02198632912089133,0.05000000153599699,0.050000003546856485,-3.5013797283172607,4.144468682152884,-27.848560333251953
0.46,3,authority_test,2.0,eac6ec2b274f3fe8,0.009345794392523366,286.06018533483996,0.009673703062024322,0.02198632912089133,0.05000000153599699,0.050000003546856485,-3.5013797283172607,4.144468682152884,-27.848560333251953
0.46,3,authority_test,2.0,eb5cda6e1fe9f6b5,0.0,286.06018533483996,0.009673703062024322,0.02198632912089133,0.05000000153599699,0.050000003546856485,-3.5013797283172607,4.144468682152884,-27.848560333251953
0.46,3,authority_test,2.0,ecbc64034f374904,0.007874015748031482,286.06018533483996,0.009673703062024322,0.02198632912089133,0.05000000153599699,0.050000003546856485,-3.5013797283172607,4.144468682152884,-27.848560333251953
0.46,3,authority_test,2.0,f16d6af3f8b8b330,0.0,286.06018533483996,0.009673703062024322,0.02198632912089133,0.05000000153599699,0.050000003546856485,-3.5013797283172607,4.144468682152884,-27.848560333251953
0.46,3,authority_test,2.0,f2e24c35c5249c8b,0.008064516129032251,286.06018533483996,0.009673703062024322,0.02198632912089133,0.05000000153599699,0.050000003546856485,-3.5013797283172607,4.144468682152884,-27.848560333251953
0.46,3,authority_test,5.0,018ccdd70b67d50b,0.008403361344537785,286.06018533483996,0.00032945177517897757,0.003963972025147298,0.0,0.050000001826280074,-6.457190786089216,3.9658942222595215,-30.126670837402344
0.46,3,authority_test,5.0,0545ede9161cd87b,0.0,286.06018533483996,0.00032945177517897757,0.003963972025147298,0.0,0.050000001826280074,-6.457190786089216,3.9658942222595215,-30.126670837402344
0.46,3,authority_test,5.0,0822110b214bf434,0.33333333333333337,286.06018533483996,0.00032945177517897757,0.003963972025147298,0.0,0.050000001826280074,-6.457190786089216,3.9658942222595215,-30.126670837402344
0.46,3,authority_test,5.0,0dbb1e13fa00f0f6,0.0078125,286.06018533483996,0.00032945177517897757,0.003963972025147298,0.0,0.050000001826280074,-6.457190786089216,3.9658942222595215,-30.126670837402344
0.46,3,authority_test,5.0,0e2ca3a9a1e8e218,0.0,286.06018533483996,0.00032945177517897757,0.003963972025147298,0.0,0.050000001826280074,-6.457190786089216,3.9658942222595215,-30.126670837402344
0.46,3,authority_test,5.0,101df2256aecf75b,0.0,286.06018533483996,0.00032945177517897757,0.003963972025147298,0.0,0.050000001826280074,-6.457190786089216,3.9658942222595215,-30.126670837402344
0.46,3,authority_test,5.0,1717ce53958590ba,0.03692801712603688,286.06018533483996,0.00032945177517897757,0.003963972025147298,0.0,0.050000001826280074,-6.457190786089216,3.9658942222595215,-30.126670837402344
0.46,3,authority_test,5.0,1868815d0a7c6716,0.008230452674897082,286.06018533483996,0.00032945177517897757,0.003963972025147298,0.0,0.050000001826280074,-6.457190786089216,3.9658942222595215,-30.126670837402344
0.46,3,authority_test,5.0,1991ac094bc47b5a,0.008438818565400852,286.06018533483996,0.00032945177517897757,0.003963972025147298,0.0,0.050000001826280074,-6.457190786089216,3.9658942222595215,-30.126670837402344
0.46,3,authority_test,5.0,1e9be34e7c154aee,0.0,286.06018533483996,0.00032945177517897757,0.003963972025147298,0.0,0.050000001826280074,-6.457190786089216,3.9658942222595215,-30.126670837402344
0.46,3,authority_test,5.0,245b8a2be8abc37e,0.6666666666666667,286.06018533483996,0.00032945177517897757,0.003963972025147298,0.0,0.050000001826280074,-6.457190786089216,3.9658942222595215,-30.126670837402344
0.46,3,authority_test,5.0,2982eb379acc1dcf,0.007692307692307665,286.06018533483996,0.00032945177517897757,0.003963972025147298,0.0,0.050000001826280074,-6.457190786089216,3.9658942222595215,-30.126670837402344
0.46,3,authority_test,5.0,2a7630b9ddded8d5,0.0,286.06018533483996,0.00032945177517897757,0.003963972025147298,0.0,0.050000001826280074,-6.457190786089216,3.9658942222595215,-30.126670837402344
0.46,3,authority_test,5.0,3159f31edc896059,0.0,286.06018533483996,0.00032945177517897757,0.003963972025147298,0.0,0.050000001826280074,-6.457190786089216,3.9658942222595215,-30.126670837402344
0.46,3,authority_test,5.0,3605a51c50d5daa0,0.0,286.06018533483996,0.00032945177517897757,0.003963972025147298,0.0,0.050000001826280074,-6.457190786089216,3.9658942222595215,-30.126670837402344
0.46,3,authority_test,5.0,38e3fe88a50cb3ef,0.0,286.06018533483996,0.00032945177517897757,0.003963972025147298,0.0,0.050000001826280074,-6.457190786089216,3.9658942222595215,-30.126670837402344
0.46,3,authority_test,5.0,3a831f177b4c7882,0.007575757575757569,286.06018533483996,0.00032945177517897757,0.003963972025147298,0.0,0.050000001826280074,-6.457190786089216,3.9658942222595215,-30.126670837402344
0.46,3,authority_test,5.0,41450c0e975a1c31,0.0077821011673151474,286.06018533483996,0.00032945177517897757,0.003963972025147298,0.0,0.050000001826280074,-6.457190786089216,3.9658942222595215,-30.126670837402344
0.46,3,authority_test,5.0,4381c0fb4c396040,0.0,286.06018533483996,0.00032945177517897757,0.003963972025147298,0.0,0.050000001826280074,-6.457190786089216,3.9658942222595215,-30.126670837402344
0.46,3,authority_test,5.0,44e03bc01ee3055a,0.0,286.06018533483996,0.00032945177517897757,0.003963972025147298,0.0,0.050000001826280074,-6.457190786089216,3.9658942222595215,-30.126670837402344
0.46,3,authority_test,5.0,47bf27669a8fa08a,0.008620689655172376,286.06018533483996,0.00032945177517897757,0.003963972025147298,0.0,0.050000001826280074,-6.457190786089216,3.9658942222595215,-30.126670837402344
0.46,3,authority_test,5.0,486ee1ca9e71adc6,0.0,286.06018533483996,0.00032945177517897757,0.003963972025147298,0.0,0.050000001826280074,-6.457190786089216,3.9658942222595215,-30.126670837402344
0.46,3,authority_test,5.0,4910c9193fca9a21,0.008368200836820106,286.06018533483996,0.00032945177517897757,0.003963972025147298,0.0,0.050000001826280074,-6.457190786089216,3.9658942222595215,-30.126670837402344
0.46,3,authority_test,5.0,4a78cd4f429333ac,0.0,286.06018533483996,0.00032945177517897757,0.003963972025147298,0.0,0.050000001826280074,-6.457190786089216,3.9658942222595215,-30.126670837402344
0.46,3,authority_test,5.0,4d3a619d3d16b595,0.009345794392523366,286.06018533483996,0.00032945177517897757,0.003963972025147298,0.0,0.050000001826280074,-6.457190786089216,3.9658942222595215,-30.126670837402344
0.46,3,authority_test,5.0,4e12766ab5ee9a6f,0.008474576271186418,286.06018533483996,0.00032945177517897757,0.003963972025147298,0.0,0.050000001826280074,-6.457190786089216,3.9658942222595215,-30.126670837402344
0.46,3,authority_test,5.0,5406f38bad958fff,0.0,286.06018533483996,0.00032945177517897757,0.003963972025147298,0.0,0.050000001826280074,-6.457190786089216,3.9658942222595215,-30.126670837402344
0.46,3,authority_test,5.0,5b6660299c28d21a,0.0,286.06018533483996,0.00032945177517897757,0.003963972025147298,0.0,0.050000001826280074,-6.457190786089216,3.9658942222595215,-30.126670837402344
0.46,3,authority_test,5.0,5d8a6dda9c034943,0.0,286.06018533483996,0.00032945177517897757,0.003963972025147298,0.0,0.050000001826280074,-6.457190786089216,3.9658942222595215,-30.126670837402344
0.46,3,authority_test,5.0,6354b26bfd6b0d3b,0.0072727272727273196,286.06018533483996,0.00032945177517897757,0.003963972025147298,0.0,0.050000001826280074,-6.457190786089216,3.9658942222595215,-30.126670837402344
0.46,3,authority_test,5.0,663b72de42e74e86,0.008928571428571397,286.06018533483996,0.00032945177517897757,0.003963972025147298,0.0,0.050000001826280074,-6.457190786089216,3.9658942222595215,-30.126670837402344
0.46,3,authority_test,5.0,66eb648c6256c151,0.0,286.06018533483996,0.00032945177517897757,0.003963972025147298,0.0,0.050000001826280074,-6.457190786089216,3.9658942222595215,-30.126670837402344
0.46,3,authority_test,5.0,67f63c1627c03412,0.007518796992481258,286.06018533483996,0.00032945177517897757,0.003963972025147298,0.0,0.050000001826280074,-6.457190786089216,3.9658942222595215,-30.126670837402344
0.46,3,authority_test,5.0,6d1d8e613ece86e7,0.010152284263959421,286.06018533483996,0.00032945177517897757,0.003963972025147298,0.0,0.050000001826280074,-6.457190786089216,3.9658942222595215,-30.126670837402344
0.46,3,authority_test,5.0,6f3466b968e73ba3,0.008230452674897082,286.06018533483996,0.00032945177517897757,0.003963972025147298,0.0,0.050000001826280074,-6.457190786089216,3.9658942222595215,-30.126670837402344
0.46,3,authority_test,5.0,71fe74132803f26b,0.0,286.06018533483996,0.00032945177517897757,0.003963972025147298,0.0,0.050000001826280074,-6.457190786089216,3.9658942222595215,-30.126670837402344
0.46,3,authority_test,5.0,76825b753db42030,0.008849557522123908,286.06018533483996,0.00032945177517897757,0.003963972025147298,0.0,0.050000001826280074,-6.457190786089216,3.9658942222595215,-30.126670837402344
0.46,3,authority_test,5.0,78001bdfb89f1ad1,0.009433962264150941,286.06018533483996,0.00032945177517897757,0.003963972025147298,0.0,0.050000001826280074,-6.457190786089216,3.9658942222595215,-30.126670837402344
0.46,3,authority_test,5.0,7b925779bf22fd74,0.009433962264150941,286.06018533483996,0.00032945177517897757,0.003963972025147298,0.0,0.050000001826280074,-6.457190786089216,3.9658942222595215,-30.126670837402344
0.46,3,authority_test,5.0,7be724e7d2299999,0.008968609865470878,286.06018533483996,0.00032945177517897757,0.003963972025147298,0.0,0.050000001826280074,-6.457190786089216,3.9658942222595215,-30.126670837402344
0.46,3,authority_test,5.0,82da82d3e55219a5,0.0078125,286.06018533483996,0.00032945177517897757,0.003963972025147298,0.0,0.050000001826280074,-6.457190786089216,3.9658942222595215,-30.126670837402344
0.46,3,authority_test,5.0,8acfa77cf5234bd4,0.008510638297872353,286.06018533483996,0.00032945177517897757,0.003963972025147298,0.0,0.050000001826280074,-6.457190786089216,3.9658942222595215,-30.126670837402344
0.46,3,authority_test,5.0,9332a9cf5d92314a,0.009756097560975618,286.06018533483996,0.00032945177517897757,0.003963972025147298,0.0,0.050000001826280074,-6.457190786089216,3.9658942222595215,-30.126670837402344
0.46,3,authority_test,5.0,9f60113cec74b0ee,0.008547008547008517,286.06018533483996,0.00032945177517897757,0.003963972025147298,0.0,0.050000001826280074,-6.457190786089216,3.9658942222595215,-30.126670837402344
0.46,3,authority_test,5.0,a2f68f9c135648a0,0.0,286.06018533483996,0.00032945177517897757,0.003963972025147298,0.0,0.050000001826280074,-6.457190786089216,3.9658942222595215,-30.126670837402344
0.46,3,authority_test,5.0,a3ecb75bd15d05d8,0.0,286.06018533483996,0.00032945177517897757,0.003963972025147298,0.0,0.050000001826280074,-6.457190786089216,3.9658942222595215,-30.126670837402344
0.46,3,authority_test,5.0,a4a471e79162ce6a,0.008810572687224627,286.06018533483996,0.00032945177517897757,0.003963972025147298,0.0,0.050000001826280074,-6.457190786089216,3.9658942222595215,-30.126670837402344
0.46,3,authority_test,5.0,aa0070de67183c08,0.0,286.06018533483996,0.00032945177517897757,0.003963972025147298,0.0,0.050000001826280074,-6.457190786089216,3.9658942222595215,-30.126670837402344
0.46,3,authority_test,5.0,aa6bc6d9ff6d7768,0.0,286.06018533483996,0.00032945177517897757,0.003963972025147298,0.0,0.050000001826280074,-6.457190786089216,3.9658942222595215,-30.126670837402344
0.46,3,authority_test,5.0,acd5a3fd547677f6,0.010000000000000009,286.06018533483996,0.00032945177517897757,0.003963972025147298,0.0,0.050000001826280074,-6.457190786089216,3.9658942222595215,-30.126670837402344
0.46,3,authority_test,5.0,b5124e1b88000bd7,0.009009009009009028,286.06018533483996,0.00032945177517897757,0.003963972025147298,0.0,0.050000001826280074,-6.457190786089216,3.9658942222595215,-30.126670837402344
0.46,3,authority_test,5.0,b62f26029c55da5d,0.027027027027026973,286.06018533483996,0.00032945177517897757,0.003963972025147298,0.0,0.050000001826280074,-6.457190786089216,3.9658942222595215,-30.126670837402344
0.46,3,authority_test,5.0,b7036711cecf282e,0.010000000000000009,286.06018533483996,0.00032945177517897757,0.003963972025147298,0.0,0.050000001826280074,-6.457190786089216,3.9658942222595215,-30.126670837402344
0.46,3,authority_test,5.0,bc83dba623c24f83,0.0,286.06018533483996,0.00032945177517897757,0.003963972025147298,0.0,0.050000001826280074,-6.457190786089216,3.9658942222595215,-30.126670837402344
0.46,3,authority_test,5.0,bd981ed06e640944,0.008810572687224627,286.06018533483996,0.00032945177517897757,0.003963972025147298,0.0,0.050000001826280074,-6.457190786089216,3.9658942222595215,-30.126670837402344
0.46,3,authority_test,5.0,c0b0a6fd8196e526,0.0,286.06018533483996,0.00032945177517897757,0.003963972025147298,0.0,0.050000001826280074,-6.457190786089216,3.9658942222595215,-30.126670837402344
0.46,3,authority_test,5.0,c0da6f9a810ac96e,0.009433962264150941,286.06018533483996,0.00032945177517897757,0.003963972025147298,0.0,0.050000001826280074,-6.457190786089216,3.9658942222595215,-30.126670837402344
0.46,3,authority_test,5.0,c4e140c6b10a0649,0.00952380952380949,286.06018533483996,0.00032945177517897757,0.003963972025147298,0.0,0.050000001826280074,-6.457190786089216,3.9658942222595215,-30.126670837402344
0.46,3,authority_test,5.0,ceab4fde9bc557e9,0.0,286.06018533483996,0.00032945177517897757,0.003963972025147298,0.0,0.050000001826280074,-6.457190786089216,3.9658942222595215,-30.126670837402344
0.46,3,authority_test,5.0,cfd0baecd1304030,0.7083333333333333,286.06018533483996,0.00032945177517897757,0.003963972025147298,0.0,0.050000001826280074,-6.457190786089216,3.9658942222595215,-30.126670837402344
0.46,3,authority_test,5.0,d437bb99475d3d83,0.0,286.06018533483996,0.00032945177517897757,0.003963972025147298,0.0,0.050000001826280074,-6.457190786089216,3.9658942222595215,-30.126670837402344
0.46,3,authority_test,5.0,df593c445aa37cdd,0.008368200836820106,286.06018533483996,0.00032945177517897757,0.003963972025147298,0.0,0.050000001826280074,-6.457190786089216,3.9658942222595215,-30.126670837402344
0.46,3,authority_test,5.0,e0cbaf79c0d6e3eb,0.008510638297872353,286.06018533483996,0.00032945177517897757,0.003963972025147298,0.0,0.050000001826280074,-6.457190786089216,3.9658942222595215,-30.126670837402344
0.46,3,authority_test,5.0,e3664a91fc92d1d6,0.008695652173912993,286.06018533483996,0.00032945177517897757,0.003963972025147298,0.0,0.050000001826280074,-6.457190786089216,3.9658942222595215,-30.126670837402344
0.46,3,authority_test,5.0,e55575bab6cd051d,0.0080971659919028,286.06018533483996,0.00032945177517897757,0.003963972025147298,0.0,0.050000001826280074,-6.457190786089216,3.9658942222595215,-30.126670837402344
0.46,3,authority_test,5.0,eac6ec2b274f3fe8,0.009389671361502372,286.06018533483996,0.00032945177517897757,0.003963972025147298,0.0,0.050000001826280074,-6.457190786089216,3.9658942222595215,-30.126670837402344
0.46,3,authority_test,5.0,eb5cda6e1fe9f6b5,0.7083333333333333,286.06018533483996,0.00032945177517897757,0.003963972025147298,0.0,0.050000001826280074,-6.457190786089216,3.9658942222595215,-30.126670837402344
0.46,3,authority_test,5.0,ecbc64034f374904,1.0,286.06018533483996,0.00032945177517897757,0.003963972025147298,0.0,0.050000001826280074,-6.457190786089216,3.9658942222595215,-30.126670837402344
0.46,3,authority_test,5.0,f16d6af3f8b8b330,0.0,286.06018533483996,0.00032945177517897757,0.003963972025147298,0.0,0.050000001826280074,-6.457190786089216,3.9658942222595215,-30.126670837402344
0.46,3,authority_test,5.0,f2e24c35c5249c8b,0.008547008547008517,286.06018533483996,0.00032945177517897757,0.003963972025147298,0.0,0.050000001826280074,-6.457190786089216,3.9658942222595215,-30.126670837402344
0.46,3,stepwise_test,0.0,018ccdd70b67d50b,1.0,286.06018533483996,0.012607299062430596,0.025102416664876757,0.050000001798935156,0.05000000356303901,-2.1648940529142107,4.145277636391776,-26.32982063293457
0.46,3,stepwise_test,0.0,0545ede9161cd87b,0.0,286.06018533483996,0.012607299062430596,0.025102416664876757,0.050000001798935156,0.05000000356303901,-2.1648940529142107,4.145277636391776,-26.32982063293457
0.46,3,stepwise_test,0.0,0822110b214bf434,0.008928571428571397,286.06018533483996,0.012607299062430596,0.025102416664876757,0.050000001798935156,0.05000000356303901,-2.1648940529142107,4.145277636391776,-26.32982063293457
0.46,3,stepwise_test,0.0,0dbb1e13fa00f0f6,0.0,286.06018533483996,0.012607299062430596,0.025102416664876757,0.050000001798935156,0.05000000356303901,-2.1648940529142107,4.145277636391776,-26.32982063293457
0.46,3,stepwise_test,0.0,0e2ca3a9a1e8e218,0.0,286.06018533483996,0.012607299062430596,0.025102416664876757,0.050000001798935156,0.05000000356303901,-2.1648940529142107,4.145277636391776,-26.32982063293457
0.46,3,stepwise_test,0.0,101df2256aecf75b,1.0,286.06018533483996,0.012607299062430596,0.025102416664876757,0.050000001798935156,0.05000000356303901,-2.1648940529142107,4.145277636391776,-26.32982063293457
0.46,3,stepwise_test,0.0,1717ce53958590ba,0.009389671361502372,286.06018533483996,0.012607299062430596,0.025102416664876757,0.050000001798935156,0.05000000356303901,-2.1648940529142107,4.145277636391776,-26.32982063293457
0.46,3,stepwise_test,0.0,1868815d0a7c6716,1.0,286.06018533483996,0.012607299062430596,0.025102416664876757,0.050000001798935156,0.05000000356303901,-2.1648940529142107,4.145277636391776,-26.32982063293457
0.46,3,stepwise_test,0.0,1991ac094bc47b5a,0.0,286.06018533483996,0.012607299062430596,0.025102416664876757,0.050000001798935156,0.05000000356303901,-2.1648940529142107,4.145277636391776,-26.32982063293457
0.46,3,stepwise_test,0.0,1e9be34e7c154aee,0.0,286.06018533483996,0.012607299062430596,0.025102416664876757,0.050000001798935156,0.05000000356303901,-2.1648940529142107,4.145277636391776,-26.32982063293457
0.46,3,stepwise_test,0.0,245b8a2be8abc37e,0.008849557522123908,286.06018533483996,0.012607299062430596,0.025102416664876757,0.050000001798935156,0.05000000356303901,-2.1648940529142107,4.145277636391776,-26.32982063293457
0.46,3,stepwise_test,0.0,2982eb379acc1dcf,0.0,286.06018533483996,0.012607299062430596,0.025102416664876757,0.050000001798935156,0.05000000356303901,-2.1648940529142107,4.145277636391776,-26.32982063293457
0.46,3,stepwise_test,0.0,2a7630b9ddded8d5,1.0,286.06018533483996,0.012607299062430596,0.025102416664876757,0.050000001798935156,0.05000000356303901,-2.1648940529142107,4.145277636391776,-26.32982063293457
0.46,3,stepwise_test,0.0,3159f31edc896059,0.0,286.06018533483996,0.012607299062430596,0.025102416664876757,0.050000001798935156,0.05000000356303901,-2.1648940529142107,4.145277636391776,-26.32982063293457
0.46,3,stepwise_test,0.0,3605a51c50d5daa0,0.0,286.06018533483996,0.012607299062430596,0.025102416664876757,0.050000001798935156,0.05000000356303901,-2.1648940529142107,4.145277636391776,-26.32982063293457
0.46,3,stepwise_test,0.0,38e3fe88a50cb3ef,1.0,286.06018533483996,0.012607299062430596,0.025102416664876757,0.050000001798935156,0.05000000356303901,-2.1648940529142107,4.145277636391776,-26.32982063293457
0.46,3,stepwise_test,0.0,3a831f177b4c7882,0.0,286.06018533483996,0.012607299062430596,0.025102416664876757,0.050000001798935156,0.05000000356303901,-2.1648940529142107,4.145277636391776,-26.32982063293457
0.46,3,stepwise_test,0.0,41450c0e975a1c31,0.0,286.06018533483996,0.012607299062430596,0.025102416664876757,0.050000001798935156,0.05000000356303901,-2.1648940529142107,4.145277636391776,-26.32982063293457
0.46,3,stepwise_test,0.0,4381c0fb4c396040,0.0,286.06018533483996,0.012607299062430596,0.025102416664876757,0.050000001798935156,0.05000000356303901,-2.1648940529142107,4.145277636391776,-26.32982063293457
0.46,3,stepwise_test,0.0,44e03bc01ee3055a,0.0,286.06018533483996,0.012607299062430596,0.025102416664876757,0.050000001798935156,0.05000000356303901,-2.1648940529142107,4.145277636391776,-26.32982063293457
0.46,3,stepwise_test,0.0,47bf27669a8fa08a,0.008403361344537785,286.06018533483996,0.012607299062430596,0.025102416664876757,0.050000001798935156,0.05000000356303901,-2.1648940529142107,4.145277636391776,-26.32982063293457
0.46,3,stepwise_test,0.0,486ee1ca9e71adc6,0.0,286.06018533483996,0.012607299062430596,0.025102416664876757,0.050000001798935156,0.05000000356303901,-2.1648940529142107,4.145277636391776,-26.32982063293457
0.46,3,stepwise_test,0.0,4910c9193fca9a21,0.0,286.06018533483996,0.012607299062430596,0.025102416664876757,0.050000001798935156,0.05000000356303901,-2.1648940529142107,4.145277636391776,-26.32982063293457
0.46,3,stepwise_test,0.0,4a78cd4f429333ac,0.008968609865470878,286.06018533483996,0.012607299062430596,0.025102416664876757,0.050000001798935156,0.05000000356303901,-2.1648940529142107,4.145277636391776,-26.32982063293457
0.46,3,stepwise_test,0.0,4d3a619d3d16b595,1.0,286.06018533483996,0.012607299062430596,0.025102416664876757,0.050000001798935156,0.05000000356303901,-2.1648940529142107,4.145277636391776,-26.32982063293457
0.46,3,stepwise_test,0.0,4e12766ab5ee9a6f,0.0,286.06018533483996,0.012607299062430596,0.025102416664876757,0.050000001798935156,0.05000000356303901,-2.1648940529142107,4.145277636391776,-26.32982063293457
0.46,3,stepwise_test,0.0,5406f38bad958fff,0.0,286.06018533483996,0.012607299062430596,0.025102416664876757,0.050000001798935156,0.05000000356303901,-2.1648940529142107,4.145277636391776,-26.32982063293457
0.46,3,stepwise_test,0.0,5b6660299c28d21a,0.009708737864077666,286.06018533483996,0.012607299062430596,0.025102416664876757,0.050000001798935156,0.05000000356303901,-2.1648940529142107,4.145277636391776,-26.32982063293457
0.46,3,stepwise_test,0.0,5d8a6dda9c034943,0.0,286.06018533483996,0.012607299062430596,0.025102416664876757,0.050000001798935156,0.05000000356303901,-2.1648940529142107,4.145277636391776,-26.32982063293457
0.46,3,stepwise_test,0.0,6354b26bfd6b0d3b,0.0,286.06018533483996,0.012607299062430596,0.025102416664876757,0.050000001798935156,0.05000000356303901,-2.1648940529142107,4.145277636391776,-26.32982063293457
0.46,3,stepwise_test,0.0,663b72de42e74e86,0.0,286.06018533483996,0.012607299062430596,0.025102416664876757,0.050000001798935156,0.05000000356303901,-2.1648940529142107,4.145277636391776,-26.32982063293457
0.46,3,stepwise_test,0.0,66eb648c6256c151,0.0,286.06018533483996,0.012607299062430596,0.025102416664876757,0.050000001798935156,0.05000000356303901,-2.1648940529142107,4.145277636391776,-26.32982063293457
0.46,3,stepwise_test,0.0,67f63c1627c03412,0.008264462809917328,286.06018533483996,0.012607299062430596,0.025102416664876757,0.050000001798935156,0.05000000356303901,-2.1648940529142107,4.145277636391776,-26.32982063293457
0.46,3,stepwise_test,0.0,6d1d8e613ece86e7,0.0,286.06018533483996,0.012607299062430596,0.025102416664876757,0.050000001798935156,0.05000000356303901,-2.1648940529142107,4.145277636391776,-26.32982063293457
0.46,3,stepwise_test,0.0,6f3466b968e73ba3,0.009478672985781977,286.06018533483996,0.012607299062430596,0.025102416664876757,0.050000001798935156,0.05000000356303901,-2.1648940529142107,4.145277636391776,-26.32982063293457
0.46,3,stepwise_test,0.0,71fe74132803f26b,0.008733624454148492,286.06018533483996,0.012607299062430596,0.025102416664876757,0.050000001798935156,0.05000000356303901,-2.1648940529142107,4.145277636391776,-26.32982063293457
0.46,3,stepwise_test,0.0,76825b753db42030,1.0,286.06018533483996,0.012607299062430596,0.025102416664876757,0.050000001798935156,0.05000000356303901,-2.1648940529142107,4.145277636391776,-26.32982063293457
0.46,3,stepwise_test,0.0,78001bdfb89f1ad1,1.0,286.06018533483996,0.012607299062430596,0.025102416664876757,0.050000001798935156,0.05000000356303901,-2.1648940529142107,4.145277636391776,-26.32982063293457
0.46,3,stepwise_test,0.0,7b925779bf22fd74,0.008333333333333304,286.06018533483996,0.012607299062430596,0.025102416664876757,0.050000001798935156,0.05000000356303901,-2.1648940529142107,4.145277636391776,-26.32982063293457
0.46,3,stepwise_test,0.0,7be724e7d2299999,0.0,286.06018533483996,0.012607299062430596,0.025102416664876757,0.050000001798935156,0.05000000356303901,-2.1648940529142107,4.145277636391776,-26.32982063293457
0.46,3,stepwise_test,0.0,82da82d3e55219a5,0.02857142857142858,286.06018533483996,0.012607299062430596,0.025102416664876757,0.050000001798935156,0.05000000356303901,-2.1648940529142107,4.145277636391776,-26.32982063293457
0.46,3,stepwise_test,0.0,8acfa77cf5234bd4,0.0,286.06018533483996,0.012607299062430596,0.025102416664876757,0.050000001798935156,0.05000000356303901,-2.1648940529142107,4.145277636391776,-26.32982063293457
0.46,3,stepwise_test,0.0,9332a9cf5d92314a,0.0,286.06018533483996,0.012607299062430596,0.025102416664876757,0.050000001798935156,0.05000000356303901,-2.1648940529142107,4.145277636391776,-26.32982063293457
0.46,3,stepwise_test,0.0,9f60113cec74b0ee,0.008810572687224627,286.06018533483996,0.012607299062430596,0.025102416664876757,0.050000001798935156,0.05000000356303901,-2.1648940529142107,4.145277636391776,-26.32982063293457
0.46,3,stepwise_test,0.0,a2f68f9c135648a0,0.0,286.06018533483996,0.012607299062430596,0.025102416664876757,0.050000001798935156,0.05000000356303901,-2.1648940529142107,4.145277636391776,-26.32982063293457
0.46,3,stepwise_test,0.0,a3ecb75bd15d05d8,0.0,286.06018533483996,0.012607299062430596,0.025102416664876757,0.050000001798935156,0.05000000356303901,-2.1648940529142107,4.145277636391776,-26.32982063293457
0.46,3,stepwise_test,0.0,a4a471e79162ce6a,0.0,286.06018533483996,0.012607299062430596,0.025102416664876757,0.050000001798935156,0.05000000356303901,-2.1648940529142107,4.145277636391776,-26.32982063293457
0.46,3,stepwise_test,0.0,aa0070de67183c08,0.0,286.06018533483996,0.012607299062430596,0.025102416664876757,0.050000001798935156,0.05000000356303901,-2.1648940529142107,4.145277636391776,-26.32982063293457
0.46,3,stepwise_test,0.0,aa6bc6d9ff6d7768,1.0,286.06018533483996,0.012607299062430596,0.025102416664876757,0.050000001798935156,0.05000000356303901,-2.1648940529142107,4.145277636391776,-26.32982063293457
0.46,3,stepwise_test,0.0,acd5a3fd547677f6,0.0,286.06018533483996,0.012607299062430596,0.025102416664876757,0.050000001798935156,0.05000000356303901,-2.1648940529142107,4.145277636391776,-26.32982063293457
0.46,3,stepwise_test,0.0,b5124e1b88000bd7,0.0,286.06018533483996,0.012607299062430596,0.025102416664876757,0.050000001798935156,0.05000000356303901,-2.1648940529142107,4.145277636391776,-26.32982063293457
0.46,3,stepwise_test,0.0,b62f26029c55da5d,0.0,286.06018533483996,0.012607299062430596,0.025102416664876757,0.050000001798935156,0.05000000356303901,-2.1648940529142107,4.145277636391776,-26.32982063293457
0.46,3,stepwise_test,0.0,b7036711cecf282e,1.0,286.06018533483996,0.012607299062430596,0.025102416664876757,0.050000001798935156,0.05000000356303901,-2.1648940529142107,4.145277636391776,-26.32982063293457
0.46,3,stepwise_test,0.0,bc83dba623c24f83,0.0,286.06018533483996,0.012607299062430596,0.025102416664876757,0.050000001798935156,0.05000000356303901,-2.1648940529142107,4.145277636391776,-26.32982063293457
0.46,3,stepwise_test,0.0,bd981ed06e640944,0.0,286.06018533483996,0.012607299062430596,0.025102416664876757,0.050000001798935156,0.05000000356303901,-2.1648940529142107,4.145277636391776,-26.32982063293457
0.46,3,stepwise_test,0.0,c0b0a6fd8196e526,0.0,286.06018533483996,0.012607299062430596,0.025102416664876757,0.050000001798935156,0.05000000356303901,-2.1648940529142107,4.145277636391776,-26.32982063293457
0.46,3,stepwise_test,0.0,c0da6f9a810ac96e,0.0,286.06018533483996,0.012607299062430596,0.025102416664876757,0.050000001798935156,0.05000000356303901,-2.1648940529142107,4.145277636391776,-26.32982063293457
0.46,3,stepwise_test,0.0,c4e140c6b10a0649,0.0,286.06018533483996,0.012607299062430596,0.025102416664876757,0.050000001798935156,0.05000000356303901,-2.1648940529142107,4.145277636391776,-26.32982063293457
0.46,3,stepwise_test,0.0,ceab4fde9bc557e9,0.0,286.06018533483996,0.012607299062430596,0.025102416664876757,0.050000001798935156,0.05000000356303901,-2.1648940529142107,4.145277636391776,-26.32982063293457
0.46,3,stepwise_test,0.0,cfd0baecd1304030,0.0,286.06018533483996,0.012607299062430596,0.025102416664876757,0.050000001798935156,0.05000000356303901,-2.1648940529142107,4.145277636391776,-26.32982063293457
0.46,3,stepwise_test,0.0,d437bb99475d3d83,0.03448275862068961,286.06018533483996,0.012607299062430596,0.025102416664876757,0.050000001798935156,0.05000000356303901,-2.1648940529142107,4.145277636391776,-26.32982063293457
0.46,3,stepwise_test,0.0,df593c445aa37cdd,0.02777777777777779,286.06018533483996,0.012607299062430596,0.025102416664876757,0.050000001798935156,0.05000000356303901,-2.1648940529142107,4.145277636391776,-26.32982063293457
0.46,3,stepwise_test,0.0,e0cbaf79c0d6e3eb,0.02857142857142858,286.06018533483996,0.012607299062430596,0.025102416664876757,0.050000001798935156,0.05000000356303901,-2.1648940529142107,4.145277636391776,-26.32982063293457
0.46,3,stepwise_test,0.0,e3664a91fc92d1d6,0.0,286.06018533483996,0.012607299062430596,0.025102416664876757,0.050000001798935156,0.05000000356303901,-2.1648940529142107,4.145277636391776,-26.32982063293457
0.46,3,stepwise_test,0.0,e55575bab6cd051d,0.0,286.06018533483996,0.012607299062430596,0.025102416664876757,0.050000001798935156,0.05000000356303901,-2.1648940529142107,4.145277636391776,-26.32982063293457
0.46,3,stepwise_test,0.0,eac6ec2b274f3fe8,0.036036036036036,286.06018533483996,0.012607299062430596,0.025102416664876757,0.050000001798935156,0.05000000356303901,-2.1648940529142107,4.145277636391776,-26.32982063293457
0.46,3,stepwise_test,0.0,eb5cda6e1fe9f6b5,0.00995024875621886,286.06018533483996,0.012607299062430596,0.025102416664876757,0.050000001798935156,0.05000000356303901,-2.1648940529142107,4.145277636391776,-26.32982063293457
0.46,3,stepwise_test,0.0,ecbc64034f374904,1.0,286.06018533483996,0.012607299062430596,0.025102416664876757,0.050000001798935156,0.05000000356303901,-2.1648940529142107,4.145277636391776,-26.32982063293457
0.46,3,stepwise_test,0.0,f16d6af3f8b8b330,1.0,286.06018533483996,0.012607299062430596,0.025102416664876757,0.050000001798935156,0.05000000356303901,-2.1648940529142107,4.145277636391776,-26.32982063293457
0.46,3,stepwise_test,0.0,f2e24c35c5249c8b,0.0,286.06018533483996,0.012607299062430596,0.025102416664876757,0.050000001798935156,0.05000000356303901,-2.1648940529142107,4.145277636391776,-26.32982063293457
0.46,3,stepwise_test,2.0,018ccdd70b67d50b,0.011049723756906049,286.06018533483996,0.005567012056012756,0.016676153979324402,0.0500000011975151,0.0500000035081744,-4.01540698323931,4.019930124282837,-27.848560333251953
0.46,3,stepwise_test,2.0,0545ede9161cd87b,0.0,286.06018533483996,0.005567012056012756,0.016676153979324402,0.0500000011975151,0.0500000035081744,-4.01540698323931,4.019930124282837,-27.848560333251953
0.46,3,stepwise_test,2.0,0822110b214bf434,0.009389671361502372,286.06018533483996,0.005567012056012756,0.016676153979324402,0.0500000011975151,0.0500000035081744,-4.01540698323931,4.019930124282837,-27.848560333251953
0.46,3,stepwise_test,2.0,0dbb1e13fa00f0f6,0.0,286.06018533483996,0.005567012056012756,0.016676153979324402,0.0500000011975151,0.0500000035081744,-4.01540698323931,4.019930124282837,-27.848560333251953
0.46,3,stepwise_test,2.0,0e2ca3a9a1e8e218,0.0,286.06018533483996,0.005567012056012756,0.016676153979324402,0.0500000011975151,0.0500000035081744,-4.01540698323931,4.019930124282837,-27.848560333251953
0.46,3,stepwise_test,2.0,101df2256aecf75b,0.0,286.06018533483996,0.005567012056012756,0.016676153979324402,0.0500000011975151,0.0500000035081744,-4.01540698323931,4.019930124282837,-27.848560333251953
0.46,3,stepwise_test,2.0,1717ce53958590ba,0.009803921568627416,286.06018533483996,0.005567012056012756,0.016676153979324402,0.0500000011975151,0.0500000035081744,-4.01540698323931,4.019930124282837,-27.848560333251953
0.46,3,stepwise_test,2.0,1868815d0a7c6716,0.008130081300813052,286.06018533483996,0.005567012056012756,0.016676153979324402,0.0500000011975151,0.0500000035081744,-4.01540698323931,4.019930124282837,-27.848560333251953
0.46,3,stepwise_test,2.0,1991ac094bc47b5a,0.0,286.06018533483996,0.005567012056012756,0.016676153979324402,0.0500000011975151,0.0500000035081744,-4.01540698323931,4.019930124282837,-27.848560333251953
0.46,3,stepwise_test,2.0,1e9be34e7c154aee,0.0,286.06018533483996,0.005567012056012756,0.016676153979324402,0.0500000011975151,0.0500000035081744,-4.01540698323931,4.019930124282837,-27.848560333251953
0.46,3,stepwise_test,2.0,245b8a2be8abc37e,0.01005025125628145,286.06018533483996,0.005567012056012756,0.016676153979324402,0.0500000011975151,0.0500000035081744,-4.01540698323931,4.019930124282837,-27.848560333251953
0.46,3,stepwise_test,2.0,2982eb379acc1dcf,0.0,286.06018533483996,0.005567012056012756,0.016676153979324402,0.0500000011975151,0.0500000035081744,-4.01540698323931,4.019930124282837,-27.848560333251953
0.46,3,stepwise_test,2.0,2a7630b9ddded8d5,0.0,286.06018533483996,0.005567012056012756,0.016676153979324402,0.0500000011975151,0.0500000035081744,-4.01540698323931,4.019930124282837,-27.848560333251953
0.46,3,stepwise_test,2.0,3159f31edc896059,0.0,286.06018533483996,0.005567012056012756,0.016676153979324402,0.0500000011975151,0.0500000035081744,-4.01540698323931,4.019930124282837,-27.848560333251953
0.46,3,stepwise_test,2.0,3605a51c50d5daa0,0.0,286.06018533483996,0.005567012056012756,0.016676153979324402,0.0500000011975151,0.0500000035081744,-4.01540698323931,4.019930124282837,-27.848560333251953
0.46,3,stepwise_test,2.0,38e3fe88a50cb3ef,0.0,286.06018533483996,0.005567012056012756,0.016676153979324402,0.0500000011975151,0.0500000035081744,-4.01540698323931,4.019930124282837,-27.848560333251953
0.46,3,stepwise_test,2.0,3a831f177b4c7882,0.0,286.06018533483996,0.005567012056012756,0.016676153979324402,0.0500000011975151,0.0500000035081744,-4.01540698323931,4.019930124282837,-27.848560333251953
0.46,3,stepwise_test,2.0,41450c0e975a1c31,0.0,286.06018533483996,0.005567012056012756,0.016676153979324402,0.0500000011975151,0.0500000035081744,-4.01540698323931,4.019930124282837,-27.848560333251953
0.46,3,stepwise_test,2.0,4381c0fb4c396040,0.0,286.06018533483996,0.005567012056012756,0.016676153979324402,0.0500000011975151,0.0500000035081744,-4.01540698323931,4.019930124282837,-27.848560333251953
0.46,3,stepwise_test,2.0,44e03bc01ee3055a,0.0,286.06018533483996,0.005567012056012756,0.016676153979324402,0.0500000011975151,0.0500000035081744,-4.01540698323931,4.019930124282837,-27.848560333251953
0.46,3,stepwise_test,2.0,47bf27669a8fa08a,0.018181818181818188,286.06018533483996,0.005567012056012756,0.016676153979324402,0.0500000011975151,0.0500000035081744,-4.01540698323931,4.019930124282837,-27.848560333251953
0.46,3,stepwise_test,2.0,486ee1ca9e71adc6,0.0,286.06018533483996,0.005567012056012756,0.016676153979324402,0.0500000011975151,0.0500000035081744,-4.01540698323931,4.019930124282837,-27.848560333251953
0.46,3,stepwise_test,2.0,4910c9193fca9a21,0.0,286.06018533483996,0.005567012056012756,0.016676153979324402,0.0500000011975151,0.0500000035081744,-4.01540698323931,4.019930124282837,-27.848560333251953
0.46,3,stepwise_test,2.0,4a78cd4f429333ac,0.008849557522123908,286.06018533483996,0.005567012056012756,0.016676153979324402,0.0500000011975151,0.0500000035081744,-4.01540698323931,4.019930124282837,-27.848560333251953
0.46,3,stepwise_test,2.0,4d3a619d3d16b595,0.0,286.06018533483996,0.005567012056012756,0.016676153979324402,0.0500000011975151,0.0500000035081744,-4.01540698323931,4.019930124282837,-27.848560333251953
0.46,3,stepwise_test,2.0,4e12766ab5ee9a6f,0.0,286.06018533483996,0.005567012056012756,0.016676153979324402,0.0500000011975151,0.0500000035081744,-4.01540698323931,4.019930124282837,-27.848560333251953
0.46,3,stepwise_test,2.0,5406f38bad958fff,0.0,286.06018533483996,0.005567012056012756,0.016676153979324402,0.0500000011975151,0.0500000035081744,-4.01540698323931,4.019930124282837,-27.848560333251953
0.46,3,stepwise_test,2.0,5b6660299c28d21a,0.009708737864077666,286.06018533483996,0.005567012056012756,0.016676153979324402,0.0500000011975151,0.0500000035081744,-4.01540698323931,4.019930124282837,-27.848560333251953
0.46,3,stepwise_test,2.0,5d8a6dda9c034943,0.0,286.06018533483996,0.005567012056012756,0.016676153979324402,0.0500000011975151,0.0500000035081744,-4.01540698323931,4.019930124282837,-27.848560333251953
0.46,3,stepwise_test,2.0,6354b26bfd6b0d3b,0.0,286.06018533483996,0.005567012056012756,0.016676153979324402,0.0500000011975151,0.0500000035081744,-4.01540698323931,4.019930124282837,-27.848560333251953
0.46,3,stepwise_test,2.0,663b72de42e74e86,0.0,286.06018533483996,0.005567012056012756,0.016676153979324402,0.0500000011975151,0.0500000035081744,-4.01540698323931,4.019930124282837,-27.848560333251953
0.46,3,stepwise_test,2.0,66eb648c6256c151,0.0,286.06018533483996,0.005567012056012756,0.016676153979324402,0.0500000011975151,0.0500000035081744,-4.01540698323931,4.019930124282837,-27.848560333251953
0.46,3,stepwise_test,2.0,67f63c1627c03412,0.008264462809917328,286.06018533483996,0.005567012056012756,0.016676153979324402,0.0500000011975151,0.0500000035081744,-4.01540698323931,4.019930124282837,-27.848560333251953
0.46,3,stepwise_test,2.0,6d1d8e613ece86e7,0.0,286.06018533483996,0.005567012056012756,0.016676153979324402,0.0500000011975151,0.0500000035081744,-4.01540698323931,4.019930124282837,-27.848560333251953
0.46,3,stepwise_test,2.0,6f3466b968e73ba3,0.00917431192660545,286.06018533483996,0.005567012056012756,0.016676153979324402,0.0500000011975151,0.0500000035081744,-4.01540698323931,4.019930124282837,-27.848560333251953
0.46,3,stepwise_test,2.0,71fe74132803f26b,0.0,286.06018533483996,0.005567012056012756,0.016676153979324402,0.0500000011975151,0.0500000035081744,-4.01540698323931,4.019930124282837,-27.848560333251953
0.46,3,stepwise_test,2.0,76825b753db42030,0.0,286.06018533483996,0.005567012056012756,0.016676153979324402,0.0500000011975151,0.0500000035081744,-4.01540698323931,4.019930124282837,-27.848560333251953
0.46,3,stepwise_test,2.0,78001bdfb89f1ad1,0.0,286.06018533483996,0.005567012056012756,0.016676153979324402,0.0500000011975151,0.0500000035081744,-4.01540698323931,4.019930124282837,-27.848560333251953
0.46,3,stepwise_test,2.0,7b925779bf22fd74,0.008849557522123908,286.06018533483996,0.005567012056012756,0.016676153979324402,0.0500000011975151,0.0500000035081744,-4.01540698323931,4.019930124282837,-27.848560333251953
0.46,3,stepwise_test,2.0,7be724e7d2299999,0.01041666666666663,286.06018533483996,0.005567012056012756,0.016676153979324402,0.0500000011975151,0.0500000035081744,-4.01540698323931,4.019930124282837,-27.848560333251953
0.46,3,stepwise_test,2.0,82da82d3e55219a5,0.02941176470588236,286.06018533483996,0.005567012056012756,0.016676153979324402,0.0500000011975151,0.0500000035081744,-4.01540698323931,4.019930124282837,-27.848560333251953
0.46,3,stepwise_test,2.0,8acfa77cf5234bd4,0.0,286.06018533483996,0.005567012056012756,0.016676153979324402,0.0500000011975151,0.0500000035081744,-4.01540698323931,4.019930124282837,-27.848560333251953
0.46,3,stepwise_test,2.0,9332a9cf5d92314a,0.0,286.06018533483996,0.005567012056012756,0.016676153979324402,0.0500000011975151,0.0500000035081744,-4.01540698323931,4.019930124282837,-27.848560333251953
0.46,3,stepwise_test,2.0,9f60113cec74b0ee,0.0,286.06018533483996,0.005567012056012756,0.016676153979324402,0.0500000011975151,0.0500000035081744,-4.01540698323931,4.019930124282837,-27.848560333251953
0.46,3,stepwise_test,2.0,a2f68f9c135648a0,0.0,286.06018533483996,0.005567012056012756,0.016676153979324402,0.0500000011975151,0.0500000035081744,-4.01540698323931,4.019930124282837,-27.848560333251953
0.46,3,stepwise_test,2.0,a3ecb75bd15d05d8,0.0,286.06018533483996,0.005567012056012756,0.016676153979324402,0.0500000011975151,0.0500000035081744,-4.01540698323931,4.019930124282837,-27.848560333251953
0.46,3,stepwise_test,2.0,a4a471e79162ce6a,0.0,286.06018533483996,0.005567012056012756,0.016676153979324402,0.0500000011975151,0.0500000035081744,-4.01540698323931,4.019930124282837,-27.848560333251953
0.46,3,stepwise_test,2.0,aa0070de67183c08,0.0,286.06018533483996,0.005567012056012756,0.016676153979324402,0.0500000011975151,0.0500000035081744,-4.01540698323931,4.019930124282837,-27.848560333251953
0.46,3,stepwise_test,2.0,aa6bc6d9ff6d7768,0.0,286.06018533483996,0.005567012056012756,0.016676153979324402,0.0500000011975151,0.0500000035081744,-4.01540698323931,4.019930124282837,-27.848560333251953
0.46,3,stepwise_test,2.0,acd5a3fd547677f6,0.0,286.06018533483996,0.005567012056012756,0.016676153979324402,0.0500000011975151,0.0500000035081744,-4.01540698323931,4.019930124282837,-27.848560333251953
0.46,3,stepwise_test,2.0,b5124e1b88000bd7,0.0,286.06018533483996,0.005567012056012756,0.016676153979324402,0.0500000011975151,0.0500000035081744,-4.01540698323931,4.019930124282837,-27.848560333251953
0.46,3,stepwise_test,2.0,b62f26029c55da5d,0.0,286.06018533483996,0.005567012056012756,0.016676153979324402,0.0500000011975151,0.0500000035081744,-4.01540698323931,4.019930124282837,-27.848560333251953
0.46,3,stepwise_test,2.0,b7036711cecf282e,0.008968609865470878,286.06018533483996,0.005567012056012756,0.016676153979324402,0.0500000011975151,0.0500000035081744,-4.01540698323931,4.019930124282837,-27.848560333251953
0.46,3,stepwise_test,2.0,bc83dba623c24f83,0.008888888888888835,286.06018533483996,0.005567012056012756,0.016676153979324402,0.0500000011975151,0.0500000035081744,-4.01540698323931,4.019930124282837,-27.848560333251953
0.46,3,stepwise_test,2.0,bd981ed06e640944,0.0,286.06018533483996,0.005567012056012756,0.016676153979324402,0.0500000011975151,0.0500000035081744,-4.01540698323931,4.019930124282837,-27.848560333251953
0.46,3,stepwise_test,2.0,c0b0a6fd8196e526,0.0,286.06018533483996,0.005567012056012756,0.016676153979324402,0.0500000011975151,0.0500000035081744,-4.01540698323931,4.019930124282837,-27.848560333251953
0.46,3,stepwise_test,2.0,c0da6f9a810ac96e,0.0,286.06018533483996,0.005567012056012756,0.016676153979324402,0.0500000011975151,0.0500000035081744,-4.01540698323931,4.019930124282837,-27.848560333251953
0.46,3,stepwise_test,2.0,c4e140c6b10a0649,0.0,286.06018533483996,0.005567012056012756,0.016676153979324402,0.0500000011975151,0.0500000035081744,-4.01540698323931,4.019930124282837,-27.848560333251953
0.46,3,stepwise_test,2.0,ceab4fde9bc557e9,0.0,286.06018533483996,0.005567012056012756,0.016676153979324402,0.0500000011975151,0.0500000035081744,-4.01540698323931,4.019930124282837,-27.848560333251953
0.46,3,stepwise_test,2.0,cfd0baecd1304030,0.0,286.06018533483996,0.005567012056012756,0.016676153979324402,0.0500000011975151,0.0500000035081744,-4.01540698323931,4.019930124282837,-27.848560333251953
0.46,3,stepwise_test,2.0,d437bb99475d3d83,0.0,286.06018533483996,0.005567012056012756,0.016676153979324402,0.0500000011975151,0.0500000035081744,-4.01540698323931,4.019930124282837,-27.848560333251953
0.46,3,stepwise_test,2.0,df593c445aa37cdd,0.0,286.06018533483996,0.005567012056012756,0.016676153979324402,0.0500000011975151,0.0500000035081744,-4.01540698323931,4.019930124282837,-27.848560333251953
0.46,3,stepwise_test,2.0,e0cbaf79c0d6e3eb,0.0,286.06018533483996,0.005567012056012756,0.016676153979324402,0.0500000011975151,0.0500000035081744,-4.01540698323931,4.019930124282837,-27.848560333251953
0.46,3,stepwise_test,2.0,e3664a91fc92d1d6,0.0,286.06018533483996,0.005567012056012756,0.016676153979324402,0.0500000011975151,0.0500000035081744,-4.01540698323931,4.019930124282837,-27.848560333251953
0.46,3,stepwise_test,2.0,e55575bab6cd051d,0.0,286.06018533483996,0.005567012056012756,0.016676153979324402,0.0500000011975151,0.0500000035081744,-4.01540698323931,4.019930124282837,-27.848560333251953
0.46,3,stepwise_test,2.0,eac6ec2b274f3fe8,0.00952380952380949,286.06018533483996,0.005567012056012756,0.016676153979324402,0.0500000011975151,0.0500000035081744,-4.01540698323931,4.019930124282837,-27.848560333251953
0.46,3,stepwise_test,2.0,eb5cda6e1fe9f6b5,0.009569377990430672,286.06018533483996,0.005567012056012756,0.016676153979324402,0.0500000011975151,0.0500000035081744,-4.01540698323931,4.019930124282837,-27.848560333251953
0.46,3,stepwise_test,2.0,ecbc64034f374904,0.0,286.06018533483996,0.005567012056012756,0.016676153979324402,0.0500000011975151,0.0500000035081744,-4.01540698323931,4.019930124282837,-27.848560333251953
0.46,3,stepwise_test,2.0,f16d6af3f8b8b330,0.008849557522123908,286.06018533483996,0.005567012056012756,0.016676153979324402,0.0500000011975151,0.0500000035081744,-4.01540698323931,4.019930124282837,-27.848560333251953
0.46,3,stepwise_test,2.0,f2e24c35c5249c8b,0.0,286.06018533483996,0.005567012056012756,0.016676153979324402,0.0500000011975151,0.0500000035081744,-4.01540698323931,4.019930124282837,-27.848560333251953
0.46,3,stepwise_test,5.0,018ccdd70b67d50b,0.009433962264150941,286.06018533483996,1.3237727523568506e-05,0.000434826294582939,0.0,0.014285714280793943,-6.871202332632882,3.8934157575879778,-30.126670837402344
0.46,3,stepwise_test,5.0,0545ede9161cd87b,0.0,286.06018533483996,1.3237727523568506e-05,0.000434826294582939,0.0,0.014285714280793943,-6.871202332632882,3.8934157575879778,-30.126670837402344
0.46,3,stepwise_test,5.0,0822110b214bf434,0.010695187165775444,286.06018533483996,1.3237727523568506e-05,0.000434826294582939,0.0,0.014285714280793943,-6.871202332632882,3.8934157575879778,-30.126670837402344
0.46,3,stepwise_test,5.0,0dbb1e13fa00f0f6,0.0,286.06018533483996,1.3237727523568506e-05,0.000434826294582939,0.0,0.014285714280793943,-6.871202332632882,3.8934157575879778,-30.126670837402344
0.46,3,stepwise_test,5.0,0e2ca3a9a1e8e218,0.0,286.06018533483996,1.3237727523568506e-05,0.000434826294582939,0.0,0.014285714280793943,-6.871202332632882,3.8934157575879778,-30.126670837402344
0.46,3,stepwise_test,5.0,101df2256aecf75b,0.0,286.06018533483996,1.3237727523568506e-05,0.000434826294582939,0.0,0.014285714280793943,-6.871202332632882,3.8934157575879778,-30.126670837402344
0.46,3,stepwise_test,5.0,1717ce53958590ba,0.01005025125628145,286.06018533483996,1.3237727523568506e-05,0.000434826294582939,0.0,0.014285714280793943,-6.871202332632882,3.8934157575879778,-30.126670837402344
0.46,3,stepwise_test,5.0,1868815d0a7c6716,0.0,286.06018533483996,1.3237727523568506e-05,0.000434826294582939,0.0,0.014285714280793943,-6.871202332632882,3.8934157575879778,-30.126670837402344
0.46,3,stepwise_test,5.0,1991ac094bc47b5a,0.00952380952380949,286.06018533483996,1.3237727523568506e-05,0.000434826294582939,0.0,0.014285714280793943,-6.871202332632882,3.8934157575879778,-30.126670837402344
0.46,3,stepwise_test,5.0,1e9be34e7c154aee,0.0,286.06018533483996,1.3237727523568506e-05,0.000434826294582939,0.0,0.014285714280793943,-6.871202332632882,3.8934157575879778,-30.126670837402344
0.46,3,stepwise_test,5.0,245b8a2be8abc37e,0.010526315789473717,286.06018533483996,1.3237727523568506e-05,0.000434826294582939,0.0,0.014285714280793943,-6.871202332632882,3.8934157575879778,-30.126670837402344
0.46,3,stepwise_test,5.0,2982eb379acc1dcf,0.0,286.06018533483996,1.3237727523568506e-05,0.000434826294582939,0.0,0.014285714280793943,-6.871202332632882,3.8934157575879778,-30.126670837402344
0.46,3,stepwise_test,5.0,2a7630b9ddded8d5,0.0,286.06018533483996,1.3237727523568506e-05,0.000434826294582939,0.0,0.014285714280793943,-6.871202332632882,3.8934157575879778,-30.126670837402344
0.46,3,stepwise_test,5.0,3159f31edc896059,0.0,286.06018533483996,1.3237727523568506e-05,0.000434826294582939,0.0,0.014285714280793943,-6.871202332632882,3.8934157575879778,-30.126670837402344
0.46,3,stepwise_test,5.0,3605a51c50d5daa0,0.0,286.06018533483996,1.3237727523568506e-05,0.000434826294582939,0.0,0.014285714280793943,-6.871202332632882,3.8934157575879778,-30.126670837402344
0.46,3,stepwise_test,5.0,38e3fe88a50cb3ef,0.0,286.06018533483996,1.3237727523568506e-05,0.000434826294582939,0.0,0.014285714280793943,-6.871202332632882,3.8934157575879778,-30.126670837402344
0.46,3,stepwise_test,5.0,3a831f177b4c7882,0.0,286.06018533483996,1.3237727523568506e-05,0.000434826294582939,0.0,0.014285714280793943,-6.871202332632882,3.8934157575879778,-30.126670837402344
0.46,3,stepwise_test,5.0,41450c0e975a1c31,0.0,286.06018533483996,1.3237727523568506e-05,0.000434826294582939,0.0,0.014285714280793943,-6.871202332632882,3.8934157575879778,-30.126670837402344
0.46,3,stepwise_test,5.0,4381c0fb4c396040,0.0,286.06018533483996,1.3237727523568506e-05,0.000434826294582939,0.0,0.014285714280793943,-6.871202332632882,3.8934157575879778,-30.126670837402344
0.46,3,stepwise_test,5.0,44e03bc01ee3055a,0.0,286.06018533483996,1.3237727523568506e-05,0.000434826294582939,0.0,0.014285714280793943,-6.871202332632882,3.8934157575879778,-30.126670837402344
0.46,3,stepwise_test,5.0,47bf27669a8fa08a,0.020942408376963373,286.06018533483996,1.3237727523568506e-05,0.000434826294582939,0.0,0.014285714280793943,-6.871202332632882,3.8934157575879778,-30.126670837402344
0.46,3,stepwise_test,5.0,486ee1ca9e71adc6,0.0,286.06018533483996,1.3237727523568506e-05,0.000434826294582939,0.0,0.014285714280793943,-6.871202332632882,3.8934157575879778,-30.126670837402344
0.46,3,stepwise_test,5.0,4910c9193fca9a21,0.0,286.06018533483996,1.3237727523568506e-05,0.000434826294582939,0.0,0.014285714280793943,-6.871202332632882,3.8934157575879778,-30.126670837402344
0.46,3,stepwise_test,5.0,4a78cd4f429333ac,0.008583690987124415,286.06018533483996,1.3237727523568506e-05,0.000434826294582939,0.0,0.014285714280793943,-6.871202332632882,3.8934157575879778,-30.126670837402344
0.46,3,stepwise_test,5.0,4d3a619d3d16b595,0.0,286.06018533483996,1.3237727523568506e-05,0.000434826294582939,0.0,0.014285714280793943,-6.871202332632882,3.8934157575879778,-30.126670837402344
0.46,3,stepwise_test,5.0,4e12766ab5ee9a6f,0.0,286.06018533483996,1.3237727523568506e-05,0.000434826294582939,0.0,0.014285714280793943,-6.871202332632882,3.8934157575879778,-30.126670837402344
0.46,3,stepwise_test,5.0,5406f38bad958fff,0.0,286.06018533483996,1.3237727523568506e-05,0.000434826294582939,0.0,0.014285714280793943,-6.871202332632882,3.8934157575879778,-30.126670837402344
0.46,3,stepwise_test,5.0,5b6660299c28d21a,0.009756097560975618,286.06018533483996,1.3237727523568506e-05,0.000434826294582939,0.0,0.014285714280793943,-6.871202332632882,3.8934157575879778,-30.126670837402344
0.46,3,stepwise_test,5.0,5d8a6dda9c034943,0.0,286.06018533483996,1.3237727523568506e-05,0.000434826294582939,0.0,0.014285714280793943,-6.871202332632882,3.8934157575879778,-30.126670837402344
0.46,3,stepwise_test,5.0,6354b26bfd6b0d3b,0.0,286.06018533483996,1.3237727523568506e-05,0.000434826294582939,0.0,0.014285714280793943,-6.871202332632882,3.8934157575879778,-30.126670837402344
0.46,3,stepwise_test,5.0,663b72de42e74e86,0.0,286.06018533483996,1.3237727523568506e-05,0.000434826294582939,0.0,0.014285714280793943,-6.871202332632882,3.8934157575879778,-30.126670837402344
0.46,3,stepwise_test,5.0,66eb648c6256c151,0.0,286.06018533483996,1.3237727523568506e-05,0.000434826294582939,0.0,0.014285714280793943,-6.871202332632882,3.8934157575879778,-30.126670837402344
0.46,3,stepwise_test,5.0,67f63c1627c03412,0.012499999999999956,286.06018533483996,1.3237727523568506e-05,0.000434826294582939,0.0,0.014285714280793943,-6.871202332632882,3.8934157575879778,-30.126670837402344
0.46,3,stepwise_test,5.0,6d1d8e613ece86e7,0.0,286.06018533483996,1.3237727523568506e-05,0.000434826294582939,0.0,0.014285714280793943,-6.871202332632882,3.8934157575879778,-30.126670837402344
0.46,3,stepwise_test,5.0,6f3466b968e73ba3,0.009302325581395321,286.06018533483996,1.3237727523568506e-05,0.000434826294582939,0.0,0.014285714280793943,-6.871202332632882,3.8934157575879778,-30.126670837402344
0.46,3,stepwise_test,5.0,71fe74132803f26b,0.0,286.06018533483996,1.3237727523568506e-05,0.000434826294582939,0.0,0.014285714280793943,-6.871202332632882,3.8934157575879778,-30.126670837402344
0.46,3,stepwise_test,5.0,76825b753db42030,0.0,286.06018533483996,1.3237727523568506e-05,0.000434826294582939,0.0,0.014285714280793943,-6.871202332632882,3.8934157575879778,-30.126670837402344
0.46,3,stepwise_test,5.0,78001bdfb89f1ad1,0.0,286.06018533483996,1.3237727523568506e-05,0.000434826294582939,0.0,0.014285714280793943,-6.871202332632882,3.8934157575879778,-30.126670837402344
0.46,3,stepwise_test,5.0,7b925779bf22fd74,0.00877192982456143,286.06018533483996,1.3237727523568506e-05,0.000434826294582939,0.0,0.014285714280793943,-6.871202332632882,3.8934157575879778,-30.126670837402344
0.46,3,stepwise_test,5.0,7be724e7d2299999,0.011560693641618491,286.06018533483996,1.3237727523568506e-05,0.000434826294582939,0.0,0.014285714280793943,-6.871202332632882,3.8934157575879778,-30.126670837402344
0.46,3,stepwise_test,5.0,82da82d3e55219a5,0.0,286.06018533483996,1.3237727523568506e-05,0.000434826294582939,0.0,0.014285714280793943,-6.871202332632882,3.8934157575879778,-30.126670837402344
0.46,3,stepwise_test,5.0,8acfa77cf5234bd4,0.0,286.06018533483996,1.3237727523568506e-05,0.000434826294582939,0.0,0.014285714280793943,-6.871202332632882,3.8934157575879778,-30.126670837402344
0.46,3,stepwise_test,5.0,9332a9cf5d92314a,0.0,286.06018533483996,1.3237727523568506e-05,0.000434826294582939,0.0,0.014285714280793943,-6.871202332632882,3.8934157575879778,-30.126670837402344
0.46,3,stepwise_test,5.0,9f60113cec74b0ee,0.0,286.06018533483996,1.3237727523568506e-05,0.000434826294582939,0.0,0.014285714280793943,-6.871202332632882,3.8934157575879778,-30.126670837402344
0.46,3,stepwise_test,5.0,a2f68f9c135648a0,0.0,286.06018533483996,1.3237727523568506e-05,0.000434826294582939,0.0,0.014285714280793943,-6.871202332632882,3.8934157575879778,-30.126670837402344
0.46,3,stepwise_test,5.0,a3ecb75bd15d05d8,0.0,286.06018533483996,1.3237727523568506e-05,0.000434826294582939,0.0,0.014285714280793943,-6.871202332632882,3.8934157575879778,-30.126670837402344
0.46,3,stepwise_test,5.0,a4a471e79162ce6a,0.0,286.06018533483996,1.3237727523568506e-05,0.000434826294582939,0.0,0.014285714280793943,-6.871202332632882,3.8934157575879778,-30.126670837402344
0.46,3,stepwise_test,5.0,aa0070de67183c08,0.0,286.06018533483996,1.3237727523568506e-05,0.000434826294582939,0.0,0.014285714280793943,-6.871202332632882,3.8934157575879778,-30.126670837402344
0.46,3,stepwise_test,5.0,aa6bc6d9ff6d7768,0.009049773755656076,286.06018533483996,1.3237727523568506e-05,0.000434826294582939,0.0,0.014285714280793943,-6.871202332632882,3.8934157575879778,-30.126670837402344
0.46,3,stepwise_test,5.0,acd5a3fd547677f6,0.0,286.06018533483996,1.3237727523568506e-05,0.000434826294582939,0.0,0.014285714280793943,-6.871202332632882,3.8934157575879778,-30.126670837402344
0.46,3,stepwise_test,5.0,b5124e1b88000bd7,0.0,286.06018533483996,1.3237727523568506e-05,0.000434826294582939,0.0,0.014285714280793943,-6.871202332632882,3.8934157575879778,-30.126670837402344
0.46,3,stepwise_test,5.0,b62f26029c55da5d,0.0,286.06018533483996,1.3237727523568506e-05,0.000434826294582939,0.0,0.014285714280793943,-6.871202332632882,3.8934157575879778,-30.126670837402344
0.46,3,stepwise_test,5.0,b7036711cecf282e,0.009433962264150941,286.06018533483996,1.3237727523568506e-05,0.000434826294582939,0.0,0.014285714280793943,-6.871202332632882,3.8934157575879778,-30.126670837402344
0.46,3,stepwise_test,5.0,bc83dba623c24f83,0.0,286.06018533483996,1.3237727523568506e-05,0.000434826294582939,0.0,0.014285714280793943,-6.871202332632882,3.8934157575879778,-30.126670837402344
0.46,3,stepwise_test,5.0,bd981ed06e640944,0.009090909090909038,286.06018533483996,1.3237727523568506e-05,0.000434826294582939,0.0,0.014285714280793943,-6.871202332632882,3.8934157575879778,-30.126670837402344
0.46,3,stepwise_test,5.0,c0b0a6fd8196e526,0.0,286.06018533483996,1.3237727523568506e-05,0.000434826294582939,0.0,0.014285714280793943,-6.871202332632882,3.8934157575879778,-30.126670837402344
0.46,3,stepwise_test,5.0,c0da6f9a810ac96e,0.0,286.06018533483996,1.3237727523568506e-05,0.000434826294582939,0.0,0.014285714280793943,-6.871202332632882,3.8934157575879778,-30.126670837402344
0.46,3,stepwise_test,5.0,c4e140c6b10a0649,0.0,286.06018533483996,1.3237727523568506e-05,0.000434826294582939,0.0,0.014285714280793943,-6.871202332632882,3.8934157575879778,-30.126670837402344
0.46,3,stepwise_test,5.0,ceab4fde9bc557e9,0.0,286.06018533483996,1.3237727523568506e-05,0.000434826294582939,0.0,0.014285714280793943,-6.871202332632882,3.8934157575879778,-30.126670837402344
0.46,3,stepwise_test,5.0,cfd0baecd1304030,0.0,286.06018533483996,1.3237727523568506e-05,0.000434826294582939,0.0,0.014285714280793943,-6.871202332632882,3.8934157575879778,-30.126670837402344
0.46,3,stepwise_test,5.0,d437bb99475d3d83,0.0,286.06018533483996,1.3237727523568506e-05,0.000434826294582939,0.0,0.014285714280793943,-6.871202332632882,3.8934157575879778,-30.126670837402344
0.46,3,stepwise_test,5.0,df593c445aa37cdd,0.0,286.06018533483996,1.3237727523568506e-05,0.000434826294582939,0.0,0.014285714280793943,-6.871202332632882,3.8934157575879778,-30.126670837402344
0.46,3,stepwise_test,5.0,e0cbaf79c0d6e3eb,0.0,286.06018533483996,1.3237727523568506e-05,0.000434826294582939,0.0,0.014285714280793943,-6.871202332632882,3.8934157575879778,-30.126670837402344
0.46,3,stepwise_test,5.0,e3664a91fc92d1d6,0.0,286.06018533483996,1.3237727523568506e-05,0.000434826294582939,0.0,0.014285714280793943,-6.871202332632882,3.8934157575879778,-30.126670837402344
0.46,3,stepwise_test,5.0,e55575bab6cd051d,0.0,286.06018533483996,1.3237727523568506e-05,0.000434826294582939,0.0,0.014285714280793943,-6.871202332632882,3.8934157575879778,-30.126670837402344
0.46,3,stepwise_test,5.0,eac6ec2b274f3fe8,0.0092592592592593,286.06018533483996,1.3237727523568506e-05,0.000434826294582939,0.0,0.014285714280793943,-6.871202332632882,3.8934157575879778,-30.126670837402344
0.46,3,stepwise_test,5.0,eb5cda6e1fe9f6b5,0.010869565217391353,286.06018533483996,1.3237727523568506e-05,0.000434826294582939,0.0,0.014285714280793943,-6.871202332632882,3.8934157575879778,-30.126670837402344
0.46,3,stepwise_test,5.0,ecbc64034f374904,0.008130081300813052,286.06018533483996,1.3237727523568506e-05,0.000434826294582939,0.0,0.014285714280793943,-6.871202332632882,3.8934157575879778,-30.126670837402344
0.46,3,stepwise_test,5.0,f16d6af3f8b8b330,0.009389671361502372,286.06018533483996,1.3237727523568506e-05,0.000434826294582939,0.0,0.014285714280793943,-6.871202332632882,3.8934157575879778,-30.126670837402344
0.46,3,stepwise_test,5.0,f2e24c35c5249c8b,0.0,286.06018533483996,1.3237727523568506e-05,0.000434826294582939,0.0,0.014285714280793943,-6.871202332632882,3.8934157575879778,-30.126670837402344
