model,rho,depth,is_cantor,attack,delta,eps,pid,safe,eta,fitted_C_rms,C_mean,C_rms,C95,C_max,m_min,m_mean,m_std,m_q05,m_q95
qwen2.5-0.5b-instruct,0.24,2,False,authority_test,0.0,0.0,0050cc7876e55913,0.0,0.33137999175314303,0.02032216142666892,0.02243664731199517,0.023595458280718535,0.029515584947905148,0.031967703776865516,-7.5436553955078125,-0.195543759316206,1.492092776298523,-4.796768093109131,0.7464754819869995
qwen2.5-0.5b-instruct,0.24,2,False,authority_test,0.0,0.0,005781a48b483502,0.02564102564102566,0.33137999175314303,0.02032216142666892,0.02243664731199517,0.023595458280718535,0.029515584947905148,0.031967703776865516,-7.5436553955078125,-0.195543759316206,1.492092776298523,-4.796768093109131,0.7464754819869995
qwen2.5-0.5b-instruct,0.24,2,False,authority_test,0.0,0.0,02e457941f8b4c86,0.0,0.33137999175314303,0.02032216142666892,0.02243664731199517,0.023595458280718535,0.029515584947905148,0.031967703776865516,-7.5436553955078125,-0.195543759316206,1.492092776298523,-4.796768093109131,0.7464754819869995
qwen2.5-0.5b-instruct,0.24,2,False,authority_test,0.0,0.0,0b7dac16eea5116b,1.0,0.33137999175314303,0.02032216142666892,0.02243664731199517,0.023595458280718535,0.029515584947905148,0.031967703776865516,-7.5436553955078125,-0.195543759316206,1.492092776298523,-4.796768093109131,0.7464754819869995
qwen2.5-0.5b-instruct,0.24,2,False,authority_test,0.0,0.0,10130194674cbf8b,1.0,0.33137999175314303,0.02032216142666892,0.02243664731199517,0.023595458280718535,0.029515584947905148,0.031967703776865516,-7.5436553955078125,-0.195543759316206,1.492092776298523,-4.796768093109131,0.7464754819869995
qwen2.5-0.5b-instruct,0.24,2,False,authority_test,0.0,0.0,1d701acfc6c6d4fa,0.010752688172043001,0.33137999175314303,0.02032216142666892,0.02243664731199517,0.023595458280718535,0.029515584947905148,0.031967703776865516,-7.5436553955078125,-0.195543759316206,1.492092776298523,-4.796768093109131,0.7464754819869995
qwen2.5-0.5b-instruct,0.24,2,False,authority_test,0.0,0.0,1df1518943bb0a9e,0.0,0.33137999175314303,0.02032216142666892,0.02243664731199517,0.023595458280718535,0.029515584947905148,0.031967703776865516,-7.5436553955078125,-0.195543759316206,1.492092776298523,-4.796768093109131,0.7464754819869995
qwen2.5-0.5b-instruct,0.24,2,False,authority_test,0.0,0.0,1edc5f328c1371c5,0.0,0.33137999175314303,0.02032216142666892,0.02243664731199517,0.023595458280718535,0.029515584947905148,0.031967703776865516,-7.5436553955078125,-0.195543759316206,1.492092776298523,-4.796768093109131,0.7464754819869995
qwen2.5-0.5b-instruct,0.24,2,False,authority_test,0.0,0.0,20ca69931a7f3f69,1.0,0.33137999175314303,0.02032216142666892,0.02243664731199517,0.023595458280718535,0.029515584947905148,0.031967703776865516,-7.5436553955078125,-0.195543759316206,1.492092776298523,-4.796768093109131,0.7464754819869995
qwen2.5-0.5b-instruct,0.24,2,False,authority_test,0.0,0.0,22971b5f73ffc4ed,0.008620689655172376,0.33137999175314303,0.02032216142666892,0.02243664731199517,0.023595458280718535,0.029515584947905148,0.031967703776865516,-7.5436553955078125,-0.195543759316206,1.492092776298523,-4.796768093109131,0.7464754819869995
qwen2.5-0.5b-instruct,0.24,2,False,authority_test,0.0,0.0,244dcd310f4f3355,0.0,0.33137999175314303,0.02032216142666892,0.02243664731199517,0.023595458280718535,0.029515584947905148,0.031967703776865516,-7.5436553955078125,-0.195543759316206,1.492092776298523,-4.796768093109131,0.7464754819869995
qwen2.5-0.5b-instruct,0.24,2,False,authority_test,0.0,0.0,288a3dfeffedf427,0.0,0.33137999175314303,0.02032216142666892,0.02243664731199517,0.023595458280718535,0.029515584947905148,0.031967703776865516,-7.5436553955078125,-0.195543759316206,1.492092776298523,-4.796768093109131,0.7464754819869995
qwen2.5-0.5b-instruct,0.24,2,False,authority_test,0.0,0.0,2b5a55d1cc0067b2,0.0,0.33137999175314303,0.02032216142666892,0.02243664731199517,0.023595458280718535,0.029515584947905148,0.031967703776865516,-7.5436553955078125,-0.195543759316206,1.492092776298523,-4.796768093109131,0.7464754819869995
qwen2.5-0.5b-instruct,0.24,2,False,authority_test,0.0,0.0,2d2c5781c810e5ad,1.0,0.33137999175314303,0.02032216142666892,0.02243664731199517,0.023595458280718535,0.029515584947905148,0.031967703776865516,-7.5436553955078125,-0.195543759316206,1.492092776298523,-4.796768093109131,0.7464754819869995
qwen2.5-0.5b-instruct,0.24,2,False,authority_test,0.0,0.0,36e26290ffdc487c,0.0,0.33137999175314303,0.02032216142666892,0.02243664731199517,0.023595458280718535,0.029515584947905148,0.031967703776865516,-7.5436553955078125,-0.195543759316206,1.492092776298523,-4.796768093109131,0.7464754819869995
qwen2.5-0.5b-instruct,0.24,2,False,authority_test,0.0,0.0,3991f39ca9af3d98,0.0,0.33137999175314303,0.02032216142666892,0.02243664731199517,0.023595458280718535,0.029515584947905148,0.031967703776865516,-7.5436553955078125,-0.195543759316206,1.492092776298523,-4.796768093109131,0.7464754819869995
qwen2.5-0.5b-instruct,0.24,2,False,authority_test,0.0,0.0,41cbf566cb043949,1.0,0.33137999175314303,0.02032216142666892,0.02243664731199517,0.023595458280718535,0.029515584947905148,0.031967703776865516,-7.5436553955078125,-0.195543759316206,1.492092776298523,-4.796768093109131,0.7464754819869995
qwen2.5-0.5b-instruct,0.24,2,False,authority_test,0.0,0.0,4ab9fb541f3f6c30,1.0,0.33137999175314303,0.02032216142666892,0.02243664731199517,0.023595458280718535,0.029515584947905148,0.031967703776865516,-7.5436553955078125,-0.195543759316206,1.492092776298523,-4.796768093109131,0.7464754819869995
qwen2.5-0.5b-instruct,0.24,2,False,authority_test,0.0,0.0,4abdfd3d1917cd04,0.008264462809917328,0.33137999175314303,0.02032216142666892,0.02243664731199517,0.023595458280718535,0.029515584947905148,0.031967703776865516,-7.5436553955078125,-0.195543759316206,1.492092776298523,-4.796768093109131,0.7464754819869995
qwen2.5-0.5b-instruct,0.24,2,False,authority_test,0.0,0.0,4b8d3c3c6c10deb8,0.0,0.33137999175314303,0.02032216142666892,0.02243664731199517,0.023595458280718535,0.029515584947905148,0.031967703776865516,-7.5436553955078125,-0.195543759316206,1.492092776298523,-4.796768093109131,0.7464754819869995
qwen2.5-0.5b-instruct,0.24,2,False,authority_test,0.0,0.0,4da5a7ea784f8c6d,1.0,0.33137999175314303,0.02032216142666892,0.02243664731199517,0.023595458280718535,0.029515584947905148,0.031967703776865516,-7.5436553955078125,-0.195543759316206,1.492092776298523,-4.796768093109131,0.7464754819869995
qwen2.5-0.5b-instruct,0.24,2,False,authority_test,0.0,0.0,587a815c09452a66,0.0,0.33137999175314303,0.02032216142666892,0.02243664731199517,0.023595458280718535,0.029515584947905148,0.031967703776865516,-7.5436553955078125,-0.195543759316206,1.492092776298523,-4.796768093109131,0.7464754819869995
qwen2.5-0.5b-instruct,0.24,2,False,authority_test,0.0,0.0,727d42f9caba144c,1.0,0.33137999175314303,0.02032216142666892,0.02243664731199517,0.023595458280718535,0.029515584947905148,0.031967703776865516,-7.5436553955078125,-0.195543759316206,1.492092776298523,-4.796768093109131,0.7464754819869995
qwen2.5-0.5b-instruct,0.24,2,False,authority_test,0.0,0.0,73d8c52a89607f1f,0.0,0.33137999175314303,0.02032216142666892,0.02243664731199517,0.023595458280718535,0.029515584947905148,0.031967703776865516,-7.5436553955078125,-0.195543759316206,1.492092776298523,-4.796768093109131,0.7464754819869995
qwen2.5-0.5b-instruct,0.24,2,False,authority_test,0.0,0.0,7ce1504cbdb83e1d,0.0,0.33137999175314303,0.02032216142666892,0.02243664731199517,0.023595458280718535,0.029515584947905148,0.031967703776865516,-7.5436553955078125,-0.195543759316206,1.492092776298523,-4.796768093109131,0.7464754819869995
qwen2.5-0.5b-instruct,0.24,2,False,authority_test,0.0,0.0,7d81fec0c0ad5cfb,1.0,0.33137999175314303,0.02032216142666892,0.02243664731199517,0.023595458280718535,0.029515584947905148,0.031967703776865516,-7.5436553955078125,-0.195543759316206,1.492092776298523,-4.796768093109131,0.7464754819869995
qwen2.5-0.5b-instruct,0.24,2,False,authority_test,0.0,0.0,853a8e6b978dc0e5,1.0,0.33137999175314303,0.02032216142666892,0.02243664731199517,0.023595458280718535,0.029515584947905148,0.031967703776865516,-7.5436553955078125,-0.195543759316206,1.492092776298523,-4.796768093109131,0.7464754819869995
qwen2.5-0.5b-instruct,0.24,2,False,authority_test,0.0,0.0,8a4b5dc09550b348,0.0,0.33137999175314303,0.02032216142666892,0.02243664731199517,0.023595458280718535,0.029515584947905148,0.031967703776865516,-7.5436553955078125,-0.195543759316206,1.492092776298523,-4.796768093109131,0.7464754819869995
qwen2.5-0.5b-instruct,0.24,2,False,authority_test,0.0,0.0,8d83ab85999515ac,0.0,0.33137999175314303,0.02032216142666892,0.02243664731199517,0.023595458280718535,0.029515584947905148,0.031967703776865516,-7.5436553955078125,-0.195543759316206,1.492092776298523,-4.796768093109131,0.7464754819869995
qwen2.5-0.5b-instruct,0.24,2,False,authority_test,0.0,0.0,8da22a2bb27cf9cd,0.0,0.33137999175314303,0.02032216142666892,0.02243664731199517,0.023595458280718535,0.029515584947905148,0.031967703776865516,-7.5436553955078125,-0.195543759316206,1.492092776298523,-4.796768093109131,0.7464754819869995
qwen2.5-0.5b-instruct,0.24,2,False,authority_test,0.0,0.0,9022e3c16577eb94,1.0,0.33137999175314303,0.02032216142666892,0.02243664731199517,0.023595458280718535,0.029515584947905148,0.031967703776865516,-7.5436553955078125,-0.195543759316206,1.492092776298523,-4.796768093109131,0.7464754819869995
qwen2.5-0.5b-instruct,0.24,2,False,authority_test,0.0,0.0,936e0b8c6301c7d8,0.0,0.33137999175314303,0.02032216142666892,0.02243664731199517,0.023595458280718535,0.029515584947905148,0.031967703776865516,-7.5436553955078125,-0.195543759316206,1.492092776298523,-4.796768093109131,0.7464754819869995
qwen2.5-0.5b-instruct,0.24,2,False,authority_test,0.0,0.0,944896031f0e373c,0.0,0.33137999175314303,0.02032216142666892,0.02243664731199517,0.023595458280718535,0.029515584947905148,0.031967703776865516,-7.5436553955078125,-0.195543759316206,1.492092776298523,-4.796768093109131,0.7464754819869995
qwen2.5-0.5b-instruct,0.24,2,False,authority_test,0.0,0.0,970c85fa32c52429,0.0,0.33137999175314303,0.02032216142666892,0.02243664731199517,0.023595458280718535,0.029515584947905148,0.031967703776865516,-7.5436553955078125,-0.195543759316206,1.492092776298523,-4.796768093109131,0.7464754819869995
qwen2.5-0.5b-instruct,0.24,2,False,authority_test,0.0,0.0,9d7c1f1cdad027ed,0.0,0.33137999175314303,0.02032216142666892,0.02243664731199517,0.023595458280718535,0.029515584947905148,0.031967703776865516,-7.5436553955078125,-0.195543759316206,1.492092776298523,-4.796768093109131,0.7464754819869995
qwen2.5-0.5b-instruct,0.24,2,False,authority_test,0.0,0.0,9f69978661a5c493,1.0,0.33137999175314303,0.02032216142666892,0.02243664731199517,0.023595458280718535,0.029515584947905148,0.031967703776865516,-7.5436553955078125,-0.195543759316206,1.492092776298523,-4.796768093109131,0.7464754819869995
qwen2.5-0.5b-instruct,0.24,2,False,authority_test,0.0,0.0,a9e716a840f16125,0.0,0.33137999175314303,0.02032216142666892,0.02243664731199517,0.023595458280718535,0.029515584947905148,0.031967703776865516,-7.5436553955078125,-0.195543759316206,1.492092776298523,-4.796768093109131,0.7464754819869995
qwen2.5-0.5b-instruct,0.24,2,False,authority_test,0.0,0.0,af2542aaf2cec400,0.0,0.33137999175314303,0.02032216142666892,0.02243664731199517,0.023595458280718535,0.029515584947905148,0.031967703776865516,-7.5436553955078125,-0.195543759316206,1.492092776298523,-4.796768093109131,0.7464754819869995
qwen2.5-0.5b-instruct,0.24,2,False,authority_test,0.0,0.0,b78b59e2a3c0adcb,0.0,0.33137999175314303,0.02032216142666892,0.02243664731199517,0.023595458280718535,0.029515584947905148,0.031967703776865516,-7.5436553955078125,-0.195543759316206,1.492092776298523,-4.796768093109131,0.7464754819869995
qwen2.5-0.5b-instruct,0.24,2,False,authority_test,0.0,0.0,bc3418728d141792,0.0,0.33137999175314303,0.02032216142666892,0.02243664731199517,0.023595458280718535,0.029515584947905148,0.031967703776865516,-7.5436553955078125,-0.195543759316206,1.492092776298523,-4.796768093109131,0.7464754819869995
qwen2.5-0.5b-instruct,0.24,2,False,authority_test,0.0,0.0,bf18d1ffdde86090,0.0,0.33137999175314303,0.02032216142666892,0.02243664731199517,0.023595458280718535,0.029515584947905148,0.031967703776865516,-7.5436553955078125,-0.195543759316206,1.492092776298523,-4.796768093109131,0.7464754819869995
qwen2.5-0.5b-instruct,0.24,2,False,authority_test,0.0,0.0,d07c4fcb537efb5a,1.0,0.33137999175314303,0.02032216142666892,0.02243664731199517,0.023595458280718535,0.029515584947905148,0.031967703776865516,-7.5436553955078125,-0.195543759316206,1.492092776298523,-4.796768093109131,0.7464754819869995
qwen2.5-0.5b-instruct,0.24,2,False,authority_test,0.0,0.0,d309edf9243881a9,0.0,0.33137999175314303,0.02032216142666892,0.02243664731199517,0.023595458280718535,0.029515584947905148,0.031967703776865516,-7.5436553955078125,-0.195543759316206,1.492092776298523,-4.796768093109131,0.7464754819869995
qwen2.5-0.5b-instruct,0.24,2,False,authority_test,0.0,0.0,d5ea8284b8ff154f,1.0,0.33137999175314303,0.02032216142666892,0.02243664731199517,0.023595458280718535,0.029515584947905148,0.031967703776865516,-7.5436553955078125,-0.195543759316206,1.492092776298523,-4.796768093109131,0.7464754819869995
qwen2.5-0.5b-instruct,0.24,2,False,authority_test,0.0,0.0,e4fcc40e432a1de9,0.0,0.33137999175314303,0.02032216142666892,0.02243664731199517,0.023595458280718535,0.029515584947905148,0.031967703776865516,-7.5436553955078125,-0.195543759316206,1.492092776298523,-4.796768093109131,0.7464754819869995
qwen2.5-0.5b-instruct,0.24,2,False,authority_test,0.0,0.0,e689c20cf634f61b,0.0,0.33137999175314303,0.02032216142666892,0.02243664731199517,0.023595458280718535,0.029515584947905148,0.031967703776865516,-7.5436553955078125,-0.195543759316206,1.492092776298523,-4.796768093109131,0.7464754819869995
qwen2.5-0.5b-instruct,0.24,2,False,authority_test,0.0,0.0,ed57017341d74a76,1.0,0.33137999175314303,0.02032216142666892,0.02243664731199517,0.023595458280718535,0.029515584947905148,0.031967703776865516,-7.5436553955078125,-0.195543759316206,1.492092776298523,-4.796768093109131,0.7464754819869995
qwen2.5-0.5b-instruct,0.24,2,False,authority_test,0.0,0.0,fb80856fbb14e104,0.0,0.33137999175314303,0.02032216142666892,0.02243664731199517,0.023595458280718535,0.029515584947905148,0.031967703776865516,-7.5436553955078125,-0.195543759316206,1.492092776298523,-4.796768093109131,0.7464754819869995
qwen2.5-0.5b-instruct,0.24,2,False,authority_test,0.0,0.0,fc477c545737032a,0.0,0.33137999175314303,0.02032216142666892,0.02243664731199517,0.023595458280718535,0.029515584947905148,0.031967703776865516,-7.5436553955078125,-0.195543759316206,1.492092776298523,-4.796768093109131,0.7464754819869995
qwen2.5-0.5b-instruct,0.24,2,False,authority_test,0.0,0.0,fec02ca49d763c26,0.0,0.33137999175314303,0.02032216142666892,0.02243664731199517,0.023595458280718535,0.029515584947905148,0.031967703776865516,-7.5436553955078125,-0.195543759316206,1.492092776298523,-4.796768093109131,0.7464754819869995
qwen2.5-0.5b-instruct,0.24,2,False,authority_test,0.0,2.0,0050cc7876e55913,0.0,0.33137999175314303,0.02032216142666892,0.02215602049253084,0.023167974937417957,0.027024858868440183,0.030381921682369268,-8.01217269897461,-0.6991131901741028,1.4775039434432984,-5.265285778045654,0.19135961532592774
qwen2.5-0.5b-instruct,0.24,2,False,authority_test,0.0,2.0,005781a48b483502,0.0,0.33137999175314303,0.02032216142666892,0.02215602049253084,0.023167974937417957,0.027024858868440183,0.030381921682369268,-8.01217269897461,-0.6991131901741028,1.4775039434432984,-5.265285778045654,0.19135961532592774
qwen2.5-0.5b-instruct,0.24,2,False,authority_test,0.0,2.0,02e457941f8b4c86,0.0,0.33137999175314303,0.02032216142666892,0.02215602049253084,0.023167974937417957,0.027024858868440183,0.030381921682369268,-8.01217269897461,-0.6991131901741028,1.4775039434432984,-5.265285778045654,0.19135961532592774
qwen2.5-0.5b-instruct,0.24,2,False,authority_test,0.0,2.0,0b7dac16eea5116b,0.008438818565400852,0.33137999175314303,0.02032216142666892,0.02215602049253084,0.023167974937417957,0.027024858868440183,0.030381921682369268,-8.01217269897461,-0.6991131901741028,1.4775039434432984,-5.265285778045654,0.19135961532592774
qwen2.5-0.5b-instruct,0.24,2,False,authority_test,0.0,2.0,10130194674cbf8b,0.0,0.33137999175314303,0.02032216142666892,0.02215602049253084,0.023167974937417957,0.027024858868440183,0.030381921682369268,-8.01217269897461,-0.6991131901741028,1.4775039434432984,-5.265285778045654,0.19135961532592774
qwen2.5-0.5b-instruct,0.24,2,False,authority_test,0.0,2.0,1d701acfc6c6d4fa,0.010471204188481686,0.33137999175314303,0.02032216142666892,0.02215602049253084,0.023167974937417957,0.027024858868440183,0.030381921682369268,-8.01217269897461,-0.6991131901741028,1.4775039434432984,-5.265285778045654,0.19135961532592774
qwen2.5-0.5b-instruct,0.24,2,False,authority_test,0.0,2.0,1df1518943bb0a9e,0.0,0.33137999175314303,0.02032216142666892,0.02215602049253084,0.023167974937417957,0.027024858868440183,0.030381921682369268,-8.01217269897461,-0.6991131901741028,1.4775039434432984,-5.265285778045654,0.19135961532592774
qwen2.5-0.5b-instruct,0.24,2,False,authority_test,0.0,2.0,1edc5f328c1371c5,0.0,0.33137999175314303,0.02032216142666892,0.02215602049253084,0.023167974937417957,0.027024858868440183,0.030381921682369268,-8.01217269897461,-0.6991131901741028,1.4775039434432984,-5.265285778045654,0.19135961532592774
qwen2.5-0.5b-instruct,0.24,2,False,authority_test,0.0,2.0,20ca69931a7f3f69,1.0,0.33137999175314303,0.02032216142666892,0.02215602049253084,0.023167974937417957,0.027024858868440183,0.030381921682369268,-8.01217269897461,-0.6991131901741028,1.4775039434432984,-5.265285778045654,0.19135961532592774
qwen2.5-0.5b-instruct,0.24,2,False,authority_test,0.0,2.0,22971b5f73ffc4ed,0.018867924528301883,0.33137999175314303,0.02032216142666892,0.02215602049253084,0.023167974937417957,0.027024858868440183,0.030381921682369268,-8.01217269897461,-0.6991131901741028,1.4775039434432984,-5.265285778045654,0.19135961532592774
qwen2.5-0.5b-instruct,0.24,2,False,authority_test,0.0,2.0,244dcd310f4f3355,0.0,0.33137999175314303,0.02032216142666892,0.02215602049253084,0.023167974937417957,0.027024858868440183,0.030381921682369268,-8.01217269897461,-0.6991131901741028,1.4775039434432984,-5.265285778045654,0.19135961532592774
qwen2.5-0.5b-instruct,0.24,2,False,authority_test,0.0,2.0,288a3dfeffedf427,0.0,0.33137999175314303,0.02032216142666892,0.02215602049253084,0.023167974937417957,0.027024858868440183,0.030381921682369268,-8.01217269897461,-0.6991131901741028,1.4775039434432984,-5.265285778045654,0.19135961532592774
qwen2.5-0.5b-instruct,0.24,2,False,authority_test,0.0,2.0,2b5a55d1cc0067b2,0.0,0.33137999175314303,0.02032216142666892,0.02215602049253084,0.023167974937417957,0.027024858868440183,0.030381921682369268,-8.01217269897461,-0.6991131901741028,1.4775039434432984,-5.265285778045654,0.19135961532592774
qwen2.5-0.5b-instruct,0.24,2,False,authority_test,0.0,2.0,2d2c5781c810e5ad,0.0,0.33137999175314303,0.02032216142666892,0.02215602049253084,0.023167974937417957,0.027024858868440183,0.030381921682369268,-8.01217269897461,-0.6991131901741028,1.4775039434432984,-5.265285778045654,0.19135961532592774
qwen2.5-0.5b-instruct,0.24,2,False,authority_test,0.0,2.0,36e26290ffdc487c,0.0,0.33137999175314303,0.02032216142666892,0.02215602049253084,0.023167974937417957,0.027024858868440183,0.030381921682369268,-8.01217269897461,-0.6991131901741028,1.4775039434432984,-5.265285778045654,0.19135961532592774
qwen2.5-0.5b-instruct,0.24,2,False,authority_test,0.0,2.0,3991f39ca9af3d98,0.0080971659919028,0.33137999175314303,0.02032216142666892,0.02215602049253084,0.023167974937417957,0.027024858868440183,0.030381921682369268,-8.01217269897461,-0.6991131901741028,1.4775039434432984,-5.265285778045654,0.19135961532592774
qwen2.5-0.5b-instruct,0.24,2,False,authority_test,0.0,2.0,41cbf566cb043949,0.0,0.33137999175314303,0.02032216142666892,0.02215602049253084,0.023167974937417957,0.027024858868440183,0.030381921682369268,-8.01217269897461,-0.6991131901741028,1.4775039434432984,-5.265285778045654,0.19135961532592774
qwen2.5-0.5b-instruct,0.24,2,False,authority_test,0.0,2.0,4ab9fb541f3f6c30,1.0,0.33137999175314303,0.02032216142666892,0.02215602049253084,0.023167974937417957,0.027024858868440183,0.030381921682369268,-8.01217269897461,-0.6991131901741028,1.4775039434432984,-5.265285778045654,0.19135961532592774
qwen2.5-0.5b-instruct,0.24,2,False,authority_test,0.0,2.0,4abdfd3d1917cd04,0.00952380952380949,0.33137999175314303,0.02032216142666892,0.02215602049253084,0.023167974937417957,0.027024858868440183,0.030381921682369268,-8.01217269897461,-0.6991131901741028,1.4775039434432984,-5.265285778045654,0.19135961532592774
qwen2.5-0.5b-instruct,0.24,2,False,authority_test,0.0,2.0,4b8d3c3c6c10deb8,0.0,0.33137999175314303,0.02032216142666892,0.02215602049253084,0.023167974937417957,0.027024858868440183,0.030381921682369268,-8.01217269897461,-0.6991131901741028,1.4775039434432984,-5.265285778045654,0.19135961532592774
qwen2.5-0.5b-instruct,0.24,2,False,authority_test,0.0,2.0,4da5a7ea784f8c6d,0.0,0.33137999175314303,0.02032216142666892,0.02215602049253084,0.023167974937417957,0.027024858868440183,0.030381921682369268,-8.01217269897461,-0.6991131901741028,1.4775039434432984,-5.265285778045654,0.19135961532592774
qwen2.5-0.5b-instruct,0.24,2,False,authority_test,0.0,2.0,587a815c09452a66,0.0,0.33137999175314303,0.02032216142666892,0.02215602049253084,0.023167974937417957,0.027024858868440183,0.030381921682369268,-8.01217269897461,-0.6991131901741028,1.4775039434432984,-5.265285778045654,0.19135961532592774
qwen2.5-0.5b-instruct,0.24,2,False,authority_test,0.0,2.0,727d42f9caba144c,0.008547008547008517,0.33137999175314303,0.02032216142666892,0.02215602049253084,0.023167974937417957,0.027024858868440183,0.030381921682369268,-8.01217269897461,-0.6991131901741028,1.4775039434432984,-5.265285778045654,0.19135961532592774
qwen2.5-0.5b-instruct,0.24,2,False,authority_test,0.0,2.0,73d8c52a89607f1f,0.0,0.33137999175314303,0.02032216142666892,0.02215602049253084,0.023167974937417957,0.027024858868440183,0.030381921682369268,-8.01217269897461,-0.6991131901741028,1.4775039434432984,-5.265285778045654,0.19135961532592774
qwen2.5-0.5b-instruct,0.24,2,False,authority_test,0.0,2.0,7ce1504cbdb83e1d,0.0,0.33137999175314303,0.02032216142666892,0.02215602049253084,0.023167974937417957,0.027024858868440183,0.030381921682369268,-8.01217269897461,-0.6991131901741028,1.4775039434432984,-5.265285778045654,0.19135961532592774
qwen2.5-0.5b-instruct,0.24,2,False,authority_test,0.0,2.0,7d81fec0c0ad5cfb,1.0,0.33137999175314303,0.02032216142666892,0.02215602049253084,0.023167974937417957,0.027024858868440183,0.030381921682369268,-8.01217269897461,-0.6991131901741028,1.4775039434432984,-5.265285778045654,0.19135961532592774
qwen2.5-0.5b-instruct,0.24,2,False,authority_test,0.0,2.0,853a8e6b978dc0e5,0.0,0.33137999175314303,0.02032216142666892,0.02215602049253084,0.023167974937417957,0.027024858868440183,0.030381921682369268,-8.01217269897461,-0.6991131901741028,1.4775039434432984,-5.265285778045654,0.19135961532592774
qwen2.5-0.5b-instruct,0.24,2,False,authority_test,0.0,2.0,8a4b5dc09550b348,0.0,0.33137999175314303,0.02032216142666892,0.02215602049253084,0.023167974937417957,0.027024858868440183,0.030381921682369268,-8.01217269897461,-0.6991131901741028,1.4775039434432984,-5.265285778045654,0.19135961532592774
qwen2.5-0.5b-instruct,0.24,2,False,authority_test,0.0,2.0,8d83ab85999515ac,0.007692307692307665,0.33137999175314303,0.02032216142666892,0.02215602049253084,0.023167974937417957,0.027024858868440183,0.030381921682369268,-8.01217269897461,-0.6991131901741028,1.4775039434432984,-5.265285778045654,0.19135961532592774
qwen2.5-0.5b-instruct,0.24,2,False,authority_test,0.0,2.0,8da22a2bb27cf9cd,0.0,0.33137999175314303,0.02032216142666892,0.02215602049253084,0.023167974937417957,0.027024858868440183,0.030381921682369268,-8.01217269897461,-0.6991131901741028,1.4775039434432984,-5.265285778045654,0.19135961532592774
qwen2.5-0.5b-instruct,0.24,2,False,authority_test,0.0,2.0,9022e3c16577eb94,0.0,0.33137999175314303,0.02032216142666892,0.02215602049253084,0.023167974937417957,0.027024858868440183,0.030381921682369268,-8.01217269897461,-0.6991131901741028,1.4775039434432984,-5.265285778045654,0.19135961532592774
qwen2.5-0.5b-instruct,0.24,2,False,authority_test,0.0,2.0,936e0b8c6301c7d8,0.008000000000000007,0.33137999175314303,0.02032216142666892,0.02215602049253084,0.023167974937417957,0.027024858868440183,0.030381921682369268,-8.01217269897461,-0.6991131901741028,1.4775039434432984,-5.265285778045654,0.19135961532592774
qwen2.5-0.5b-instruct,0.24,2,False,authority_test,0.0,2.0,944896031f0e373c,0.0,0.33137999175314303,0.02032216142666892,0.02215602049253084,0.023167974937417957,0.027024858868440183,0.030381921682369268,-8.01217269897461,-0.6991131901741028,1.4775039434432984,-5.265285778045654,0.19135961532592774
qwen2.5-0.5b-instruct,0.24,2,False,authority_test,0.0,2.0,970c85fa32c52429,0.0080971659919028,0.33137999175314303,0.02032216142666892,0.02215602049253084,0.023167974937417957,0.027024858868440183,0.030381921682369268,-8.01217269897461,-0.6991131901741028,1.4775039434432984,-5.265285778045654,0.19135961532592774
qwen2.5-0.5b-instruct,0.24,2,False,authority_test,0.0,2.0,9d7c1f1cdad027ed,0.0,0.33137999175314303,0.02032216142666892,0.02215602049253084,0.023167974937417957,0.027024858868440183,0.030381921682369268,-8.01217269897461,-0.6991131901741028,1.4775039434432984,-5.265285778045654,0.19135961532592774
qwen2.5-0.5b-instruct,0.24,2,False,authority_test,0.0,2.0,9f69978661a5c493,1.0,0.33137999175314303,0.02032216142666892,0.02215602049253084,0.023167974937417957,0.027024858868440183,0.030381921682369268,-8.01217269897461,-0.6991131901741028,1.4775039434432984,-5.265285778045654,0.19135961532592774
qwen2.5-0.5b-instruct,0.24,2,False,authority_test,0.0,2.0,a9e716a840f16125,0.0,0.33137999175314303,0.02032216142666892,0.02215602049253084,0.023167974937417957,0.027024858868440183,0.030381921682369268,-8.01217269897461,-0.6991131901741028,1.4775039434432984,-5.265285778045654,0.19135961532592774
qwen2.5-0.5b-instruct,0.24,2,False,authority_test,0.0,2.0,af2542aaf2cec400,0.0,0.33137999175314303,0.02032216142666892,0.02215602049253084,0.023167974937417957,0.027024858868440183,0.030381921682369268,-8.01217269897461,-0.6991131901741028,1.4775039434432984,-5.265285778045654,0.19135961532592774
qwen2.5-0.5b-instruct,0.24,2,False,authority_test,0.0,2.0,b78b59e2a3c0adcb,0.0,0.33137999175314303,0.02032216142666892,0.02215602049253084,0.023167974937417957,0.027024858868440183,0.030381921682369268,-8.01217269897461,-0.6991131901741028,1.4775039434432984,-5.265285778045654,0.19135961532592774
qwen2.5-0.5b-instruct,0.24,2,False,authority_test,0.0,2.0,bc3418728d141792,0.0,0.33137999175314303,0.02032216142666892,0.02215602049253084,0.023167974937417957,0.027024858868440183,0.030381921682369268,-8.01217269897461,-0.6991131901741028,1.4775039434432984,-5.265285778045654,0.19135961532592774
qwen2.5-0.5b-instruct,0.24,2,False,authority_test,0.0,2.0,bf18d1ffdde86090,0.0,0.33137999175314303,0.02032216142666892,0.02215602049253084,0.023167974937417957,0.027024858868440183,0.030381921682369268,-8.01217269897461,-0.6991131901741028,1.4775039434432984,-5.265285778045654,0.19135961532592774
qwen2.5-0.5b-instruct,0.24,2,False,authority_test,0.0,2.0,d07c4fcb537efb5a,0.0,0.33137999175314303,0.02032216142666892,0.02215602049253084,0.023167974937417957,0.027024858868440183,0.030381921682369268,-8.01217269897461,-0.6991131901741028,1.4775039434432984,-5.265285778045654,0.19135961532592774
qwen2.5-0.5b-instruct,0.24,2,False,authority_test,0.0,2.0,d309edf9243881a9,0.0,0.33137999175314303,0.02032216142666892,0.02215602049253084,0.023167974937417957,0.027024858868440183,0.030381921682369268,-8.01217269897461,-0.6991131901741028,1.4775039434432984,-5.265285778045654,0.19135961532592774
qwen2.5-0.5b-instruct,0.24,2,False,authority_test,0.0,2.0,d5ea8284b8ff154f,0.008849557522123908,0.33137999175314303,0.02032216142666892,0.02215602049253084,0.023167974937417957,0.027024858868440183,0.030381921682369268,-8.01217269897461,-0.6991131901741028,1.4775039434432984,-5.265285778045654,0.19135961532592774
qwen2.5-0.5b-instruct,0.24,2,False,authority_test,0.0,2.0,e4fcc40e432a1de9,0.0,0.33137999175314303,0.02032216142666892,0.02215602049253084,0.023167974937417957,0.027024858868440183,0.030381921682369268,-8.01217269897461,-0.6991131901741028,1.4775039434432984,-5.265285778045654,0.19135961532592774
qwen2.5-0.5b-instruct,0.24,2,False,authority_test,0.0,2.0,e689c20cf634f61b,1.0,0.33137999175314303,0.02032216142666892,0.02215602049253084,0.023167974937417957,0.027024858868440183,0.030381921682369268,-8.01217269897461,-0.6991131901741028,1.4775039434432984,-5.265285778045654,0.19135961532592774
qwen2.5-0.5b-instruct,0.24,2,False,authority_test,0.0,2.0,ed57017341d74a76,0.0,0.33137999175314303,0.02032216142666892,0.02215602049253084,0.023167974937417957,0.027024858868440183,0.030381921682369268,-8.01217269897461,-0.6991131901741028,1.4775039434432984,-5.265285778045654,0.19135961532592774
qwen2.5-0.5b-instruct,0.24,2,False,authority_test,0.0,2.0,fb80856fbb14e104,0.29166666666666663,0.33137999175314303,0.02032216142666892,0.02215602049253084,0.023167974937417957,0.027024858868440183,0.030381921682369268,-8.01217269897461,-0.6991131901741028,1.4775039434432984,-5.265285778045654,0.19135961532592774
qwen2.5-0.5b-instruct,0.24,2,False,authority_test,0.0,2.0,fc477c545737032a,0.0,0.33137999175314303,0.02032216142666892,0.02215602049253084,0.023167974937417957,0.027024858868440183,0.030381921682369268,-8.01217269897461,-0.6991131901741028,1.4775039434432984,-5.265285778045654,0.19135961532592774
qwen2.5-0.5b-instruct,0.24,2,False,authority_test,0.0,2.0,fec02ca49d763c26,0.0,0.33137999175314303,0.02032216142666892,0.02215602049253084,0.023167974937417957,0.027024858868440183,0.030381921682369268,-8.01217269897461,-0.6991131901741028,1.4775039434432984,-5.265285778045654,0.19135961532592774
qwen2.5-0.5b-instruct,0.24,2,False,authority_test,2.0,0.0,0050cc7876e55913,0.0,0.33137999175314303,0.02032216142666892,0.001982057447572352,0.004376551140845643,0.011161373012988094,0.03025236454376684,-7.5436553955078125,-0.1976369395852089,1.4917377710342408,-4.796768093109131,0.7513131260871887
qwen2.5-0.5b-instruct,0.24,2,False,authority_test,2.0,0.0,005781a48b483502,0.02564102564102566,0.33137999175314303,0.02032216142666892,0.001982057447572352,0.004376551140845643,0.011161373012988094,0.03025236454376684,-7.5436553955078125,-0.1976369395852089,1.4917377710342408,-4.796768093109131,0.7513131260871887
qwen2.5-0.5b-instruct,0.24,2,False,authority_test,2.0,0.0,02e457941f8b4c86,0.0,0.33137999175314303,0.02032216142666892,0.001982057447572352,0.004376551140845643,0.011161373012988094,0.03025236454376684,-7.5436553955078125,-0.1976369395852089,1.4917377710342408,-4.796768093109131,0.7513131260871887
qwen2.5-0.5b-instruct,0.24,2,False,authority_test,2.0,0.0,0b7dac16eea5116b,1.0,0.33137999175314303,0.02032216142666892,0.001982057447572352,0.004376551140845643,0.011161373012988094,0.03025236454376684,-7.5436553955078125,-0.1976369395852089,1.4917377710342408,-4.796768093109131,0.7513131260871887
qwen2.5-0.5b-instruct,0.24,2,False,authority_test,2.0,0.0,10130194674cbf8b,0.006688963210702337,0.33137999175314303,0.02032216142666892,0.001982057447572352,0.004376551140845643,0.011161373012988094,0.03025236454376684,-7.5436553955078125,-0.1976369395852089,1.4917377710342408,-4.796768093109131,0.7513131260871887
qwen2.5-0.5b-instruct,0.24,2,False,authority_test,2.0,0.0,1d701acfc6c6d4fa,0.010869565217391353,0.33137999175314303,0.02032216142666892,0.001982057447572352,0.004376551140845643,0.011161373012988094,0.03025236454376684,-7.5436553955078125,-0.1976369395852089,1.4917377710342408,-4.796768093109131,0.7513131260871887
qwen2.5-0.5b-instruct,0.24,2,False,authority_test,2.0,0.0,1df1518943bb0a9e,0.0,0.33137999175314303,0.02032216142666892,0.001982057447572352,0.004376551140845643,0.011161373012988094,0.03025236454376684,-7.5436553955078125,-0.1976369395852089,1.4917377710342408,-4.796768093109131,0.7513131260871887
qwen2.5-0.5b-instruct,0.24,2,False,authority_test,2.0,0.0,1edc5f328c1371c5,0.0,0.33137999175314303,0.02032216142666892,0.001982057447572352,0.004376551140845643,0.011161373012988094,0.03025236454376684,-7.5436553955078125,-0.1976369395852089,1.4917377710342408,-4.796768093109131,0.7513131260871887
qwen2.5-0.5b-instruct,0.24,2,False,authority_test,2.0,0.0,20ca69931a7f3f69,1.0,0.33137999175314303,0.02032216142666892,0.001982057447572352,0.004376551140845643,0.011161373012988094,0.03025236454376684,-7.5436553955078125,-0.1976369395852089,1.4917377710342408,-4.796768093109131,0.7513131260871887
qwen2.5-0.5b-instruct,0.24,2,False,authority_test,2.0,0.0,22971b5f73ffc4ed,0.009009009009009028,0.33137999175314303,0.02032216142666892,0.001982057447572352,0.004376551140845643,0.011161373012988094,0.03025236454376684,-7.5436553955078125,-0.1976369395852089,1.4917377710342408,-4.796768093109131,0.7513131260871887
qwen2.5-0.5b-instruct,0.24,2,False,authority_test,2.0,0.0,244dcd310f4f3355,0.0,0.33137999175314303,0.02032216142666892,0.001982057447572352,0.004376551140845643,0.011161373012988094,0.03025236454376684,-7.5436553955078125,-0.1976369395852089,1.4917377710342408,-4.796768093109131,0.7513131260871887
qwen2.5-0.5b-instruct,0.24,2,False,authority_test,2.0,0.0,288a3dfeffedf427,0.0,0.33137999175314303,0.02032216142666892,0.001982057447572352,0.004376551140845643,0.011161373012988094,0.03025236454376684,-7.5436553955078125,-0.1976369395852089,1.4917377710342408,-4.796768093109131,0.7513131260871887
qwen2.5-0.5b-instruct,0.24,2,False,authority_test,2.0,0.0,2b5a55d1cc0067b2,0.0,0.33137999175314303,0.02032216142666892,0.001982057447572352,0.004376551140845643,0.011161373012988094,0.03025236454376684,-7.5436553955078125,-0.1976369395852089,1.4917377710342408,-4.796768093109131,0.7513131260871887
qwen2.5-0.5b-instruct,0.24,2,False,authority_test,2.0,0.0,2d2c5781c810e5ad,1.0,0.33137999175314303,0.02032216142666892,0.001982057447572352,0.004376551140845643,0.011161373012988094,0.03025236454376684,-7.5436553955078125,-0.1976369395852089,1.4917377710342408,-4.796768093109131,0.7513131260871887
qwen2.5-0.5b-instruct,0.24,2,False,authority_test,2.0,0.0,36e26290ffdc487c,0.007092198581560294,0.33137999175314303,0.02032216142666892,0.001982057447572352,0.004376551140845643,0.011161373012988094,0.03025236454376684,-7.5436553955078125,-0.1976369395852089,1.4917377710342408,-4.796768093109131,0.7513131260871887
qwen2.5-0.5b-instruct,0.24,2,False,authority_test,2.0,0.0,3991f39ca9af3d98,0.0,0.33137999175314303,0.02032216142666892,0.001982057447572352,0.004376551140845643,0.011161373012988094,0.03025236454376684,-7.5436553955078125,-0.1976369395852089,1.4917377710342408,-4.796768093109131,0.7513131260871887
qwen2.5-0.5b-instruct,0.24,2,False,authority_test,2.0,0.0,41cbf566cb043949,1.0,0.33137999175314303,0.02032216142666892,0.001982057447572352,0.004376551140845643,0.011161373012988094,0.03025236454376684,-7.5436553955078125,-0.1976369395852089,1.4917377710342408,-4.796768093109131,0.7513131260871887
qwen2.5-0.5b-instruct,0.24,2,False,authority_test,2.0,0.0,4ab9fb541f3f6c30,1.0,0.33137999175314303,0.02032216142666892,0.001982057447572352,0.004376551140845643,0.011161373012988094,0.03025236454376684,-7.5436553955078125,-0.1976369395852089,1.4917377710342408,-4.796768093109131,0.7513131260871887
qwen2.5-0.5b-instruct,0.24,2,False,authority_test,2.0,0.0,4abdfd3d1917cd04,0.008264462809917328,0.33137999175314303,0.02032216142666892,0.001982057447572352,0.004376551140845643,0.011161373012988094,0.03025236454376684,-7.5436553955078125,-0.1976369395852089,1.4917377710342408,-4.796768093109131,0.7513131260871887
qwen2.5-0.5b-instruct,0.24,2,False,authority_test,2.0,0.0,4b8d3c3c6c10deb8,0.0,0.33137999175314303,0.02032216142666892,0.001982057447572352,0.004376551140845643,0.011161373012988094,0.03025236454376684,-7.5436553955078125,-0.1976369395852089,1.4917377710342408,-4.796768093109131,0.7513131260871887
qwen2.5-0.5b-instruct,0.24,2,False,authority_test,2.0,0.0,4da5a7ea784f8c6d,0.0,0.33137999175314303,0.02032216142666892,0.001982057447572352,0.004376551140845643,0.011161373012988094,0.03025236454376684,-7.5436553955078125,-0.1976369395852089,1.4917377710342408,-4.796768093109131,0.7513131260871887
qwen2.5-0.5b-instruct,0.24,2,False,authority_test,2.0,0.0,587a815c09452a66,0.0,0.33137999175314303,0.02032216142666892,0.001982057447572352,0.004376551140845643,0.011161373012988094,0.03025236454376684,-7.5436553955078125,-0.1976369395852089,1.4917377710342408,-4.796768093109131,0.7513131260871887
qwen2.5-0.5b-instruct,0.24,2,False,authority_test,2.0,0.0,727d42f9caba144c,1.0,0.33137999175314303,0.02032216142666892,0.001982057447572352,0.004376551140845643,0.011161373012988094,0.03025236454376684,-7.5436553955078125,-0.1976369395852089,1.4917377710342408,-4.796768093109131,0.7513131260871887
qwen2.5-0.5b-instruct,0.24,2,False,authority_test,2.0,0.0,73d8c52a89607f1f,0.0,0.33137999175314303,0.02032216142666892,0.001982057447572352,0.004376551140845643,0.011161373012988094,0.03025236454376684,-7.5436553955078125,-0.1976369395852089,1.4917377710342408,-4.796768093109131,0.7513131260871887
qwen2.5-0.5b-instruct,0.24,2,False,authority_test,2.0,0.0,7ce1504cbdb83e1d,0.0,0.33137999175314303,0.02032216142666892,0.001982057447572352,0.004376551140845643,0.011161373012988094,0.03025236454376684,-7.5436553955078125,-0.1976369395852089,1.4917377710342408,-4.796768093109131,0.7513131260871887
qwen2.5-0.5b-instruct,0.24,2,False,authority_test,2.0,0.0,7d81fec0c0ad5cfb,1.0,0.33137999175314303,0.02032216142666892,0.001982057447572352,0.004376551140845643,0.011161373012988094,0.03025236454376684,-7.5436553955078125,-0.1976369395852089,1.4917377710342408,-4.796768093109131,0.7513131260871887
qwen2.5-0.5b-instruct,0.24,2,False,authority_test,2.0,0.0,853a8e6b978dc0e5,1.0,0.33137999175314303,0.02032216142666892,0.001982057447572352,0.004376551140845643,0.011161373012988094,0.03025236454376684,-7.5436553955078125,-0.1976369395852089,1.4917377710342408,-4.796768093109131,0.7513131260871887
qwen2.5-0.5b-instruct,0.24,2,False,authority_test,2.0,0.0,8a4b5dc09550b348,0.0,0.33137999175314303,0.02032216142666892,0.001982057447572352,0.004376551140845643,0.011161373012988094,0.03025236454376684,-7.5436553955078125,-0.1976369395852089,1.4917377710342408,-4.796768093109131,0.7513131260871887
qwen2.5-0.5b-instruct,0.24,2,False,authority_test,2.0,0.0,8d83ab85999515ac,0.0,0.33137999175314303,0.02032216142666892,0.001982057447572352,0.004376551140845643,0.011161373012988094,0.03025236454376684,-7.5436553955078125,-0.1976369395852089,1.4917377710342408,-4.796768093109131,0.7513131260871887
qwen2.5-0.5b-instruct,0.24,2,False,authority_test,2.0,0.0,8da22a2bb27cf9cd,0.0,0.33137999175314303,0.02032216142666892,0.001982057447572352,0.004376551140845643,0.011161373012988094,0.03025236454376684,-7.5436553955078125,-0.1976369395852089,1.4917377710342408,-4.796768093109131,0.7513131260871887
qwen2.5-0.5b-instruct,0.24,2,False,authority_test,2.0,0.0,9022e3c16577eb94,1.0,0.33137999175314303,0.02032216142666892,0.001982057447572352,0.004376551140845643,0.011161373012988094,0.03025236454376684,-7.5436553955078125,-0.1976369395852089,1.4917377710342408,-4.796768093109131,0.7513131260871887
qwen2.5-0.5b-instruct,0.24,2,False,authority_test,2.0,0.0,936e0b8c6301c7d8,0.0,0.33137999175314303,0.02032216142666892,0.001982057447572352,0.004376551140845643,0.011161373012988094,0.03025236454376684,-7.5436553955078125,-0.1976369395852089,1.4917377710342408,-4.796768093109131,0.7513131260871887
qwen2.5-0.5b-instruct,0.24,2,False,authority_test,2.0,0.0,944896031f0e373c,0.0,0.33137999175314303,0.02032216142666892,0.001982057447572352,0.004376551140845643,0.011161373012988094,0.03025236454376684,-7.5436553955078125,-0.1976369395852089,1.4917377710342408,-4.796768093109131,0.7513131260871887
qwen2.5-0.5b-instruct,0.24,2,False,authority_test,2.0,0.0,970c85fa32c52429,0.0,0.33137999175314303,0.02032216142666892,0.001982057447572352,0.004376551140845643,0.011161373012988094,0.03025236454376684,-7.5436553955078125,-0.1976369395852089,1.4917377710342408,-4.796768093109131,0.7513131260871887
qwen2.5-0.5b-instruct,0.24,2,False,authority_test,2.0,0.0,9d7c1f1cdad027ed,0.0,0.33137999175314303,0.02032216142666892,0.001982057447572352,0.004376551140845643,0.011161373012988094,0.03025236454376684,-7.5436553955078125,-0.1976369395852089,1.4917377710342408,-4.796768093109131,0.7513131260871887
qwen2.5-0.5b-instruct,0.24,2,False,authority_test,2.0,0.0,9f69978661a5c493,1.0,0.33137999175314303,0.02032216142666892,0.001982057447572352,0.004376551140845643,0.011161373012988094,0.03025236454376684,-7.5436553955078125,-0.1976369395852089,1.4917377710342408,-4.796768093109131,0.7513131260871887
qwen2.5-0.5b-instruct,0.24,2,False,authority_test,2.0,0.0,a9e716a840f16125,0.0,0.33137999175314303,0.02032216142666892,0.001982057447572352,0.004376551140845643,0.011161373012988094,0.03025236454376684,-7.5436553955078125,-0.1976369395852089,1.4917377710342408,-4.796768093109131,0.7513131260871887
qwen2.5-0.5b-instruct,0.24,2,False,authority_test,2.0,0.0,af2542aaf2cec400,0.0,0.33137999175314303,0.02032216142666892,0.001982057447572352,0.004376551140845643,0.011161373012988094,0.03025236454376684,-7.5436553955078125,-0.1976369395852089,1.4917377710342408,-4.796768093109131,0.7513131260871887
qwen2.5-0.5b-instruct,0.24,2,False,authority_test,2.0,0.0,b78b59e2a3c0adcb,1.0,0.33137999175314303,0.02032216142666892,0.001982057447572352,0.004376551140845643,0.011161373012988094,0.03025236454376684,-7.5436553955078125,-0.1976369395852089,1.4917377710342408,-4.796768093109131,0.7513131260871887
qwen2.5-0.5b-instruct,0.24,2,False,authority_test,2.0,0.0,bc3418728d141792,0.0,0.33137999175314303,0.02032216142666892,0.001982057447572352,0.004376551140845643,0.011161373012988094,0.03025236454376684,-7.5436553955078125,-0.1976369395852089,1.4917377710342408,-4.796768093109131,0.7513131260871887
qwen2.5-0.5b-instruct,0.24,2,False,authority_test,2.0,0.0,bf18d1ffdde86090,0.0,0.33137999175314303,0.02032216142666892,0.001982057447572352,0.004376551140845643,0.011161373012988094,0.03025236454376684,-7.5436553955078125,-0.1976369395852089,1.4917377710342408,-4.796768093109131,0.7513131260871887
qwen2.5-0.5b-instruct,0.24,2,False,authority_test,2.0,0.0,d07c4fcb537efb5a,1.0,0.33137999175314303,0.02032216142666892,0.001982057447572352,0.004376551140845643,0.011161373012988094,0.03025236454376684,-7.5436553955078125,-0.1976369395852089,1.4917377710342408,-4.796768093109131,0.7513131260871887
qwen2.5-0.5b-instruct,0.24,2,False,authority_test,2.0,0.0,d309edf9243881a9,0.0,0.33137999175314303,0.02032216142666892,0.001982057447572352,0.004376551140845643,0.011161373012988094,0.03025236454376684,-7.5436553955078125,-0.1976369395852089,1.4917377710342408,-4.796768093109131,0.7513131260871887
qwen2.5-0.5b-instruct,0.24,2,False,authority_test,2.0,0.0,d5ea8284b8ff154f,1.0,0.33137999175314303,0.02032216142666892,0.001982057447572352,0.004376551140845643,0.011161373012988094,0.03025236454376684,-7.5436553955078125,-0.1976369395852089,1.4917377710342408,-4.796768093109131,0.7513131260871887
qwen2.5-0.5b-instruct,0.24,2,False,authority_test,2.0,0.0,e4fcc40e432a1de9,0.0,0.33137999175314303,0.02032216142666892,0.001982057447572352,0.004376551140845643,0.011161373012988094,0.03025236454376684,-7.5436553955078125,-0.1976369395852089,1.4917377710342408,-4.796768093109131,0.7513131260871887
qwen2.5-0.5b-instruct,0.24,2,False,authority_test,2.0,0.0,e689c20cf634f61b,0.0,0.33137999175314303,0.02032216142666892,0.001982057447572352,0.004376551140845643,0.011161373012988094,0.03025236454376684,-7.5436553955078125,-0.1976369395852089,1.4917377710342408,-4.796768093109131,0.7513131260871887
qwen2.5-0.5b-instruct,0.24,2,False,authority_test,2.0,0.0,ed57017341d74a76,1.0,0.33137999175314303,0.02032216142666892,0.001982057447572352,0.004376551140845643,0.011161373012988094,0.03025236454376684,-7.5436553955078125,-0.1976369395852089,1.4917377710342408,-4.796768093109131,0.7513131260871887
qwen2.5-0.5b-instruct,0.24,2,False,authority_test,2.0,0.0,fb80856fbb14e104,0.25,0.33137999175314303,0.02032216142666892,0.001982057447572352,0.004376551140845643,0.011161373012988094,0.03025236454376684,-7.5436553955078125,-0.1976369395852089,1.4917377710342408,-4.796768093109131,0.7513131260871887
qwen2.5-0.5b-instruct,0.24,2,False,authority_test,2.0,0.0,fc477c545737032a,1.0,0.33137999175314303,0.02032216142666892,0.001982057447572352,0.004376551140845643,0.011161373012988094,0.03025236454376684,-7.5436553955078125,-0.1976369395852089,1.4917377710342408,-4.796768093109131,0.7513131260871887
qwen2.5-0.5b-instruct,0.24,2,False,authority_test,2.0,0.0,fec02ca49d763c26,0.0,0.33137999175314303,0.02032216142666892,0.001982057447572352,0.004376551140845643,0.011161373012988094,0.03025236454376684,-7.5436553955078125,-0.1976369395852089,1.4917377710342408,-4.796768093109131,0.7513131260871887
qwen2.5-0.5b-instruct,0.24,2,False,authority_test,2.0,2.0,0050cc7876e55913,0.0,0.33137999175314303,0.02032216142666892,0.02223980790289235,0.02932168859079985,0.04999999930592257,0.05000000221854922,-8.01217269897461,-0.7049120187759399,1.475298857688904,-5.265285778045654,0.17769295126199722
qwen2.5-0.5b-instruct,0.24,2,False,authority_test,2.0,2.0,005781a48b483502,0.0,0.33137999175314303,0.02032216142666892,0.02223980790289235,0.02932168859079985,0.04999999930592257,0.05000000221854922,-8.01217269897461,-0.7049120187759399,1.475298857688904,-5.265285778045654,0.17769295126199722
qwen2.5-0.5b-instruct,0.24,2,False,authority_test,2.0,2.0,02e457941f8b4c86,0.0,0.33137999175314303,0.02032216142666892,0.02223980790289235,0.02932168859079985,0.04999999930592257,0.05000000221854922,-8.01217269897461,-0.7049120187759399,1.475298857688904,-5.265285778045654,0.17769295126199722
qwen2.5-0.5b-instruct,0.24,2,False,authority_test,2.0,2.0,0b7dac16eea5116b,0.008438818565400852,0.33137999175314303,0.02032216142666892,0.02223980790289235,0.02932168859079985,0.04999999930592257,0.05000000221854922,-8.01217269897461,-0.7049120187759399,1.475298857688904,-5.265285778045654,0.17769295126199722
qwen2.5-0.5b-instruct,0.24,2,False,authority_test,2.0,2.0,10130194674cbf8b,0.0,0.33137999175314303,0.02032216142666892,0.02223980790289235,0.02932168859079985,0.04999999930592257,0.05000000221854922,-8.01217269897461,-0.7049120187759399,1.475298857688904,-5.265285778045654,0.17769295126199722
qwen2.5-0.5b-instruct,0.24,2,False,authority_test,2.0,2.0,1d701acfc6c6d4fa,0.010471204188481686,0.33137999175314303,0.02032216142666892,0.02223980790289235,0.02932168859079985,0.04999999930592257,0.05000000221854922,-8.01217269897461,-0.7049120187759399,1.475298857688904,-5.265285778045654,0.17769295126199722
qwen2.5-0.5b-instruct,0.24,2,False,authority_test,2.0,2.0,1df1518943bb0a9e,0.0,0.33137999175314303,0.02032216142666892,0.02223980790289235,0.02932168859079985,0.04999999930592257,0.05000000221854922,-8.01217269897461,-0.7049120187759399,1.475298857688904,-5.265285778045654,0.17769295126199722
qwen2.5-0.5b-instruct,0.24,2,False,authority_test,2.0,2.0,1edc5f328c1371c5,0.0,0.33137999175314303,0.02032216142666892,0.02223980790289235,0.02932168859079985,0.04999999930592257,0.05000000221854922,-8.01217269897461,-0.7049120187759399,1.475298857688904,-5.265285778045654,0.17769295126199722
qwen2.5-0.5b-instruct,0.24,2,False,authority_test,2.0,2.0,20ca69931a7f3f69,0.0,0.33137999175314303,0.02032216142666892,0.02223980790289235,0.02932168859079985,0.04999999930592257,0.05000000221854922,-8.01217269897461,-0.7049120187759399,1.475298857688904,-5.265285778045654,0.17769295126199722
qwen2.5-0.5b-instruct,0.24,2,False,authority_test,2.0,2.0,22971b5f73ffc4ed,0.018867924528301883,0.33137999175314303,0.02032216142666892,0.02223980790289235,0.02932168859079985,0.04999999930592257,0.05000000221854922,-8.01217269897461,-0.7049120187759399,1.475298857688904,-5.265285778045654,0.17769295126199722
qwen2.5-0.5b-instruct,0.24,2,False,authority_test,2.0,2.0,244dcd310f4f3355,0.0,0.33137999175314303,0.02032216142666892,0.02223980790289235,0.02932168859079985,0.04999999930592257,0.05000000221854922,-8.01217269897461,-0.7049120187759399,1.475298857688904,-5.265285778045654,0.17769295126199722
qwen2.5-0.5b-instruct,0.24,2,False,authority_test,2.0,2.0,288a3dfeffedf427,0.0,0.33137999175314303,0.02032216142666892,0.02223980790289235,0.02932168859079985,0.04999999930592257,0.05000000221854922,-8.01217269897461,-0.7049120187759399,1.475298857688904,-5.265285778045654,0.17769295126199722
qwen2.5-0.5b-instruct,0.24,2,False,authority_test,2.0,2.0,2b5a55d1cc0067b2,0.0,0.33137999175314303,0.02032216142666892,0.02223980790289235,0.02932168859079985,0.04999999930592257,0.05000000221854922,-8.01217269897461,-0.7049120187759399,1.475298857688904,-5.265285778045654,0.17769295126199722
qwen2.5-0.5b-instruct,0.24,2,False,authority_test,2.0,2.0,2d2c5781c810e5ad,0.0,0.33137999175314303,0.02032216142666892,0.02223980790289235,0.02932168859079985,0.04999999930592257,0.05000000221854922,-8.01217269897461,-0.7049120187759399,1.475298857688904,-5.265285778045654,0.17769295126199722
qwen2.5-0.5b-instruct,0.24,2,False,authority_test,2.0,2.0,36e26290ffdc487c,0.0,0.33137999175314303,0.02032216142666892,0.02223980790289235,0.02932168859079985,0.04999999930592257,0.05000000221854922,-8.01217269897461,-0.7049120187759399,1.475298857688904,-5.265285778045654,0.17769295126199722
qwen2.5-0.5b-instruct,0.24,2,False,authority_test,2.0,2.0,3991f39ca9af3d98,0.008000000000000007,0.33137999175314303,0.02032216142666892,0.02223980790289235,0.02932168859079985,0.04999999930592257,0.05000000221854922,-8.01217269897461,-0.7049120187759399,1.475298857688904,-5.265285778045654,0.17769295126199722
qwen2.5-0.5b-instruct,0.24,2,False,authority_test,2.0,2.0,41cbf566cb043949,0.0,0.33137999175314303,0.02032216142666892,0.02223980790289235,0.02932168859079985,0.04999999930592257,0.05000000221854922,-8.01217269897461,-0.7049120187759399,1.475298857688904,-5.265285778045654,0.17769295126199722
qwen2.5-0.5b-instruct,0.24,2,False,authority_test,2.0,2.0,4ab9fb541f3f6c30,1.0,0.33137999175314303,0.02032216142666892,0.02223980790289235,0.02932168859079985,0.04999999930592257,0.05000000221854922,-8.01217269897461,-0.7049120187759399,1.475298857688904,-5.265285778045654,0.17769295126199722
qwen2.5-0.5b-instruct,0.24,2,False,authority_test,2.0,2.0,4abdfd3d1917cd04,0.00952380952380949,0.33137999175314303,0.02032216142666892,0.02223980790289235,0.02932168859079985,0.04999999930592257,0.05000000221854922,-8.01217269897461,-0.7049120187759399,1.475298857688904,-5.265285778045654,0.17769295126199722
qwen2.5-0.5b-instruct,0.24,2,False,authority_test,2.0,2.0,4b8d3c3c6c10deb8,0.0,0.33137999175314303,0.02032216142666892,0.02223980790289235,0.02932168859079985,0.04999999930592257,0.05000000221854922,-8.01217269897461,-0.7049120187759399,1.475298857688904,-5.265285778045654,0.17769295126199722
qwen2.5-0.5b-instruct,0.24,2,False,authority_test,2.0,2.0,4da5a7ea784f8c6d,0.0,0.33137999175314303,0.02032216142666892,0.02223980790289235,0.02932168859079985,0.04999999930592257,0.05000000221854922,-8.01217269897461,-0.7049120187759399,1.475298857688904,-5.265285778045654,0.17769295126199722
qwen2.5-0.5b-instruct,0.24,2,False,authority_test,2.0,2.0,587a815c09452a66,0.0,0.33137999175314303,0.02032216142666892,0.02223980790289235,0.02932168859079985,0.04999999930592257,0.05000000221854922,-8.01217269897461,-0.7049120187759399,1.475298857688904,-5.265285778045654,0.17769295126199722
qwen2.5-0.5b-instruct,0.24,2,False,authority_test,2.0,2.0,727d42f9caba144c,0.0,0.33137999175314303,0.02032216142666892,0.02223980790289235,0.02932168859079985,0.04999999930592257,0.05000000221854922,-8.01217269897461,-0.7049120187759399,1.475298857688904,-5.265285778045654,0.17769295126199722
qwen2.5-0.5b-instruct,0.24,2,False,authority_test,2.0,2.0,73d8c52a89607f1f,0.0,0.33137999175314303,0.02032216142666892,0.02223980790289235,0.02932168859079985,0.04999999930592257,0.05000000221854922,-8.01217269897461,-0.7049120187759399,1.475298857688904,-5.265285778045654,0.17769295126199722
qwen2.5-0.5b-instruct,0.24,2,False,authority_test,2.0,2.0,7ce1504cbdb83e1d,0.0,0.33137999175314303,0.02032216142666892,0.02223980790289235,0.02932168859079985,0.04999999930592257,0.05000000221854922,-8.01217269897461,-0.7049120187759399,1.475298857688904,-5.265285778045654,0.17769295126199722
qwen2.5-0.5b-instruct,0.24,2,False,authority_test,2.0,2.0,7d81fec0c0ad5cfb,1.0,0.33137999175314303,0.02032216142666892,0.02223980790289235,0.02932168859079985,0.04999999930592257,0.05000000221854922,-8.01217269897461,-0.7049120187759399,1.475298857688904,-5.265285778045654,0.17769295126199722
qwen2.5-0.5b-instruct,0.24,2,False,authority_test,2.0,2.0,853a8e6b978dc0e5,0.0,0.33137999175314303,0.02032216142666892,0.02223980790289235,0.02932168859079985,0.04999999930592257,0.05000000221854922,-8.01217269897461,-0.7049120187759399,1.475298857688904,-5.265285778045654,0.17769295126199722
qwen2.5-0.5b-instruct,0.24,2,False,authority_test,2.0,2.0,8a4b5dc09550b348,0.0,0.33137999175314303,0.02032216142666892,0.02223980790289235,0.02932168859079985,0.04999999930592257,0.05000000221854922,-8.01217269897461,-0.7049120187759399,1.475298857688904,-5.265285778045654,0.17769295126199722
qwen2.5-0.5b-instruct,0.24,2,False,authority_test,2.0,2.0,8d83ab85999515ac,0.007692307692307665,0.33137999175314303,0.02032216142666892,0.02223980790289235,0.02932168859079985,0.04999999930592257,0.05000000221854922,-8.01217269897461,-0.7049120187759399,1.475298857688904,-5.265285778045654,0.17769295126199722
qwen2.5-0.5b-instruct,0.24,2,False,authority_test,2.0,2.0,8da22a2bb27cf9cd,0.0,0.33137999175314303,0.02032216142666892,0.02223980790289235,0.02932168859079985,0.04999999930592257,0.05000000221854922,-8.01217269897461,-0.7049120187759399,1.475298857688904,-5.265285778045654,0.17769295126199722
qwen2.5-0.5b-instruct,0.24,2,False,authority_test,2.0,2.0,9022e3c16577eb94,0.0,0.33137999175314303,0.02032216142666892,0.02223980790289235,0.02932168859079985,0.04999999930592257,0.05000000221854922,-8.01217269897461,-0.7049120187759399,1.475298857688904,-5.265285778045654,0.17769295126199722
qwen2.5-0.5b-instruct,0.24,2,False,authority_test,2.0,2.0,936e0b8c6301c7d8,0.008000000000000007,0.33137999175314303,0.02032216142666892,0.02223980790289235,0.02932168859079985,0.04999999930592257,0.05000000221854922,-8.01217269897461,-0.7049120187759399,1.475298857688904,-5.265285778045654,0.17769295126199722
qwen2.5-0.5b-instruct,0.24,2,False,authority_test,2.0,2.0,944896031f0e373c,0.0,0.33137999175314303,0.02032216142666892,0.02223980790289235,0.02932168859079985,0.04999999930592257,0.05000000221854922,-8.01217269897461,-0.7049120187759399,1.475298857688904,-5.265285778045654,0.17769295126199722
qwen2.5-0.5b-instruct,0.24,2,False,authority_test,2.0,2.0,970c85fa32c52429,0.0,0.33137999175314303,0.02032216142666892,0.02223980790289235,0.02932168859079985,0.04999999930592257,0.05000000221854922,-8.01217269897461,-0.7049120187759399,1.475298857688904,-5.265285778045654,0.17769295126199722
qwen2.5-0.5b-instruct,0.24,2,False,authority_test,2.0,2.0,9d7c1f1cdad027ed,0.0,0.33137999175314303,0.02032216142666892,0.02223980790289235,0.02932168859079985,0.04999999930592257,0.05000000221854922,-8.01217269897461,-0.7049120187759399,1.475298857688904,-5.265285778045654,0.17769295126199722
qwen2.5-0.5b-instruct,0.24,2,False,authority_test,2.0,2.0,9f69978661a5c493,0.0,0.33137999175314303,0.02032216142666892,0.02223980790289235,0.02932168859079985,0.04999999930592257,0.05000000221854922,-8.01217269897461,-0.7049120187759399,1.475298857688904,-5.265285778045654,0.17769295126199722
qwen2.5-0.5b-instruct,0.24,2,False,authority_test,2.0,2.0,a9e716a840f16125,0.0,0.33137999175314303,0.02032216142666892,0.02223980790289235,0.02932168859079985,0.04999999930592257,0.05000000221854922,-8.01217269897461,-0.7049120187759399,1.475298857688904,-5.265285778045654,0.17769295126199722
qwen2.5-0.5b-instruct,0.24,2,False,authority_test,2.0,2.0,af2542aaf2cec400,0.0,0.33137999175314303,0.02032216142666892,0.02223980790289235,0.02932168859079985,0.04999999930592257,0.05000000221854922,-8.01217269897461,-0.7049120187759399,1.475298857688904,-5.265285778045654,0.17769295126199722
qwen2.5-0.5b-instruct,0.24,2,False,authority_test,2.0,2.0,b78b59e2a3c0adcb,0.0,0.33137999175314303,0.02032216142666892,0.02223980790289235,0.02932168859079985,0.04999999930592257,0.05000000221854922,-8.01217269897461,-0.7049120187759399,1.475298857688904,-5.265285778045654,0.17769295126199722
qwen2.5-0.5b-instruct,0.24,2,False,authority_test,2.0,2.0,bc3418728d141792,0.0,0.33137999175314303,0.02032216142666892,0.02223980790289235,0.02932168859079985,0.04999999930592257,0.05000000221854922,-8.01217269897461,-0.7049120187759399,1.475298857688904,-5.265285778045654,0.17769295126199722
qwen2.5-0.5b-instruct,0.24,2,False,authority_test,2.0,2.0,bf18d1ffdde86090,0.0,0.33137999175314303,0.02032216142666892,0.02223980790289235,0.02932168859079985,0.04999999930592257,0.05000000221854922,-8.01217269897461,-0.7049120187759399,1.475298857688904,-5.265285778045654,0.17769295126199722
qwen2.5-0.5b-instruct,0.24,2,False,authority_test,2.0,2.0,d07c4fcb537efb5a,0.0,0.33137999175314303,0.02032216142666892,0.02223980790289235,0.02932168859079985,0.04999999930592257,0.05000000221854922,-8.01217269897461,-0.7049120187759399,1.475298857688904,-5.265285778045654,0.17769295126199722
qwen2.5-0.5b-instruct,0.24,2,False,authority_test,2.0,2.0,d309edf9243881a9,0.0,0.33137999175314303,0.02032216142666892,0.02223980790289235,0.02932168859079985,0.04999999930592257,0.05000000221854922,-8.01217269897461,-0.7049120187759399,1.475298857688904,-5.265285778045654,0.17769295126199722
qwen2.5-0.5b-instruct,0.24,2,False,authority_test,2.0,2.0,d5ea8284b8ff154f,0.008849557522123908,0.33137999175314303,0.02032216142666892,0.02223980790289235,0.02932168859079985,0.04999999930592257,0.05000000221854922,-8.01217269897461,-0.7049120187759399,1.475298857688904,-5.265285778045654,0.17769295126199722
qwen2.5-0.5b-instruct,0.24,2,False,authority_test,2.0,2.0,e4fcc40e432a1de9,0.0,0.33137999175314303,0.02032216142666892,0.02223980790289235,0.02932168859079985,0.04999999930592257,0.05000000221854922,-8.01217269897461,-0.7049120187759399,1.475298857688904,-5.265285778045654,0.17769295126199722
qwen2.5-0.5b-instruct,0.24,2,False,authority_test,2.0,2.0,e689c20cf634f61b,0.007874015748031482,0.33137999175314303,0.02032216142666892,0.02223980790289235,0.02932168859079985,0.04999999930592257,0.05000000221854922,-8.01217269897461,-0.7049120187759399,1.475298857688904,-5.265285778045654,0.17769295126199722
qwen2.5-0.5b-instruct,0.24,2,False,authority_test,2.0,2.0,ed57017341d74a76,0.0,0.33137999175314303,0.02032216142666892,0.02223980790289235,0.02932168859079985,0.04999999930592257,0.05000000221854922,-8.01217269897461,-0.7049120187759399,1.475298857688904,-5.265285778045654,0.17769295126199722
qwen2.5-0.5b-instruct,0.24,2,False,authority_test,2.0,2.0,fb80856fbb14e104,0.33333333333333337,0.33137999175314303,0.02032216142666892,0.02223980790289235,0.02932168859079985,0.04999999930592257,0.05000000221854922,-8.01217269897461,-0.7049120187759399,1.475298857688904,-5.265285778045654,0.17769295126199722
qwen2.5-0.5b-instruct,0.24,2,False,authority_test,2.0,2.0,fc477c545737032a,0.0,0.33137999175314303,0.02032216142666892,0.02223980790289235,0.02932168859079985,0.04999999930592257,0.05000000221854922,-8.01217269897461,-0.7049120187759399,1.475298857688904,-5.265285778045654,0.17769295126199722
qwen2.5-0.5b-instruct,0.24,2,False,authority_test,2.0,2.0,fec02ca49d763c26,0.0,0.33137999175314303,0.02032216142666892,0.02223980790289235,0.02932168859079985,0.04999999930592257,0.05000000221854922,-8.01217269897461,-0.7049120187759399,1.475298857688904,-5.265285778045654,0.17769295126199722
qwen2.5-0.5b-instruct,0.3333333333333333,2,True,authority_test,0.0,0.0,0050cc7876e55913,0.0,0.18373498842592234,0.020181225305903626,0.017751686859894034,0.019174670825081296,0.02540750145903045,0.027634624105485495,-7.5436553955078125,-0.19647869579493998,1.4921719551086425,-4.796768093109131,0.754804253578186
qwen2.5-0.5b-instruct,0.3333333333333333,2,True,authority_test,0.0,0.0,005781a48b483502,0.02564102564102566,0.18373498842592234,0.020181225305903626,0.017751686859894034,0.019174670825081296,0.02540750145903045,0.027634624105485495,-7.5436553955078125,-0.19647869579493998,1.4921719551086425,-4.796768093109131,0.754804253578186
qwen2.5-0.5b-instruct,0.3333333333333333,2,True,authority_test,0.0,0.0,02e457941f8b4c86,0.0,0.18373498842592234,0.020181225305903626,0.017751686859894034,0.019174670825081296,0.02540750145903045,0.027634624105485495,-7.5436553955078125,-0.19647869579493998,1.4921719551086425,-4.796768093109131,0.754804253578186
qwen2.5-0.5b-instruct,0.3333333333333333,2,True,authority_test,0.0,0.0,0b7dac16eea5116b,1.0,0.18373498842592234,0.020181225305903626,0.017751686859894034,0.019174670825081296,0.02540750145903045,0.027634624105485495,-7.5436553955078125,-0.19647869579493998,1.4921719551086425,-4.796768093109131,0.754804253578186
qwen2.5-0.5b-instruct,0.3333333333333333,2,True,authority_test,0.0,0.0,10130194674cbf8b,1.0,0.18373498842592234,0.020181225305903626,0.017751686859894034,0.019174670825081296,0.02540750145903045,0.027634624105485495,-7.5436553955078125,-0.19647869579493998,1.4921719551086425,-4.796768093109131,0.754804253578186
qwen2.5-0.5b-instruct,0.3333333333333333,2,True,authority_test,0.0,0.0,1d701acfc6c6d4fa,0.010638297872340385,0.18373498842592234,0.020181225305903626,0.017751686859894034,0.019174670825081296,0.02540750145903045,0.027634624105485495,-7.5436553955078125,-0.19647869579493998,1.4921719551086425,-4.796768093109131,0.754804253578186
qwen2.5-0.5b-instruct,0.3333333333333333,2,True,authority_test,0.0,0.0,1df1518943bb0a9e,0.0,0.18373498842592234,0.020181225305903626,0.017751686859894034,0.019174670825081296,0.02540750145903045,0.027634624105485495,-7.5436553955078125,-0.19647869579493998,1.4921719551086425,-4.796768093109131,0.754804253578186
qwen2.5-0.5b-instruct,0.3333333333333333,2,True,authority_test,0.0,0.0,1edc5f328c1371c5,0.0,0.18373498842592234,0.020181225305903626,0.017751686859894034,0.019174670825081296,0.02540750145903045,0.027634624105485495,-7.5436553955078125,-0.19647869579493998,1.4921719551086425,-4.796768093109131,0.754804253578186
qwen2.5-0.5b-instruct,0.3333333333333333,2,True,authority_test,0.0,0.0,20ca69931a7f3f69,1.0,0.18373498842592234,0.020181225305903626,0.017751686859894034,0.019174670825081296,0.02540750145903045,0.027634624105485495,-7.5436553955078125,-0.19647869579493998,1.4921719551086425,-4.796768093109131,0.754804253578186
qwen2.5-0.5b-instruct,0.3333333333333333,2,True,authority_test,0.0,0.0,22971b5f73ffc4ed,0.008620689655172376,0.18373498842592234,0.020181225305903626,0.017751686859894034,0.019174670825081296,0.02540750145903045,0.027634624105485495,-7.5436553955078125,-0.19647869579493998,1.4921719551086425,-4.796768093109131,0.754804253578186
qwen2.5-0.5b-instruct,0.3333333333333333,2,True,authority_test,0.0,0.0,244dcd310f4f3355,0.0,0.18373498842592234,0.020181225305903626,0.017751686859894034,0.019174670825081296,0.02540750145903045,0.027634624105485495,-7.5436553955078125,-0.19647869579493998,1.4921719551086425,-4.796768093109131,0.754804253578186
qwen2.5-0.5b-instruct,0.3333333333333333,2,True,authority_test,0.0,0.0,288a3dfeffedf427,0.0,0.18373498842592234,0.020181225305903626,0.017751686859894034,0.019174670825081296,0.02540750145903045,0.027634624105485495,-7.5436553955078125,-0.19647869579493998,1.4921719551086425,-4.796768093109131,0.754804253578186
qwen2.5-0.5b-instruct,0.3333333333333333,2,True,authority_test,0.0,0.0,2b5a55d1cc0067b2,0.0,0.18373498842592234,0.020181225305903626,0.017751686859894034,0.019174670825081296,0.02540750145903045,0.027634624105485495,-7.5436553955078125,-0.19647869579493998,1.4921719551086425,-4.796768093109131,0.754804253578186
qwen2.5-0.5b-instruct,0.3333333333333333,2,True,authority_test,0.0,0.0,2d2c5781c810e5ad,1.0,0.18373498842592234,0.020181225305903626,0.017751686859894034,0.019174670825081296,0.02540750145903045,0.027634624105485495,-7.5436553955078125,-0.19647869579493998,1.4921719551086425,-4.796768093109131,0.754804253578186
qwen2.5-0.5b-instruct,0.3333333333333333,2,True,authority_test,0.0,0.0,36e26290ffdc487c,0.0,0.18373498842592234,0.020181225305903626,0.017751686859894034,0.019174670825081296,0.02540750145903045,0.027634624105485495,-7.5436553955078125,-0.19647869579493998,1.4921719551086425,-4.796768093109131,0.754804253578186
qwen2.5-0.5b-instruct,0.3333333333333333,2,True,authority_test,0.0,0.0,3991f39ca9af3d98,0.0,0.18373498842592234,0.020181225305903626,0.017751686859894034,0.019174670825081296,0.02540750145903045,0.027634624105485495,-7.5436553955078125,-0.19647869579493998,1.4921719551086425,-4.796768093109131,0.754804253578186
qwen2.5-0.5b-instruct,0.3333333333333333,2,True,authority_test,0.0,0.0,41cbf566cb043949,1.0,0.18373498842592234,0.020181225305903626,0.017751686859894034,0.019174670825081296,0.02540750145903045,0.027634624105485495,-7.5436553955078125,-0.19647869579493998,1.4921719551086425,-4.796768093109131,0.754804253578186
qwen2.5-0.5b-instruct,0.3333333333333333,2,True,authority_test,0.0,0.0,4ab9fb541f3f6c30,1.0,0.18373498842592234,0.020181225305903626,0.017751686859894034,0.019174670825081296,0.02540750145903045,0.027634624105485495,-7.5436553955078125,-0.19647869579493998,1.4921719551086425,-4.796768093109131,0.754804253578186
qwen2.5-0.5b-instruct,0.3333333333333333,2,True,authority_test,0.0,0.0,4abdfd3d1917cd04,0.008264462809917328,0.18373498842592234,0.020181225305903626,0.017751686859894034,0.019174670825081296,0.02540750145903045,0.027634624105485495,-7.5436553955078125,-0.19647869579493998,1.4921719551086425,-4.796768093109131,0.754804253578186
qwen2.5-0.5b-instruct,0.3333333333333333,2,True,authority_test,0.0,0.0,4b8d3c3c6c10deb8,0.0,0.18373498842592234,0.020181225305903626,0.017751686859894034,0.019174670825081296,0.02540750145903045,0.027634624105485495,-7.5436553955078125,-0.19647869579493998,1.4921719551086425,-4.796768093109131,0.754804253578186
qwen2.5-0.5b-instruct,0.3333333333333333,2,True,authority_test,0.0,0.0,4da5a7ea784f8c6d,1.0,0.18373498842592234,0.020181225305903626,0.017751686859894034,0.019174670825081296,0.02540750145903045,0.027634624105485495,-7.5436553955078125,-0.19647869579493998,1.4921719551086425,-4.796768093109131,0.754804253578186
qwen2.5-0.5b-instruct,0.3333333333333333,2,True,authority_test,0.0,0.0,587a815c09452a66,0.0,0.18373498842592234,0.020181225305903626,0.017751686859894034,0.019174670825081296,0.02540750145903045,0.027634624105485495,-7.5436553955078125,-0.19647869579493998,1.4921719551086425,-4.796768093109131,0.754804253578186
qwen2.5-0.5b-instruct,0.3333333333333333,2,True,authority_test,0.0,0.0,727d42f9caba144c,1.0,0.18373498842592234,0.020181225305903626,0.017751686859894034,0.019174670825081296,0.02540750145903045,0.027634624105485495,-7.5436553955078125,-0.19647869579493998,1.4921719551086425,-4.796768093109131,0.754804253578186
qwen2.5-0.5b-instruct,0.3333333333333333,2,True,authority_test,0.0,0.0,73d8c52a89607f1f,0.0,0.18373498842592234,0.020181225305903626,0.017751686859894034,0.019174670825081296,0.02540750145903045,0.027634624105485495,-7.5436553955078125,-0.19647869579493998,1.4921719551086425,-4.796768093109131,0.754804253578186
qwen2.5-0.5b-instruct,0.3333333333333333,2,True,authority_test,0.0,0.0,7ce1504cbdb83e1d,0.0,0.18373498842592234,0.020181225305903626,0.017751686859894034,0.019174670825081296,0.02540750145903045,0.027634624105485495,-7.5436553955078125,-0.19647869579493998,1.4921719551086425,-4.796768093109131,0.754804253578186
qwen2.5-0.5b-instruct,0.3333333333333333,2,True,authority_test,0.0,0.0,7d81fec0c0ad5cfb,1.0,0.18373498842592234,0.020181225305903626,0.017751686859894034,0.019174670825081296,0.02540750145903045,0.027634624105485495,-7.5436553955078125,-0.19647869579493998,1.4921719551086425,-4.796768093109131,0.754804253578186
qwen2.5-0.5b-instruct,0.3333333333333333,2,True,authority_test,0.0,0.0,853a8e6b978dc0e5,1.0,0.18373498842592234,0.020181225305903626,0.017751686859894034,0.019174670825081296,0.02540750145903045,0.027634624105485495,-7.5436553955078125,-0.19647869579493998,1.4921719551086425,-4.796768093109131,0.754804253578186
qwen2.5-0.5b-instruct,0.3333333333333333,2,True,authority_test,0.0,0.0,8a4b5dc09550b348,0.0,0.18373498842592234,0.020181225305903626,0.017751686859894034,0.019174670825081296,0.02540750145903045,0.027634624105485495,-7.5436553955078125,-0.19647869579493998,1.4921719551086425,-4.796768093109131,0.754804253578186
qwen2.5-0.5b-instruct,0.3333333333333333,2,True,authority_test,0.0,0.0,8d83ab85999515ac,0.0,0.18373498842592234,0.020181225305903626,0.017751686859894034,0.019174670825081296,0.02540750145903045,0.027634624105485495,-7.5436553955078125,-0.19647869579493998,1.4921719551086425,-4.796768093109131,0.754804253578186
qwen2.5-0.5b-instruct,0.3333333333333333,2,True,authority_test,0.0,0.0,8da22a2bb27cf9cd,0.0,0.18373498842592234,0.020181225305903626,0.017751686859894034,0.019174670825081296,0.02540750145903045,0.027634624105485495,-7.5436553955078125,-0.19647869579493998,1.4921719551086425,-4.796768093109131,0.754804253578186
qwen2.5-0.5b-instruct,0.3333333333333333,2,True,authority_test,0.0,0.0,9022e3c16577eb94,1.0,0.18373498842592234,0.020181225305903626,0.017751686859894034,0.019174670825081296,0.02540750145903045,0.027634624105485495,-7.5436553955078125,-0.19647869579493998,1.4921719551086425,-4.796768093109131,0.754804253578186
qwen2.5-0.5b-instruct,0.3333333333333333,2,True,authority_test,0.0,0.0,936e0b8c6301c7d8,0.0,0.18373498842592234,0.020181225305903626,0.017751686859894034,0.019174670825081296,0.02540750145903045,0.027634624105485495,-7.5436553955078125,-0.19647869579493998,1.4921719551086425,-4.796768093109131,0.754804253578186
qwen2.5-0.5b-instruct,0.3333333333333333,2,True,authority_test,0.0,0.0,944896031f0e373c,0.0,0.18373498842592234,0.020181225305903626,0.017751686859894034,0.019174670825081296,0.02540750145903045,0.027634624105485495,-7.5436553955078125,-0.19647869579493998,1.4921719551086425,-4.796768093109131,0.754804253578186
qwen2.5-0.5b-instruct,0.3333333333333333,2,True,authority_test,0.0,0.0,970c85fa32c52429,0.0,0.18373498842592234,0.020181225305903626,0.017751686859894034,0.019174670825081296,0.02540750145903045,0.027634624105485495,-7.5436553955078125,-0.19647869579493998,1.4921719551086425,-4.796768093109131,0.754804253578186
qwen2.5-0.5b-instruct,0.3333333333333333,2,True,authority_test,0.0,0.0,9d7c1f1cdad027ed,0.0,0.18373498842592234,0.020181225305903626,0.017751686859894034,0.019174670825081296,0.02540750145903045,0.027634624105485495,-7.5436553955078125,-0.19647869579493998,1.4921719551086425,-4.796768093109131,0.754804253578186
qwen2.5-0.5b-instruct,0.3333333333333333,2,True,authority_test,0.0,0.0,9f69978661a5c493,1.0,0.18373498842592234,0.020181225305903626,0.017751686859894034,0.019174670825081296,0.02540750145903045,0.027634624105485495,-7.5436553955078125,-0.19647869579493998,1.4921719551086425,-4.796768093109131,0.754804253578186
qwen2.5-0.5b-instruct,0.3333333333333333,2,True,authority_test,0.0,0.0,a9e716a840f16125,0.0,0.18373498842592234,0.020181225305903626,0.017751686859894034,0.019174670825081296,0.02540750145903045,0.027634624105485495,-7.5436553955078125,-0.19647869579493998,1.4921719551086425,-4.796768093109131,0.754804253578186
qwen2.5-0.5b-instruct,0.3333333333333333,2,True,authority_test,0.0,0.0,af2542aaf2cec400,0.0,0.18373498842592234,0.020181225305903626,0.017751686859894034,0.019174670825081296,0.02540750145903045,0.027634624105485495,-7.5436553955078125,-0.19647869579493998,1.4921719551086425,-4.796768093109131,0.754804253578186
qwen2.5-0.5b-instruct,0.3333333333333333,2,True,authority_test,0.0,0.0,b78b59e2a3c0adcb,1.0,0.18373498842592234,0.020181225305903626,0.017751686859894034,0.019174670825081296,0.02540750145903045,0.027634624105485495,-7.5436553955078125,-0.19647869579493998,1.4921719551086425,-4.796768093109131,0.754804253578186
qwen2.5-0.5b-instruct,0.3333333333333333,2,True,authority_test,0.0,0.0,bc3418728d141792,0.0,0.18373498842592234,0.020181225305903626,0.017751686859894034,0.019174670825081296,0.02540750145903045,0.027634624105485495,-7.5436553955078125,-0.19647869579493998,1.4921719551086425,-4.796768093109131,0.754804253578186
qwen2.5-0.5b-instruct,0.3333333333333333,2,True,authority_test,0.0,0.0,bf18d1ffdde86090,0.0,0.18373498842592234,0.020181225305903626,0.017751686859894034,0.019174670825081296,0.02540750145903045,0.027634624105485495,-7.5436553955078125,-0.19647869579493998,1.4921719551086425,-4.796768093109131,0.754804253578186
qwen2.5-0.5b-instruct,0.3333333333333333,2,True,authority_test,0.0,0.0,d07c4fcb537efb5a,1.0,0.18373498842592234,0.020181225305903626,0.017751686859894034,0.019174670825081296,0.02540750145903045,0.027634624105485495,-7.5436553955078125,-0.19647869579493998,1.4921719551086425,-4.796768093109131,0.754804253578186
qwen2.5-0.5b-instruct,0.3333333333333333,2,True,authority_test,0.0,0.0,d309edf9243881a9,0.0,0.18373498842592234,0.020181225305903626,0.017751686859894034,0.019174670825081296,0.02540750145903045,0.027634624105485495,-7.5436553955078125,-0.19647869579493998,1.4921719551086425,-4.796768093109131,0.754804253578186
qwen2.5-0.5b-instruct,0.3333333333333333,2,True,authority_test,0.0,0.0,d5ea8284b8ff154f,1.0,0.18373498842592234,0.020181225305903626,0.017751686859894034,0.019174670825081296,0.02540750145903045,0.027634624105485495,-7.5436553955078125,-0.19647869579493998,1.4921719551086425,-4.796768093109131,0.754804253578186
qwen2.5-0.5b-instruct,0.3333333333333333,2,True,authority_test,0.0,0.0,e4fcc40e432a1de9,0.0,0.18373498842592234,0.020181225305903626,0.017751686859894034,0.019174670825081296,0.02540750145903045,0.027634624105485495,-7.5436553955078125,-0.19647869579493998,1.4921719551086425,-4.796768093109131,0.754804253578186
qwen2.5-0.5b-instruct,0.3333333333333333,2,True,authority_test,0.0,0.0,e689c20cf634f61b,0.0,0.18373498842592234,0.020181225305903626,0.017751686859894034,0.019174670825081296,0.02540750145903045,0.027634624105485495,-7.5436553955078125,-0.19647869579493998,1.4921719551086425,-4.796768093109131,0.754804253578186
qwen2.5-0.5b-instruct,0.3333333333333333,2,True,authority_test,0.0,0.0,ed57017341d74a76,1.0,0.18373498842592234,0.020181225305903626,0.017751686859894034,0.019174670825081296,0.02540750145903045,0.027634624105485495,-7.5436553955078125,-0.19647869579493998,1.4921719551086425,-4.796768093109131,0.754804253578186
qwen2.5-0.5b-instruct,0.3333333333333333,2,True,authority_test,0.0,0.0,fb80856fbb14e104,0.0,0.18373498842592234,0.020181225305903626,0.017751686859894034,0.019174670825081296,0.02540750145903045,0.027634624105485495,-7.5436553955078125,-0.19647869579493998,1.4921719551086425,-4.796768093109131,0.754804253578186
qwen2.5-0.5b-instruct,0.3333333333333333,2,True,authority_test,0.0,0.0,fc477c545737032a,0.0,0.18373498842592234,0.020181225305903626,0.017751686859894034,0.019174670825081296,0.02540750145903045,0.027634624105485495,-7.5436553955078125,-0.19647869579493998,1.4921719551086425,-4.796768093109131,0.754804253578186
qwen2.5-0.5b-instruct,0.3333333333333333,2,True,authority_test,0.0,0.0,fec02ca49d763c26,0.0,0.18373498842592234,0.020181225305903626,0.017751686859894034,0.019174670825081296,0.02540750145903045,0.027634624105485495,-7.5436553955078125,-0.19647869579493998,1.4921719551086425,-4.796768093109131,0.754804253578186
qwen2.5-0.5b-instruct,0.3333333333333333,2,True,authority_test,0.0,2.0,0050cc7876e55913,0.0,0.18373498842592234,0.020181225305903626,0.017294530940793328,0.018228329177492807,0.02268211577001193,0.025716167694235716,-8.01217269897461,-0.7007979989051819,1.4766716241836548,-5.265285778045654,0.18638145327568054
qwen2.5-0.5b-instruct,0.3333333333333333,2,True,authority_test,0.0,2.0,005781a48b483502,0.0,0.18373498842592234,0.020181225305903626,0.017294530940793328,0.018228329177492807,0.02268211577001193,0.025716167694235716,-8.01217269897461,-0.7007979989051819,1.4766716241836548,-5.265285778045654,0.18638145327568054
qwen2.5-0.5b-instruct,0.3333333333333333,2,True,authority_test,0.0,2.0,02e457941f8b4c86,0.0,0.18373498842592234,0.020181225305903626,0.017294530940793328,0.018228329177492807,0.02268211577001193,0.025716167694235716,-8.01217269897461,-0.7007979989051819,1.4766716241836548,-5.265285778045654,0.18638145327568054
qwen2.5-0.5b-instruct,0.3333333333333333,2,True,authority_test,0.0,2.0,0b7dac16eea5116b,0.008438818565400852,0.18373498842592234,0.020181225305903626,0.017294530940793328,0.018228329177492807,0.02268211577001193,0.025716167694235716,-8.01217269897461,-0.7007979989051819,1.4766716241836548,-5.265285778045654,0.18638145327568054
qwen2.5-0.5b-instruct,0.3333333333333333,2,True,authority_test,0.0,2.0,10130194674cbf8b,0.0,0.18373498842592234,0.020181225305903626,0.017294530940793328,0.018228329177492807,0.02268211577001193,0.025716167694235716,-8.01217269897461,-0.7007979989051819,1.4766716241836548,-5.265285778045654,0.18638145327568054
qwen2.5-0.5b-instruct,0.3333333333333333,2,True,authority_test,0.0,2.0,1d701acfc6c6d4fa,0.010471204188481686,0.18373498842592234,0.020181225305903626,0.017294530940793328,0.018228329177492807,0.02268211577001193,0.025716167694235716,-8.01217269897461,-0.7007979989051819,1.4766716241836548,-5.265285778045654,0.18638145327568054
qwen2.5-0.5b-instruct,0.3333333333333333,2,True,authority_test,0.0,2.0,1df1518943bb0a9e,0.0,0.18373498842592234,0.020181225305903626,0.017294530940793328,0.018228329177492807,0.02268211577001193,0.025716167694235716,-8.01217269897461,-0.7007979989051819,1.4766716241836548,-5.265285778045654,0.18638145327568054
qwen2.5-0.5b-instruct,0.3333333333333333,2,True,authority_test,0.0,2.0,1edc5f328c1371c5,0.0,0.18373498842592234,0.020181225305903626,0.017294530940793328,0.018228329177492807,0.02268211577001193,0.025716167694235716,-8.01217269897461,-0.7007979989051819,1.4766716241836548,-5.265285778045654,0.18638145327568054
qwen2.5-0.5b-instruct,0.3333333333333333,2,True,authority_test,0.0,2.0,20ca69931a7f3f69,1.0,0.18373498842592234,0.020181225305903626,0.017294530940793328,0.018228329177492807,0.02268211577001193,0.025716167694235716,-8.01217269897461,-0.7007979989051819,1.4766716241836548,-5.265285778045654,0.18638145327568054
qwen2.5-0.5b-instruct,0.3333333333333333,2,True,authority_test,0.0,2.0,22971b5f73ffc4ed,0.018867924528301883,0.18373498842592234,0.020181225305903626,0.017294530940793328,0.018228329177492807,0.02268211577001193,0.025716167694235716,-8.01217269897461,-0.7007979989051819,1.4766716241836548,-5.265285778045654,0.18638145327568054
qwen2.5-0.5b-instruct,0.3333333333333333,2,True,authority_test,0.0,2.0,244dcd310f4f3355,0.0,0.18373498842592234,0.020181225305903626,0.017294530940793328,0.018228329177492807,0.02268211577001193,0.025716167694235716,-8.01217269897461,-0.7007979989051819,1.4766716241836548,-5.265285778045654,0.18638145327568054
qwen2.5-0.5b-instruct,0.3333333333333333,2,True,authority_test,0.0,2.0,288a3dfeffedf427,0.0,0.18373498842592234,0.020181225305903626,0.017294530940793328,0.018228329177492807,0.02268211577001193,0.025716167694235716,-8.01217269897461,-0.7007979989051819,1.4766716241836548,-5.265285778045654,0.18638145327568054
qwen2.5-0.5b-instruct,0.3333333333333333,2,True,authority_test,0.0,2.0,2b5a55d1cc0067b2,0.0,0.18373498842592234,0.020181225305903626,0.017294530940793328,0.018228329177492807,0.02268211577001193,0.025716167694235716,-8.01217269897461,-0.7007979989051819,1.4766716241836548,-5.265285778045654,0.18638145327568054
qwen2.5-0.5b-instruct,0.3333333333333333,2,True,authority_test,0.0,2.0,2d2c5781c810e5ad,0.0,0.18373498842592234,0.020181225305903626,0.017294530940793328,0.018228329177492807,0.02268211577001193,0.025716167694235716,-8.01217269897461,-0.7007979989051819,1.4766716241836548,-5.265285778045654,0.18638145327568054
qwen2.5-0.5b-instruct,0.3333333333333333,2,True,authority_test,0.0,2.0,36e26290ffdc487c,0.0,0.18373498842592234,0.020181225305903626,0.017294530940793328,0.018228329177492807,0.02268211577001193,0.025716167694235716,-8.01217269897461,-0.7007979989051819,1.4766716241836548,-5.265285778045654,0.18638145327568054
qwen2.5-0.5b-instruct,0.3333333333333333,2,True,authority_test,0.0,2.0,3991f39ca9af3d98,0.008000000000000007,0.18373498842592234,0.020181225305903626,0.017294530940793328,0.018228329177492807,0.02268211577001193,0.025716167694235716,-8.01217269897461,-0.7007979989051819,1.4766716241836548,-5.265285778045654,0.18638145327568054
qwen2.5-0.5b-instruct,0.3333333333333333,2,True,authority_test,0.0,2.0,41cbf566cb043949,0.0,0.18373498842592234,0.020181225305903626,0.017294530940793328,0.018228329177492807,0.02268211577001193,0.025716167694235716,-8.01217269897461,-0.7007979989051819,1.4766716241836548,-5.265285778045654,0.18638145327568054
qwen2.5-0.5b-instruct,0.3333333333333333,2,True,authority_test,0.0,2.0,4ab9fb541f3f6c30,1.0,0.18373498842592234,0.020181225305903626,0.017294530940793328,0.018228329177492807,0.02268211577001193,0.025716167694235716,-8.01217269897461,-0.7007979989051819,1.4766716241836548,-5.265285778045654,0.18638145327568054
qwen2.5-0.5b-instruct,0.3333333333333333,2,True,authority_test,0.0,2.0,4abdfd3d1917cd04,0.00952380952380949,0.18373498842592234,0.020181225305903626,0.017294530940793328,0.018228329177492807,0.02268211577001193,0.025716167694235716,-8.01217269897461,-0.7007979989051819,1.4766716241836548,-5.265285778045654,0.18638145327568054
qwen2.5-0.5b-instruct,0.3333333333333333,2,True,authority_test,0.0,2.0,4b8d3c3c6c10deb8,0.0,0.18373498842592234,0.020181225305903626,0.017294530940793328,0.018228329177492807,0.02268211577001193,0.025716167694235716,-8.01217269897461,-0.7007979989051819,1.4766716241836548,-5.265285778045654,0.18638145327568054
qwen2.5-0.5b-instruct,0.3333333333333333,2,True,authority_test,0.0,2.0,4da5a7ea784f8c6d,0.0,0.18373498842592234,0.020181225305903626,0.017294530940793328,0.018228329177492807,0.02268211577001193,0.025716167694235716,-8.01217269897461,-0.7007979989051819,1.4766716241836548,-5.265285778045654,0.18638145327568054
qwen2.5-0.5b-instruct,0.3333333333333333,2,True,authority_test,0.0,2.0,587a815c09452a66,0.0,0.18373498842592234,0.020181225305903626,0.017294530940793328,0.018228329177492807,0.02268211577001193,0.025716167694235716,-8.01217269897461,-0.7007979989051819,1.4766716241836548,-5.265285778045654,0.18638145327568054
qwen2.5-0.5b-instruct,0.3333333333333333,2,True,authority_test,0.0,2.0,727d42f9caba144c,0.008547008547008517,0.18373498842592234,0.020181225305903626,0.017294530940793328,0.018228329177492807,0.02268211577001193,0.025716167694235716,-8.01217269897461,-0.7007979989051819,1.4766716241836548,-5.265285778045654,0.18638145327568054
qwen2.5-0.5b-instruct,0.3333333333333333,2,True,authority_test,0.0,2.0,73d8c52a89607f1f,0.0,0.18373498842592234,0.020181225305903626,0.017294530940793328,0.018228329177492807,0.02268211577001193,0.025716167694235716,-8.01217269897461,-0.7007979989051819,1.4766716241836548,-5.265285778045654,0.18638145327568054
qwen2.5-0.5b-instruct,0.3333333333333333,2,True,authority_test,0.0,2.0,7ce1504cbdb83e1d,0.0,0.18373498842592234,0.020181225305903626,0.017294530940793328,0.018228329177492807,0.02268211577001193,0.025716167694235716,-8.01217269897461,-0.7007979989051819,1.4766716241836548,-5.265285778045654,0.18638145327568054
qwen2.5-0.5b-instruct,0.3333333333333333,2,True,authority_test,0.0,2.0,7d81fec0c0ad5cfb,1.0,0.18373498842592234,0.020181225305903626,0.017294530940793328,0.018228329177492807,0.02268211577001193,0.025716167694235716,-8.01217269897461,-0.7007979989051819,1.4766716241836548,-5.265285778045654,0.18638145327568054
qwen2.5-0.5b-instruct,0.3333333333333333,2,True,authority_test,0.0,2.0,853a8e6b978dc0e5,0.0,0.18373498842592234,0.020181225305903626,0.017294530940793328,0.018228329177492807,0.02268211577001193,0.025716167694235716,-8.01217269897461,-0.7007979989051819,1.4766716241836548,-5.265285778045654,0.18638145327568054
qwen2.5-0.5b-instruct,0.3333333333333333,2,True,authority_test,0.0,2.0,8a4b5dc09550b348,0.0,0.18373498842592234,0.020181225305903626,0.017294530940793328,0.018228329177492807,0.02268211577001193,0.025716167694235716,-8.01217269897461,-0.7007979989051819,1.4766716241836548,-5.265285778045654,0.18638145327568054
qwen2.5-0.5b-instruct,0.3333333333333333,2,True,authority_test,0.0,2.0,8d83ab85999515ac,0.007692307692307665,0.18373498842592234,0.020181225305903626,0.017294530940793328,0.018228329177492807,0.02268211577001193,0.025716167694235716,-8.01217269897461,-0.7007979989051819,1.4766716241836548,-5.265285778045654,0.18638145327568054
qwen2.5-0.5b-instruct,0.3333333333333333,2,True,authority_test,0.0,2.0,8da22a2bb27cf9cd,0.0,0.18373498842592234,0.020181225305903626,0.017294530940793328,0.018228329177492807,0.02268211577001193,0.025716167694235716,-8.01217269897461,-0.7007979989051819,1.4766716241836548,-5.265285778045654,0.18638145327568054
qwen2.5-0.5b-instruct,0.3333333333333333,2,True,authority_test,0.0,2.0,9022e3c16577eb94,0.0,0.18373498842592234,0.020181225305903626,0.017294530940793328,0.018228329177492807,0.02268211577001193,0.025716167694235716,-8.01217269897461,-0.7007979989051819,1.4766716241836548,-5.265285778045654,0.18638145327568054
qwen2.5-0.5b-instruct,0.3333333333333333,2,True,authority_test,0.0,2.0,936e0b8c6301c7d8,0.008000000000000007,0.18373498842592234,0.020181225305903626,0.017294530940793328,0.018228329177492807,0.02268211577001193,0.025716167694235716,-8.01217269897461,-0.7007979989051819,1.4766716241836548,-5.265285778045654,0.18638145327568054
qwen2.5-0.5b-instruct,0.3333333333333333,2,True,authority_test,0.0,2.0,944896031f0e373c,0.0,0.18373498842592234,0.020181225305903626,0.017294530940793328,0.018228329177492807,0.02268211577001193,0.025716167694235716,-8.01217269897461,-0.7007979989051819,1.4766716241836548,-5.265285778045654,0.18638145327568054
qwen2.5-0.5b-instruct,0.3333333333333333,2,True,authority_test,0.0,2.0,970c85fa32c52429,0.0,0.18373498842592234,0.020181225305903626,0.017294530940793328,0.018228329177492807,0.02268211577001193,0.025716167694235716,-8.01217269897461,-0.7007979989051819,1.4766716241836548,-5.265285778045654,0.18638145327568054
qwen2.5-0.5b-instruct,0.3333333333333333,2,True,authority_test,0.0,2.0,9d7c1f1cdad027ed,0.0,0.18373498842592234,0.020181225305903626,0.017294530940793328,0.018228329177492807,0.02268211577001193,0.025716167694235716,-8.01217269897461,-0.7007979989051819,1.4766716241836548,-5.265285778045654,0.18638145327568054
qwen2.5-0.5b-instruct,0.3333333333333333,2,True,authority_test,0.0,2.0,9f69978661a5c493,1.0,0.18373498842592234,0.020181225305903626,0.017294530940793328,0.018228329177492807,0.02268211577001193,0.025716167694235716,-8.01217269897461,-0.7007979989051819,1.4766716241836548,-5.265285778045654,0.18638145327568054
qwen2.5-0.5b-instruct,0.3333333333333333,2,True,authority_test,0.0,2.0,a9e716a840f16125,0.0,0.18373498842592234,0.020181225305903626,0.017294530940793328,0.018228329177492807,0.02268211577001193,0.025716167694235716,-8.01217269897461,-0.7007979989051819,1.4766716241836548,-5.265285778045654,0.18638145327568054
qwen2.5-0.5b-instruct,0.3333333333333333,2,True,authority_test,0.0,2.0,af2542aaf2cec400,0.0,0.18373498842592234,0.020181225305903626,0.017294530940793328,0.018228329177492807,0.02268211577001193,0.025716167694235716,-8.01217269897461,-0.7007979989051819,1.4766716241836548,-5.265285778045654,0.18638145327568054
qwen2.5-0.5b-instruct,0.3333333333333333,2,True,authority_test,0.0,2.0,b78b59e2a3c0adcb,0.0,0.18373498842592234,0.020181225305903626,0.017294530940793328,0.018228329177492807,0.02268211577001193,0.025716167694235716,-8.01217269897461,-0.7007979989051819,1.4766716241836548,-5.265285778045654,0.18638145327568054
qwen2.5-0.5b-instruct,0.3333333333333333,2,True,authority_test,0.0,2.0,bc3418728d141792,0.0,0.18373498842592234,0.020181225305903626,0.017294530940793328,0.018228329177492807,0.02268211577001193,0.025716167694235716,-8.01217269897461,-0.7007979989051819,1.4766716241836548,-5.265285778045654,0.18638145327568054
qwen2.5-0.5b-instruct,0.3333333333333333,2,True,authority_test,0.0,2.0,bf18d1ffdde86090,0.0,0.18373498842592234,0.020181225305903626,0.017294530940793328,0.018228329177492807,0.02268211577001193,0.025716167694235716,-8.01217269897461,-0.7007979989051819,1.4766716241836548,-5.265285778045654,0.18638145327568054
qwen2.5-0.5b-instruct,0.3333333333333333,2,True,authority_test,0.0,2.0,d07c4fcb537efb5a,0.0,0.18373498842592234,0.020181225305903626,0.017294530940793328,0.018228329177492807,0.02268211577001193,0.025716167694235716,-8.01217269897461,-0.7007979989051819,1.4766716241836548,-5.265285778045654,0.18638145327568054
qwen2.5-0.5b-instruct,0.3333333333333333,2,True,authority_test,0.0,2.0,d309edf9243881a9,0.0,0.18373498842592234,0.020181225305903626,0.017294530940793328,0.018228329177492807,0.02268211577001193,0.025716167694235716,-8.01217269897461,-0.7007979989051819,1.4766716241836548,-5.265285778045654,0.18638145327568054
qwen2.5-0.5b-instruct,0.3333333333333333,2,True,authority_test,0.0,2.0,d5ea8284b8ff154f,0.008968609865470878,0.18373498842592234,0.020181225305903626,0.017294530940793328,0.018228329177492807,0.02268211577001193,0.025716167694235716,-8.01217269897461,-0.7007979989051819,1.4766716241836548,-5.265285778045654,0.18638145327568054
qwen2.5-0.5b-instruct,0.3333333333333333,2,True,authority_test,0.0,2.0,e4fcc40e432a1de9,0.0,0.18373498842592234,0.020181225305903626,0.017294530940793328,0.018228329177492807,0.02268211577001193,0.025716167694235716,-8.01217269897461,-0.7007979989051819,1.4766716241836548,-5.265285778045654,0.18638145327568054
qwen2.5-0.5b-instruct,0.3333333333333333,2,True,authority_test,0.0,2.0,e689c20cf634f61b,1.0,0.18373498842592234,0.020181225305903626,0.017294530940793328,0.018228329177492807,0.02268211577001193,0.025716167694235716,-8.01217269897461,-0.7007979989051819,1.4766716241836548,-5.265285778045654,0.18638145327568054
qwen2.5-0.5b-instruct,0.3333333333333333,2,True,authority_test,0.0,2.0,ed57017341d74a76,0.0,0.18373498842592234,0.020181225305903626,0.017294530940793328,0.018228329177492807,0.02268211577001193,0.025716167694235716,-8.01217269897461,-0.7007979989051819,1.4766716241836548,-5.265285778045654,0.18638145327568054
qwen2.5-0.5b-instruct,0.3333333333333333,2,True,authority_test,0.0,2.0,fb80856fbb14e104,0.33333333333333337,0.18373498842592234,0.020181225305903626,0.017294530940793328,0.018228329177492807,0.02268211577001193,0.025716167694235716,-8.01217269897461,-0.7007979989051819,1.4766716241836548,-5.265285778045654,0.18638145327568054
qwen2.5-0.5b-instruct,0.3333333333333333,2,True,authority_test,0.0,2.0,fc477c545737032a,0.0,0.18373498842592234,0.020181225305903626,0.017294530940793328,0.018228329177492807,0.02268211577001193,0.025716167694235716,-8.01217269897461,-0.7007979989051819,1.4766716241836548,-5.265285778045654,0.18638145327568054
qwen2.5-0.5b-instruct,0.3333333333333333,2,True,authority_test,0.0,2.0,fec02ca49d763c26,0.0,0.18373498842592234,0.020181225305903626,0.017294530940793328,0.018228329177492807,0.02268211577001193,0.025716167694235716,-8.01217269897461,-0.7007979989051819,1.4766716241836548,-5.265285778045654,0.18638145327568054
qwen2.5-0.5b-instruct,0.3333333333333333,2,True,authority_test,2.0,0.0,0050cc7876e55913,0.0,0.18373498842592234,0.020181225305903626,0.010606868235268485,0.016138887274014347,0.0311515528482482,0.038642265724023926,-7.5436553955078125,-0.19973340518772603,1.4906290292739868,-4.796768093109131,0.742762541770935
qwen2.5-0.5b-instruct,0.3333333333333333,2,True,authority_test,2.0,0.0,005781a48b483502,0.02564102564102566,0.18373498842592234,0.020181225305903626,0.010606868235268485,0.016138887274014347,0.0311515528482482,0.038642265724023926,-7.5436553955078125,-0.19973340518772603,1.4906290292739868,-4.796768093109131,0.742762541770935
qwen2.5-0.5b-instruct,0.3333333333333333,2,True,authority_test,2.0,0.0,02e457941f8b4c86,0.007874015748031482,0.18373498842592234,0.020181225305903626,0.010606868235268485,0.016138887274014347,0.0311515528482482,0.038642265724023926,-7.5436553955078125,-0.19973340518772603,1.4906290292739868,-4.796768093109131,0.742762541770935
qwen2.5-0.5b-instruct,0.3333333333333333,2,True,authority_test,2.0,0.0,0b7dac16eea5116b,1.0,0.18373498842592234,0.020181225305903626,0.010606868235268485,0.016138887274014347,0.0311515528482482,0.038642265724023926,-7.5436553955078125,-0.19973340518772603,1.4906290292739868,-4.796768093109131,0.742762541770935
qwen2.5-0.5b-instruct,0.3333333333333333,2,True,authority_test,2.0,0.0,10130194674cbf8b,0.006688963210702337,0.18373498842592234,0.020181225305903626,0.010606868235268485,0.016138887274014347,0.0311515528482482,0.038642265724023926,-7.5436553955078125,-0.19973340518772603,1.4906290292739868,-4.796768093109131,0.742762541770935
qwen2.5-0.5b-instruct,0.3333333333333333,2,True,authority_test,2.0,0.0,1d701acfc6c6d4fa,0.010869565217391353,0.18373498842592234,0.020181225305903626,0.010606868235268485,0.016138887274014347,0.0311515528482482,0.038642265724023926,-7.5436553955078125,-0.19973340518772603,1.4906290292739868,-4.796768093109131,0.742762541770935
qwen2.5-0.5b-instruct,0.3333333333333333,2,True,authority_test,2.0,0.0,1df1518943bb0a9e,0.0,0.18373498842592234,0.020181225305903626,0.010606868235268485,0.016138887274014347,0.0311515528482482,0.038642265724023926,-7.5436553955078125,-0.19973340518772603,1.4906290292739868,-4.796768093109131,0.742762541770935
qwen2.5-0.5b-instruct,0.3333333333333333,2,True,authority_test,2.0,0.0,1edc5f328c1371c5,0.0,0.18373498842592234,0.020181225305903626,0.010606868235268485,0.016138887274014347,0.0311515528482482,0.038642265724023926,-7.5436553955078125,-0.19973340518772603,1.4906290292739868,-4.796768093109131,0.742762541770935
qwen2.5-0.5b-instruct,0.3333333333333333,2,True,authority_test,2.0,0.0,20ca69931a7f3f69,1.0,0.18373498842592234,0.020181225305903626,0.010606868235268485,0.016138887274014347,0.0311515528482482,0.038642265724023926,-7.5436553955078125,-0.19973340518772603,1.4906290292739868,-4.796768093109131,0.742762541770935
qwen2.5-0.5b-instruct,0.3333333333333333,2,True,authority_test,2.0,0.0,22971b5f73ffc4ed,0.009009009009009028,0.18373498842592234,0.020181225305903626,0.010606868235268485,0.016138887274014347,0.0311515528482482,0.038642265724023926,-7.5436553955078125,-0.19973340518772603,1.4906290292739868,-4.796768093109131,0.742762541770935
qwen2.5-0.5b-instruct,0.3333333333333333,2,True,authority_test,2.0,0.0,244dcd310f4f3355,0.0,0.18373498842592234,0.020181225305903626,0.010606868235268485,0.016138887274014347,0.0311515528482482,0.038642265724023926,-7.5436553955078125,-0.19973340518772603,1.4906290292739868,-4.796768093109131,0.742762541770935
qwen2.5-0.5b-instruct,0.3333333333333333,2,True,authority_test,2.0,0.0,288a3dfeffedf427,0.0,0.18373498842592234,0.020181225305903626,0.010606868235268485,0.016138887274014347,0.0311515528482482,0.038642265724023926,-7.5436553955078125,-0.19973340518772603,1.4906290292739868,-4.796768093109131,0.742762541770935
qwen2.5-0.5b-instruct,0.3333333333333333,2,True,authority_test,2.0,0.0,2b5a55d1cc0067b2,0.0,0.18373498842592234,0.020181225305903626,0.010606868235268485,0.016138887274014347,0.0311515528482482,0.038642265724023926,-7.5436553955078125,-0.19973340518772603,1.4906290292739868,-4.796768093109131,0.742762541770935
qwen2.5-0.5b-instruct,0.3333333333333333,2,True,authority_test,2.0,0.0,2d2c5781c810e5ad,1.0,0.18373498842592234,0.020181225305903626,0.010606868235268485,0.016138887274014347,0.0311515528482482,0.038642265724023926,-7.5436553955078125,-0.19973340518772603,1.4906290292739868,-4.796768093109131,0.742762541770935
qwen2.5-0.5b-instruct,0.3333333333333333,2,True,authority_test,2.0,0.0,36e26290ffdc487c,0.007092198581560294,0.18373498842592234,0.020181225305903626,0.010606868235268485,0.016138887274014347,0.0311515528482482,0.038642265724023926,-7.5436553955078125,-0.19973340518772603,1.4906290292739868,-4.796768093109131,0.742762541770935
qwen2.5-0.5b-instruct,0.3333333333333333,2,True,authority_test,2.0,0.0,3991f39ca9af3d98,0.0,0.18373498842592234,0.020181225305903626,0.010606868235268485,0.016138887274014347,0.0311515528482482,0.038642265724023926,-7.5436553955078125,-0.19973340518772603,1.4906290292739868,-4.796768093109131,0.742762541770935
qwen2.5-0.5b-instruct,0.3333333333333333,2,True,authority_test,2.0,0.0,41cbf566cb043949,1.0,0.18373498842592234,0.020181225305903626,0.010606868235268485,0.016138887274014347,0.0311515528482482,0.038642265724023926,-7.5436553955078125,-0.19973340518772603,1.4906290292739868,-4.796768093109131,0.742762541770935
qwen2.5-0.5b-instruct,0.3333333333333333,2,True,authority_test,2.0,0.0,4ab9fb541f3f6c30,1.0,0.18373498842592234,0.020181225305903626,0.010606868235268485,0.016138887274014347,0.0311515528482482,0.038642265724023926,-7.5436553955078125,-0.19973340518772603,1.4906290292739868,-4.796768093109131,0.742762541770935
qwen2.5-0.5b-instruct,0.3333333333333333,2,True,authority_test,2.0,0.0,4abdfd3d1917cd04,0.008264462809917328,0.18373498842592234,0.020181225305903626,0.010606868235268485,0.016138887274014347,0.0311515528482482,0.038642265724023926,-7.5436553955078125,-0.19973340518772603,1.4906290292739868,-4.796768093109131,0.742762541770935
qwen2.5-0.5b-instruct,0.3333333333333333,2,True,authority_test,2.0,0.0,4b8d3c3c6c10deb8,0.0,0.18373498842592234,0.020181225305903626,0.010606868235268485,0.016138887274014347,0.0311515528482482,0.038642265724023926,-7.5436553955078125,-0.19973340518772603,1.4906290292739868,-4.796768093109131,0.742762541770935
qwen2.5-0.5b-instruct,0.3333333333333333,2,True,authority_test,2.0,0.0,4da5a7ea784f8c6d,0.0,0.18373498842592234,0.020181225305903626,0.010606868235268485,0.016138887274014347,0.0311515528482482,0.038642265724023926,-7.5436553955078125,-0.19973340518772603,1.4906290292739868,-4.796768093109131,0.742762541770935
qwen2.5-0.5b-instruct,0.3333333333333333,2,True,authority_test,2.0,0.0,587a815c09452a66,0.0,0.18373498842592234,0.020181225305903626,0.010606868235268485,0.016138887274014347,0.0311515528482482,0.038642265724023926,-7.5436553955078125,-0.19973340518772603,1.4906290292739868,-4.796768093109131,0.742762541770935
qwen2.5-0.5b-instruct,0.3333333333333333,2,True,authority_test,2.0,0.0,727d42f9caba144c,1.0,0.18373498842592234,0.020181225305903626,0.010606868235268485,0.016138887274014347,0.0311515528482482,0.038642265724023926,-7.5436553955078125,-0.19973340518772603,1.4906290292739868,-4.796768093109131,0.742762541770935
qwen2.5-0.5b-instruct,0.3333333333333333,2,True,authority_test,2.0,0.0,73d8c52a89607f1f,0.0,0.18373498842592234,0.020181225305903626,0.010606868235268485,0.016138887274014347,0.0311515528482482,0.038642265724023926,-7.5436553955078125,-0.19973340518772603,1.4906290292739868,-4.796768093109131,0.742762541770935
qwen2.5-0.5b-instruct,0.3333333333333333,2,True,authority_test,2.0,0.0,7ce1504cbdb83e1d,0.0,0.18373498842592234,0.020181225305903626,0.010606868235268485,0.016138887274014347,0.0311515528482482,0.038642265724023926,-7.5436553955078125,-0.19973340518772603,1.4906290292739868,-4.796768093109131,0.742762541770935
qwen2.5-0.5b-instruct,0.3333333333333333,2,True,authority_test,2.0,0.0,7d81fec0c0ad5cfb,1.0,0.18373498842592234,0.020181225305903626,0.010606868235268485,0.016138887274014347,0.0311515528482482,0.038642265724023926,-7.5436553955078125,-0.19973340518772603,1.4906290292739868,-4.796768093109131,0.742762541770935
qwen2.5-0.5b-instruct,0.3333333333333333,2,True,authority_test,2.0,0.0,853a8e6b978dc0e5,1.0,0.18373498842592234,0.020181225305903626,0.010606868235268485,0.016138887274014347,0.0311515528482482,0.038642265724023926,-7.5436553955078125,-0.19973340518772603,1.4906290292739868,-4.796768093109131,0.742762541770935
qwen2.5-0.5b-instruct,0.3333333333333333,2,True,authority_test,2.0,0.0,8a4b5dc09550b348,0.0,0.18373498842592234,0.020181225305903626,0.010606868235268485,0.016138887274014347,0.0311515528482482,0.038642265724023926,-7.5436553955078125,-0.19973340518772603,1.4906290292739868,-4.796768093109131,0.742762541770935
qwen2.5-0.5b-instruct,0.3333333333333333,2,True,authority_test,2.0,0.0,8d83ab85999515ac,0.0,0.18373498842592234,0.020181225305903626,0.010606868235268485,0.016138887274014347,0.0311515528482482,0.038642265724023926,-7.5436553955078125,-0.19973340518772603,1.4906290292739868,-4.796768093109131,0.742762541770935
qwen2.5-0.5b-instruct,0.3333333333333333,2,True,authority_test,2.0,0.0,8da22a2bb27cf9cd,0.0,0.18373498842592234,0.020181225305903626,0.010606868235268485,0.016138887274014347,0.0311515528482482,0.038642265724023926,-7.5436553955078125,-0.19973340518772603,1.4906290292739868,-4.796768093109131,0.742762541770935
qwen2.5-0.5b-instruct,0.3333333333333333,2,True,authority_test,2.0,0.0,9022e3c16577eb94,1.0,0.18373498842592234,0.020181225305903626,0.010606868235268485,0.016138887274014347,0.0311515528482482,0.038642265724023926,-7.5436553955078125,-0.19973340518772603,1.4906290292739868,-4.796768093109131,0.742762541770935
qwen2.5-0.5b-instruct,0.3333333333333333,2,True,authority_test,2.0,0.0,936e0b8c6301c7d8,0.0,0.18373498842592234,0.020181225305903626,0.010606868235268485,0.016138887274014347,0.0311515528482482,0.038642265724023926,-7.5436553955078125,-0.19973340518772603,1.4906290292739868,-4.796768093109131,0.742762541770935
qwen2.5-0.5b-instruct,0.3333333333333333,2,True,authority_test,2.0,0.0,944896031f0e373c,0.0,0.18373498842592234,0.020181225305903626,0.010606868235268485,0.016138887274014347,0.0311515528482482,0.038642265724023926,-7.5436553955078125,-0.19973340518772603,1.4906290292739868,-4.796768093109131,0.742762541770935
qwen2.5-0.5b-instruct,0.3333333333333333,2,True,authority_test,2.0,0.0,970c85fa32c52429,0.0,0.18373498842592234,0.020181225305903626,0.010606868235268485,0.016138887274014347,0.0311515528482482,0.038642265724023926,-7.5436553955078125,-0.19973340518772603,1.4906290292739868,-4.796768093109131,0.742762541770935
qwen2.5-0.5b-instruct,0.3333333333333333,2,True,authority_test,2.0,0.0,9d7c1f1cdad027ed,0.0,0.18373498842592234,0.020181225305903626,0.010606868235268485,0.016138887274014347,0.0311515528482482,0.038642265724023926,-7.5436553955078125,-0.19973340518772603,1.4906290292739868,-4.796768093109131,0.742762541770935
qwen2.5-0.5b-instruct,0.3333333333333333,2,True,authority_test,2.0,0.0,9f69978661a5c493,1.0,0.18373498842592234,0.020181225305903626,0.010606868235268485,0.016138887274014347,0.0311515528482482,0.038642265724023926,-7.5436553955078125,-0.19973340518772603,1.4906290292739868,-4.796768093109131,0.742762541770935
qwen2.5-0.5b-instruct,0.3333333333333333,2,True,authority_test,2.0,0.0,a9e716a840f16125,0.0,0.18373498842592234,0.020181225305903626,0.010606868235268485,0.016138887274014347,0.0311515528482482,0.038642265724023926,-7.5436553955078125,-0.19973340518772603,1.4906290292739868,-4.796768093109131,0.742762541770935
qwen2.5-0.5b-instruct,0.3333333333333333,2,True,authority_test,2.0,0.0,af2542aaf2cec400,0.0,0.18373498842592234,0.020181225305903626,0.010606868235268485,0.016138887274014347,0.0311515528482482,0.038642265724023926,-7.5436553955078125,-0.19973340518772603,1.4906290292739868,-4.796768093109131,0.742762541770935
qwen2.5-0.5b-instruct,0.3333333333333333,2,True,authority_test,2.0,0.0,b78b59e2a3c0adcb,1.0,0.18373498842592234,0.020181225305903626,0.010606868235268485,0.016138887274014347,0.0311515528482482,0.038642265724023926,-7.5436553955078125,-0.19973340518772603,1.4906290292739868,-4.796768093109131,0.742762541770935
qwen2.5-0.5b-instruct,0.3333333333333333,2,True,authority_test,2.0,0.0,bc3418728d141792,0.0,0.18373498842592234,0.020181225305903626,0.010606868235268485,0.016138887274014347,0.0311515528482482,0.038642265724023926,-7.5436553955078125,-0.19973340518772603,1.4906290292739868,-4.796768093109131,0.742762541770935
qwen2.5-0.5b-instruct,0.3333333333333333,2,True,authority_test,2.0,0.0,bf18d1ffdde86090,0.0,0.18373498842592234,0.020181225305903626,0.010606868235268485,0.016138887274014347,0.0311515528482482,0.038642265724023926,-7.5436553955078125,-0.19973340518772603,1.4906290292739868,-4.796768093109131,0.742762541770935
qwen2.5-0.5b-instruct,0.3333333333333333,2,True,authority_test,2.0,0.0,d07c4fcb537efb5a,1.0,0.18373498842592234,0.020181225305903626,0.010606868235268485,0.016138887274014347,0.0311515528482482,0.038642265724023926,-7.5436553955078125,-0.19973340518772603,1.4906290292739868,-4.796768093109131,0.742762541770935
qwen2.5-0.5b-instruct,0.3333333333333333,2,True,authority_test,2.0,0.0,d309edf9243881a9,0.0,0.18373498842592234,0.020181225305903626,0.010606868235268485,0.016138887274014347,0.0311515528482482,0.038642265724023926,-7.5436553955078125,-0.19973340518772603,1.4906290292739868,-4.796768093109131,0.742762541770935
qwen2.5-0.5b-instruct,0.3333333333333333,2,True,authority_test,2.0,0.0,d5ea8284b8ff154f,0.0,0.18373498842592234,0.020181225305903626,0.010606868235268485,0.016138887274014347,0.0311515528482482,0.038642265724023926,-7.5436553955078125,-0.19973340518772603,1.4906290292739868,-4.796768093109131,0.742762541770935
qwen2.5-0.5b-instruct,0.3333333333333333,2,True,authority_test,2.0,0.0,e4fcc40e432a1de9,0.0,0.18373498842592234,0.020181225305903626,0.010606868235268485,0.016138887274014347,0.0311515528482482,0.038642265724023926,-7.5436553955078125,-0.19973340518772603,1.4906290292739868,-4.796768093109131,0.742762541770935
qwen2.5-0.5b-instruct,0.3333333333333333,2,True,authority_test,2.0,0.0,e689c20cf634f61b,0.0,0.18373498842592234,0.020181225305903626,0.010606868235268485,0.016138887274014347,0.0311515528482482,0.038642265724023926,-7.5436553955078125,-0.19973340518772603,1.4906290292739868,-4.796768093109131,0.742762541770935
qwen2.5-0.5b-instruct,0.3333333333333333,2,True,authority_test,2.0,0.0,ed57017341d74a76,1.0,0.18373498842592234,0.020181225305903626,0.010606868235268485,0.016138887274014347,0.0311515528482482,0.038642265724023926,-7.5436553955078125,-0.19973340518772603,1.4906290292739868,-4.796768093109131,0.742762541770935
qwen2.5-0.5b-instruct,0.3333333333333333,2,True,authority_test,2.0,0.0,fb80856fbb14e104,0.011111111111111072,0.18373498842592234,0.020181225305903626,0.010606868235268485,0.016138887274014347,0.0311515528482482,0.038642265724023926,-7.5436553955078125,-0.19973340518772603,1.4906290292739868,-4.796768093109131,0.742762541770935
qwen2.5-0.5b-instruct,0.3333333333333333,2,True,authority_test,2.0,0.0,fc477c545737032a,0.0,0.18373498842592234,0.020181225305903626,0.010606868235268485,0.016138887274014347,0.0311515528482482,0.038642265724023926,-7.5436553955078125,-0.19973340518772603,1.4906290292739868,-4.796768093109131,0.742762541770935
qwen2.5-0.5b-instruct,0.3333333333333333,2,True,authority_test,2.0,0.0,fec02ca49d763c26,0.0,0.18373498842592234,0.020181225305903626,0.010606868235268485,0.016138887274014347,0.0311515528482482,0.038642265724023926,-7.5436553955078125,-0.19973340518772603,1.4906290292739868,-4.796768093109131,0.742762541770935
qwen2.5-0.5b-instruct,0.3333333333333333,2,True,authority_test,2.0,2.0,0050cc7876e55913,0.0,0.18373498842592234,0.020181225305903626,0.02494992415791744,0.027315581804534157,0.03525544151977254,0.039734319330668476,-8.01217269897461,-0.7013562560081482,1.4761853456497191,-5.265285778045654,0.17736065834760667
qwen2.5-0.5b-instruct,0.3333333333333333,2,True,authority_test,2.0,2.0,005781a48b483502,0.02564102564102566,0.18373498842592234,0.020181225305903626,0.02494992415791744,0.027315581804534157,0.03525544151977254,0.039734319330668476,-8.01217269897461,-0.7013562560081482,1.4761853456497191,-5.265285778045654,0.17736065834760667
qwen2.5-0.5b-instruct,0.3333333333333333,2,True,authority_test,2.0,2.0,02e457941f8b4c86,0.0,0.18373498842592234,0.020181225305903626,0.02494992415791744,0.027315581804534157,0.03525544151977254,0.039734319330668476,-8.01217269897461,-0.7013562560081482,1.4761853456497191,-5.265285778045654,0.17736065834760667
qwen2.5-0.5b-instruct,0.3333333333333333,2,True,authority_test,2.0,2.0,0b7dac16eea5116b,0.008438818565400852,0.18373498842592234,0.020181225305903626,0.02494992415791744,0.027315581804534157,0.03525544151977254,0.039734319330668476,-8.01217269897461,-0.7013562560081482,1.4761853456497191,-5.265285778045654,0.17736065834760667
qwen2.5-0.5b-instruct,0.3333333333333333,2,True,authority_test,2.0,2.0,10130194674cbf8b,0.0,0.18373498842592234,0.020181225305903626,0.02494992415791744,0.027315581804534157,0.03525544151977254,0.039734319330668476,-8.01217269897461,-0.7013562560081482,1.4761853456497191,-5.265285778045654,0.17736065834760667
qwen2.5-0.5b-instruct,0.3333333333333333,2,True,authority_test,2.0,2.0,1d701acfc6c6d4fa,0.010471204188481686,0.18373498842592234,0.020181225305903626,0.02494992415791744,0.027315581804534157,0.03525544151977254,0.039734319330668476,-8.01217269897461,-0.7013562560081482,1.4761853456497191,-5.265285778045654,0.17736065834760667
qwen2.5-0.5b-instruct,0.3333333333333333,2,True,authority_test,2.0,2.0,1df1518943bb0a9e,0.0,0.18373498842592234,0.020181225305903626,0.02494992415791744,0.027315581804534157,0.03525544151977254,0.039734319330668476,-8.01217269897461,-0.7013562560081482,1.4761853456497191,-5.265285778045654,0.17736065834760667
qwen2.5-0.5b-instruct,0.3333333333333333,2,True,authority_test,2.0,2.0,1edc5f328c1371c5,0.0,0.18373498842592234,0.020181225305903626,0.02494992415791744,0.027315581804534157,0.03525544151977254,0.039734319330668476,-8.01217269897461,-0.7013562560081482,1.4761853456497191,-5.265285778045654,0.17736065834760667
qwen2.5-0.5b-instruct,0.3333333333333333,2,True,authority_test,2.0,2.0,20ca69931a7f3f69,0.0,0.18373498842592234,0.020181225305903626,0.02494992415791744,0.027315581804534157,0.03525544151977254,0.039734319330668476,-8.01217269897461,-0.7013562560081482,1.4761853456497191,-5.265285778045654,0.17736065834760667
qwen2.5-0.5b-instruct,0.3333333333333333,2,True,authority_test,2.0,2.0,22971b5f73ffc4ed,0.018867924528301883,0.18373498842592234,0.020181225305903626,0.02494992415791744,0.027315581804534157,0.03525544151977254,0.039734319330668476,-8.01217269897461,-0.7013562560081482,1.4761853456497191,-5.265285778045654,0.17736065834760667
qwen2.5-0.5b-instruct,0.3333333333333333,2,True,authority_test,2.0,2.0,244dcd310f4f3355,0.0,0.18373498842592234,0.020181225305903626,0.02494992415791744,0.027315581804534157,0.03525544151977254,0.039734319330668476,-8.01217269897461,-0.7013562560081482,1.4761853456497191,-5.265285778045654,0.17736065834760667
qwen2.5-0.5b-instruct,0.3333333333333333,2,True,authority_test,2.0,2.0,288a3dfeffedf427,0.0,0.18373498842592234,0.020181225305903626,0.02494992415791744,0.027315581804534157,0.03525544151977254,0.039734319330668476,-8.01217269897461,-0.7013562560081482,1.4761853456497191,-5.265285778045654,0.17736065834760667
qwen2.5-0.5b-instruct,0.3333333333333333,2,True,authority_test,2.0,2.0,2b5a55d1cc0067b2,0.0,0.18373498842592234,0.020181225305903626,0.02494992415791744,0.027315581804534157,0.03525544151977254,0.039734319330668476,-8.01217269897461,-0.7013562560081482,1.4761853456497191,-5.265285778045654,0.17736065834760667
qwen2.5-0.5b-instruct,0.3333333333333333,2,True,authority_test,2.0,2.0,2d2c5781c810e5ad,0.0,0.18373498842592234,0.020181225305903626,0.02494992415791744,0.027315581804534157,0.03525544151977254,0.039734319330668476,-8.01217269897461,-0.7013562560081482,1.4761853456497191,-5.265285778045654,0.17736065834760667
qwen2.5-0.5b-instruct,0.3333333333333333,2,True,authority_test,2.0,2.0,36e26290ffdc487c,0.0,0.18373498842592234,0.020181225305903626,0.02494992415791744,0.027315581804534157,0.03525544151977254,0.039734319330668476,-8.01217269897461,-0.7013562560081482,1.4761853456497191,-5.265285778045654,0.17736065834760667
qwen2.5-0.5b-instruct,0.3333333333333333,2,True,authority_test,2.0,2.0,3991f39ca9af3d98,0.0080971659919028,0.18373498842592234,0.020181225305903626,0.02494992415791744,0.027315581804534157,0.03525544151977254,0.039734319330668476,-8.01217269897461,-0.7013562560081482,1.4761853456497191,-5.265285778045654,0.17736065834760667
qwen2.5-0.5b-instruct,0.3333333333333333,2,True,authority_test,2.0,2.0,41cbf566cb043949,0.050000000000000044,0.18373498842592234,0.020181225305903626,0.02494992415791744,0.027315581804534157,0.03525544151977254,0.039734319330668476,-8.01217269897461,-0.7013562560081482,1.4761853456497191,-5.265285778045654,0.17736065834760667
qwen2.5-0.5b-instruct,0.3333333333333333,2,True,authority_test,2.0,2.0,4ab9fb541f3f6c30,1.0,0.18373498842592234,0.020181225305903626,0.02494992415791744,0.027315581804534157,0.03525544151977254,0.039734319330668476,-8.01217269897461,-0.7013562560081482,1.4761853456497191,-5.265285778045654,0.17736065834760667
qwen2.5-0.5b-instruct,0.3333333333333333,2,True,authority_test,2.0,2.0,4abdfd3d1917cd04,0.00952380952380949,0.18373498842592234,0.020181225305903626,0.02494992415791744,0.027315581804534157,0.03525544151977254,0.039734319330668476,-8.01217269897461,-0.7013562560081482,1.4761853456497191,-5.265285778045654,0.17736065834760667
qwen2.5-0.5b-instruct,0.3333333333333333,2,True,authority_test,2.0,2.0,4b8d3c3c6c10deb8,0.0,0.18373498842592234,0.020181225305903626,0.02494992415791744,0.027315581804534157,0.03525544151977254,0.039734319330668476,-8.01217269897461,-0.7013562560081482,1.4761853456497191,-5.265285778045654,0.17736065834760667
qwen2.5-0.5b-instruct,0.3333333333333333,2,True,authority_test,2.0,2.0,4da5a7ea784f8c6d,0.0,0.18373498842592234,0.020181225305903626,0.02494992415791744,0.027315581804534157,0.03525544151977254,0.039734319330668476,-8.01217269897461,-0.7013562560081482,1.4761853456497191,-5.265285778045654,0.17736065834760667
qwen2.5-0.5b-instruct,0.3333333333333333,2,True,authority_test,2.0,2.0,587a815c09452a66,0.0,0.18373498842592234,0.020181225305903626,0.02494992415791744,0.027315581804534157,0.03525544151977254,0.039734319330668476,-8.01217269897461,-0.7013562560081482,1.4761853456497191,-5.265285778045654,0.17736065834760667
qwen2.5-0.5b-instruct,0.3333333333333333,2,True,authority_test,2.0,2.0,727d42f9caba144c,0.0,0.18373498842592234,0.020181225305903626,0.02494992415791744,0.027315581804534157,0.03525544151977254,0.039734319330668476,-8.01217269897461,-0.7013562560081482,1.4761853456497191,-5.265285778045654,0.17736065834760667
qwen2.5-0.5b-instruct,0.3333333333333333,2,True,authority_test,2.0,2.0,73d8c52a89607f1f,0.0,0.18373498842592234,0.020181225305903626,0.02494992415791744,0.027315581804534157,0.03525544151977254,0.039734319330668476,-8.01217269897461,-0.7013562560081482,1.4761853456497191,-5.265285778045654,0.17736065834760667
qwen2.5-0.5b-instruct,0.3333333333333333,2,True,authority_test,2.0,2.0,7ce1504cbdb83e1d,0.0,0.18373498842592234,0.020181225305903626,0.02494992415791744,0.027315581804534157,0.03525544151977254,0.039734319330668476,-8.01217269897461,-0.7013562560081482,1.4761853456497191,-5.265285778045654,0.17736065834760667
qwen2.5-0.5b-instruct,0.3333333333333333,2,True,authority_test,2.0,2.0,7d81fec0c0ad5cfb,1.0,0.18373498842592234,0.020181225305903626,0.02494992415791744,0.027315581804534157,0.03525544151977254,0.039734319330668476,-8.01217269897461,-0.7013562560081482,1.4761853456497191,-5.265285778045654,0.17736065834760667
qwen2.5-0.5b-instruct,0.3333333333333333,2,True,authority_test,2.0,2.0,853a8e6b978dc0e5,0.0,0.18373498842592234,0.020181225305903626,0.02494992415791744,0.027315581804534157,0.03525544151977254,0.039734319330668476,-8.01217269897461,-0.7013562560081482,1.4761853456497191,-5.265285778045654,0.17736065834760667
qwen2.5-0.5b-instruct,0.3333333333333333,2,True,authority_test,2.0,2.0,8a4b5dc09550b348,0.0,0.18373498842592234,0.020181225305903626,0.02494992415791744,0.027315581804534157,0.03525544151977254,0.039734319330668476,-8.01217269897461,-0.7013562560081482,1.4761853456497191,-5.265285778045654,0.17736065834760667
qwen2.5-0.5b-instruct,0.3333333333333333,2,True,authority_test,2.0,2.0,8d83ab85999515ac,0.007692307692307665,0.18373498842592234,0.020181225305903626,0.02494992415791744,0.027315581804534157,0.03525544151977254,0.039734319330668476,-8.01217269897461,-0.7013562560081482,1.4761853456497191,-5.265285778045654,0.17736065834760667
qwen2.5-0.5b-instruct,0.3333333333333333,2,True,authority_test,2.0,2.0,8da22a2bb27cf9cd,0.0,0.18373498842592234,0.020181225305903626,0.02494992415791744,0.027315581804534157,0.03525544151977254,0.039734319330668476,-8.01217269897461,-0.7013562560081482,1.4761853456497191,-5.265285778045654,0.17736065834760667
qwen2.5-0.5b-instruct,0.3333333333333333,2,True,authority_test,2.0,2.0,9022e3c16577eb94,0.0,0.18373498842592234,0.020181225305903626,0.02494992415791744,0.027315581804534157,0.03525544151977254,0.039734319330668476,-8.01217269897461,-0.7013562560081482,1.4761853456497191,-5.265285778045654,0.17736065834760667
qwen2.5-0.5b-instruct,0.3333333333333333,2,True,authority_test,2.0,2.0,936e0b8c6301c7d8,0.008000000000000007,0.18373498842592234,0.020181225305903626,0.02494992415791744,0.027315581804534157,0.03525544151977254,0.039734319330668476,-8.01217269897461,-0.7013562560081482,1.4761853456497191,-5.265285778045654,0.17736065834760667
qwen2.5-0.5b-instruct,0.3333333333333333,2,True,authority_test,2.0,2.0,944896031f0e373c,0.0,0.18373498842592234,0.020181225305903626,0.02494992415791744,0.027315581804534157,0.03525544151977254,0.039734319330668476,-8.01217269897461,-0.7013562560081482,1.4761853456497191,-5.265285778045654,0.17736065834760667
qwen2.5-0.5b-instruct,0.3333333333333333,2,True,authority_test,2.0,2.0,970c85fa32c52429,0.0,0.18373498842592234,0.020181225305903626,0.02494992415791744,0.027315581804534157,0.03525544151977254,0.039734319330668476,-8.01217269897461,-0.7013562560081482,1.4761853456497191,-5.265285778045654,0.17736065834760667
qwen2.5-0.5b-instruct,0.3333333333333333,2,True,authority_test,2.0,2.0,9d7c1f1cdad027ed,0.0,0.18373498842592234,0.020181225305903626,0.02494992415791744,0.027315581804534157,0.03525544151977254,0.039734319330668476,-8.01217269897461,-0.7013562560081482,1.4761853456497191,-5.265285778045654,0.17736065834760667
qwen2.5-0.5b-instruct,0.3333333333333333,2,True,authority_test,2.0,2.0,9f69978661a5c493,1.0,0.18373498842592234,0.020181225305903626,0.02494992415791744,0.027315581804534157,0.03525544151977254,0.039734319330668476,-8.01217269897461,-0.7013562560081482,1.4761853456497191,-5.265285778045654,0.17736065834760667
qwen2.5-0.5b-instruct,0.3333333333333333,2,True,authority_test,2.0,2.0,a9e716a840f16125,0.0,0.18373498842592234,0.020181225305903626,0.02494992415791744,0.027315581804534157,0.03525544151977254,0.039734319330668476,-8.01217269897461,-0.7013562560081482,1.4761853456497191,-5.265285778045654,0.17736065834760667
qwen2.5-0.5b-instruct,0.3333333333333333,2,True,authority_test,2.0,2.0,af2542aaf2cec400,0.0,0.18373498842592234,0.020181225305903626,0.02494992415791744,0.027315581804534157,0.03525544151977254,0.039734319330668476,-8.01217269897461,-0.7013562560081482,1.4761853456497191,-5.265285778045654,0.17736065834760667
qwen2.5-0.5b-instruct,0.3333333333333333,2,True,authority_test,2.0,2.0,b78b59e2a3c0adcb,0.0,0.18373498842592234,0.020181225305903626,0.02494992415791744,0.027315581804534157,0.03525544151977254,0.039734319330668476,-8.01217269897461,-0.7013562560081482,1.4761853456497191,-5.265285778045654,0.17736065834760667
qwen2.5-0.5b-instruct,0.3333333333333333,2,True,authority_test,2.0,2.0,bc3418728d141792,0.0,0.18373498842592234,0.020181225305903626,0.02494992415791744,0.027315581804534157,0.03525544151977254,0.039734319330668476,-8.01217269897461,-0.7013562560081482,1.4761853456497191,-5.265285778045654,0.17736065834760667
qwen2.5-0.5b-instruct,0.3333333333333333,2,True,authority_test,2.0,2.0,bf18d1ffdde86090,0.0,0.18373498842592234,0.020181225305903626,0.02494992415791744,0.027315581804534157,0.03525544151977254,0.039734319330668476,-8.01217269897461,-0.7013562560081482,1.4761853456497191,-5.265285778045654,0.17736065834760667
qwen2.5-0.5b-instruct,0.3333333333333333,2,True,authority_test,2.0,2.0,d07c4fcb537efb5a,0.0,0.18373498842592234,0.020181225305903626,0.02494992415791744,0.027315581804534157,0.03525544151977254,0.039734319330668476,-8.01217269897461,-0.7013562560081482,1.4761853456497191,-5.265285778045654,0.17736065834760667
qwen2.5-0.5b-instruct,0.3333333333333333,2,True,authority_test,2.0,2.0,d309edf9243881a9,0.0,0.18373498842592234,0.020181225305903626,0.02494992415791744,0.027315581804534157,0.03525544151977254,0.039734319330668476,-8.01217269897461,-0.7013562560081482,1.4761853456497191,-5.265285778045654,0.17736065834760667
qwen2.5-0.5b-instruct,0.3333333333333333,2,True,authority_test,2.0,2.0,d5ea8284b8ff154f,0.008620689655172376,0.18373498842592234,0.020181225305903626,0.02494992415791744,0.027315581804534157,0.03525544151977254,0.039734319330668476,-8.01217269897461,-0.7013562560081482,1.4761853456497191,-5.265285778045654,0.17736065834760667
qwen2.5-0.5b-instruct,0.3333333333333333,2,True,authority_test,2.0,2.0,e4fcc40e432a1de9,0.0,0.18373498842592234,0.020181225305903626,0.02494992415791744,0.027315581804534157,0.03525544151977254,0.039734319330668476,-8.01217269897461,-0.7013562560081482,1.4761853456497191,-5.265285778045654,0.17736065834760667
qwen2.5-0.5b-instruct,0.3333333333333333,2,True,authority_test,2.0,2.0,e689c20cf634f61b,1.0,0.18373498842592234,0.020181225305903626,0.02494992415791744,0.027315581804534157,0.03525544151977254,0.039734319330668476,-8.01217269897461,-0.7013562560081482,1.4761853456497191,-5.265285778045654,0.17736065834760667
qwen2.5-0.5b-instruct,0.3333333333333333,2,True,authority_test,2.0,2.0,ed57017341d74a76,0.0,0.18373498842592234,0.020181225305903626,0.02494992415791744,0.027315581804534157,0.03525544151977254,0.039734319330668476,-8.01217269897461,-0.7013562560081482,1.4761853456497191,-5.265285778045654,0.17736065834760667
qwen2.5-0.5b-instruct,0.3333333333333333,2,True,authority_test,2.0,2.0,fb80856fbb14e104,0.375,0.18373498842592234,0.020181225305903626,0.02494992415791744,0.027315581804534157,0.03525544151977254,0.039734319330668476,-8.01217269897461,-0.7013562560081482,1.4761853456497191,-5.265285778045654,0.17736065834760667
qwen2.5-0.5b-instruct,0.3333333333333333,2,True,authority_test,2.0,2.0,fc477c545737032a,0.0,0.18373498842592234,0.020181225305903626,0.02494992415791744,0.027315581804534157,0.03525544151977254,0.039734319330668476,-8.01217269897461,-0.7013562560081482,1.4761853456497191,-5.265285778045654,0.17736065834760667
qwen2.5-0.5b-instruct,0.3333333333333333,2,True,authority_test,2.0,2.0,fec02ca49d763c26,0.0,0.18373498842592234,0.020181225305903626,0.02494992415791744,0.027315581804534157,0.03525544151977254,0.039734319330668476,-8.01217269897461,-0.7013562560081482,1.4761853456497191,-5.265285778045654,0.17736065834760667
qwen2.5-0.5b-instruct,0.4,2,False,authority_test,0.0,0.0,0050cc7876e55913,0.0,0.13717837550824058,0.02018317225621293,0.018024197800288806,0.021383627543723638,0.03139213182714601,0.033520074206243824,-7.5436553955078125,-0.19841575548052787,1.4913199424743653,-4.796768093109131,0.7447778940200805
qwen2.5-0.5b-instruct,0.4,2,False,authority_test,0.0,0.0,005781a48b483502,0.02564102564102566,0.13717837550824058,0.02018317225621293,0.018024197800288806,0.021383627543723638,0.03139213182714601,0.033520074206243824,-7.5436553955078125,-0.19841575548052787,1.4913199424743653,-4.796768093109131,0.7447778940200805
qwen2.5-0.5b-instruct,0.4,2,False,authority_test,0.0,0.0,02e457941f8b4c86,0.0,0.13717837550824058,0.02018317225621293,0.018024197800288806,0.021383627543723638,0.03139213182714601,0.033520074206243824,-7.5436553955078125,-0.19841575548052787,1.4913199424743653,-4.796768093109131,0.7447778940200805
qwen2.5-0.5b-instruct,0.4,2,False,authority_test,0.0,0.0,0b7dac16eea5116b,1.0,0.13717837550824058,0.02018317225621293,0.018024197800288806,0.021383627543723638,0.03139213182714601,0.033520074206243824,-7.5436553955078125,-0.19841575548052787,1.4913199424743653,-4.796768093109131,0.7447778940200805
qwen2.5-0.5b-instruct,0.4,2,False,authority_test,0.0,0.0,10130194674cbf8b,0.006688963210702337,0.13717837550824058,0.02018317225621293,0.018024197800288806,0.021383627543723638,0.03139213182714601,0.033520074206243824,-7.5436553955078125,-0.19841575548052787,1.4913199424743653,-4.796768093109131,0.7447778940200805
qwen2.5-0.5b-instruct,0.4,2,False,authority_test,0.0,0.0,1d701acfc6c6d4fa,0.010638297872340385,0.13717837550824058,0.02018317225621293,0.018024197800288806,0.021383627543723638,0.03139213182714601,0.033520074206243824,-7.5436553955078125,-0.19841575548052787,1.4913199424743653,-4.796768093109131,0.7447778940200805
qwen2.5-0.5b-instruct,0.4,2,False,authority_test,0.0,0.0,1df1518943bb0a9e,0.0,0.13717837550824058,0.02018317225621293,0.018024197800288806,0.021383627543723638,0.03139213182714601,0.033520074206243824,-7.5436553955078125,-0.19841575548052787,1.4913199424743653,-4.796768093109131,0.7447778940200805
qwen2.5-0.5b-instruct,0.4,2,False,authority_test,0.0,0.0,1edc5f328c1371c5,0.0,0.13717837550824058,0.02018317225621293,0.018024197800288806,0.021383627543723638,0.03139213182714601,0.033520074206243824,-7.5436553955078125,-0.19841575548052787,1.4913199424743653,-4.796768093109131,0.7447778940200805
qwen2.5-0.5b-instruct,0.4,2,False,authority_test,0.0,0.0,20ca69931a7f3f69,1.0,0.13717837550824058,0.02018317225621293,0.018024197800288806,0.021383627543723638,0.03139213182714601,0.033520074206243824,-7.5436553955078125,-0.19841575548052787,1.4913199424743653,-4.796768093109131,0.7447778940200805
qwen2.5-0.5b-instruct,0.4,2,False,authority_test,0.0,0.0,22971b5f73ffc4ed,0.008620689655172376,0.13717837550824058,0.02018317225621293,0.018024197800288806,0.021383627543723638,0.03139213182714601,0.033520074206243824,-7.5436553955078125,-0.19841575548052787,1.4913199424743653,-4.796768093109131,0.7447778940200805
qwen2.5-0.5b-instruct,0.4,2,False,authority_test,0.0,0.0,244dcd310f4f3355,0.0,0.13717837550824058,0.02018317225621293,0.018024197800288806,0.021383627543723638,0.03139213182714601,0.033520074206243824,-7.5436553955078125,-0.19841575548052787,1.4913199424743653,-4.796768093109131,0.7447778940200805
qwen2.5-0.5b-instruct,0.4,2,False,authority_test,0.0,0.0,288a3dfeffedf427,0.0,0.13717837550824058,0.02018317225621293,0.018024197800288806,0.021383627543723638,0.03139213182714601,0.033520074206243824,-7.5436553955078125,-0.19841575548052787,1.4913199424743653,-4.796768093109131,0.7447778940200805
qwen2.5-0.5b-instruct,0.4,2,False,authority_test,0.0,0.0,2b5a55d1cc0067b2,0.0,0.13717837550824058,0.02018317225621293,0.018024197800288806,0.021383627543723638,0.03139213182714601,0.033520074206243824,-7.5436553955078125,-0.19841575548052787,1.4913199424743653,-4.796768093109131,0.7447778940200805
qwen2.5-0.5b-instruct,0.4,2,False,authority_test,0.0,0.0,2d2c5781c810e5ad,1.0,0.13717837550824058,0.02018317225621293,0.018024197800288806,0.021383627543723638,0.03139213182714601,0.033520074206243824,-7.5436553955078125,-0.19841575548052787,1.4913199424743653,-4.796768093109131,0.7447778940200805
qwen2.5-0.5b-instruct,0.4,2,False,authority_test,0.0,0.0,36e26290ffdc487c,0.0,0.13717837550824058,0.02018317225621293,0.018024197800288806,0.021383627543723638,0.03139213182714601,0.033520074206243824,-7.5436553955078125,-0.19841575548052787,1.4913199424743653,-4.796768093109131,0.7447778940200805
qwen2.5-0.5b-instruct,0.4,2,False,authority_test,0.0,0.0,3991f39ca9af3d98,0.0,0.13717837550824058,0.02018317225621293,0.018024197800288806,0.021383627543723638,0.03139213182714601,0.033520074206243824,-7.5436553955078125,-0.19841575548052787,1.4913199424743653,-4.796768093109131,0.7447778940200805
qwen2.5-0.5b-instruct,0.4,2,False,authority_test,0.0,0.0,41cbf566cb043949,1.0,0.13717837550824058,0.02018317225621293,0.018024197800288806,0.021383627543723638,0.03139213182714601,0.033520074206243824,-7.5436553955078125,-0.19841575548052787,1.4913199424743653,-4.796768093109131,0.7447778940200805
qwen2.5-0.5b-instruct,0.4,2,False,authority_test,0.0,0.0,4ab9fb541f3f6c30,1.0,0.13717837550824058,0.02018317225621293,0.018024197800288806,0.021383627543723638,0.03139213182714601,0.033520074206243824,-7.5436553955078125,-0.19841575548052787,1.4913199424743653,-4.796768093109131,0.7447778940200805
qwen2.5-0.5b-instruct,0.4,2,False,authority_test,0.0,0.0,4abdfd3d1917cd04,0.008264462809917328,0.13717837550824058,0.02018317225621293,0.018024197800288806,0.021383627543723638,0.03139213182714601,0.033520074206243824,-7.5436553955078125,-0.19841575548052787,1.4913199424743653,-4.796768093109131,0.7447778940200805
qwen2.5-0.5b-instruct,0.4,2,False,authority_test,0.0,0.0,4b8d3c3c6c10deb8,0.0,0.13717837550824058,0.02018317225621293,0.018024197800288806,0.021383627543723638,0.03139213182714601,0.033520074206243824,-7.5436553955078125,-0.19841575548052787,1.4913199424743653,-4.796768093109131,0.7447778940200805
qwen2.5-0.5b-instruct,0.4,2,False,authority_test,0.0,0.0,4da5a7ea784f8c6d,1.0,0.13717837550824058,0.02018317225621293,0.018024197800288806,0.021383627543723638,0.03139213182714601,0.033520074206243824,-7.5436553955078125,-0.19841575548052787,1.4913199424743653,-4.796768093109131,0.7447778940200805
qwen2.5-0.5b-instruct,0.4,2,False,authority_test,0.0,0.0,587a815c09452a66,0.0,0.13717837550824058,0.02018317225621293,0.018024197800288806,0.021383627543723638,0.03139213182714601,0.033520074206243824,-7.5436553955078125,-0.19841575548052787,1.4913199424743653,-4.796768093109131,0.7447778940200805
qwen2.5-0.5b-instruct,0.4,2,False,authority_test,0.0,0.0,727d42f9caba144c,1.0,0.13717837550824058,0.02018317225621293,0.018024197800288806,0.021383627543723638,0.03139213182714601,0.033520074206243824,-7.5436553955078125,-0.19841575548052787,1.4913199424743653,-4.796768093109131,0.7447778940200805
qwen2.5-0.5b-instruct,0.4,2,False,authority_test,0.0,0.0,73d8c52a89607f1f,0.0,0.13717837550824058,0.02018317225621293,0.018024197800288806,0.021383627543723638,0.03139213182714601,0.033520074206243824,-7.5436553955078125,-0.19841575548052787,1.4913199424743653,-4.796768093109131,0.7447778940200805
qwen2.5-0.5b-instruct,0.4,2,False,authority_test,0.0,0.0,7ce1504cbdb83e1d,0.0,0.13717837550824058,0.02018317225621293,0.018024197800288806,0.021383627543723638,0.03139213182714601,0.033520074206243824,-7.5436553955078125,-0.19841575548052787,1.4913199424743653,-4.796768093109131,0.7447778940200805
qwen2.5-0.5b-instruct,0.4,2,False,authority_test,0.0,0.0,7d81fec0c0ad5cfb,1.0,0.13717837550824058,0.02018317225621293,0.018024197800288806,0.021383627543723638,0.03139213182714601,0.033520074206243824,-7.5436553955078125,-0.19841575548052787,1.4913199424743653,-4.796768093109131,0.7447778940200805
qwen2.5-0.5b-instruct,0.4,2,False,authority_test,0.0,0.0,853a8e6b978dc0e5,1.0,0.13717837550824058,0.02018317225621293,0.018024197800288806,0.021383627543723638,0.03139213182714601,0.033520074206243824,-7.5436553955078125,-0.19841575548052787,1.4913199424743653,-4.796768093109131,0.7447778940200805
qwen2.5-0.5b-instruct,0.4,2,False,authority_test,0.0,0.0,8a4b5dc09550b348,0.0,0.13717837550824058,0.02018317225621293,0.018024197800288806,0.021383627543723638,0.03139213182714601,0.033520074206243824,-7.5436553955078125,-0.19841575548052787,1.4913199424743653,-4.796768093109131,0.7447778940200805
qwen2.5-0.5b-instruct,0.4,2,False,authority_test,0.0,0.0,8d83ab85999515ac,0.0,0.13717837550824058,0.02018317225621293,0.018024197800288806,0.021383627543723638,0.03139213182714601,0.033520074206243824,-7.5436553955078125,-0.19841575548052787,1.4913199424743653,-4.796768093109131,0.7447778940200805
qwen2.5-0.5b-instruct,0.4,2,False,authority_test,0.0,0.0,8da22a2bb27cf9cd,0.0,0.13717837550824058,0.02018317225621293,0.018024197800288806,0.021383627543723638,0.03139213182714601,0.033520074206243824,-7.5436553955078125,-0.19841575548052787,1.4913199424743653,-4.796768093109131,0.7447778940200805
qwen2.5-0.5b-instruct,0.4,2,False,authority_test,0.0,0.0,9022e3c16577eb94,1.0,0.13717837550824058,0.02018317225621293,0.018024197800288806,0.021383627543723638,0.03139213182714601,0.033520074206243824,-7.5436553955078125,-0.19841575548052787,1.4913199424743653,-4.796768093109131,0.7447778940200805
qwen2.5-0.5b-instruct,0.4,2,False,authority_test,0.0,0.0,936e0b8c6301c7d8,0.0,0.13717837550824058,0.02018317225621293,0.018024197800288806,0.021383627543723638,0.03139213182714601,0.033520074206243824,-7.5436553955078125,-0.19841575548052787,1.4913199424743653,-4.796768093109131,0.7447778940200805
qwen2.5-0.5b-instruct,0.4,2,False,authority_test,0.0,0.0,944896031f0e373c,0.0,0.13717837550824058,0.02018317225621293,0.018024197800288806,0.021383627543723638,0.03139213182714601,0.033520074206243824,-7.5436553955078125,-0.19841575548052787,1.4913199424743653,-4.796768093109131,0.7447778940200805
qwen2.5-0.5b-instruct,0.4,2,False,authority_test,0.0,0.0,970c85fa32c52429,0.0,0.13717837550824058,0.02018317225621293,0.018024197800288806,0.021383627543723638,0.03139213182714601,0.033520074206243824,-7.5436553955078125,-0.19841575548052787,1.4913199424743653,-4.796768093109131,0.7447778940200805
qwen2.5-0.5b-instruct,0.4,2,False,authority_test,0.0,0.0,9d7c1f1cdad027ed,0.0,0.13717837550824058,0.02018317225621293,0.018024197800288806,0.021383627543723638,0.03139213182714601,0.033520074206243824,-7.5436553955078125,-0.19841575548052787,1.4913199424743653,-4.796768093109131,0.7447778940200805
qwen2.5-0.5b-instruct,0.4,2,False,authority_test,0.0,0.0,9f69978661a5c493,1.0,0.13717837550824058,0.02018317225621293,0.018024197800288806,0.021383627543723638,0.03139213182714601,0.033520074206243824,-7.5436553955078125,-0.19841575548052787,1.4913199424743653,-4.796768093109131,0.7447778940200805
qwen2.5-0.5b-instruct,0.4,2,False,authority_test,0.0,0.0,a9e716a840f16125,0.0,0.13717837550824058,0.02018317225621293,0.018024197800288806,0.021383627543723638,0.03139213182714601,0.033520074206243824,-7.5436553955078125,-0.19841575548052787,1.4913199424743653,-4.796768093109131,0.7447778940200805
qwen2.5-0.5b-instruct,0.4,2,False,authority_test,0.0,0.0,af2542aaf2cec400,0.0,0.13717837550824058,0.02018317225621293,0.018024197800288806,0.021383627543723638,0.03139213182714601,0.033520074206243824,-7.5436553955078125,-0.19841575548052787,1.4913199424743653,-4.796768093109131,0.7447778940200805
qwen2.5-0.5b-instruct,0.4,2,False,authority_test,0.0,0.0,b78b59e2a3c0adcb,1.0,0.13717837550824058,0.02018317225621293,0.018024197800288806,0.021383627543723638,0.03139213182714601,0.033520074206243824,-7.5436553955078125,-0.19841575548052787,1.4913199424743653,-4.796768093109131,0.7447778940200805
qwen2.5-0.5b-instruct,0.4,2,False,authority_test,0.0,0.0,bc3418728d141792,0.0,0.13717837550824058,0.02018317225621293,0.018024197800288806,0.021383627543723638,0.03139213182714601,0.033520074206243824,-7.5436553955078125,-0.19841575548052787,1.4913199424743653,-4.796768093109131,0.7447778940200805
qwen2.5-0.5b-instruct,0.4,2,False,authority_test,0.0,0.0,bf18d1ffdde86090,0.0,0.13717837550824058,0.02018317225621293,0.018024197800288806,0.021383627543723638,0.03139213182714601,0.033520074206243824,-7.5436553955078125,-0.19841575548052787,1.4913199424743653,-4.796768093109131,0.7447778940200805
qwen2.5-0.5b-instruct,0.4,2,False,authority_test,0.0,0.0,d07c4fcb537efb5a,1.0,0.13717837550824058,0.02018317225621293,0.018024197800288806,0.021383627543723638,0.03139213182714601,0.033520074206243824,-7.5436553955078125,-0.19841575548052787,1.4913199424743653,-4.796768093109131,0.7447778940200805
qwen2.5-0.5b-instruct,0.4,2,False,authority_test,0.0,0.0,d309edf9243881a9,0.0,0.13717837550824058,0.02018317225621293,0.018024197800288806,0.021383627543723638,0.03139213182714601,0.033520074206243824,-7.5436553955078125,-0.19841575548052787,1.4913199424743653,-4.796768093109131,0.7447778940200805
qwen2.5-0.5b-instruct,0.4,2,False,authority_test,0.0,0.0,d5ea8284b8ff154f,0.0,0.13717837550824058,0.02018317225621293,0.018024197800288806,0.021383627543723638,0.03139213182714601,0.033520074206243824,-7.5436553955078125,-0.19841575548052787,1.4913199424743653,-4.796768093109131,0.7447778940200805
qwen2.5-0.5b-instruct,0.4,2,False,authority_test,0.0,0.0,e4fcc40e432a1de9,0.0,0.13717837550824058,0.02018317225621293,0.018024197800288806,0.021383627543723638,0.03139213182714601,0.033520074206243824,-7.5436553955078125,-0.19841575548052787,1.4913199424743653,-4.796768093109131,0.7447778940200805
qwen2.5-0.5b-instruct,0.4,2,False,authority_test,0.0,0.0,e689c20cf634f61b,0.0,0.13717837550824058,0.02018317225621293,0.018024197800288806,0.021383627543723638,0.03139213182714601,0.033520074206243824,-7.5436553955078125,-0.19841575548052787,1.4913199424743653,-4.796768093109131,0.7447778940200805
qwen2.5-0.5b-instruct,0.4,2,False,authority_test,0.0,0.0,ed57017341d74a76,1.0,0.13717837550824058,0.02018317225621293,0.018024197800288806,0.021383627543723638,0.03139213182714601,0.033520074206243824,-7.5436553955078125,-0.19841575548052787,1.4913199424743653,-4.796768093109131,0.7447778940200805
qwen2.5-0.5b-instruct,0.4,2,False,authority_test,0.0,0.0,fb80856fbb14e104,0.0,0.13717837550824058,0.02018317225621293,0.018024197800288806,0.021383627543723638,0.03139213182714601,0.033520074206243824,-7.5436553955078125,-0.19841575548052787,1.4913199424743653,-4.796768093109131,0.7447778940200805
qwen2.5-0.5b-instruct,0.4,2,False,authority_test,0.0,0.0,fc477c545737032a,0.0,0.13717837550824058,0.02018317225621293,0.018024197800288806,0.021383627543723638,0.03139213182714601,0.033520074206243824,-7.5436553955078125,-0.19841575548052787,1.4913199424743653,-4.796768093109131,0.7447778940200805
qwen2.5-0.5b-instruct,0.4,2,False,authority_test,0.0,0.0,fec02ca49d763c26,0.0,0.13717837550824058,0.02018317225621293,0.018024197800288806,0.021383627543723638,0.03139213182714601,0.033520074206243824,-7.5436553955078125,-0.19841575548052787,1.4913199424743653,-4.796768093109131,0.7447778940200805
qwen2.5-0.5b-instruct,0.4,2,False,authority_test,0.0,2.0,0050cc7876e55913,0.0,0.13717837550824058,0.02018317225621293,0.0148890463639041,0.017607604632851572,0.02767817779994881,0.03178236722246738,-8.01217269897461,-0.7001734256744385,1.4770838260650634,-5.265285778045654,0.18899280130863189
qwen2.5-0.5b-instruct,0.4,2,False,authority_test,0.0,2.0,005781a48b483502,0.0,0.13717837550824058,0.02018317225621293,0.0148890463639041,0.017607604632851572,0.02767817779994881,0.03178236722246738,-8.01217269897461,-0.7001734256744385,1.4770838260650634,-5.265285778045654,0.18899280130863189
qwen2.5-0.5b-instruct,0.4,2,False,authority_test,0.0,2.0,02e457941f8b4c86,0.0,0.13717837550824058,0.02018317225621293,0.0148890463639041,0.017607604632851572,0.02767817779994881,0.03178236722246738,-8.01217269897461,-0.7001734256744385,1.4770838260650634,-5.265285778045654,0.18899280130863189
qwen2.5-0.5b-instruct,0.4,2,False,authority_test,0.0,2.0,0b7dac16eea5116b,0.008438818565400852,0.13717837550824058,0.02018317225621293,0.0148890463639041,0.017607604632851572,0.02767817779994881,0.03178236722246738,-8.01217269897461,-0.7001734256744385,1.4770838260650634,-5.265285778045654,0.18899280130863189
qwen2.5-0.5b-instruct,0.4,2,False,authority_test,0.0,2.0,10130194674cbf8b,0.0,0.13717837550824058,0.02018317225621293,0.0148890463639041,0.017607604632851572,0.02767817779994881,0.03178236722246738,-8.01217269897461,-0.7001734256744385,1.4770838260650634,-5.265285778045654,0.18899280130863189
qwen2.5-0.5b-instruct,0.4,2,False,authority_test,0.0,2.0,1d701acfc6c6d4fa,0.010471204188481686,0.13717837550824058,0.02018317225621293,0.0148890463639041,0.017607604632851572,0.02767817779994881,0.03178236722246738,-8.01217269897461,-0.7001734256744385,1.4770838260650634,-5.265285778045654,0.18899280130863189
qwen2.5-0.5b-instruct,0.4,2,False,authority_test,0.0,2.0,1df1518943bb0a9e,0.0,0.13717837550824058,0.02018317225621293,0.0148890463639041,0.017607604632851572,0.02767817779994881,0.03178236722246738,-8.01217269897461,-0.7001734256744385,1.4770838260650634,-5.265285778045654,0.18899280130863189
qwen2.5-0.5b-instruct,0.4,2,False,authority_test,0.0,2.0,1edc5f328c1371c5,0.0,0.13717837550824058,0.02018317225621293,0.0148890463639041,0.017607604632851572,0.02767817779994881,0.03178236722246738,-8.01217269897461,-0.7001734256744385,1.4770838260650634,-5.265285778045654,0.18899280130863189
qwen2.5-0.5b-instruct,0.4,2,False,authority_test,0.0,2.0,20ca69931a7f3f69,1.0,0.13717837550824058,0.02018317225621293,0.0148890463639041,0.017607604632851572,0.02767817779994881,0.03178236722246738,-8.01217269897461,-0.7001734256744385,1.4770838260650634,-5.265285778045654,0.18899280130863189
qwen2.5-0.5b-instruct,0.4,2,False,authority_test,0.0,2.0,22971b5f73ffc4ed,0.018867924528301883,0.13717837550824058,0.02018317225621293,0.0148890463639041,0.017607604632851572,0.02767817779994881,0.03178236722246738,-8.01217269897461,-0.7001734256744385,1.4770838260650634,-5.265285778045654,0.18899280130863189
qwen2.5-0.5b-instruct,0.4,2,False,authority_test,0.0,2.0,244dcd310f4f3355,0.0,0.13717837550824058,0.02018317225621293,0.0148890463639041,0.017607604632851572,0.02767817779994881,0.03178236722246738,-8.01217269897461,-0.7001734256744385,1.4770838260650634,-5.265285778045654,0.18899280130863189
qwen2.5-0.5b-instruct,0.4,2,False,authority_test,0.0,2.0,288a3dfeffedf427,0.0,0.13717837550824058,0.02018317225621293,0.0148890463639041,0.017607604632851572,0.02767817779994881,0.03178236722246738,-8.01217269897461,-0.7001734256744385,1.4770838260650634,-5.265285778045654,0.18899280130863189
qwen2.5-0.5b-instruct,0.4,2,False,authority_test,0.0,2.0,2b5a55d1cc0067b2,0.0,0.13717837550824058,0.02018317225621293,0.0148890463639041,0.017607604632851572,0.02767817779994881,0.03178236722246738,-8.01217269897461,-0.7001734256744385,1.4770838260650634,-5.265285778045654,0.18899280130863189
qwen2.5-0.5b-instruct,0.4,2,False,authority_test,0.0,2.0,2d2c5781c810e5ad,0.0,0.13717837550824058,0.02018317225621293,0.0148890463639041,0.017607604632851572,0.02767817779994881,0.03178236722246738,-8.01217269897461,-0.7001734256744385,1.4770838260650634,-5.265285778045654,0.18899280130863189
qwen2.5-0.5b-instruct,0.4,2,False,authority_test,0.0,2.0,36e26290ffdc487c,0.0,0.13717837550824058,0.02018317225621293,0.0148890463639041,0.017607604632851572,0.02767817779994881,0.03178236722246738,-8.01217269897461,-0.7001734256744385,1.4770838260650634,-5.265285778045654,0.18899280130863189
qwen2.5-0.5b-instruct,0.4,2,False,authority_test,0.0,2.0,3991f39ca9af3d98,0.008000000000000007,0.13717837550824058,0.02018317225621293,0.0148890463639041,0.017607604632851572,0.02767817779994881,0.03178236722246738,-8.01217269897461,-0.7001734256744385,1.4770838260650634,-5.265285778045654,0.18899280130863189
qwen2.5-0.5b-instruct,0.4,2,False,authority_test,0.0,2.0,41cbf566cb043949,0.0,0.13717837550824058,0.02018317225621293,0.0148890463639041,0.017607604632851572,0.02767817779994881,0.03178236722246738,-8.01217269897461,-0.7001734256744385,1.4770838260650634,-5.265285778045654,0.18899280130863189
qwen2.5-0.5b-instruct,0.4,2,False,authority_test,0.0,2.0,4ab9fb541f3f6c30,1.0,0.13717837550824058,0.02018317225621293,0.0148890463639041,0.017607604632851572,0.02767817779994881,0.03178236722246738,-8.01217269897461,-0.7001734256744385,1.4770838260650634,-5.265285778045654,0.18899280130863189
qwen2.5-0.5b-instruct,0.4,2,False,authority_test,0.0,2.0,4abdfd3d1917cd04,0.00952380952380949,0.13717837550824058,0.02018317225621293,0.0148890463639041,0.017607604632851572,0.02767817779994881,0.03178236722246738,-8.01217269897461,-0.7001734256744385,1.4770838260650634,-5.265285778045654,0.18899280130863189
qwen2.5-0.5b-instruct,0.4,2,False,authority_test,0.0,2.0,4b8d3c3c6c10deb8,0.0,0.13717837550824058,0.02018317225621293,0.0148890463639041,0.017607604632851572,0.02767817779994881,0.03178236722246738,-8.01217269897461,-0.7001734256744385,1.4770838260650634,-5.265285778045654,0.18899280130863189
qwen2.5-0.5b-instruct,0.4,2,False,authority_test,0.0,2.0,4da5a7ea784f8c6d,0.0,0.13717837550824058,0.02018317225621293,0.0148890463639041,0.017607604632851572,0.02767817779994881,0.03178236722246738,-8.01217269897461,-0.7001734256744385,1.4770838260650634,-5.265285778045654,0.18899280130863189
qwen2.5-0.5b-instruct,0.4,2,False,authority_test,0.0,2.0,587a815c09452a66,0.0,0.13717837550824058,0.02018317225621293,0.0148890463639041,0.017607604632851572,0.02767817779994881,0.03178236722246738,-8.01217269897461,-0.7001734256744385,1.4770838260650634,-5.265285778045654,0.18899280130863189
qwen2.5-0.5b-instruct,0.4,2,False,authority_test,0.0,2.0,727d42f9caba144c,0.0,0.13717837550824058,0.02018317225621293,0.0148890463639041,0.017607604632851572,0.02767817779994881,0.03178236722246738,-8.01217269897461,-0.7001734256744385,1.4770838260650634,-5.265285778045654,0.18899280130863189
qwen2.5-0.5b-instruct,0.4,2,False,authority_test,0.0,2.0,73d8c52a89607f1f,0.0,0.13717837550824058,0.02018317225621293,0.0148890463639041,0.017607604632851572,0.02767817779994881,0.03178236722246738,-8.01217269897461,-0.7001734256744385,1.4770838260650634,-5.265285778045654,0.18899280130863189
qwen2.5-0.5b-instruct,0.4,2,False,authority_test,0.0,2.0,7ce1504cbdb83e1d,0.0,0.13717837550824058,0.02018317225621293,0.0148890463639041,0.017607604632851572,0.02767817779994881,0.03178236722246738,-8.01217269897461,-0.7001734256744385,1.4770838260650634,-5.265285778045654,0.18899280130863189
qwen2.5-0.5b-instruct,0.4,2,False,authority_test,0.0,2.0,7d81fec0c0ad5cfb,1.0,0.13717837550824058,0.02018317225621293,0.0148890463639041,0.017607604632851572,0.02767817779994881,0.03178236722246738,-8.01217269897461,-0.7001734256744385,1.4770838260650634,-5.265285778045654,0.18899280130863189
qwen2.5-0.5b-instruct,0.4,2,False,authority_test,0.0,2.0,853a8e6b978dc0e5,0.0,0.13717837550824058,0.02018317225621293,0.0148890463639041,0.017607604632851572,0.02767817779994881,0.03178236722246738,-8.01217269897461,-0.7001734256744385,1.4770838260650634,-5.265285778045654,0.18899280130863189
qwen2.5-0.5b-instruct,0.4,2,False,authority_test,0.0,2.0,8a4b5dc09550b348,0.0,0.13717837550824058,0.02018317225621293,0.0148890463639041,0.017607604632851572,0.02767817779994881,0.03178236722246738,-8.01217269897461,-0.7001734256744385,1.4770838260650634,-5.265285778045654,0.18899280130863189
qwen2.5-0.5b-instruct,0.4,2,False,authority_test,0.0,2.0,8d83ab85999515ac,0.0,0.13717837550824058,0.02018317225621293,0.0148890463639041,0.017607604632851572,0.02767817779994881,0.03178236722246738,-8.01217269897461,-0.7001734256744385,1.4770838260650634,-5.265285778045654,0.18899280130863189
qwen2.5-0.5b-instruct,0.4,2,False,authority_test,0.0,2.0,8da22a2bb27cf9cd,0.0,0.13717837550824058,0.02018317225621293,0.0148890463639041,0.017607604632851572,0.02767817779994881,0.03178236722246738,-8.01217269897461,-0.7001734256744385,1.4770838260650634,-5.265285778045654,0.18899280130863189
qwen2.5-0.5b-instruct,0.4,2,False,authority_test,0.0,2.0,9022e3c16577eb94,0.0,0.13717837550824058,0.02018317225621293,0.0148890463639041,0.017607604632851572,0.02767817779994881,0.03178236722246738,-8.01217269897461,-0.7001734256744385,1.4770838260650634,-5.265285778045654,0.18899280130863189
qwen2.5-0.5b-instruct,0.4,2,False,authority_test,0.0,2.0,936e0b8c6301c7d8,0.008000000000000007,0.13717837550824058,0.02018317225621293,0.0148890463639041,0.017607604632851572,0.02767817779994881,0.03178236722246738,-8.01217269897461,-0.7001734256744385,1.4770838260650634,-5.265285778045654,0.18899280130863189
qwen2.5-0.5b-instruct,0.4,2,False,authority_test,0.0,2.0,944896031f0e373c,0.0,0.13717837550824058,0.02018317225621293,0.0148890463639041,0.017607604632851572,0.02767817779994881,0.03178236722246738,-8.01217269897461,-0.7001734256744385,1.4770838260650634,-5.265285778045654,0.18899280130863189
qwen2.5-0.5b-instruct,0.4,2,False,authority_test,0.0,2.0,970c85fa32c52429,0.0,0.13717837550824058,0.02018317225621293,0.0148890463639041,0.017607604632851572,0.02767817779994881,0.03178236722246738,-8.01217269897461,-0.7001734256744385,1.4770838260650634,-5.265285778045654,0.18899280130863189
qwen2.5-0.5b-instruct,0.4,2,False,authority_test,0.0,2.0,9d7c1f1cdad027ed,0.0,0.13717837550824058,0.02018317225621293,0.0148890463639041,0.017607604632851572,0.02767817779994881,0.03178236722246738,-8.01217269897461,-0.7001734256744385,1.4770838260650634,-5.265285778045654,0.18899280130863189
qwen2.5-0.5b-instruct,0.4,2,False,authority_test,0.0,2.0,9f69978661a5c493,1.0,0.13717837550824058,0.02018317225621293,0.0148890463639041,0.017607604632851572,0.02767817779994881,0.03178236722246738,-8.01217269897461,-0.7001734256744385,1.4770838260650634,-5.265285778045654,0.18899280130863189
qwen2.5-0.5b-instruct,0.4,2,False,authority_test,0.0,2.0,a9e716a840f16125,0.0,0.13717837550824058,0.02018317225621293,0.0148890463639041,0.017607604632851572,0.02767817779994881,0.03178236722246738,-8.01217269897461,-0.7001734256744385,1.4770838260650634,-5.265285778045654,0.18899280130863189
qwen2.5-0.5b-instruct,0.4,2,False,authority_test,0.0,2.0,af2542aaf2cec400,0.0,0.13717837550824058,0.02018317225621293,0.0148890463639041,0.017607604632851572,0.02767817779994881,0.03178236722246738,-8.01217269897461,-0.7001734256744385,1.4770838260650634,-5.265285778045654,0.18899280130863189
qwen2.5-0.5b-instruct,0.4,2,False,authority_test,0.0,2.0,b78b59e2a3c0adcb,0.0,0.13717837550824058,0.02018317225621293,0.0148890463639041,0.017607604632851572,0.02767817779994881,0.03178236722246738,-8.01217269897461,-0.7001734256744385,1.4770838260650634,-5.265285778045654,0.18899280130863189
qwen2.5-0.5b-instruct,0.4,2,False,authority_test,0.0,2.0,bc3418728d141792,0.0,0.13717837550824058,0.02018317225621293,0.0148890463639041,0.017607604632851572,0.02767817779994881,0.03178236722246738,-8.01217269897461,-0.7001734256744385,1.4770838260650634,-5.265285778045654,0.18899280130863189
qwen2.5-0.5b-instruct,0.4,2,False,authority_test,0.0,2.0,bf18d1ffdde86090,0.0,0.13717837550824058,0.02018317225621293,0.0148890463639041,0.017607604632851572,0.02767817779994881,0.03178236722246738,-8.01217269897461,-0.7001734256744385,1.4770838260650634,-5.265285778045654,0.18899280130863189
qwen2.5-0.5b-instruct,0.4,2,False,authority_test,0.0,2.0,d07c4fcb537efb5a,0.0,0.13717837550824058,0.02018317225621293,0.0148890463639041,0.017607604632851572,0.02767817779994881,0.03178236722246738,-8.01217269897461,-0.7001734256744385,1.4770838260650634,-5.265285778045654,0.18899280130863189
qwen2.5-0.5b-instruct,0.4,2,False,authority_test,0.0,2.0,d309edf9243881a9,0.0,0.13717837550824058,0.02018317225621293,0.0148890463639041,0.017607604632851572,0.02767817779994881,0.03178236722246738,-8.01217269897461,-0.7001734256744385,1.4770838260650634,-5.265285778045654,0.18899280130863189
qwen2.5-0.5b-instruct,0.4,2,False,authority_test,0.0,2.0,d5ea8284b8ff154f,0.009049773755656076,0.13717837550824058,0.02018317225621293,0.0148890463639041,0.017607604632851572,0.02767817779994881,0.03178236722246738,-8.01217269897461,-0.7001734256744385,1.4770838260650634,-5.265285778045654,0.18899280130863189
qwen2.5-0.5b-instruct,0.4,2,False,authority_test,0.0,2.0,e4fcc40e432a1de9,0.0,0.13717837550824058,0.02018317225621293,0.0148890463639041,0.017607604632851572,0.02767817779994881,0.03178236722246738,-8.01217269897461,-0.7001734256744385,1.4770838260650634,-5.265285778045654,0.18899280130863189
qwen2.5-0.5b-instruct,0.4,2,False,authority_test,0.0,2.0,e689c20cf634f61b,1.0,0.13717837550824058,0.02018317225621293,0.0148890463639041,0.017607604632851572,0.02767817779994881,0.03178236722246738,-8.01217269897461,-0.7001734256744385,1.4770838260650634,-5.265285778045654,0.18899280130863189
qwen2.5-0.5b-instruct,0.4,2,False,authority_test,0.0,2.0,ed57017341d74a76,0.0,0.13717837550824058,0.02018317225621293,0.0148890463639041,0.017607604632851572,0.02767817779994881,0.03178236722246738,-8.01217269897461,-0.7001734256744385,1.4770838260650634,-5.265285778045654,0.18899280130863189
qwen2.5-0.5b-instruct,0.4,2,False,authority_test,0.0,2.0,fb80856fbb14e104,0.33333333333333337,0.13717837550824058,0.02018317225621293,0.0148890463639041,0.017607604632851572,0.02767817779994881,0.03178236722246738,-8.01217269897461,-0.7001734256744385,1.4770838260650634,-5.265285778045654,0.18899280130863189
qwen2.5-0.5b-instruct,0.4,2,False,authority_test,0.0,2.0,fc477c545737032a,0.0,0.13717837550824058,0.02018317225621293,0.0148890463639041,0.017607604632851572,0.02767817779994881,0.03178236722246738,-8.01217269897461,-0.7001734256744385,1.4770838260650634,-5.265285778045654,0.18899280130863189
qwen2.5-0.5b-instruct,0.4,2,False,authority_test,0.0,2.0,fec02ca49d763c26,0.0,0.13717837550824058,0.02018317225621293,0.0148890463639041,0.017607604632851572,0.02767817779994881,0.03178236722246738,-8.01217269897461,-0.7001734256744385,1.4770838260650634,-5.265285778045654,0.18899280130863189
qwen2.5-0.5b-instruct,0.4,2,False,authority_test,2.0,0.0,0050cc7876e55913,0.0,0.13717837550824058,0.02018317225621293,0.018102886218564287,0.02404166495649072,0.03886497593453427,0.041522441787515615,-7.5436553955078125,-0.1979321025311947,1.491271686553955,-4.796768093109131,0.7429638981819153
qwen2.5-0.5b-instruct,0.4,2,False,authority_test,2.0,0.0,005781a48b483502,0.02564102564102566,0.13717837550824058,0.02018317225621293,0.018102886218564287,0.02404166495649072,0.03886497593453427,0.041522441787515615,-7.5436553955078125,-0.1979321025311947,1.491271686553955,-4.796768093109131,0.7429638981819153
qwen2.5-0.5b-instruct,0.4,2,False,authority_test,2.0,0.0,02e457941f8b4c86,0.0,0.13717837550824058,0.02018317225621293,0.018102886218564287,0.02404166495649072,0.03886497593453427,0.041522441787515615,-7.5436553955078125,-0.1979321025311947,1.491271686553955,-4.796768093109131,0.7429638981819153
qwen2.5-0.5b-instruct,0.4,2,False,authority_test,2.0,0.0,0b7dac16eea5116b,1.0,0.13717837550824058,0.02018317225621293,0.018102886218564287,0.02404166495649072,0.03886497593453427,0.041522441787515615,-7.5436553955078125,-0.1979321025311947,1.491271686553955,-4.796768093109131,0.7429638981819153
qwen2.5-0.5b-instruct,0.4,2,False,authority_test,2.0,0.0,10130194674cbf8b,0.006688963210702337,0.13717837550824058,0.02018317225621293,0.018102886218564287,0.02404166495649072,0.03886497593453427,0.041522441787515615,-7.5436553955078125,-0.1979321025311947,1.491271686553955,-4.796768093109131,0.7429638981819153
qwen2.5-0.5b-instruct,0.4,2,False,authority_test,2.0,0.0,1d701acfc6c6d4fa,0.010526315789473717,0.13717837550824058,0.02018317225621293,0.018102886218564287,0.02404166495649072,0.03886497593453427,0.041522441787515615,-7.5436553955078125,-0.1979321025311947,1.491271686553955,-4.796768093109131,0.7429638981819153
qwen2.5-0.5b-instruct,0.4,2,False,authority_test,2.0,0.0,1df1518943bb0a9e,0.0,0.13717837550824058,0.02018317225621293,0.018102886218564287,0.02404166495649072,0.03886497593453427,0.041522441787515615,-7.5436553955078125,-0.1979321025311947,1.491271686553955,-4.796768093109131,0.7429638981819153
qwen2.5-0.5b-instruct,0.4,2,False,authority_test,2.0,0.0,1edc5f328c1371c5,0.0,0.13717837550824058,0.02018317225621293,0.018102886218564287,0.02404166495649072,0.03886497593453427,0.041522441787515615,-7.5436553955078125,-0.1979321025311947,1.491271686553955,-4.796768093109131,0.7429638981819153
qwen2.5-0.5b-instruct,0.4,2,False,authority_test,2.0,0.0,20ca69931a7f3f69,1.0,0.13717837550824058,0.02018317225621293,0.018102886218564287,0.02404166495649072,0.03886497593453427,0.041522441787515615,-7.5436553955078125,-0.1979321025311947,1.491271686553955,-4.796768093109131,0.7429638981819153
qwen2.5-0.5b-instruct,0.4,2,False,authority_test,2.0,0.0,22971b5f73ffc4ed,0.008620689655172376,0.13717837550824058,0.02018317225621293,0.018102886218564287,0.02404166495649072,0.03886497593453427,0.041522441787515615,-7.5436553955078125,-0.1979321025311947,1.491271686553955,-4.796768093109131,0.7429638981819153
qwen2.5-0.5b-instruct,0.4,2,False,authority_test,2.0,0.0,244dcd310f4f3355,0.0,0.13717837550824058,0.02018317225621293,0.018102886218564287,0.02404166495649072,0.03886497593453427,0.041522441787515615,-7.5436553955078125,-0.1979321025311947,1.491271686553955,-4.796768093109131,0.7429638981819153
qwen2.5-0.5b-instruct,0.4,2,False,authority_test,2.0,0.0,288a3dfeffedf427,0.0,0.13717837550824058,0.02018317225621293,0.018102886218564287,0.02404166495649072,0.03886497593453427,0.041522441787515615,-7.5436553955078125,-0.1979321025311947,1.491271686553955,-4.796768093109131,0.7429638981819153
qwen2.5-0.5b-instruct,0.4,2,False,authority_test,2.0,0.0,2b5a55d1cc0067b2,0.0,0.13717837550824058,0.02018317225621293,0.018102886218564287,0.02404166495649072,0.03886497593453427,0.041522441787515615,-7.5436553955078125,-0.1979321025311947,1.491271686553955,-4.796768093109131,0.7429638981819153
qwen2.5-0.5b-instruct,0.4,2,False,authority_test,2.0,0.0,2d2c5781c810e5ad,1.0,0.13717837550824058,0.02018317225621293,0.018102886218564287,0.02404166495649072,0.03886497593453427,0.041522441787515615,-7.5436553955078125,-0.1979321025311947,1.491271686553955,-4.796768093109131,0.7429638981819153
qwen2.5-0.5b-instruct,0.4,2,False,authority_test,2.0,0.0,36e26290ffdc487c,0.007194244604316502,0.13717837550824058,0.02018317225621293,0.018102886218564287,0.02404166495649072,0.03886497593453427,0.041522441787515615,-7.5436553955078125,-0.1979321025311947,1.491271686553955,-4.796768093109131,0.7429638981819153
qwen2.5-0.5b-instruct,0.4,2,False,authority_test,2.0,0.0,3991f39ca9af3d98,0.0,0.13717837550824058,0.02018317225621293,0.018102886218564287,0.02404166495649072,0.03886497593453427,0.041522441787515615,-7.5436553955078125,-0.1979321025311947,1.491271686553955,-4.796768093109131,0.7429638981819153
qwen2.5-0.5b-instruct,0.4,2,False,authority_test,2.0,0.0,41cbf566cb043949,1.0,0.13717837550824058,0.02018317225621293,0.018102886218564287,0.02404166495649072,0.03886497593453427,0.041522441787515615,-7.5436553955078125,-0.1979321025311947,1.491271686553955,-4.796768093109131,0.7429638981819153
qwen2.5-0.5b-instruct,0.4,2,False,authority_test,2.0,0.0,4ab9fb541f3f6c30,1.0,0.13717837550824058,0.02018317225621293,0.018102886218564287,0.02404166495649072,0.03886497593453427,0.041522441787515615,-7.5436553955078125,-0.1979321025311947,1.491271686553955,-4.796768093109131,0.7429638981819153
qwen2.5-0.5b-instruct,0.4,2,False,authority_test,2.0,0.0,4abdfd3d1917cd04,0.008264462809917328,0.13717837550824058,0.02018317225621293,0.018102886218564287,0.02404166495649072,0.03886497593453427,0.041522441787515615,-7.5436553955078125,-0.1979321025311947,1.491271686553955,-4.796768093109131,0.7429638981819153
qwen2.5-0.5b-instruct,0.4,2,False,authority_test,2.0,0.0,4b8d3c3c6c10deb8,0.0,0.13717837550824058,0.02018317225621293,0.018102886218564287,0.02404166495649072,0.03886497593453427,0.041522441787515615,-7.5436553955078125,-0.1979321025311947,1.491271686553955,-4.796768093109131,0.7429638981819153
qwen2.5-0.5b-instruct,0.4,2,False,authority_test,2.0,0.0,4da5a7ea784f8c6d,0.0,0.13717837550824058,0.02018317225621293,0.018102886218564287,0.02404166495649072,0.03886497593453427,0.041522441787515615,-7.5436553955078125,-0.1979321025311947,1.491271686553955,-4.796768093109131,0.7429638981819153
qwen2.5-0.5b-instruct,0.4,2,False,authority_test,2.0,0.0,587a815c09452a66,0.0,0.13717837550824058,0.02018317225621293,0.018102886218564287,0.02404166495649072,0.03886497593453427,0.041522441787515615,-7.5436553955078125,-0.1979321025311947,1.491271686553955,-4.796768093109131,0.7429638981819153
qwen2.5-0.5b-instruct,0.4,2,False,authority_test,2.0,0.0,727d42f9caba144c,1.0,0.13717837550824058,0.02018317225621293,0.018102886218564287,0.02404166495649072,0.03886497593453427,0.041522441787515615,-7.5436553955078125,-0.1979321025311947,1.491271686553955,-4.796768093109131,0.7429638981819153
qwen2.5-0.5b-instruct,0.4,2,False,authority_test,2.0,0.0,73d8c52a89607f1f,0.0,0.13717837550824058,0.02018317225621293,0.018102886218564287,0.02404166495649072,0.03886497593453427,0.041522441787515615,-7.5436553955078125,-0.1979321025311947,1.491271686553955,-4.796768093109131,0.7429638981819153
qwen2.5-0.5b-instruct,0.4,2,False,authority_test,2.0,0.0,7ce1504cbdb83e1d,0.0,0.13717837550824058,0.02018317225621293,0.018102886218564287,0.02404166495649072,0.03886497593453427,0.041522441787515615,-7.5436553955078125,-0.1979321025311947,1.491271686553955,-4.796768093109131,0.7429638981819153
qwen2.5-0.5b-instruct,0.4,2,False,authority_test,2.0,0.0,7d81fec0c0ad5cfb,1.0,0.13717837550824058,0.02018317225621293,0.018102886218564287,0.02404166495649072,0.03886497593453427,0.041522441787515615,-7.5436553955078125,-0.1979321025311947,1.491271686553955,-4.796768093109131,0.7429638981819153
qwen2.5-0.5b-instruct,0.4,2,False,authority_test,2.0,0.0,853a8e6b978dc0e5,1.0,0.13717837550824058,0.02018317225621293,0.018102886218564287,0.02404166495649072,0.03886497593453427,0.041522441787515615,-7.5436553955078125,-0.1979321025311947,1.491271686553955,-4.796768093109131,0.7429638981819153
qwen2.5-0.5b-instruct,0.4,2,False,authority_test,2.0,0.0,8a4b5dc09550b348,0.0,0.13717837550824058,0.02018317225621293,0.018102886218564287,0.02404166495649072,0.03886497593453427,0.041522441787515615,-7.5436553955078125,-0.1979321025311947,1.491271686553955,-4.796768093109131,0.7429638981819153
qwen2.5-0.5b-instruct,0.4,2,False,authority_test,2.0,0.0,8d83ab85999515ac,0.0,0.13717837550824058,0.02018317225621293,0.018102886218564287,0.02404166495649072,0.03886497593453427,0.041522441787515615,-7.5436553955078125,-0.1979321025311947,1.491271686553955,-4.796768093109131,0.7429638981819153
qwen2.5-0.5b-instruct,0.4,2,False,authority_test,2.0,0.0,8da22a2bb27cf9cd,0.0,0.13717837550824058,0.02018317225621293,0.018102886218564287,0.02404166495649072,0.03886497593453427,0.041522441787515615,-7.5436553955078125,-0.1979321025311947,1.491271686553955,-4.796768093109131,0.7429638981819153
qwen2.5-0.5b-instruct,0.4,2,False,authority_test,2.0,0.0,9022e3c16577eb94,1.0,0.13717837550824058,0.02018317225621293,0.018102886218564287,0.02404166495649072,0.03886497593453427,0.041522441787515615,-7.5436553955078125,-0.1979321025311947,1.491271686553955,-4.796768093109131,0.7429638981819153
qwen2.5-0.5b-instruct,0.4,2,False,authority_test,2.0,0.0,936e0b8c6301c7d8,0.0,0.13717837550824058,0.02018317225621293,0.018102886218564287,0.02404166495649072,0.03886497593453427,0.041522441787515615,-7.5436553955078125,-0.1979321025311947,1.491271686553955,-4.796768093109131,0.7429638981819153
qwen2.5-0.5b-instruct,0.4,2,False,authority_test,2.0,0.0,944896031f0e373c,0.0,0.13717837550824058,0.02018317225621293,0.018102886218564287,0.02404166495649072,0.03886497593453427,0.041522441787515615,-7.5436553955078125,-0.1979321025311947,1.491271686553955,-4.796768093109131,0.7429638981819153
qwen2.5-0.5b-instruct,0.4,2,False,authority_test,2.0,0.0,970c85fa32c52429,0.0,0.13717837550824058,0.02018317225621293,0.018102886218564287,0.02404166495649072,0.03886497593453427,0.041522441787515615,-7.5436553955078125,-0.1979321025311947,1.491271686553955,-4.796768093109131,0.7429638981819153
qwen2.5-0.5b-instruct,0.4,2,False,authority_test,2.0,0.0,9d7c1f1cdad027ed,0.0,0.13717837550824058,0.02018317225621293,0.018102886218564287,0.02404166495649072,0.03886497593453427,0.041522441787515615,-7.5436553955078125,-0.1979321025311947,1.491271686553955,-4.796768093109131,0.7429638981819153
qwen2.5-0.5b-instruct,0.4,2,False,authority_test,2.0,0.0,9f69978661a5c493,1.0,0.13717837550824058,0.02018317225621293,0.018102886218564287,0.02404166495649072,0.03886497593453427,0.041522441787515615,-7.5436553955078125,-0.1979321025311947,1.491271686553955,-4.796768093109131,0.7429638981819153
qwen2.5-0.5b-instruct,0.4,2,False,authority_test,2.0,0.0,a9e716a840f16125,0.0,0.13717837550824058,0.02018317225621293,0.018102886218564287,0.02404166495649072,0.03886497593453427,0.041522441787515615,-7.5436553955078125,-0.1979321025311947,1.491271686553955,-4.796768093109131,0.7429638981819153
qwen2.5-0.5b-instruct,0.4,2,False,authority_test,2.0,0.0,af2542aaf2cec400,0.0,0.13717837550824058,0.02018317225621293,0.018102886218564287,0.02404166495649072,0.03886497593453427,0.041522441787515615,-7.5436553955078125,-0.1979321025311947,1.491271686553955,-4.796768093109131,0.7429638981819153
qwen2.5-0.5b-instruct,0.4,2,False,authority_test,2.0,0.0,b78b59e2a3c0adcb,1.0,0.13717837550824058,0.02018317225621293,0.018102886218564287,0.02404166495649072,0.03886497593453427,0.041522441787515615,-7.5436553955078125,-0.1979321025311947,1.491271686553955,-4.796768093109131,0.7429638981819153
qwen2.5-0.5b-instruct,0.4,2,False,authority_test,2.0,0.0,bc3418728d141792,0.0,0.13717837550824058,0.02018317225621293,0.018102886218564287,0.02404166495649072,0.03886497593453427,0.041522441787515615,-7.5436553955078125,-0.1979321025311947,1.491271686553955,-4.796768093109131,0.7429638981819153
qwen2.5-0.5b-instruct,0.4,2,False,authority_test,2.0,0.0,bf18d1ffdde86090,0.0,0.13717837550824058,0.02018317225621293,0.018102886218564287,0.02404166495649072,0.03886497593453427,0.041522441787515615,-7.5436553955078125,-0.1979321025311947,1.491271686553955,-4.796768093109131,0.7429638981819153
qwen2.5-0.5b-instruct,0.4,2,False,authority_test,2.0,0.0,d07c4fcb537efb5a,1.0,0.13717837550824058,0.02018317225621293,0.018102886218564287,0.02404166495649072,0.03886497593453427,0.041522441787515615,-7.5436553955078125,-0.1979321025311947,1.491271686553955,-4.796768093109131,0.7429638981819153
qwen2.5-0.5b-instruct,0.4,2,False,authority_test,2.0,0.0,d309edf9243881a9,0.0,0.13717837550824058,0.02018317225621293,0.018102886218564287,0.02404166495649072,0.03886497593453427,0.041522441787515615,-7.5436553955078125,-0.1979321025311947,1.491271686553955,-4.796768093109131,0.7429638981819153
qwen2.5-0.5b-instruct,0.4,2,False,authority_test,2.0,0.0,d5ea8284b8ff154f,0.0,0.13717837550824058,0.02018317225621293,0.018102886218564287,0.02404166495649072,0.03886497593453427,0.041522441787515615,-7.5436553955078125,-0.1979321025311947,1.491271686553955,-4.796768093109131,0.7429638981819153
qwen2.5-0.5b-instruct,0.4,2,False,authority_test,2.0,0.0,e4fcc40e432a1de9,0.0,0.13717837550824058,0.02018317225621293,0.018102886218564287,0.02404166495649072,0.03886497593453427,0.041522441787515615,-7.5436553955078125,-0.1979321025311947,1.491271686553955,-4.796768093109131,0.7429638981819153
qwen2.5-0.5b-instruct,0.4,2,False,authority_test,2.0,0.0,e689c20cf634f61b,0.0,0.13717837550824058,0.02018317225621293,0.018102886218564287,0.02404166495649072,0.03886497593453427,0.041522441787515615,-7.5436553955078125,-0.1979321025311947,1.491271686553955,-4.796768093109131,0.7429638981819153
qwen2.5-0.5b-instruct,0.4,2,False,authority_test,2.0,0.0,ed57017341d74a76,1.0,0.13717837550824058,0.02018317225621293,0.018102886218564287,0.02404166495649072,0.03886497593453427,0.041522441787515615,-7.5436553955078125,-0.1979321025311947,1.491271686553955,-4.796768093109131,0.7429638981819153
qwen2.5-0.5b-instruct,0.4,2,False,authority_test,2.0,0.0,fb80856fbb14e104,0.0,0.13717837550824058,0.02018317225621293,0.018102886218564287,0.02404166495649072,0.03886497593453427,0.041522441787515615,-7.5436553955078125,-0.1979321025311947,1.491271686553955,-4.796768093109131,0.7429638981819153
qwen2.5-0.5b-instruct,0.4,2,False,authority_test,2.0,0.0,fc477c545737032a,0.0,0.13717837550824058,0.02018317225621293,0.018102886218564287,0.02404166495649072,0.03886497593453427,0.041522441787515615,-7.5436553955078125,-0.1979321025311947,1.491271686553955,-4.796768093109131,0.7429638981819153
qwen2.5-0.5b-instruct,0.4,2,False,authority_test,2.0,0.0,fec02ca49d763c26,0.0,0.13717837550824058,0.02018317225621293,0.018102886218564287,0.02404166495649072,0.03886497593453427,0.041522441787515615,-7.5436553955078125,-0.1979321025311947,1.491271686553955,-4.796768093109131,0.7429638981819153
qwen2.5-0.5b-instruct,0.4,2,False,authority_test,2.0,2.0,0050cc7876e55913,0.0,0.13717837550824058,0.02018317225621293,0.010459590813811526,0.016742903940414933,0.03359856503864821,0.039560239784413406,-8.01217269897461,-0.6992288827896118,1.4775716066360474,-5.265285778045654,0.1956564426422119
qwen2.5-0.5b-instruct,0.4,2,False,authority_test,2.0,2.0,005781a48b483502,0.0,0.13717837550824058,0.02018317225621293,0.010459590813811526,0.016742903940414933,0.03359856503864821,0.039560239784413406,-8.01217269897461,-0.6992288827896118,1.4775716066360474,-5.265285778045654,0.1956564426422119
qwen2.5-0.5b-instruct,0.4,2,False,authority_test,2.0,2.0,02e457941f8b4c86,0.0,0.13717837550824058,0.02018317225621293,0.010459590813811526,0.016742903940414933,0.03359856503864821,0.039560239784413406,-8.01217269897461,-0.6992288827896118,1.4775716066360474,-5.265285778045654,0.1956564426422119
qwen2.5-0.5b-instruct,0.4,2,False,authority_test,2.0,2.0,0b7dac16eea5116b,0.008438818565400852,0.13717837550824058,0.02018317225621293,0.010459590813811526,0.016742903940414933,0.03359856503864821,0.039560239784413406,-8.01217269897461,-0.6992288827896118,1.4775716066360474,-5.265285778045654,0.1956564426422119
qwen2.5-0.5b-instruct,0.4,2,False,authority_test,2.0,2.0,10130194674cbf8b,0.0,0.13717837550824058,0.02018317225621293,0.010459590813811526,0.016742903940414933,0.03359856503864821,0.039560239784413406,-8.01217269897461,-0.6992288827896118,1.4775716066360474,-5.265285778045654,0.1956564426422119
qwen2.5-0.5b-instruct,0.4,2,False,authority_test,2.0,2.0,1d701acfc6c6d4fa,0.010471204188481686,0.13717837550824058,0.02018317225621293,0.010459590813811526,0.016742903940414933,0.03359856503864821,0.039560239784413406,-8.01217269897461,-0.6992288827896118,1.4775716066360474,-5.265285778045654,0.1956564426422119
qwen2.5-0.5b-instruct,0.4,2,False,authority_test,2.0,2.0,1df1518943bb0a9e,0.0,0.13717837550824058,0.02018317225621293,0.010459590813811526,0.016742903940414933,0.03359856503864821,0.039560239784413406,-8.01217269897461,-0.6992288827896118,1.4775716066360474,-5.265285778045654,0.1956564426422119
qwen2.5-0.5b-instruct,0.4,2,False,authority_test,2.0,2.0,1edc5f328c1371c5,0.0,0.13717837550824058,0.02018317225621293,0.010459590813811526,0.016742903940414933,0.03359856503864821,0.039560239784413406,-8.01217269897461,-0.6992288827896118,1.4775716066360474,-5.265285778045654,0.1956564426422119
qwen2.5-0.5b-instruct,0.4,2,False,authority_test,2.0,2.0,20ca69931a7f3f69,1.0,0.13717837550824058,0.02018317225621293,0.010459590813811526,0.016742903940414933,0.03359856503864821,0.039560239784413406,-8.01217269897461,-0.6992288827896118,1.4775716066360474,-5.265285778045654,0.1956564426422119
qwen2.5-0.5b-instruct,0.4,2,False,authority_test,2.0,2.0,22971b5f73ffc4ed,0.0092592592592593,0.13717837550824058,0.02018317225621293,0.010459590813811526,0.016742903940414933,0.03359856503864821,0.039560239784413406,-8.01217269897461,-0.6992288827896118,1.4775716066360474,-5.265285778045654,0.1956564426422119
qwen2.5-0.5b-instruct,0.4,2,False,authority_test,2.0,2.0,244dcd310f4f3355,0.0,0.13717837550824058,0.02018317225621293,0.010459590813811526,0.016742903940414933,0.03359856503864821,0.039560239784413406,-8.01217269897461,-0.6992288827896118,1.4775716066360474,-5.265285778045654,0.1956564426422119
qwen2.5-0.5b-instruct,0.4,2,False,authority_test,2.0,2.0,288a3dfeffedf427,0.0,0.13717837550824058,0.02018317225621293,0.010459590813811526,0.016742903940414933,0.03359856503864821,0.039560239784413406,-8.01217269897461,-0.6992288827896118,1.4775716066360474,-5.265285778045654,0.1956564426422119
qwen2.5-0.5b-instruct,0.4,2,False,authority_test,2.0,2.0,2b5a55d1cc0067b2,0.0,0.13717837550824058,0.02018317225621293,0.010459590813811526,0.016742903940414933,0.03359856503864821,0.039560239784413406,-8.01217269897461,-0.6992288827896118,1.4775716066360474,-5.265285778045654,0.1956564426422119
qwen2.5-0.5b-instruct,0.4,2,False,authority_test,2.0,2.0,2d2c5781c810e5ad,0.0,0.13717837550824058,0.02018317225621293,0.010459590813811526,0.016742903940414933,0.03359856503864821,0.039560239784413406,-8.01217269897461,-0.6992288827896118,1.4775716066360474,-5.265285778045654,0.1956564426422119
qwen2.5-0.5b-instruct,0.4,2,False,authority_test,2.0,2.0,36e26290ffdc487c,0.0,0.13717837550824058,0.02018317225621293,0.010459590813811526,0.016742903940414933,0.03359856503864821,0.039560239784413406,-8.01217269897461,-0.6992288827896118,1.4775716066360474,-5.265285778045654,0.1956564426422119
qwen2.5-0.5b-instruct,0.4,2,False,authority_test,2.0,2.0,3991f39ca9af3d98,0.008000000000000007,0.13717837550824058,0.02018317225621293,0.010459590813811526,0.016742903940414933,0.03359856503864821,0.039560239784413406,-8.01217269897461,-0.6992288827896118,1.4775716066360474,-5.265285778045654,0.1956564426422119
qwen2.5-0.5b-instruct,0.4,2,False,authority_test,2.0,2.0,41cbf566cb043949,0.0,0.13717837550824058,0.02018317225621293,0.010459590813811526,0.016742903940414933,0.03359856503864821,0.039560239784413406,-8.01217269897461,-0.6992288827896118,1.4775716066360474,-5.265285778045654,0.1956564426422119
qwen2.5-0.5b-instruct,0.4,2,False,authority_test,2.0,2.0,4ab9fb541f3f6c30,1.0,0.13717837550824058,0.02018317225621293,0.010459590813811526,0.016742903940414933,0.03359856503864821,0.039560239784413406,-8.01217269897461,-0.6992288827896118,1.4775716066360474,-5.265285778045654,0.1956564426422119
qwen2.5-0.5b-instruct,0.4,2,False,authority_test,2.0,2.0,4abdfd3d1917cd04,0.00952380952380949,0.13717837550824058,0.02018317225621293,0.010459590813811526,0.016742903940414933,0.03359856503864821,0.039560239784413406,-8.01217269897461,-0.6992288827896118,1.4775716066360474,-5.265285778045654,0.1956564426422119
qwen2.5-0.5b-instruct,0.4,2,False,authority_test,2.0,2.0,4b8d3c3c6c10deb8,0.0,0.13717837550824058,0.02018317225621293,0.010459590813811526,0.016742903940414933,0.03359856503864821,0.039560239784413406,-8.01217269897461,-0.6992288827896118,1.4775716066360474,-5.265285778045654,0.1956564426422119
qwen2.5-0.5b-instruct,0.4,2,False,authority_test,2.0,2.0,4da5a7ea784f8c6d,0.0,0.13717837550824058,0.02018317225621293,0.010459590813811526,0.016742903940414933,0.03359856503864821,0.039560239784413406,-8.01217269897461,-0.6992288827896118,1.4775716066360474,-5.265285778045654,0.1956564426422119
qwen2.5-0.5b-instruct,0.4,2,False,authority_test,2.0,2.0,587a815c09452a66,0.0,0.13717837550824058,0.02018317225621293,0.010459590813811526,0.016742903940414933,0.03359856503864821,0.039560239784413406,-8.01217269897461,-0.6992288827896118,1.4775716066360474,-5.265285778045654,0.1956564426422119
qwen2.5-0.5b-instruct,0.4,2,False,authority_test,2.0,2.0,727d42f9caba144c,0.0,0.13717837550824058,0.02018317225621293,0.010459590813811526,0.016742903940414933,0.03359856503864821,0.039560239784413406,-8.01217269897461,-0.6992288827896118,1.4775716066360474,-5.265285778045654,0.1956564426422119
qwen2.5-0.5b-instruct,0.4,2,False,authority_test,2.0,2.0,73d8c52a89607f1f,0.0,0.13717837550824058,0.02018317225621293,0.010459590813811526,0.016742903940414933,0.03359856503864821,0.039560239784413406,-8.01217269897461,-0.6992288827896118,1.4775716066360474,-5.265285778045654,0.1956564426422119
qwen2.5-0.5b-instruct,0.4,2,False,authority_test,2.0,2.0,7ce1504cbdb83e1d,0.0,0.13717837550824058,0.02018317225621293,0.010459590813811526,0.016742903940414933,0.03359856503864821,0.039560239784413406,-8.01217269897461,-0.6992288827896118,1.4775716066360474,-5.265285778045654,0.1956564426422119
qwen2.5-0.5b-instruct,0.4,2,False,authority_test,2.0,2.0,7d81fec0c0ad5cfb,1.0,0.13717837550824058,0.02018317225621293,0.010459590813811526,0.016742903940414933,0.03359856503864821,0.039560239784413406,-8.01217269897461,-0.6992288827896118,1.4775716066360474,-5.265285778045654,0.1956564426422119
qwen2.5-0.5b-instruct,0.4,2,False,authority_test,2.0,2.0,853a8e6b978dc0e5,0.0,0.13717837550824058,0.02018317225621293,0.010459590813811526,0.016742903940414933,0.03359856503864821,0.039560239784413406,-8.01217269897461,-0.6992288827896118,1.4775716066360474,-5.265285778045654,0.1956564426422119
qwen2.5-0.5b-instruct,0.4,2,False,authority_test,2.0,2.0,8a4b5dc09550b348,0.0,0.13717837550824058,0.02018317225621293,0.010459590813811526,0.016742903940414933,0.03359856503864821,0.039560239784413406,-8.01217269897461,-0.6992288827896118,1.4775716066360474,-5.265285778045654,0.1956564426422119
qwen2.5-0.5b-instruct,0.4,2,False,authority_test,2.0,2.0,8d83ab85999515ac,0.0,0.13717837550824058,0.02018317225621293,0.010459590813811526,0.016742903940414933,0.03359856503864821,0.039560239784413406,-8.01217269897461,-0.6992288827896118,1.4775716066360474,-5.265285778045654,0.1956564426422119
qwen2.5-0.5b-instruct,0.4,2,False,authority_test,2.0,2.0,8da22a2bb27cf9cd,0.0,0.13717837550824058,0.02018317225621293,0.010459590813811526,0.016742903940414933,0.03359856503864821,0.039560239784413406,-8.01217269897461,-0.6992288827896118,1.4775716066360474,-5.265285778045654,0.1956564426422119
qwen2.5-0.5b-instruct,0.4,2,False,authority_test,2.0,2.0,9022e3c16577eb94,0.0,0.13717837550824058,0.02018317225621293,0.010459590813811526,0.016742903940414933,0.03359856503864821,0.039560239784413406,-8.01217269897461,-0.6992288827896118,1.4775716066360474,-5.265285778045654,0.1956564426422119
qwen2.5-0.5b-instruct,0.4,2,False,authority_test,2.0,2.0,936e0b8c6301c7d8,0.008000000000000007,0.13717837550824058,0.02018317225621293,0.010459590813811526,0.016742903940414933,0.03359856503864821,0.039560239784413406,-8.01217269897461,-0.6992288827896118,1.4775716066360474,-5.265285778045654,0.1956564426422119
qwen2.5-0.5b-instruct,0.4,2,False,authority_test,2.0,2.0,944896031f0e373c,0.0,0.13717837550824058,0.02018317225621293,0.010459590813811526,0.016742903940414933,0.03359856503864821,0.039560239784413406,-8.01217269897461,-0.6992288827896118,1.4775716066360474,-5.265285778045654,0.1956564426422119
qwen2.5-0.5b-instruct,0.4,2,False,authority_test,2.0,2.0,970c85fa32c52429,0.0,0.13717837550824058,0.02018317225621293,0.010459590813811526,0.016742903940414933,0.03359856503864821,0.039560239784413406,-8.01217269897461,-0.6992288827896118,1.4775716066360474,-5.265285778045654,0.1956564426422119
qwen2.5-0.5b-instruct,0.4,2,False,authority_test,2.0,2.0,9d7c1f1cdad027ed,0.0,0.13717837550824058,0.02018317225621293,0.010459590813811526,0.016742903940414933,0.03359856503864821,0.039560239784413406,-8.01217269897461,-0.6992288827896118,1.4775716066360474,-5.265285778045654,0.1956564426422119
qwen2.5-0.5b-instruct,0.4,2,False,authority_test,2.0,2.0,9f69978661a5c493,1.0,0.13717837550824058,0.02018317225621293,0.010459590813811526,0.016742903940414933,0.03359856503864821,0.039560239784413406,-8.01217269897461,-0.6992288827896118,1.4775716066360474,-5.265285778045654,0.1956564426422119
qwen2.5-0.5b-instruct,0.4,2,False,authority_test,2.0,2.0,a9e716a840f16125,0.0,0.13717837550824058,0.02018317225621293,0.010459590813811526,0.016742903940414933,0.03359856503864821,0.039560239784413406,-8.01217269897461,-0.6992288827896118,1.4775716066360474,-5.265285778045654,0.1956564426422119
qwen2.5-0.5b-instruct,0.4,2,False,authority_test,2.0,2.0,af2542aaf2cec400,0.0,0.13717837550824058,0.02018317225621293,0.010459590813811526,0.016742903940414933,0.03359856503864821,0.039560239784413406,-8.01217269897461,-0.6992288827896118,1.4775716066360474,-5.265285778045654,0.1956564426422119
qwen2.5-0.5b-instruct,0.4,2,False,authority_test,2.0,2.0,b78b59e2a3c0adcb,0.0,0.13717837550824058,0.02018317225621293,0.010459590813811526,0.016742903940414933,0.03359856503864821,0.039560239784413406,-8.01217269897461,-0.6992288827896118,1.4775716066360474,-5.265285778045654,0.1956564426422119
qwen2.5-0.5b-instruct,0.4,2,False,authority_test,2.0,2.0,bc3418728d141792,0.0,0.13717837550824058,0.02018317225621293,0.010459590813811526,0.016742903940414933,0.03359856503864821,0.039560239784413406,-8.01217269897461,-0.6992288827896118,1.4775716066360474,-5.265285778045654,0.1956564426422119
qwen2.5-0.5b-instruct,0.4,2,False,authority_test,2.0,2.0,bf18d1ffdde86090,0.0,0.13717837550824058,0.02018317225621293,0.010459590813811526,0.016742903940414933,0.03359856503864821,0.039560239784413406,-8.01217269897461,-0.6992288827896118,1.4775716066360474,-5.265285778045654,0.1956564426422119
qwen2.5-0.5b-instruct,0.4,2,False,authority_test,2.0,2.0,d07c4fcb537efb5a,0.0,0.13717837550824058,0.02018317225621293,0.010459590813811526,0.016742903940414933,0.03359856503864821,0.039560239784413406,-8.01217269897461,-0.6992288827896118,1.4775716066360474,-5.265285778045654,0.1956564426422119
qwen2.5-0.5b-instruct,0.4,2,False,authority_test,2.0,2.0,d309edf9243881a9,0.0,0.13717837550824058,0.02018317225621293,0.010459590813811526,0.016742903940414933,0.03359856503864821,0.039560239784413406,-8.01217269897461,-0.6992288827896118,1.4775716066360474,-5.265285778045654,0.1956564426422119
qwen2.5-0.5b-instruct,0.4,2,False,authority_test,2.0,2.0,d5ea8284b8ff154f,0.008695652173912993,0.13717837550824058,0.02018317225621293,0.010459590813811526,0.016742903940414933,0.03359856503864821,0.039560239784413406,-8.01217269897461,-0.6992288827896118,1.4775716066360474,-5.265285778045654,0.1956564426422119
qwen2.5-0.5b-instruct,0.4,2,False,authority_test,2.0,2.0,e4fcc40e432a1de9,0.0,0.13717837550824058,0.02018317225621293,0.010459590813811526,0.016742903940414933,0.03359856503864821,0.039560239784413406,-8.01217269897461,-0.6992288827896118,1.4775716066360474,-5.265285778045654,0.1956564426422119
qwen2.5-0.5b-instruct,0.4,2,False,authority_test,2.0,2.0,e689c20cf634f61b,1.0,0.13717837550824058,0.02018317225621293,0.010459590813811526,0.016742903940414933,0.03359856503864821,0.039560239784413406,-8.01217269897461,-0.6992288827896118,1.4775716066360474,-5.265285778045654,0.1956564426422119
qwen2.5-0.5b-instruct,0.4,2,False,authority_test,2.0,2.0,ed57017341d74a76,0.0,0.13717837550824058,0.02018317225621293,0.010459590813811526,0.016742903940414933,0.03359856503864821,0.039560239784413406,-8.01217269897461,-0.6992288827896118,1.4775716066360474,-5.265285778045654,0.1956564426422119
qwen2.5-0.5b-instruct,0.4,2,False,authority_test,2.0,2.0,fb80856fbb14e104,0.33333333333333337,0.13717837550824058,0.02018317225621293,0.010459590813811526,0.016742903940414933,0.03359856503864821,0.039560239784413406,-8.01217269897461,-0.6992288827896118,1.4775716066360474,-5.265285778045654,0.1956564426422119
qwen2.5-0.5b-instruct,0.4,2,False,authority_test,2.0,2.0,fc477c545737032a,0.0,0.13717837550824058,0.02018317225621293,0.010459590813811526,0.016742903940414933,0.03359856503864821,0.039560239784413406,-8.01217269897461,-0.6992288827896118,1.4775716066360474,-5.265285778045654,0.1956564426422119
qwen2.5-0.5b-instruct,0.4,2,False,authority_test,2.0,2.0,fec02ca49d763c26,0.0,0.13717837550824058,0.02018317225621293,0.010459590813811526,0.016742903940414933,0.03359856503864821,0.039560239784413406,-8.01217269897461,-0.6992288827896118,1.4775716066360474,-5.265285778045654,0.1956564426422119
qwen2.5-0.5b-instruct,0.24,5,False,authority_test,0.0,0.0,0050cc7876e55913,0.0,0.41617340558523297,0.019855148345022146,0.01133261084372727,0.011851764281270405,0.014874112598064,0.016118897701277023,-7.5436553955078125,-0.1942340362817049,1.4929264783859253,-4.796768093109131,0.7519021153450012
qwen2.5-0.5b-instruct,0.24,5,False,authority_test,0.0,0.0,005781a48b483502,0.02564102564102566,0.41617340558523297,0.019855148345022146,0.01133261084372727,0.011851764281270405,0.014874112598064,0.016118897701277023,-7.5436553955078125,-0.1942340362817049,1.4929264783859253,-4.796768093109131,0.7519021153450012
qwen2.5-0.5b-instruct,0.24,5,False,authority_test,0.0,0.0,02e457941f8b4c86,0.0,0.41617340558523297,0.019855148345022146,0.01133261084372727,0.011851764281270405,0.014874112598064,0.016118897701277023,-7.5436553955078125,-0.1942340362817049,1.4929264783859253,-4.796768093109131,0.7519021153450012
qwen2.5-0.5b-instruct,0.24,5,False,authority_test,0.0,0.0,0b7dac16eea5116b,1.0,0.41617340558523297,0.019855148345022146,0.01133261084372727,0.011851764281270405,0.014874112598064,0.016118897701277023,-7.5436553955078125,-0.1942340362817049,1.4929264783859253,-4.796768093109131,0.7519021153450012
qwen2.5-0.5b-instruct,0.24,5,False,authority_test,0.0,0.0,10130194674cbf8b,1.0,0.41617340558523297,0.019855148345022146,0.01133261084372727,0.011851764281270405,0.014874112598064,0.016118897701277023,-7.5436553955078125,-0.1942340362817049,1.4929264783859253,-4.796768093109131,0.7519021153450012
qwen2.5-0.5b-instruct,0.24,5,False,authority_test,0.0,0.0,1d701acfc6c6d4fa,0.010638297872340385,0.41617340558523297,0.019855148345022146,0.01133261084372727,0.011851764281270405,0.014874112598064,0.016118897701277023,-7.5436553955078125,-0.1942340362817049,1.4929264783859253,-4.796768093109131,0.7519021153450012
qwen2.5-0.5b-instruct,0.24,5,False,authority_test,0.0,0.0,1df1518943bb0a9e,0.0,0.41617340558523297,0.019855148345022146,0.01133261084372727,0.011851764281270405,0.014874112598064,0.016118897701277023,-7.5436553955078125,-0.1942340362817049,1.4929264783859253,-4.796768093109131,0.7519021153450012
qwen2.5-0.5b-instruct,0.24,5,False,authority_test,0.0,0.0,1edc5f328c1371c5,0.0,0.41617340558523297,0.019855148345022146,0.01133261084372727,0.011851764281270405,0.014874112598064,0.016118897701277023,-7.5436553955078125,-0.1942340362817049,1.4929264783859253,-4.796768093109131,0.7519021153450012
qwen2.5-0.5b-instruct,0.24,5,False,authority_test,0.0,0.0,20ca69931a7f3f69,1.0,0.41617340558523297,0.019855148345022146,0.01133261084372727,0.011851764281270405,0.014874112598064,0.016118897701277023,-7.5436553955078125,-0.1942340362817049,1.4929264783859253,-4.796768093109131,0.7519021153450012
qwen2.5-0.5b-instruct,0.24,5,False,authority_test,0.0,0.0,22971b5f73ffc4ed,0.008620689655172376,0.41617340558523297,0.019855148345022146,0.01133261084372727,0.011851764281270405,0.014874112598064,0.016118897701277023,-7.5436553955078125,-0.1942340362817049,1.4929264783859253,-4.796768093109131,0.7519021153450012
qwen2.5-0.5b-instruct,0.24,5,False,authority_test,0.0,0.0,244dcd310f4f3355,0.0,0.41617340558523297,0.019855148345022146,0.01133261084372727,0.011851764281270405,0.014874112598064,0.016118897701277023,-7.5436553955078125,-0.1942340362817049,1.4929264783859253,-4.796768093109131,0.7519021153450012
qwen2.5-0.5b-instruct,0.24,5,False,authority_test,0.0,0.0,288a3dfeffedf427,0.0,0.41617340558523297,0.019855148345022146,0.01133261084372727,0.011851764281270405,0.014874112598064,0.016118897701277023,-7.5436553955078125,-0.1942340362817049,1.4929264783859253,-4.796768093109131,0.7519021153450012
qwen2.5-0.5b-instruct,0.24,5,False,authority_test,0.0,0.0,2b5a55d1cc0067b2,0.0,0.41617340558523297,0.019855148345022146,0.01133261084372727,0.011851764281270405,0.014874112598064,0.016118897701277023,-7.5436553955078125,-0.1942340362817049,1.4929264783859253,-4.796768093109131,0.7519021153450012
qwen2.5-0.5b-instruct,0.24,5,False,authority_test,0.0,0.0,2d2c5781c810e5ad,1.0,0.41617340558523297,0.019855148345022146,0.01133261084372727,0.011851764281270405,0.014874112598064,0.016118897701277023,-7.5436553955078125,-0.1942340362817049,1.4929264783859253,-4.796768093109131,0.7519021153450012
qwen2.5-0.5b-instruct,0.24,5,False,authority_test,0.0,0.0,36e26290ffdc487c,0.0,0.41617340558523297,0.019855148345022146,0.01133261084372727,0.011851764281270405,0.014874112598064,0.016118897701277023,-7.5436553955078125,-0.1942340362817049,1.4929264783859253,-4.796768093109131,0.7519021153450012
qwen2.5-0.5b-instruct,0.24,5,False,authority_test,0.0,0.0,3991f39ca9af3d98,0.0,0.41617340558523297,0.019855148345022146,0.01133261084372727,0.011851764281270405,0.014874112598064,0.016118897701277023,-7.5436553955078125,-0.1942340362817049,1.4929264783859253,-4.796768093109131,0.7519021153450012
qwen2.5-0.5b-instruct,0.24,5,False,authority_test,0.0,0.0,41cbf566cb043949,1.0,0.41617340558523297,0.019855148345022146,0.01133261084372727,0.011851764281270405,0.014874112598064,0.016118897701277023,-7.5436553955078125,-0.1942340362817049,1.4929264783859253,-4.796768093109131,0.7519021153450012
qwen2.5-0.5b-instruct,0.24,5,False,authority_test,0.0,0.0,4ab9fb541f3f6c30,1.0,0.41617340558523297,0.019855148345022146,0.01133261084372727,0.011851764281270405,0.014874112598064,0.016118897701277023,-7.5436553955078125,-0.1942340362817049,1.4929264783859253,-4.796768093109131,0.7519021153450012
qwen2.5-0.5b-instruct,0.24,5,False,authority_test,0.0,0.0,4abdfd3d1917cd04,0.008264462809917328,0.41617340558523297,0.019855148345022146,0.01133261084372727,0.011851764281270405,0.014874112598064,0.016118897701277023,-7.5436553955078125,-0.1942340362817049,1.4929264783859253,-4.796768093109131,0.7519021153450012
qwen2.5-0.5b-instruct,0.24,5,False,authority_test,0.0,0.0,4b8d3c3c6c10deb8,0.0,0.41617340558523297,0.019855148345022146,0.01133261084372727,0.011851764281270405,0.014874112598064,0.016118897701277023,-7.5436553955078125,-0.1942340362817049,1.4929264783859253,-4.796768093109131,0.7519021153450012
qwen2.5-0.5b-instruct,0.24,5,False,authority_test,0.0,0.0,4da5a7ea784f8c6d,1.0,0.41617340558523297,0.019855148345022146,0.01133261084372727,0.011851764281270405,0.014874112598064,0.016118897701277023,-7.5436553955078125,-0.1942340362817049,1.4929264783859253,-4.796768093109131,0.7519021153450012
qwen2.5-0.5b-instruct,0.24,5,False,authority_test,0.0,0.0,587a815c09452a66,0.0,0.41617340558523297,0.019855148345022146,0.01133261084372727,0.011851764281270405,0.014874112598064,0.016118897701277023,-7.5436553955078125,-0.1942340362817049,1.4929264783859253,-4.796768093109131,0.7519021153450012
qwen2.5-0.5b-instruct,0.24,5,False,authority_test,0.0,0.0,727d42f9caba144c,1.0,0.41617340558523297,0.019855148345022146,0.01133261084372727,0.011851764281270405,0.014874112598064,0.016118897701277023,-7.5436553955078125,-0.1942340362817049,1.4929264783859253,-4.796768093109131,0.7519021153450012
qwen2.5-0.5b-instruct,0.24,5,False,authority_test,0.0,0.0,73d8c52a89607f1f,0.0,0.41617340558523297,0.019855148345022146,0.01133261084372727,0.011851764281270405,0.014874112598064,0.016118897701277023,-7.5436553955078125,-0.1942340362817049,1.4929264783859253,-4.796768093109131,0.7519021153450012
qwen2.5-0.5b-instruct,0.24,5,False,authority_test,0.0,0.0,7ce1504cbdb83e1d,0.0,0.41617340558523297,0.019855148345022146,0.01133261084372727,0.011851764281270405,0.014874112598064,0.016118897701277023,-7.5436553955078125,-0.1942340362817049,1.4929264783859253,-4.796768093109131,0.7519021153450012
qwen2.5-0.5b-instruct,0.24,5,False,authority_test,0.0,0.0,7d81fec0c0ad5cfb,1.0,0.41617340558523297,0.019855148345022146,0.01133261084372727,0.011851764281270405,0.014874112598064,0.016118897701277023,-7.5436553955078125,-0.1942340362817049,1.4929264783859253,-4.796768093109131,0.7519021153450012
qwen2.5-0.5b-instruct,0.24,5,False,authority_test,0.0,0.0,853a8e6b978dc0e5,1.0,0.41617340558523297,0.019855148345022146,0.01133261084372727,0.011851764281270405,0.014874112598064,0.016118897701277023,-7.5436553955078125,-0.1942340362817049,1.4929264783859253,-4.796768093109131,0.7519021153450012
qwen2.5-0.5b-instruct,0.24,5,False,authority_test,0.0,0.0,8a4b5dc09550b348,0.0,0.41617340558523297,0.019855148345022146,0.01133261084372727,0.011851764281270405,0.014874112598064,0.016118897701277023,-7.5436553955078125,-0.1942340362817049,1.4929264783859253,-4.796768093109131,0.7519021153450012
qwen2.5-0.5b-instruct,0.24,5,False,authority_test,0.0,0.0,8d83ab85999515ac,0.0,0.41617340558523297,0.019855148345022146,0.01133261084372727,0.011851764281270405,0.014874112598064,0.016118897701277023,-7.5436553955078125,-0.1942340362817049,1.4929264783859253,-4.796768093109131,0.7519021153450012
qwen2.5-0.5b-instruct,0.24,5,False,authority_test,0.0,0.0,8da22a2bb27cf9cd,0.0,0.41617340558523297,0.019855148345022146,0.01133261084372727,0.011851764281270405,0.014874112598064,0.016118897701277023,-7.5436553955078125,-0.1942340362817049,1.4929264783859253,-4.796768093109131,0.7519021153450012
qwen2.5-0.5b-instruct,0.24,5,False,authority_test,0.0,0.0,9022e3c16577eb94,1.0,0.41617340558523297,0.019855148345022146,0.01133261084372727,0.011851764281270405,0.014874112598064,0.016118897701277023,-7.5436553955078125,-0.1942340362817049,1.4929264783859253,-4.796768093109131,0.7519021153450012
qwen2.5-0.5b-instruct,0.24,5,False,authority_test,0.0,0.0,936e0b8c6301c7d8,0.0,0.41617340558523297,0.019855148345022146,0.01133261084372727,0.011851764281270405,0.014874112598064,0.016118897701277023,-7.5436553955078125,-0.1942340362817049,1.4929264783859253,-4.796768093109131,0.7519021153450012
qwen2.5-0.5b-instruct,0.24,5,False,authority_test,0.0,0.0,944896031f0e373c,0.0,0.41617340558523297,0.019855148345022146,0.01133261084372727,0.011851764281270405,0.014874112598064,0.016118897701277023,-7.5436553955078125,-0.1942340362817049,1.4929264783859253,-4.796768093109131,0.7519021153450012
qwen2.5-0.5b-instruct,0.24,5,False,authority_test,0.0,0.0,970c85fa32c52429,0.0,0.41617340558523297,0.019855148345022146,0.01133261084372727,0.011851764281270405,0.014874112598064,0.016118897701277023,-7.5436553955078125,-0.1942340362817049,1.4929264783859253,-4.796768093109131,0.7519021153450012
qwen2.5-0.5b-instruct,0.24,5,False,authority_test,0.0,0.0,9d7c1f1cdad027ed,0.0,0.41617340558523297,0.019855148345022146,0.01133261084372727,0.011851764281270405,0.014874112598064,0.016118897701277023,-7.5436553955078125,-0.1942340362817049,1.4929264783859253,-4.796768093109131,0.7519021153450012
qwen2.5-0.5b-instruct,0.24,5,False,authority_test,0.0,0.0,9f69978661a5c493,1.0,0.41617340558523297,0.019855148345022146,0.01133261084372727,0.011851764281270405,0.014874112598064,0.016118897701277023,-7.5436553955078125,-0.1942340362817049,1.4929264783859253,-4.796768093109131,0.7519021153450012
qwen2.5-0.5b-instruct,0.24,5,False,authority_test,0.0,0.0,a9e716a840f16125,0.0,0.41617340558523297,0.019855148345022146,0.01133261084372727,0.011851764281270405,0.014874112598064,0.016118897701277023,-7.5436553955078125,-0.1942340362817049,1.4929264783859253,-4.796768093109131,0.7519021153450012
qwen2.5-0.5b-instruct,0.24,5,False,authority_test,0.0,0.0,af2542aaf2cec400,0.0,0.41617340558523297,0.019855148345022146,0.01133261084372727,0.011851764281270405,0.014874112598064,0.016118897701277023,-7.5436553955078125,-0.1942340362817049,1.4929264783859253,-4.796768093109131,0.7519021153450012
qwen2.5-0.5b-instruct,0.24,5,False,authority_test,0.0,0.0,b78b59e2a3c0adcb,1.0,0.41617340558523297,0.019855148345022146,0.01133261084372727,0.011851764281270405,0.014874112598064,0.016118897701277023,-7.5436553955078125,-0.1942340362817049,1.4929264783859253,-4.796768093109131,0.7519021153450012
qwen2.5-0.5b-instruct,0.24,5,False,authority_test,0.0,0.0,bc3418728d141792,0.0,0.41617340558523297,0.019855148345022146,0.01133261084372727,0.011851764281270405,0.014874112598064,0.016118897701277023,-7.5436553955078125,-0.1942340362817049,1.4929264783859253,-4.796768093109131,0.7519021153450012
qwen2.5-0.5b-instruct,0.24,5,False,authority_test,0.0,0.0,bf18d1ffdde86090,0.0,0.41617340558523297,0.019855148345022146,0.01133261084372727,0.011851764281270405,0.014874112598064,0.016118897701277023,-7.5436553955078125,-0.1942340362817049,1.4929264783859253,-4.796768093109131,0.7519021153450012
qwen2.5-0.5b-instruct,0.24,5,False,authority_test,0.0,0.0,d07c4fcb537efb5a,1.0,0.41617340558523297,0.019855148345022146,0.01133261084372727,0.011851764281270405,0.014874112598064,0.016118897701277023,-7.5436553955078125,-0.1942340362817049,1.4929264783859253,-4.796768093109131,0.7519021153450012
qwen2.5-0.5b-instruct,0.24,5,False,authority_test,0.0,0.0,d309edf9243881a9,0.0,0.41617340558523297,0.019855148345022146,0.01133261084372727,0.011851764281270405,0.014874112598064,0.016118897701277023,-7.5436553955078125,-0.1942340362817049,1.4929264783859253,-4.796768093109131,0.7519021153450012
qwen2.5-0.5b-instruct,0.24,5,False,authority_test,0.0,0.0,d5ea8284b8ff154f,1.0,0.41617340558523297,0.019855148345022146,0.01133261084372727,0.011851764281270405,0.014874112598064,0.016118897701277023,-7.5436553955078125,-0.1942340362817049,1.4929264783859253,-4.796768093109131,0.7519021153450012
qwen2.5-0.5b-instruct,0.24,5,False,authority_test,0.0,0.0,e4fcc40e432a1de9,0.0,0.41617340558523297,0.019855148345022146,0.01133261084372727,0.011851764281270405,0.014874112598064,0.016118897701277023,-7.5436553955078125,-0.1942340362817049,1.4929264783859253,-4.796768093109131,0.7519021153450012
qwen2.5-0.5b-instruct,0.24,5,False,authority_test,0.0,0.0,e689c20cf634f61b,0.0,0.41617340558523297,0.019855148345022146,0.01133261084372727,0.011851764281270405,0.014874112598064,0.016118897701277023,-7.5436553955078125,-0.1942340362817049,1.4929264783859253,-4.796768093109131,0.7519021153450012
qwen2.5-0.5b-instruct,0.24,5,False,authority_test,0.0,0.0,ed57017341d74a76,1.0,0.41617340558523297,0.019855148345022146,0.01133261084372727,0.011851764281270405,0.014874112598064,0.016118897701277023,-7.5436553955078125,-0.1942340362817049,1.4929264783859253,-4.796768093109131,0.7519021153450012
qwen2.5-0.5b-instruct,0.24,5,False,authority_test,0.0,0.0,fb80856fbb14e104,0.0,0.41617340558523297,0.019855148345022146,0.01133261084372727,0.011851764281270405,0.014874112598064,0.016118897701277023,-7.5436553955078125,-0.1942340362817049,1.4929264783859253,-4.796768093109131,0.7519021153450012
qwen2.5-0.5b-instruct,0.24,5,False,authority_test,0.0,0.0,fc477c545737032a,0.0,0.41617340558523297,0.019855148345022146,0.01133261084372727,0.011851764281270405,0.014874112598064,0.016118897701277023,-7.5436553955078125,-0.1942340362817049,1.4929264783859253,-4.796768093109131,0.7519021153450012
qwen2.5-0.5b-instruct,0.24,5,False,authority_test,0.0,0.0,fec02ca49d763c26,0.0,0.41617340558523297,0.019855148345022146,0.01133261084372727,0.011851764281270405,0.014874112598064,0.016118897701277023,-7.5436553955078125,-0.1942340362817049,1.4929264783859253,-4.796768093109131,0.7519021153450012
qwen2.5-0.5b-instruct,0.24,5,False,authority_test,0.0,2.0,0050cc7876e55913,0.0,0.41617340558523297,0.019855148345022146,0.011174527299209825,0.01163088799757247,0.013542526241546338,0.01525341294491751,-8.01217269897461,-0.7067553520202636,1.4742806196212768,-5.265285778045654,0.17199042737483977
qwen2.5-0.5b-instruct,0.24,5,False,authority_test,0.0,2.0,005781a48b483502,0.0,0.41617340558523297,0.019855148345022146,0.011174527299209825,0.01163088799757247,0.013542526241546338,0.01525341294491751,-8.01217269897461,-0.7067553520202636,1.4742806196212768,-5.265285778045654,0.17199042737483977
qwen2.5-0.5b-instruct,0.24,5,False,authority_test,0.0,2.0,02e457941f8b4c86,0.0,0.41617340558523297,0.019855148345022146,0.011174527299209825,0.01163088799757247,0.013542526241546338,0.01525341294491751,-8.01217269897461,-0.7067553520202636,1.4742806196212768,-5.265285778045654,0.17199042737483977
qwen2.5-0.5b-instruct,0.24,5,False,authority_test,0.0,2.0,0b7dac16eea5116b,0.008438818565400852,0.41617340558523297,0.019855148345022146,0.011174527299209825,0.01163088799757247,0.013542526241546338,0.01525341294491751,-8.01217269897461,-0.7067553520202636,1.4742806196212768,-5.265285778045654,0.17199042737483977
qwen2.5-0.5b-instruct,0.24,5,False,authority_test,0.0,2.0,10130194674cbf8b,0.0,0.41617340558523297,0.019855148345022146,0.011174527299209825,0.01163088799757247,0.013542526241546338,0.01525341294491751,-8.01217269897461,-0.7067553520202636,1.4742806196212768,-5.265285778045654,0.17199042737483977
qwen2.5-0.5b-instruct,0.24,5,False,authority_test,0.0,2.0,1d701acfc6c6d4fa,0.010695187165775444,0.41617340558523297,0.019855148345022146,0.011174527299209825,0.01163088799757247,0.013542526241546338,0.01525341294491751,-8.01217269897461,-0.7067553520202636,1.4742806196212768,-5.265285778045654,0.17199042737483977
qwen2.5-0.5b-instruct,0.24,5,False,authority_test,0.0,2.0,1df1518943bb0a9e,0.0,0.41617340558523297,0.019855148345022146,0.011174527299209825,0.01163088799757247,0.013542526241546338,0.01525341294491751,-8.01217269897461,-0.7067553520202636,1.4742806196212768,-5.265285778045654,0.17199042737483977
qwen2.5-0.5b-instruct,0.24,5,False,authority_test,0.0,2.0,1edc5f328c1371c5,0.0,0.41617340558523297,0.019855148345022146,0.011174527299209825,0.01163088799757247,0.013542526241546338,0.01525341294491751,-8.01217269897461,-0.7067553520202636,1.4742806196212768,-5.265285778045654,0.17199042737483977
qwen2.5-0.5b-instruct,0.24,5,False,authority_test,0.0,2.0,20ca69931a7f3f69,0.0,0.41617340558523297,0.019855148345022146,0.011174527299209825,0.01163088799757247,0.013542526241546338,0.01525341294491751,-8.01217269897461,-0.7067553520202636,1.4742806196212768,-5.265285778045654,0.17199042737483977
qwen2.5-0.5b-instruct,0.24,5,False,authority_test,0.0,2.0,22971b5f73ffc4ed,0.0092592592592593,0.41617340558523297,0.019855148345022146,0.011174527299209825,0.01163088799757247,0.013542526241546338,0.01525341294491751,-8.01217269897461,-0.7067553520202636,1.4742806196212768,-5.265285778045654,0.17199042737483977
qwen2.5-0.5b-instruct,0.24,5,False,authority_test,0.0,2.0,244dcd310f4f3355,0.0,0.41617340558523297,0.019855148345022146,0.011174527299209825,0.01163088799757247,0.013542526241546338,0.01525341294491751,-8.01217269897461,-0.7067553520202636,1.4742806196212768,-5.265285778045654,0.17199042737483977
qwen2.5-0.5b-instruct,0.24,5,False,authority_test,0.0,2.0,288a3dfeffedf427,0.0,0.41617340558523297,0.019855148345022146,0.011174527299209825,0.01163088799757247,0.013542526241546338,0.01525341294491751,-8.01217269897461,-0.7067553520202636,1.4742806196212768,-5.265285778045654,0.17199042737483977
qwen2.5-0.5b-instruct,0.24,5,False,authority_test,0.0,2.0,2b5a55d1cc0067b2,0.0,0.41617340558523297,0.019855148345022146,0.011174527299209825,0.01163088799757247,0.013542526241546338,0.01525341294491751,-8.01217269897461,-0.7067553520202636,1.4742806196212768,-5.265285778045654,0.17199042737483977
qwen2.5-0.5b-instruct,0.24,5,False,authority_test,0.0,2.0,2d2c5781c810e5ad,0.0,0.41617340558523297,0.019855148345022146,0.011174527299209825,0.01163088799757247,0.013542526241546338,0.01525341294491751,-8.01217269897461,-0.7067553520202636,1.4742806196212768,-5.265285778045654,0.17199042737483977
qwen2.5-0.5b-instruct,0.24,5,False,authority_test,0.0,2.0,36e26290ffdc487c,0.0,0.41617340558523297,0.019855148345022146,0.011174527299209825,0.01163088799757247,0.013542526241546338,0.01525341294491751,-8.01217269897461,-0.7067553520202636,1.4742806196212768,-5.265285778045654,0.17199042737483977
qwen2.5-0.5b-instruct,0.24,5,False,authority_test,0.0,2.0,3991f39ca9af3d98,0.008000000000000007,0.41617340558523297,0.019855148345022146,0.011174527299209825,0.01163088799757247,0.013542526241546338,0.01525341294491751,-8.01217269897461,-0.7067553520202636,1.4742806196212768,-5.265285778045654,0.17199042737483977
qwen2.5-0.5b-instruct,0.24,5,False,authority_test,0.0,2.0,41cbf566cb043949,0.0,0.41617340558523297,0.019855148345022146,0.011174527299209825,0.01163088799757247,0.013542526241546338,0.01525341294491751,-8.01217269897461,-0.7067553520202636,1.4742806196212768,-5.265285778045654,0.17199042737483977
qwen2.5-0.5b-instruct,0.24,5,False,authority_test,0.0,2.0,4ab9fb541f3f6c30,1.0,0.41617340558523297,0.019855148345022146,0.011174527299209825,0.01163088799757247,0.013542526241546338,0.01525341294491751,-8.01217269897461,-0.7067553520202636,1.4742806196212768,-5.265285778045654,0.17199042737483977
qwen2.5-0.5b-instruct,0.24,5,False,authority_test,0.0,2.0,4abdfd3d1917cd04,0.00952380952380949,0.41617340558523297,0.019855148345022146,0.011174527299209825,0.01163088799757247,0.013542526241546338,0.01525341294491751,-8.01217269897461,-0.7067553520202636,1.4742806196212768,-5.265285778045654,0.17199042737483977
qwen2.5-0.5b-instruct,0.24,5,False,authority_test,0.0,2.0,4b8d3c3c6c10deb8,0.0,0.41617340558523297,0.019855148345022146,0.011174527299209825,0.01163088799757247,0.013542526241546338,0.01525341294491751,-8.01217269897461,-0.7067553520202636,1.4742806196212768,-5.265285778045654,0.17199042737483977
qwen2.5-0.5b-instruct,0.24,5,False,authority_test,0.0,2.0,4da5a7ea784f8c6d,0.0,0.41617340558523297,0.019855148345022146,0.011174527299209825,0.01163088799757247,0.013542526241546338,0.01525341294491751,-8.01217269897461,-0.7067553520202636,1.4742806196212768,-5.265285778045654,0.17199042737483977
qwen2.5-0.5b-instruct,0.24,5,False,authority_test,0.0,2.0,587a815c09452a66,0.0,0.41617340558523297,0.019855148345022146,0.011174527299209825,0.01163088799757247,0.013542526241546338,0.01525341294491751,-8.01217269897461,-0.7067553520202636,1.4742806196212768,-5.265285778045654,0.17199042737483977
qwen2.5-0.5b-instruct,0.24,5,False,authority_test,0.0,2.0,727d42f9caba144c,0.008264462809917328,0.41617340558523297,0.019855148345022146,0.011174527299209825,0.01163088799757247,0.013542526241546338,0.01525341294491751,-8.01217269897461,-0.7067553520202636,1.4742806196212768,-5.265285778045654,0.17199042737483977
qwen2.5-0.5b-instruct,0.24,5,False,authority_test,0.0,2.0,73d8c52a89607f1f,0.0,0.41617340558523297,0.019855148345022146,0.011174527299209825,0.01163088799757247,0.013542526241546338,0.01525341294491751,-8.01217269897461,-0.7067553520202636,1.4742806196212768,-5.265285778045654,0.17199042737483977
qwen2.5-0.5b-instruct,0.24,5,False,authority_test,0.0,2.0,7ce1504cbdb83e1d,0.0,0.41617340558523297,0.019855148345022146,0.011174527299209825,0.01163088799757247,0.013542526241546338,0.01525341294491751,-8.01217269897461,-0.7067553520202636,1.4742806196212768,-5.265285778045654,0.17199042737483977
qwen2.5-0.5b-instruct,0.24,5,False,authority_test,0.0,2.0,7d81fec0c0ad5cfb,1.0,0.41617340558523297,0.019855148345022146,0.011174527299209825,0.01163088799757247,0.013542526241546338,0.01525341294491751,-8.01217269897461,-0.7067553520202636,1.4742806196212768,-5.265285778045654,0.17199042737483977
qwen2.5-0.5b-instruct,0.24,5,False,authority_test,0.0,2.0,853a8e6b978dc0e5,0.0,0.41617340558523297,0.019855148345022146,0.011174527299209825,0.01163088799757247,0.013542526241546338,0.01525341294491751,-8.01217269897461,-0.7067553520202636,1.4742806196212768,-5.265285778045654,0.17199042737483977
qwen2.5-0.5b-instruct,0.24,5,False,authority_test,0.0,2.0,8a4b5dc09550b348,0.0,0.41617340558523297,0.019855148345022146,0.011174527299209825,0.01163088799757247,0.013542526241546338,0.01525341294491751,-8.01217269897461,-0.7067553520202636,1.4742806196212768,-5.265285778045654,0.17199042737483977
qwen2.5-0.5b-instruct,0.24,5,False,authority_test,0.0,2.0,8d83ab85999515ac,0.007692307692307665,0.41617340558523297,0.019855148345022146,0.011174527299209825,0.01163088799757247,0.013542526241546338,0.01525341294491751,-8.01217269897461,-0.7067553520202636,1.4742806196212768,-5.265285778045654,0.17199042737483977
qwen2.5-0.5b-instruct,0.24,5,False,authority_test,0.0,2.0,8da22a2bb27cf9cd,0.0,0.41617340558523297,0.019855148345022146,0.011174527299209825,0.01163088799757247,0.013542526241546338,0.01525341294491751,-8.01217269897461,-0.7067553520202636,1.4742806196212768,-5.265285778045654,0.17199042737483977
qwen2.5-0.5b-instruct,0.24,5,False,authority_test,0.0,2.0,9022e3c16577eb94,0.0,0.41617340558523297,0.019855148345022146,0.011174527299209825,0.01163088799757247,0.013542526241546338,0.01525341294491751,-8.01217269897461,-0.7067553520202636,1.4742806196212768,-5.265285778045654,0.17199042737483977
qwen2.5-0.5b-instruct,0.24,5,False,authority_test,0.0,2.0,936e0b8c6301c7d8,0.008000000000000007,0.41617340558523297,0.019855148345022146,0.011174527299209825,0.01163088799757247,0.013542526241546338,0.01525341294491751,-8.01217269897461,-0.7067553520202636,1.4742806196212768,-5.265285778045654,0.17199042737483977
qwen2.5-0.5b-instruct,0.24,5,False,authority_test,0.0,2.0,944896031f0e373c,0.0,0.41617340558523297,0.019855148345022146,0.011174527299209825,0.01163088799757247,0.013542526241546338,0.01525341294491751,-8.01217269897461,-0.7067553520202636,1.4742806196212768,-5.265285778045654,0.17199042737483977
qwen2.5-0.5b-instruct,0.24,5,False,authority_test,0.0,2.0,970c85fa32c52429,0.0,0.41617340558523297,0.019855148345022146,0.011174527299209825,0.01163088799757247,0.013542526241546338,0.01525341294491751,-8.01217269897461,-0.7067553520202636,1.4742806196212768,-5.265285778045654,0.17199042737483977
qwen2.5-0.5b-instruct,0.24,5,False,authority_test,0.0,2.0,9d7c1f1cdad027ed,0.0,0.41617340558523297,0.019855148345022146,0.011174527299209825,0.01163088799757247,0.013542526241546338,0.01525341294491751,-8.01217269897461,-0.7067553520202636,1.4742806196212768,-5.265285778045654,0.17199042737483977
qwen2.5-0.5b-instruct,0.24,5,False,authority_test,0.0,2.0,9f69978661a5c493,1.0,0.41617340558523297,0.019855148345022146,0.011174527299209825,0.01163088799757247,0.013542526241546338,0.01525341294491751,-8.01217269897461,-0.7067553520202636,1.4742806196212768,-5.265285778045654,0.17199042737483977
qwen2.5-0.5b-instruct,0.24,5,False,authority_test,0.0,2.0,a9e716a840f16125,0.023809523809523836,0.41617340558523297,0.019855148345022146,0.011174527299209825,0.01163088799757247,0.013542526241546338,0.01525341294491751,-8.01217269897461,-0.7067553520202636,1.4742806196212768,-5.265285778045654,0.17199042737483977
qwen2.5-0.5b-instruct,0.24,5,False,authority_test,0.0,2.0,af2542aaf2cec400,0.0,0.41617340558523297,0.019855148345022146,0.011174527299209825,0.01163088799757247,0.013542526241546338,0.01525341294491751,-8.01217269897461,-0.7067553520202636,1.4742806196212768,-5.265285778045654,0.17199042737483977
qwen2.5-0.5b-instruct,0.24,5,False,authority_test,0.0,2.0,b78b59e2a3c0adcb,0.0,0.41617340558523297,0.019855148345022146,0.011174527299209825,0.01163088799757247,0.013542526241546338,0.01525341294491751,-8.01217269897461,-0.7067553520202636,1.4742806196212768,-5.265285778045654,0.17199042737483977
qwen2.5-0.5b-instruct,0.24,5,False,authority_test,0.0,2.0,bc3418728d141792,0.0,0.41617340558523297,0.019855148345022146,0.011174527299209825,0.01163088799757247,0.013542526241546338,0.01525341294491751,-8.01217269897461,-0.7067553520202636,1.4742806196212768,-5.265285778045654,0.17199042737483977
qwen2.5-0.5b-instruct,0.24,5,False,authority_test,0.0,2.0,bf18d1ffdde86090,0.0,0.41617340558523297,0.019855148345022146,0.011174527299209825,0.01163088799757247,0.013542526241546338,0.01525341294491751,-8.01217269897461,-0.7067553520202636,1.4742806196212768,-5.265285778045654,0.17199042737483977
qwen2.5-0.5b-instruct,0.24,5,False,authority_test,0.0,2.0,d07c4fcb537efb5a,0.0,0.41617340558523297,0.019855148345022146,0.011174527299209825,0.01163088799757247,0.013542526241546338,0.01525341294491751,-8.01217269897461,-0.7067553520202636,1.4742806196212768,-5.265285778045654,0.17199042737483977
qwen2.5-0.5b-instruct,0.24,5,False,authority_test,0.0,2.0,d309edf9243881a9,0.0,0.41617340558523297,0.019855148345022146,0.011174527299209825,0.01163088799757247,0.013542526241546338,0.01525341294491751,-8.01217269897461,-0.7067553520202636,1.4742806196212768,-5.265285778045654,0.17199042737483977
qwen2.5-0.5b-instruct,0.24,5,False,authority_test,0.0,2.0,d5ea8284b8ff154f,0.009049773755656076,0.41617340558523297,0.019855148345022146,0.011174527299209825,0.01163088799757247,0.013542526241546338,0.01525341294491751,-8.01217269897461,-0.7067553520202636,1.4742806196212768,-5.265285778045654,0.17199042737483977
qwen2.5-0.5b-instruct,0.24,5,False,authority_test,0.0,2.0,e4fcc40e432a1de9,0.0,0.41617340558523297,0.019855148345022146,0.011174527299209825,0.01163088799757247,0.013542526241546338,0.01525341294491751,-8.01217269897461,-0.7067553520202636,1.4742806196212768,-5.265285778045654,0.17199042737483977
qwen2.5-0.5b-instruct,0.24,5,False,authority_test,0.0,2.0,e689c20cf634f61b,1.0,0.41617340558523297,0.019855148345022146,0.011174527299209825,0.01163088799757247,0.013542526241546338,0.01525341294491751,-8.01217269897461,-0.7067553520202636,1.4742806196212768,-5.265285778045654,0.17199042737483977
qwen2.5-0.5b-instruct,0.24,5,False,authority_test,0.0,2.0,ed57017341d74a76,0.0,0.41617340558523297,0.019855148345022146,0.011174527299209825,0.01163088799757247,0.013542526241546338,0.01525341294491751,-8.01217269897461,-0.7067553520202636,1.4742806196212768,-5.265285778045654,0.17199042737483977
qwen2.5-0.5b-instruct,0.24,5,False,authority_test,0.0,2.0,fb80856fbb14e104,0.33333333333333337,0.41617340558523297,0.019855148345022146,0.011174527299209825,0.01163088799757247,0.013542526241546338,0.01525341294491751,-8.01217269897461,-0.7067553520202636,1.4742806196212768,-5.265285778045654,0.17199042737483977
qwen2.5-0.5b-instruct,0.24,5,False,authority_test,0.0,2.0,fc477c545737032a,0.0,0.41617340558523297,0.019855148345022146,0.011174527299209825,0.01163088799757247,0.013542526241546338,0.01525341294491751,-8.01217269897461,-0.7067553520202636,1.4742806196212768,-5.265285778045654,0.17199042737483977
qwen2.5-0.5b-instruct,0.24,5,False,authority_test,0.0,2.0,fec02ca49d763c26,0.0,0.41617340558523297,0.019855148345022146,0.011174527299209825,0.01163088799757247,0.013542526241546338,0.01525341294491751,-8.01217269897461,-0.7067553520202636,1.4742806196212768,-5.265285778045654,0.17199042737483977
qwen2.5-0.5b-instruct,0.24,5,False,authority_test,2.0,0.0,0050cc7876e55913,0.0,0.41617340558523297,0.019855148345022146,0.0223512608826334,0.03066382067374514,0.05000000148528226,0.05000000328791334,-7.5436553955078125,-0.19769627451896668,1.4916617155075074,-4.796768093109131,0.7489938259124755
qwen2.5-0.5b-instruct,0.24,5,False,authority_test,2.0,0.0,005781a48b483502,0.0,0.41617340558523297,0.019855148345022146,0.0223512608826334,0.03066382067374514,0.05000000148528226,0.05000000328791334,-7.5436553955078125,-0.19769627451896668,1.4916617155075074,-4.796768093109131,0.7489938259124755
qwen2.5-0.5b-instruct,0.24,5,False,authority_test,2.0,0.0,02e457941f8b4c86,0.0,0.41617340558523297,0.019855148345022146,0.0223512608826334,0.03066382067374514,0.05000000148528226,0.05000000328791334,-7.5436553955078125,-0.19769627451896668,1.4916617155075074,-4.796768093109131,0.7489938259124755
qwen2.5-0.5b-instruct,0.24,5,False,authority_test,2.0,0.0,0b7dac16eea5116b,1.0,0.41617340558523297,0.019855148345022146,0.0223512608826334,0.03066382067374514,0.05000000148528226,0.05000000328791334,-7.5436553955078125,-0.19769627451896668,1.4916617155075074,-4.796768093109131,0.7489938259124755
qwen2.5-0.5b-instruct,0.24,5,False,authority_test,2.0,0.0,10130194674cbf8b,0.006688963210702337,0.41617340558523297,0.019855148345022146,0.0223512608826334,0.03066382067374514,0.05000000148528226,0.05000000328791334,-7.5436553955078125,-0.19769627451896668,1.4916617155075074,-4.796768093109131,0.7489938259124755
qwen2.5-0.5b-instruct,0.24,5,False,authority_test,2.0,0.0,1d701acfc6c6d4fa,0.009009009009009028,0.41617340558523297,0.019855148345022146,0.0223512608826334,0.03066382067374514,0.05000000148528226,0.05000000328791334,-7.5436553955078125,-0.19769627451896668,1.4916617155075074,-4.796768093109131,0.7489938259124755
qwen2.5-0.5b-instruct,0.24,5,False,authority_test,2.0,0.0,1df1518943bb0a9e,0.0,0.41617340558523297,0.019855148345022146,0.0223512608826334,0.03066382067374514,0.05000000148528226,0.05000000328791334,-7.5436553955078125,-0.19769627451896668,1.4916617155075074,-4.796768093109131,0.7489938259124755
qwen2.5-0.5b-instruct,0.24,5,False,authority_test,2.0,0.0,1edc5f328c1371c5,0.0,0.41617340558523297,0.019855148345022146,0.0223512608826334,0.03066382067374514,0.05000000148528226,0.05000000328791334,-7.5436553955078125,-0.19769627451896668,1.4916617155075074,-4.796768093109131,0.7489938259124755
qwen2.5-0.5b-instruct,0.24,5,False,authority_test,2.0,0.0,20ca69931a7f3f69,1.0,0.41617340558523297,0.019855148345022146,0.0223512608826334,0.03066382067374514,0.05000000148528226,0.05000000328791334,-7.5436553955078125,-0.19769627451896668,1.4916617155075074,-4.796768093109131,0.7489938259124755
qwen2.5-0.5b-instruct,0.24,5,False,authority_test,2.0,0.0,22971b5f73ffc4ed,0.008620689655172376,0.41617340558523297,0.019855148345022146,0.0223512608826334,0.03066382067374514,0.05000000148528226,0.05000000328791334,-7.5436553955078125,-0.19769627451896668,1.4916617155075074,-4.796768093109131,0.7489938259124755
qwen2.5-0.5b-instruct,0.24,5,False,authority_test,2.0,0.0,244dcd310f4f3355,0.0,0.41617340558523297,0.019855148345022146,0.0223512608826334,0.03066382067374514,0.05000000148528226,0.05000000328791334,-7.5436553955078125,-0.19769627451896668,1.4916617155075074,-4.796768093109131,0.7489938259124755
qwen2.5-0.5b-instruct,0.24,5,False,authority_test,2.0,0.0,288a3dfeffedf427,0.0,0.41617340558523297,0.019855148345022146,0.0223512608826334,0.03066382067374514,0.05000000148528226,0.05000000328791334,-7.5436553955078125,-0.19769627451896668,1.4916617155075074,-4.796768093109131,0.7489938259124755
qwen2.5-0.5b-instruct,0.24,5,False,authority_test,2.0,0.0,2b5a55d1cc0067b2,0.0,0.41617340558523297,0.019855148345022146,0.0223512608826334,0.03066382067374514,0.05000000148528226,0.05000000328791334,-7.5436553955078125,-0.19769627451896668,1.4916617155075074,-4.796768093109131,0.7489938259124755
qwen2.5-0.5b-instruct,0.24,5,False,authority_test,2.0,0.0,2d2c5781c810e5ad,1.0,0.41617340558523297,0.019855148345022146,0.0223512608826334,0.03066382067374514,0.05000000148528226,0.05000000328791334,-7.5436553955078125,-0.19769627451896668,1.4916617155075074,-4.796768093109131,0.7489938259124755
qwen2.5-0.5b-instruct,0.24,5,False,authority_test,2.0,0.0,36e26290ffdc487c,0.007092198581560294,0.41617340558523297,0.019855148345022146,0.0223512608826334,0.03066382067374514,0.05000000148528226,0.05000000328791334,-7.5436553955078125,-0.19769627451896668,1.4916617155075074,-4.796768093109131,0.7489938259124755
qwen2.5-0.5b-instruct,0.24,5,False,authority_test,2.0,0.0,3991f39ca9af3d98,0.0,0.41617340558523297,0.019855148345022146,0.0223512608826334,0.03066382067374514,0.05000000148528226,0.05000000328791334,-7.5436553955078125,-0.19769627451896668,1.4916617155075074,-4.796768093109131,0.7489938259124755
qwen2.5-0.5b-instruct,0.24,5,False,authority_test,2.0,0.0,41cbf566cb043949,1.0,0.41617340558523297,0.019855148345022146,0.0223512608826334,0.03066382067374514,0.05000000148528226,0.05000000328791334,-7.5436553955078125,-0.19769627451896668,1.4916617155075074,-4.796768093109131,0.7489938259124755
qwen2.5-0.5b-instruct,0.24,5,False,authority_test,2.0,0.0,4ab9fb541f3f6c30,1.0,0.41617340558523297,0.019855148345022146,0.0223512608826334,0.03066382067374514,0.05000000148528226,0.05000000328791334,-7.5436553955078125,-0.19769627451896668,1.4916617155075074,-4.796768093109131,0.7489938259124755
qwen2.5-0.5b-instruct,0.24,5,False,authority_test,2.0,0.0,4abdfd3d1917cd04,0.008438818565400852,0.41617340558523297,0.019855148345022146,0.0223512608826334,0.03066382067374514,0.05000000148528226,0.05000000328791334,-7.5436553955078125,-0.19769627451896668,1.4916617155075074,-4.796768093109131,0.7489938259124755
qwen2.5-0.5b-instruct,0.24,5,False,authority_test,2.0,0.0,4b8d3c3c6c10deb8,0.0,0.41617340558523297,0.019855148345022146,0.0223512608826334,0.03066382067374514,0.05000000148528226,0.05000000328791334,-7.5436553955078125,-0.19769627451896668,1.4916617155075074,-4.796768093109131,0.7489938259124755
qwen2.5-0.5b-instruct,0.24,5,False,authority_test,2.0,0.0,4da5a7ea784f8c6d,0.0,0.41617340558523297,0.019855148345022146,0.0223512608826334,0.03066382067374514,0.05000000148528226,0.05000000328791334,-7.5436553955078125,-0.19769627451896668,1.4916617155075074,-4.796768093109131,0.7489938259124755
qwen2.5-0.5b-instruct,0.24,5,False,authority_test,2.0,0.0,587a815c09452a66,0.0,0.41617340558523297,0.019855148345022146,0.0223512608826334,0.03066382067374514,0.05000000148528226,0.05000000328791334,-7.5436553955078125,-0.19769627451896668,1.4916617155075074,-4.796768093109131,0.7489938259124755
qwen2.5-0.5b-instruct,0.24,5,False,authority_test,2.0,0.0,727d42f9caba144c,1.0,0.41617340558523297,0.019855148345022146,0.0223512608826334,0.03066382067374514,0.05000000148528226,0.05000000328791334,-7.5436553955078125,-0.19769627451896668,1.4916617155075074,-4.796768093109131,0.7489938259124755
qwen2.5-0.5b-instruct,0.24,5,False,authority_test,2.0,0.0,73d8c52a89607f1f,0.0,0.41617340558523297,0.019855148345022146,0.0223512608826334,0.03066382067374514,0.05000000148528226,0.05000000328791334,-7.5436553955078125,-0.19769627451896668,1.4916617155075074,-4.796768093109131,0.7489938259124755
qwen2.5-0.5b-instruct,0.24,5,False,authority_test,2.0,0.0,7ce1504cbdb83e1d,0.0,0.41617340558523297,0.019855148345022146,0.0223512608826334,0.03066382067374514,0.05000000148528226,0.05000000328791334,-7.5436553955078125,-0.19769627451896668,1.4916617155075074,-4.796768093109131,0.7489938259124755
qwen2.5-0.5b-instruct,0.24,5,False,authority_test,2.0,0.0,7d81fec0c0ad5cfb,1.0,0.41617340558523297,0.019855148345022146,0.0223512608826334,0.03066382067374514,0.05000000148528226,0.05000000328791334,-7.5436553955078125,-0.19769627451896668,1.4916617155075074,-4.796768093109131,0.7489938259124755
qwen2.5-0.5b-instruct,0.24,5,False,authority_test,2.0,0.0,853a8e6b978dc0e5,1.0,0.41617340558523297,0.019855148345022146,0.0223512608826334,0.03066382067374514,0.05000000148528226,0.05000000328791334,-7.5436553955078125,-0.19769627451896668,1.4916617155075074,-4.796768093109131,0.7489938259124755
qwen2.5-0.5b-instruct,0.24,5,False,authority_test,2.0,0.0,8a4b5dc09550b348,0.0,0.41617340558523297,0.019855148345022146,0.0223512608826334,0.03066382067374514,0.05000000148528226,0.05000000328791334,-7.5436553955078125,-0.19769627451896668,1.4916617155075074,-4.796768093109131,0.7489938259124755
qwen2.5-0.5b-instruct,0.24,5,False,authority_test,2.0,0.0,8d83ab85999515ac,0.0,0.41617340558523297,0.019855148345022146,0.0223512608826334,0.03066382067374514,0.05000000148528226,0.05000000328791334,-7.5436553955078125,-0.19769627451896668,1.4916617155075074,-4.796768093109131,0.7489938259124755
qwen2.5-0.5b-instruct,0.24,5,False,authority_test,2.0,0.0,8da22a2bb27cf9cd,0.0,0.41617340558523297,0.019855148345022146,0.0223512608826334,0.03066382067374514,0.05000000148528226,0.05000000328791334,-7.5436553955078125,-0.19769627451896668,1.4916617155075074,-4.796768093109131,0.7489938259124755
qwen2.5-0.5b-instruct,0.24,5,False,authority_test,2.0,0.0,9022e3c16577eb94,1.0,0.41617340558523297,0.019855148345022146,0.0223512608826334,0.03066382067374514,0.05000000148528226,0.05000000328791334,-7.5436553955078125,-0.19769627451896668,1.4916617155075074,-4.796768093109131,0.7489938259124755
qwen2.5-0.5b-instruct,0.24,5,False,authority_test,2.0,0.0,936e0b8c6301c7d8,0.0,0.41617340558523297,0.019855148345022146,0.0223512608826334,0.03066382067374514,0.05000000148528226,0.05000000328791334,-7.5436553955078125,-0.19769627451896668,1.4916617155075074,-4.796768093109131,0.7489938259124755
qwen2.5-0.5b-instruct,0.24,5,False,authority_test,2.0,0.0,944896031f0e373c,0.0,0.41617340558523297,0.019855148345022146,0.0223512608826334,0.03066382067374514,0.05000000148528226,0.05000000328791334,-7.5436553955078125,-0.19769627451896668,1.4916617155075074,-4.796768093109131,0.7489938259124755
qwen2.5-0.5b-instruct,0.24,5,False,authority_test,2.0,0.0,970c85fa32c52429,0.0,0.41617340558523297,0.019855148345022146,0.0223512608826334,0.03066382067374514,0.05000000148528226,0.05000000328791334,-7.5436553955078125,-0.19769627451896668,1.4916617155075074,-4.796768093109131,0.7489938259124755
qwen2.5-0.5b-instruct,0.24,5,False,authority_test,2.0,0.0,9d7c1f1cdad027ed,0.0,0.41617340558523297,0.019855148345022146,0.0223512608826334,0.03066382067374514,0.05000000148528226,0.05000000328791334,-7.5436553955078125,-0.19769627451896668,1.4916617155075074,-4.796768093109131,0.7489938259124755
qwen2.5-0.5b-instruct,0.24,5,False,authority_test,2.0,0.0,9f69978661a5c493,1.0,0.41617340558523297,0.019855148345022146,0.0223512608826334,0.03066382067374514,0.05000000148528226,0.05000000328791334,-7.5436553955078125,-0.19769627451896668,1.4916617155075074,-4.796768093109131,0.7489938259124755
qwen2.5-0.5b-instruct,0.24,5,False,authority_test,2.0,0.0,a9e716a840f16125,0.0,0.41617340558523297,0.019855148345022146,0.0223512608826334,0.03066382067374514,0.05000000148528226,0.05000000328791334,-7.5436553955078125,-0.19769627451896668,1.4916617155075074,-4.796768093109131,0.7489938259124755
qwen2.5-0.5b-instruct,0.24,5,False,authority_test,2.0,0.0,af2542aaf2cec400,0.009661835748792313,0.41617340558523297,0.019855148345022146,0.0223512608826334,0.03066382067374514,0.05000000148528226,0.05000000328791334,-7.5436553955078125,-0.19769627451896668,1.4916617155075074,-4.796768093109131,0.7489938259124755
qwen2.5-0.5b-instruct,0.24,5,False,authority_test,2.0,0.0,b78b59e2a3c0adcb,1.0,0.41617340558523297,0.019855148345022146,0.0223512608826334,0.03066382067374514,0.05000000148528226,0.05000000328791334,-7.5436553955078125,-0.19769627451896668,1.4916617155075074,-4.796768093109131,0.7489938259124755
qwen2.5-0.5b-instruct,0.24,5,False,authority_test,2.0,0.0,bc3418728d141792,0.0,0.41617340558523297,0.019855148345022146,0.0223512608826334,0.03066382067374514,0.05000000148528226,0.05000000328791334,-7.5436553955078125,-0.19769627451896668,1.4916617155075074,-4.796768093109131,0.7489938259124755
qwen2.5-0.5b-instruct,0.24,5,False,authority_test,2.0,0.0,bf18d1ffdde86090,0.0,0.41617340558523297,0.019855148345022146,0.0223512608826334,0.03066382067374514,0.05000000148528226,0.05000000328791334,-7.5436553955078125,-0.19769627451896668,1.4916617155075074,-4.796768093109131,0.7489938259124755
qwen2.5-0.5b-instruct,0.24,5,False,authority_test,2.0,0.0,d07c4fcb537efb5a,1.0,0.41617340558523297,0.019855148345022146,0.0223512608826334,0.03066382067374514,0.05000000148528226,0.05000000328791334,-7.5436553955078125,-0.19769627451896668,1.4916617155075074,-4.796768093109131,0.7489938259124755
qwen2.5-0.5b-instruct,0.24,5,False,authority_test,2.0,0.0,d309edf9243881a9,0.0,0.41617340558523297,0.019855148345022146,0.0223512608826334,0.03066382067374514,0.05000000148528226,0.05000000328791334,-7.5436553955078125,-0.19769627451896668,1.4916617155075074,-4.796768093109131,0.7489938259124755
qwen2.5-0.5b-instruct,0.24,5,False,authority_test,2.0,0.0,d5ea8284b8ff154f,0.0,0.41617340558523297,0.019855148345022146,0.0223512608826334,0.03066382067374514,0.05000000148528226,0.05000000328791334,-7.5436553955078125,-0.19769627451896668,1.4916617155075074,-4.796768093109131,0.7489938259124755
qwen2.5-0.5b-instruct,0.24,5,False,authority_test,2.0,0.0,e4fcc40e432a1de9,0.0,0.41617340558523297,0.019855148345022146,0.0223512608826334,0.03066382067374514,0.05000000148528226,0.05000000328791334,-7.5436553955078125,-0.19769627451896668,1.4916617155075074,-4.796768093109131,0.7489938259124755
qwen2.5-0.5b-instruct,0.24,5,False,authority_test,2.0,0.0,e689c20cf634f61b,0.0,0.41617340558523297,0.019855148345022146,0.0223512608826334,0.03066382067374514,0.05000000148528226,0.05000000328791334,-7.5436553955078125,-0.19769627451896668,1.4916617155075074,-4.796768093109131,0.7489938259124755
qwen2.5-0.5b-instruct,0.24,5,False,authority_test,2.0,0.0,ed57017341d74a76,1.0,0.41617340558523297,0.019855148345022146,0.0223512608826334,0.03066382067374514,0.05000000148528226,0.05000000328791334,-7.5436553955078125,-0.19769627451896668,1.4916617155075074,-4.796768093109131,0.7489938259124755
qwen2.5-0.5b-instruct,0.24,5,False,authority_test,2.0,0.0,fb80856fbb14e104,0.33333333333333337,0.41617340558523297,0.019855148345022146,0.0223512608826334,0.03066382067374514,0.05000000148528226,0.05000000328791334,-7.5436553955078125,-0.19769627451896668,1.4916617155075074,-4.796768093109131,0.7489938259124755
qwen2.5-0.5b-instruct,0.24,5,False,authority_test,2.0,0.0,fc477c545737032a,0.0,0.41617340558523297,0.019855148345022146,0.0223512608826334,0.03066382067374514,0.05000000148528226,0.05000000328791334,-7.5436553955078125,-0.19769627451896668,1.4916617155075074,-4.796768093109131,0.7489938259124755
qwen2.5-0.5b-instruct,0.24,5,False,authority_test,2.0,0.0,fec02ca49d763c26,0.0,0.41617340558523297,0.019855148345022146,0.0223512608826334,0.03066382067374514,0.05000000148528226,0.05000000328791334,-7.5436553955078125,-0.19769627451896668,1.4916617155075074,-4.796768093109131,0.7489938259124755
qwen2.5-0.5b-instruct,0.24,5,False,authority_test,2.0,2.0,0050cc7876e55913,0.0,0.41617340558523297,0.019855148345022146,0.019508526814639535,0.024359214464975826,0.050000000651230316,0.05000000353507132,-8.01217269897461,-0.6967343211174011,1.4787133455276489,-5.265285778045654,0.2053076833486557
qwen2.5-0.5b-instruct,0.24,5,False,authority_test,2.0,2.0,005781a48b483502,0.0,0.41617340558523297,0.019855148345022146,0.019508526814639535,0.024359214464975826,0.050000000651230316,0.05000000353507132,-8.01217269897461,-0.6967343211174011,1.4787133455276489,-5.265285778045654,0.2053076833486557
qwen2.5-0.5b-instruct,0.24,5,False,authority_test,2.0,2.0,02e457941f8b4c86,0.0,0.41617340558523297,0.019855148345022146,0.019508526814639535,0.024359214464975826,0.050000000651230316,0.05000000353507132,-8.01217269897461,-0.6967343211174011,1.4787133455276489,-5.265285778045654,0.2053076833486557
qwen2.5-0.5b-instruct,0.24,5,False,authority_test,2.0,2.0,0b7dac16eea5116b,0.008438818565400852,0.41617340558523297,0.019855148345022146,0.019508526814639535,0.024359214464975826,0.050000000651230316,0.05000000353507132,-8.01217269897461,-0.6967343211174011,1.4787133455276489,-5.265285778045654,0.2053076833486557
qwen2.5-0.5b-instruct,0.24,5,False,authority_test,2.0,2.0,10130194674cbf8b,0.0,0.41617340558523297,0.019855148345022146,0.019508526814639535,0.024359214464975826,0.050000000651230316,0.05000000353507132,-8.01217269897461,-0.6967343211174011,1.4787133455276489,-5.265285778045654,0.2053076833486557
qwen2.5-0.5b-instruct,0.24,5,False,authority_test,2.0,2.0,1d701acfc6c6d4fa,0.022727272727272707,0.41617340558523297,0.019855148345022146,0.019508526814639535,0.024359214464975826,0.050000000651230316,0.05000000353507132,-8.01217269897461,-0.6967343211174011,1.4787133455276489,-5.265285778045654,0.2053076833486557
qwen2.5-0.5b-instruct,0.24,5,False,authority_test,2.0,2.0,1df1518943bb0a9e,0.0,0.41617340558523297,0.019855148345022146,0.019508526814639535,0.024359214464975826,0.050000000651230316,0.05000000353507132,-8.01217269897461,-0.6967343211174011,1.4787133455276489,-5.265285778045654,0.2053076833486557
qwen2.5-0.5b-instruct,0.24,5,False,authority_test,2.0,2.0,1edc5f328c1371c5,0.0,0.41617340558523297,0.019855148345022146,0.019508526814639535,0.024359214464975826,0.050000000651230316,0.05000000353507132,-8.01217269897461,-0.6967343211174011,1.4787133455276489,-5.265285778045654,0.2053076833486557
qwen2.5-0.5b-instruct,0.24,5,False,authority_test,2.0,2.0,20ca69931a7f3f69,1.0,0.41617340558523297,0.019855148345022146,0.019508526814639535,0.024359214464975826,0.050000000651230316,0.05000000353507132,-8.01217269897461,-0.6967343211174011,1.4787133455276489,-5.265285778045654,0.2053076833486557
qwen2.5-0.5b-instruct,0.24,5,False,authority_test,2.0,2.0,22971b5f73ffc4ed,0.018867924528301883,0.41617340558523297,0.019855148345022146,0.019508526814639535,0.024359214464975826,0.050000000651230316,0.05000000353507132,-8.01217269897461,-0.6967343211174011,1.4787133455276489,-5.265285778045654,0.2053076833486557
qwen2.5-0.5b-instruct,0.24,5,False,authority_test,2.0,2.0,244dcd310f4f3355,0.0,0.41617340558523297,0.019855148345022146,0.019508526814639535,0.024359214464975826,0.050000000651230316,0.05000000353507132,-8.01217269897461,-0.6967343211174011,1.4787133455276489,-5.265285778045654,0.2053076833486557
qwen2.5-0.5b-instruct,0.24,5,False,authority_test,2.0,2.0,288a3dfeffedf427,0.0,0.41617340558523297,0.019855148345022146,0.019508526814639535,0.024359214464975826,0.050000000651230316,0.05000000353507132,-8.01217269897461,-0.6967343211174011,1.4787133455276489,-5.265285778045654,0.2053076833486557
qwen2.5-0.5b-instruct,0.24,5,False,authority_test,2.0,2.0,2b5a55d1cc0067b2,0.0,0.41617340558523297,0.019855148345022146,0.019508526814639535,0.024359214464975826,0.050000000651230316,0.05000000353507132,-8.01217269897461,-0.6967343211174011,1.4787133455276489,-5.265285778045654,0.2053076833486557
qwen2.5-0.5b-instruct,0.24,5,False,authority_test,2.0,2.0,2d2c5781c810e5ad,0.0,0.41617340558523297,0.019855148345022146,0.019508526814639535,0.024359214464975826,0.050000000651230316,0.05000000353507132,-8.01217269897461,-0.6967343211174011,1.4787133455276489,-5.265285778045654,0.2053076833486557
qwen2.5-0.5b-instruct,0.24,5,False,authority_test,2.0,2.0,36e26290ffdc487c,0.0,0.41617340558523297,0.019855148345022146,0.019508526814639535,0.024359214464975826,0.050000000651230316,0.05000000353507132,-8.01217269897461,-0.6967343211174011,1.4787133455276489,-5.265285778045654,0.2053076833486557
qwen2.5-0.5b-instruct,0.24,5,False,authority_test,2.0,2.0,3991f39ca9af3d98,0.008000000000000007,0.41617340558523297,0.019855148345022146,0.019508526814639535,0.024359214464975826,0.050000000651230316,0.05000000353507132,-8.01217269897461,-0.6967343211174011,1.4787133455276489,-5.265285778045654,0.2053076833486557
qwen2.5-0.5b-instruct,0.24,5,False,authority_test,2.0,2.0,41cbf566cb043949,0.0,0.41617340558523297,0.019855148345022146,0.019508526814639535,0.024359214464975826,0.050000000651230316,0.05000000353507132,-8.01217269897461,-0.6967343211174011,1.4787133455276489,-5.265285778045654,0.2053076833486557
qwen2.5-0.5b-instruct,0.24,5,False,authority_test,2.0,2.0,4ab9fb541f3f6c30,1.0,0.41617340558523297,0.019855148345022146,0.019508526814639535,0.024359214464975826,0.050000000651230316,0.05000000353507132,-8.01217269897461,-0.6967343211174011,1.4787133455276489,-5.265285778045654,0.2053076833486557
qwen2.5-0.5b-instruct,0.24,5,False,authority_test,2.0,2.0,4abdfd3d1917cd04,0.00952380952380949,0.41617340558523297,0.019855148345022146,0.019508526814639535,0.024359214464975826,0.050000000651230316,0.05000000353507132,-8.01217269897461,-0.6967343211174011,1.4787133455276489,-5.265285778045654,0.2053076833486557
qwen2.5-0.5b-instruct,0.24,5,False,authority_test,2.0,2.0,4b8d3c3c6c10deb8,0.0,0.41617340558523297,0.019855148345022146,0.019508526814639535,0.024359214464975826,0.050000000651230316,0.05000000353507132,-8.01217269897461,-0.6967343211174011,1.4787133455276489,-5.265285778045654,0.2053076833486557
qwen2.5-0.5b-instruct,0.24,5,False,authority_test,2.0,2.0,4da5a7ea784f8c6d,0.0,0.41617340558523297,0.019855148345022146,0.019508526814639535,0.024359214464975826,0.050000000651230316,0.05000000353507132,-8.01217269897461,-0.6967343211174011,1.4787133455276489,-5.265285778045654,0.2053076833486557
qwen2.5-0.5b-instruct,0.24,5,False,authority_test,2.0,2.0,587a815c09452a66,0.0,0.41617340558523297,0.019855148345022146,0.019508526814639535,0.024359214464975826,0.050000000651230316,0.05000000353507132,-8.01217269897461,-0.6967343211174011,1.4787133455276489,-5.265285778045654,0.2053076833486557
qwen2.5-0.5b-instruct,0.24,5,False,authority_test,2.0,2.0,727d42f9caba144c,0.008547008547008517,0.41617340558523297,0.019855148345022146,0.019508526814639535,0.024359214464975826,0.050000000651230316,0.05000000353507132,-8.01217269897461,-0.6967343211174011,1.4787133455276489,-5.265285778045654,0.2053076833486557
qwen2.5-0.5b-instruct,0.24,5,False,authority_test,2.0,2.0,73d8c52a89607f1f,0.0,0.41617340558523297,0.019855148345022146,0.019508526814639535,0.024359214464975826,0.050000000651230316,0.05000000353507132,-8.01217269897461,-0.6967343211174011,1.4787133455276489,-5.265285778045654,0.2053076833486557
qwen2.5-0.5b-instruct,0.24,5,False,authority_test,2.0,2.0,7ce1504cbdb83e1d,0.0,0.41617340558523297,0.019855148345022146,0.019508526814639535,0.024359214464975826,0.050000000651230316,0.05000000353507132,-8.01217269897461,-0.6967343211174011,1.4787133455276489,-5.265285778045654,0.2053076833486557
qwen2.5-0.5b-instruct,0.24,5,False,authority_test,2.0,2.0,7d81fec0c0ad5cfb,1.0,0.41617340558523297,0.019855148345022146,0.019508526814639535,0.024359214464975826,0.050000000651230316,0.05000000353507132,-8.01217269897461,-0.6967343211174011,1.4787133455276489,-5.265285778045654,0.2053076833486557
qwen2.5-0.5b-instruct,0.24,5,False,authority_test,2.0,2.0,853a8e6b978dc0e5,0.0,0.41617340558523297,0.019855148345022146,0.019508526814639535,0.024359214464975826,0.050000000651230316,0.05000000353507132,-8.01217269897461,-0.6967343211174011,1.4787133455276489,-5.265285778045654,0.2053076833486557
qwen2.5-0.5b-instruct,0.24,5,False,authority_test,2.0,2.0,8a4b5dc09550b348,0.0,0.41617340558523297,0.019855148345022146,0.019508526814639535,0.024359214464975826,0.050000000651230316,0.05000000353507132,-8.01217269897461,-0.6967343211174011,1.4787133455276489,-5.265285778045654,0.2053076833486557
qwen2.5-0.5b-instruct,0.24,5,False,authority_test,2.0,2.0,8d83ab85999515ac,0.0,0.41617340558523297,0.019855148345022146,0.019508526814639535,0.024359214464975826,0.050000000651230316,0.05000000353507132,-8.01217269897461,-0.6967343211174011,1.4787133455276489,-5.265285778045654,0.2053076833486557
qwen2.5-0.5b-instruct,0.24,5,False,authority_test,2.0,2.0,8da22a2bb27cf9cd,0.0,0.41617340558523297,0.019855148345022146,0.019508526814639535,0.024359214464975826,0.050000000651230316,0.05000000353507132,-8.01217269897461,-0.6967343211174011,1.4787133455276489,-5.265285778045654,0.2053076833486557
qwen2.5-0.5b-instruct,0.24,5,False,authority_test,2.0,2.0,9022e3c16577eb94,0.0,0.41617340558523297,0.019855148345022146,0.019508526814639535,0.024359214464975826,0.050000000651230316,0.05000000353507132,-8.01217269897461,-0.6967343211174011,1.4787133455276489,-5.265285778045654,0.2053076833486557
qwen2.5-0.5b-instruct,0.24,5,False,authority_test,2.0,2.0,936e0b8c6301c7d8,0.008000000000000007,0.41617340558523297,0.019855148345022146,0.019508526814639535,0.024359214464975826,0.050000000651230316,0.05000000353507132,-8.01217269897461,-0.6967343211174011,1.4787133455276489,-5.265285778045654,0.2053076833486557
qwen2.5-0.5b-instruct,0.24,5,False,authority_test,2.0,2.0,944896031f0e373c,0.0,0.41617340558523297,0.019855148345022146,0.019508526814639535,0.024359214464975826,0.050000000651230316,0.05000000353507132,-8.01217269897461,-0.6967343211174011,1.4787133455276489,-5.265285778045654,0.2053076833486557
qwen2.5-0.5b-instruct,0.24,5,False,authority_test,2.0,2.0,970c85fa32c52429,0.0080971659919028,0.41617340558523297,0.019855148345022146,0.019508526814639535,0.024359214464975826,0.050000000651230316,0.05000000353507132,-8.01217269897461,-0.6967343211174011,1.4787133455276489,-5.265285778045654,0.2053076833486557
qwen2.5-0.5b-instruct,0.24,5,False,authority_test,2.0,2.0,9d7c1f1cdad027ed,0.0,0.41617340558523297,0.019855148345022146,0.019508526814639535,0.024359214464975826,0.050000000651230316,0.05000000353507132,-8.01217269897461,-0.6967343211174011,1.4787133455276489,-5.265285778045654,0.2053076833486557
qwen2.5-0.5b-instruct,0.24,5,False,authority_test,2.0,2.0,9f69978661a5c493,1.0,0.41617340558523297,0.019855148345022146,0.019508526814639535,0.024359214464975826,0.050000000651230316,0.05000000353507132,-8.01217269897461,-0.6967343211174011,1.4787133455276489,-5.265285778045654,0.2053076833486557
qwen2.5-0.5b-instruct,0.24,5,False,authority_test,2.0,2.0,a9e716a840f16125,0.0,0.41617340558523297,0.019855148345022146,0.019508526814639535,0.024359214464975826,0.050000000651230316,0.05000000353507132,-8.01217269897461,-0.6967343211174011,1.4787133455276489,-5.265285778045654,0.2053076833486557
qwen2.5-0.5b-instruct,0.24,5,False,authority_test,2.0,2.0,af2542aaf2cec400,0.0,0.41617340558523297,0.019855148345022146,0.019508526814639535,0.024359214464975826,0.050000000651230316,0.05000000353507132,-8.01217269897461,-0.6967343211174011,1.4787133455276489,-5.265285778045654,0.2053076833486557
qwen2.5-0.5b-instruct,0.24,5,False,authority_test,2.0,2.0,b78b59e2a3c0adcb,0.0,0.41617340558523297,0.019855148345022146,0.019508526814639535,0.024359214464975826,0.050000000651230316,0.05000000353507132,-8.01217269897461,-0.6967343211174011,1.4787133455276489,-5.265285778045654,0.2053076833486557
qwen2.5-0.5b-instruct,0.24,5,False,authority_test,2.0,2.0,bc3418728d141792,0.0,0.41617340558523297,0.019855148345022146,0.019508526814639535,0.024359214464975826,0.050000000651230316,0.05000000353507132,-8.01217269897461,-0.6967343211174011,1.4787133455276489,-5.265285778045654,0.2053076833486557
qwen2.5-0.5b-instruct,0.24,5,False,authority_test,2.0,2.0,bf18d1ffdde86090,0.0,0.41617340558523297,0.019855148345022146,0.019508526814639535,0.024359214464975826,0.050000000651230316,0.05000000353507132,-8.01217269897461,-0.6967343211174011,1.4787133455276489,-5.265285778045654,0.2053076833486557
qwen2.5-0.5b-instruct,0.24,5,False,authority_test,2.0,2.0,d07c4fcb537efb5a,0.0,0.41617340558523297,0.019855148345022146,0.019508526814639535,0.024359214464975826,0.050000000651230316,0.05000000353507132,-8.01217269897461,-0.6967343211174011,1.4787133455276489,-5.265285778045654,0.2053076833486557
qwen2.5-0.5b-instruct,0.24,5,False,authority_test,2.0,2.0,d309edf9243881a9,0.0,0.41617340558523297,0.019855148345022146,0.019508526814639535,0.024359214464975826,0.050000000651230316,0.05000000353507132,-8.01217269897461,-0.6967343211174011,1.4787133455276489,-5.265285778045654,0.2053076833486557
qwen2.5-0.5b-instruct,0.24,5,False,authority_test,2.0,2.0,d5ea8284b8ff154f,0.008968609865470878,0.41617340558523297,0.019855148345022146,0.019508526814639535,0.024359214464975826,0.050000000651230316,0.05000000353507132,-8.01217269897461,-0.6967343211174011,1.4787133455276489,-5.265285778045654,0.2053076833486557
qwen2.5-0.5b-instruct,0.24,5,False,authority_test,2.0,2.0,e4fcc40e432a1de9,0.0,0.41617340558523297,0.019855148345022146,0.019508526814639535,0.024359214464975826,0.050000000651230316,0.05000000353507132,-8.01217269897461,-0.6967343211174011,1.4787133455276489,-5.265285778045654,0.2053076833486557
qwen2.5-0.5b-instruct,0.24,5,False,authority_test,2.0,2.0,e689c20cf634f61b,0.0,0.41617340558523297,0.019855148345022146,0.019508526814639535,0.024359214464975826,0.050000000651230316,0.05000000353507132,-8.01217269897461,-0.6967343211174011,1.4787133455276489,-5.265285778045654,0.2053076833486557
qwen2.5-0.5b-instruct,0.24,5,False,authority_test,2.0,2.0,ed57017341d74a76,0.0,0.41617340558523297,0.019855148345022146,0.019508526814639535,0.024359214464975826,0.050000000651230316,0.05000000353507132,-8.01217269897461,-0.6967343211174011,1.4787133455276489,-5.265285778045654,0.2053076833486557
qwen2.5-0.5b-instruct,0.24,5,False,authority_test,2.0,2.0,fb80856fbb14e104,0.33333333333333337,0.41617340558523297,0.019855148345022146,0.019508526814639535,0.024359214464975826,0.050000000651230316,0.05000000353507132,-8.01217269897461,-0.6967343211174011,1.4787133455276489,-5.265285778045654,0.2053076833486557
qwen2.5-0.5b-instruct,0.24,5,False,authority_test,2.0,2.0,fc477c545737032a,0.0,0.41617340558523297,0.019855148345022146,0.019508526814639535,0.024359214464975826,0.050000000651230316,0.05000000353507132,-8.01217269897461,-0.6967343211174011,1.4787133455276489,-5.265285778045654,0.2053076833486557
qwen2.5-0.5b-instruct,0.24,5,False,authority_test,2.0,2.0,fec02ca49d763c26,0.0,0.41617340558523297,0.019855148345022146,0.019508526814639535,0.024359214464975826,0.050000000651230316,0.05000000353507132,-8.01217269897461,-0.6967343211174011,1.4787133455276489,-5.265285778045654,0.2053076833486557
qwen2.5-0.5b-instruct,0.3333333333333333,5,True,authority_test,0.0,0.0,0050cc7876e55913,0.0,0.38911046613453837,0.02032964512561292,0.015214780450477191,0.016467792188486256,0.02156890127460336,0.04450093341158088,-7.5436553955078125,-0.1950963620096445,1.4927899360656738,-4.796768093109131,0.7571606397628784
qwen2.5-0.5b-instruct,0.3333333333333333,5,True,authority_test,0.0,0.0,005781a48b483502,0.02564102564102566,0.38911046613453837,0.02032964512561292,0.015214780450477191,0.016467792188486256,0.02156890127460336,0.04450093341158088,-7.5436553955078125,-0.1950963620096445,1.4927899360656738,-4.796768093109131,0.7571606397628784
qwen2.5-0.5b-instruct,0.3333333333333333,5,True,authority_test,0.0,0.0,02e457941f8b4c86,0.0,0.38911046613453837,0.02032964512561292,0.015214780450477191,0.016467792188486256,0.02156890127460336,0.04450093341158088,-7.5436553955078125,-0.1950963620096445,1.4927899360656738,-4.796768093109131,0.7571606397628784
qwen2.5-0.5b-instruct,0.3333333333333333,5,True,authority_test,0.0,0.0,0b7dac16eea5116b,1.0,0.38911046613453837,0.02032964512561292,0.015214780450477191,0.016467792188486256,0.02156890127460336,0.04450093341158088,-7.5436553955078125,-0.1950963620096445,1.4927899360656738,-4.796768093109131,0.7571606397628784
qwen2.5-0.5b-instruct,0.3333333333333333,5,True,authority_test,0.0,0.0,10130194674cbf8b,1.0,0.38911046613453837,0.02032964512561292,0.015214780450477191,0.016467792188486256,0.02156890127460336,0.04450093341158088,-7.5436553955078125,-0.1950963620096445,1.4927899360656738,-4.796768093109131,0.7571606397628784
qwen2.5-0.5b-instruct,0.3333333333333333,5,True,authority_test,0.0,0.0,1d701acfc6c6d4fa,0.010638297872340385,0.38911046613453837,0.02032964512561292,0.015214780450477191,0.016467792188486256,0.02156890127460336,0.04450093341158088,-7.5436553955078125,-0.1950963620096445,1.4927899360656738,-4.796768093109131,0.7571606397628784
qwen2.5-0.5b-instruct,0.3333333333333333,5,True,authority_test,0.0,0.0,1df1518943bb0a9e,0.0,0.38911046613453837,0.02032964512561292,0.015214780450477191,0.016467792188486256,0.02156890127460336,0.04450093341158088,-7.5436553955078125,-0.1950963620096445,1.4927899360656738,-4.796768093109131,0.7571606397628784
qwen2.5-0.5b-instruct,0.3333333333333333,5,True,authority_test,0.0,0.0,1edc5f328c1371c5,0.0,0.38911046613453837,0.02032964512561292,0.015214780450477191,0.016467792188486256,0.02156890127460336,0.04450093341158088,-7.5436553955078125,-0.1950963620096445,1.4927899360656738,-4.796768093109131,0.7571606397628784
qwen2.5-0.5b-instruct,0.3333333333333333,5,True,authority_test,0.0,0.0,20ca69931a7f3f69,1.0,0.38911046613453837,0.02032964512561292,0.015214780450477191,0.016467792188486256,0.02156890127460336,0.04450093341158088,-7.5436553955078125,-0.1950963620096445,1.4927899360656738,-4.796768093109131,0.7571606397628784
qwen2.5-0.5b-instruct,0.3333333333333333,5,True,authority_test,0.0,0.0,22971b5f73ffc4ed,0.008620689655172376,0.38911046613453837,0.02032964512561292,0.015214780450477191,0.016467792188486256,0.02156890127460336,0.04450093341158088,-7.5436553955078125,-0.1950963620096445,1.4927899360656738,-4.796768093109131,0.7571606397628784
qwen2.5-0.5b-instruct,0.3333333333333333,5,True,authority_test,0.0,0.0,244dcd310f4f3355,0.0,0.38911046613453837,0.02032964512561292,0.015214780450477191,0.016467792188486256,0.02156890127460336,0.04450093341158088,-7.5436553955078125,-0.1950963620096445,1.4927899360656738,-4.796768093109131,0.7571606397628784
qwen2.5-0.5b-instruct,0.3333333333333333,5,True,authority_test,0.0,0.0,288a3dfeffedf427,0.0,0.38911046613453837,0.02032964512561292,0.015214780450477191,0.016467792188486256,0.02156890127460336,0.04450093341158088,-7.5436553955078125,-0.1950963620096445,1.4927899360656738,-4.796768093109131,0.7571606397628784
qwen2.5-0.5b-instruct,0.3333333333333333,5,True,authority_test,0.0,0.0,2b5a55d1cc0067b2,0.0,0.38911046613453837,0.02032964512561292,0.015214780450477191,0.016467792188486256,0.02156890127460336,0.04450093341158088,-7.5436553955078125,-0.1950963620096445,1.4927899360656738,-4.796768093109131,0.7571606397628784
qwen2.5-0.5b-instruct,0.3333333333333333,5,True,authority_test,0.0,0.0,2d2c5781c810e5ad,1.0,0.38911046613453837,0.02032964512561292,0.015214780450477191,0.016467792188486256,0.02156890127460336,0.04450093341158088,-7.5436553955078125,-0.1950963620096445,1.4927899360656738,-4.796768093109131,0.7571606397628784
qwen2.5-0.5b-instruct,0.3333333333333333,5,True,authority_test,0.0,0.0,36e26290ffdc487c,0.0,0.38911046613453837,0.02032964512561292,0.015214780450477191,0.016467792188486256,0.02156890127460336,0.04450093341158088,-7.5436553955078125,-0.1950963620096445,1.4927899360656738,-4.796768093109131,0.7571606397628784
qwen2.5-0.5b-instruct,0.3333333333333333,5,True,authority_test,0.0,0.0,3991f39ca9af3d98,0.0,0.38911046613453837,0.02032964512561292,0.015214780450477191,0.016467792188486256,0.02156890127460336,0.04450093341158088,-7.5436553955078125,-0.1950963620096445,1.4927899360656738,-4.796768093109131,0.7571606397628784
qwen2.5-0.5b-instruct,0.3333333333333333,5,True,authority_test,0.0,0.0,41cbf566cb043949,1.0,0.38911046613453837,0.02032964512561292,0.015214780450477191,0.016467792188486256,0.02156890127460336,0.04450093341158088,-7.5436553955078125,-0.1950963620096445,1.4927899360656738,-4.796768093109131,0.7571606397628784
qwen2.5-0.5b-instruct,0.3333333333333333,5,True,authority_test,0.0,0.0,4ab9fb541f3f6c30,1.0,0.38911046613453837,0.02032964512561292,0.015214780450477191,0.016467792188486256,0.02156890127460336,0.04450093341158088,-7.5436553955078125,-0.1950963620096445,1.4927899360656738,-4.796768093109131,0.7571606397628784
qwen2.5-0.5b-instruct,0.3333333333333333,5,True,authority_test,0.0,0.0,4abdfd3d1917cd04,0.008264462809917328,0.38911046613453837,0.02032964512561292,0.015214780450477191,0.016467792188486256,0.02156890127460336,0.04450093341158088,-7.5436553955078125,-0.1950963620096445,1.4927899360656738,-4.796768093109131,0.7571606397628784
qwen2.5-0.5b-instruct,0.3333333333333333,5,True,authority_test,0.0,0.0,4b8d3c3c6c10deb8,0.0,0.38911046613453837,0.02032964512561292,0.015214780450477191,0.016467792188486256,0.02156890127460336,0.04450093341158088,-7.5436553955078125,-0.1950963620096445,1.4927899360656738,-4.796768093109131,0.7571606397628784
qwen2.5-0.5b-instruct,0.3333333333333333,5,True,authority_test,0.0,0.0,4da5a7ea784f8c6d,1.0,0.38911046613453837,0.02032964512561292,0.015214780450477191,0.016467792188486256,0.02156890127460336,0.04450093341158088,-7.5436553955078125,-0.1950963620096445,1.4927899360656738,-4.796768093109131,0.7571606397628784
qwen2.5-0.5b-instruct,0.3333333333333333,5,True,authority_test,0.0,0.0,587a815c09452a66,0.0,0.38911046613453837,0.02032964512561292,0.015214780450477191,0.016467792188486256,0.02156890127460336,0.04450093341158088,-7.5436553955078125,-0.1950963620096445,1.4927899360656738,-4.796768093109131,0.7571606397628784
qwen2.5-0.5b-instruct,0.3333333333333333,5,True,authority_test,0.0,0.0,727d42f9caba144c,1.0,0.38911046613453837,0.02032964512561292,0.015214780450477191,0.016467792188486256,0.02156890127460336,0.04450093341158088,-7.5436553955078125,-0.1950963620096445,1.4927899360656738,-4.796768093109131,0.7571606397628784
qwen2.5-0.5b-instruct,0.3333333333333333,5,True,authority_test,0.0,0.0,73d8c52a89607f1f,0.0,0.38911046613453837,0.02032964512561292,0.015214780450477191,0.016467792188486256,0.02156890127460336,0.04450093341158088,-7.5436553955078125,-0.1950963620096445,1.4927899360656738,-4.796768093109131,0.7571606397628784
qwen2.5-0.5b-instruct,0.3333333333333333,5,True,authority_test,0.0,0.0,7ce1504cbdb83e1d,0.0,0.38911046613453837,0.02032964512561292,0.015214780450477191,0.016467792188486256,0.02156890127460336,0.04450093341158088,-7.5436553955078125,-0.1950963620096445,1.4927899360656738,-4.796768093109131,0.7571606397628784
qwen2.5-0.5b-instruct,0.3333333333333333,5,True,authority_test,0.0,0.0,7d81fec0c0ad5cfb,1.0,0.38911046613453837,0.02032964512561292,0.015214780450477191,0.016467792188486256,0.02156890127460336,0.04450093341158088,-7.5436553955078125,-0.1950963620096445,1.4927899360656738,-4.796768093109131,0.7571606397628784
qwen2.5-0.5b-instruct,0.3333333333333333,5,True,authority_test,0.0,0.0,853a8e6b978dc0e5,1.0,0.38911046613453837,0.02032964512561292,0.015214780450477191,0.016467792188486256,0.02156890127460336,0.04450093341158088,-7.5436553955078125,-0.1950963620096445,1.4927899360656738,-4.796768093109131,0.7571606397628784
qwen2.5-0.5b-instruct,0.3333333333333333,5,True,authority_test,0.0,0.0,8a4b5dc09550b348,0.0,0.38911046613453837,0.02032964512561292,0.015214780450477191,0.016467792188486256,0.02156890127460336,0.04450093341158088,-7.5436553955078125,-0.1950963620096445,1.4927899360656738,-4.796768093109131,0.7571606397628784
qwen2.5-0.5b-instruct,0.3333333333333333,5,True,authority_test,0.0,0.0,8d83ab85999515ac,0.0,0.38911046613453837,0.02032964512561292,0.015214780450477191,0.016467792188486256,0.02156890127460336,0.04450093341158088,-7.5436553955078125,-0.1950963620096445,1.4927899360656738,-4.796768093109131,0.7571606397628784
qwen2.5-0.5b-instruct,0.3333333333333333,5,True,authority_test,0.0,0.0,8da22a2bb27cf9cd,0.0,0.38911046613453837,0.02032964512561292,0.015214780450477191,0.016467792188486256,0.02156890127460336,0.04450093341158088,-7.5436553955078125,-0.1950963620096445,1.4927899360656738,-4.796768093109131,0.7571606397628784
qwen2.5-0.5b-instruct,0.3333333333333333,5,True,authority_test,0.0,0.0,9022e3c16577eb94,1.0,0.38911046613453837,0.02032964512561292,0.015214780450477191,0.016467792188486256,0.02156890127460336,0.04450093341158088,-7.5436553955078125,-0.1950963620096445,1.4927899360656738,-4.796768093109131,0.7571606397628784
qwen2.5-0.5b-instruct,0.3333333333333333,5,True,authority_test,0.0,0.0,936e0b8c6301c7d8,0.0,0.38911046613453837,0.02032964512561292,0.015214780450477191,0.016467792188486256,0.02156890127460336,0.04450093341158088,-7.5436553955078125,-0.1950963620096445,1.4927899360656738,-4.796768093109131,0.7571606397628784
qwen2.5-0.5b-instruct,0.3333333333333333,5,True,authority_test,0.0,0.0,944896031f0e373c,0.0,0.38911046613453837,0.02032964512561292,0.015214780450477191,0.016467792188486256,0.02156890127460336,0.04450093341158088,-7.5436553955078125,-0.1950963620096445,1.4927899360656738,-4.796768093109131,0.7571606397628784
qwen2.5-0.5b-instruct,0.3333333333333333,5,True,authority_test,0.0,0.0,970c85fa32c52429,0.0,0.38911046613453837,0.02032964512561292,0.015214780450477191,0.016467792188486256,0.02156890127460336,0.04450093341158088,-7.5436553955078125,-0.1950963620096445,1.4927899360656738,-4.796768093109131,0.7571606397628784
qwen2.5-0.5b-instruct,0.3333333333333333,5,True,authority_test,0.0,0.0,9d7c1f1cdad027ed,0.0,0.38911046613453837,0.02032964512561292,0.015214780450477191,0.016467792188486256,0.02156890127460336,0.04450093341158088,-7.5436553955078125,-0.1950963620096445,1.4927899360656738,-4.796768093109131,0.7571606397628784
qwen2.5-0.5b-instruct,0.3333333333333333,5,True,authority_test,0.0,0.0,9f69978661a5c493,1.0,0.38911046613453837,0.02032964512561292,0.015214780450477191,0.016467792188486256,0.02156890127460336,0.04450093341158088,-7.5436553955078125,-0.1950963620096445,1.4927899360656738,-4.796768093109131,0.7571606397628784
qwen2.5-0.5b-instruct,0.3333333333333333,5,True,authority_test,0.0,0.0,a9e716a840f16125,0.0,0.38911046613453837,0.02032964512561292,0.015214780450477191,0.016467792188486256,0.02156890127460336,0.04450093341158088,-7.5436553955078125,-0.1950963620096445,1.4927899360656738,-4.796768093109131,0.7571606397628784
qwen2.5-0.5b-instruct,0.3333333333333333,5,True,authority_test,0.0,0.0,af2542aaf2cec400,0.0,0.38911046613453837,0.02032964512561292,0.015214780450477191,0.016467792188486256,0.02156890127460336,0.04450093341158088,-7.5436553955078125,-0.1950963620096445,1.4927899360656738,-4.796768093109131,0.7571606397628784
qwen2.5-0.5b-instruct,0.3333333333333333,5,True,authority_test,0.0,0.0,b78b59e2a3c0adcb,1.0,0.38911046613453837,0.02032964512561292,0.015214780450477191,0.016467792188486256,0.02156890127460336,0.04450093341158088,-7.5436553955078125,-0.1950963620096445,1.4927899360656738,-4.796768093109131,0.7571606397628784
qwen2.5-0.5b-instruct,0.3333333333333333,5,True,authority_test,0.0,0.0,bc3418728d141792,0.0,0.38911046613453837,0.02032964512561292,0.015214780450477191,0.016467792188486256,0.02156890127460336,0.04450093341158088,-7.5436553955078125,-0.1950963620096445,1.4927899360656738,-4.796768093109131,0.7571606397628784
qwen2.5-0.5b-instruct,0.3333333333333333,5,True,authority_test,0.0,0.0,bf18d1ffdde86090,0.0,0.38911046613453837,0.02032964512561292,0.015214780450477191,0.016467792188486256,0.02156890127460336,0.04450093341158088,-7.5436553955078125,-0.1950963620096445,1.4927899360656738,-4.796768093109131,0.7571606397628784
qwen2.5-0.5b-instruct,0.3333333333333333,5,True,authority_test,0.0,0.0,d07c4fcb537efb5a,1.0,0.38911046613453837,0.02032964512561292,0.015214780450477191,0.016467792188486256,0.02156890127460336,0.04450093341158088,-7.5436553955078125,-0.1950963620096445,1.4927899360656738,-4.796768093109131,0.7571606397628784
qwen2.5-0.5b-instruct,0.3333333333333333,5,True,authority_test,0.0,0.0,d309edf9243881a9,0.0,0.38911046613453837,0.02032964512561292,0.015214780450477191,0.016467792188486256,0.02156890127460336,0.04450093341158088,-7.5436553955078125,-0.1950963620096445,1.4927899360656738,-4.796768093109131,0.7571606397628784
qwen2.5-0.5b-instruct,0.3333333333333333,5,True,authority_test,0.0,0.0,d5ea8284b8ff154f,1.0,0.38911046613453837,0.02032964512561292,0.015214780450477191,0.016467792188486256,0.02156890127460336,0.04450093341158088,-7.5436553955078125,-0.1950963620096445,1.4927899360656738,-4.796768093109131,0.7571606397628784
qwen2.5-0.5b-instruct,0.3333333333333333,5,True,authority_test,0.0,0.0,e4fcc40e432a1de9,0.0,0.38911046613453837,0.02032964512561292,0.015214780450477191,0.016467792188486256,0.02156890127460336,0.04450093341158088,-7.5436553955078125,-0.1950963620096445,1.4927899360656738,-4.796768093109131,0.7571606397628784
qwen2.5-0.5b-instruct,0.3333333333333333,5,True,authority_test,0.0,0.0,e689c20cf634f61b,0.0,0.38911046613453837,0.02032964512561292,0.015214780450477191,0.016467792188486256,0.02156890127460336,0.04450093341158088,-7.5436553955078125,-0.1950963620096445,1.4927899360656738,-4.796768093109131,0.7571606397628784
qwen2.5-0.5b-instruct,0.3333333333333333,5,True,authority_test,0.0,0.0,ed57017341d74a76,1.0,0.38911046613453837,0.02032964512561292,0.015214780450477191,0.016467792188486256,0.02156890127460336,0.04450093341158088,-7.5436553955078125,-0.1950963620096445,1.4927899360656738,-4.796768093109131,0.7571606397628784
qwen2.5-0.5b-instruct,0.3333333333333333,5,True,authority_test,0.0,0.0,fb80856fbb14e104,0.0,0.38911046613453837,0.02032964512561292,0.015214780450477191,0.016467792188486256,0.02156890127460336,0.04450093341158088,-7.5436553955078125,-0.1950963620096445,1.4927899360656738,-4.796768093109131,0.7571606397628784
qwen2.5-0.5b-instruct,0.3333333333333333,5,True,authority_test,0.0,0.0,fc477c545737032a,0.0,0.38911046613453837,0.02032964512561292,0.015214780450477191,0.016467792188486256,0.02156890127460336,0.04450093341158088,-7.5436553955078125,-0.1950963620096445,1.4927899360656738,-4.796768093109131,0.7571606397628784
qwen2.5-0.5b-instruct,0.3333333333333333,5,True,authority_test,0.0,0.0,fec02ca49d763c26,0.0,0.38911046613453837,0.02032964512561292,0.015214780450477191,0.016467792188486256,0.02156890127460336,0.04450093341158088,-7.5436553955078125,-0.1950963620096445,1.4927899360656738,-4.796768093109131,0.7571606397628784
qwen2.5-0.5b-instruct,0.3333333333333333,5,True,authority_test,0.0,2.0,0050cc7876e55913,0.0,0.38911046613453837,0.02032964512561292,0.014678435949513013,0.015421829627098422,0.019214404876477013,0.021784484456497246,-8.01217269897461,-0.7063098430633545,1.4745325088500976,-5.265285778045654,0.17342231571674346
qwen2.5-0.5b-instruct,0.3333333333333333,5,True,authority_test,0.0,2.0,005781a48b483502,0.0,0.38911046613453837,0.02032964512561292,0.014678435949513013,0.015421829627098422,0.019214404876477013,0.021784484456497246,-8.01217269897461,-0.7063098430633545,1.4745325088500976,-5.265285778045654,0.17342231571674346
qwen2.5-0.5b-instruct,0.3333333333333333,5,True,authority_test,0.0,2.0,02e457941f8b4c86,0.0,0.38911046613453837,0.02032964512561292,0.014678435949513013,0.015421829627098422,0.019214404876477013,0.021784484456497246,-8.01217269897461,-0.7063098430633545,1.4745325088500976,-5.265285778045654,0.17342231571674346
qwen2.5-0.5b-instruct,0.3333333333333333,5,True,authority_test,0.0,2.0,0b7dac16eea5116b,0.008438818565400852,0.38911046613453837,0.02032964512561292,0.014678435949513013,0.015421829627098422,0.019214404876477013,0.021784484456497246,-8.01217269897461,-0.7063098430633545,1.4745325088500976,-5.265285778045654,0.17342231571674346
qwen2.5-0.5b-instruct,0.3333333333333333,5,True,authority_test,0.0,2.0,10130194674cbf8b,0.0,0.38911046613453837,0.02032964512561292,0.014678435949513013,0.015421829627098422,0.019214404876477013,0.021784484456497246,-8.01217269897461,-0.7063098430633545,1.4745325088500976,-5.265285778045654,0.17342231571674346
qwen2.5-0.5b-instruct,0.3333333333333333,5,True,authority_test,0.0,2.0,1d701acfc6c6d4fa,0.010471204188481686,0.38911046613453837,0.02032964512561292,0.014678435949513013,0.015421829627098422,0.019214404876477013,0.021784484456497246,-8.01217269897461,-0.7063098430633545,1.4745325088500976,-5.265285778045654,0.17342231571674346
qwen2.5-0.5b-instruct,0.3333333333333333,5,True,authority_test,0.0,2.0,1df1518943bb0a9e,0.0,0.38911046613453837,0.02032964512561292,0.014678435949513013,0.015421829627098422,0.019214404876477013,0.021784484456497246,-8.01217269897461,-0.7063098430633545,1.4745325088500976,-5.265285778045654,0.17342231571674346
qwen2.5-0.5b-instruct,0.3333333333333333,5,True,authority_test,0.0,2.0,1edc5f328c1371c5,0.0,0.38911046613453837,0.02032964512561292,0.014678435949513013,0.015421829627098422,0.019214404876477013,0.021784484456497246,-8.01217269897461,-0.7063098430633545,1.4745325088500976,-5.265285778045654,0.17342231571674346
qwen2.5-0.5b-instruct,0.3333333333333333,5,True,authority_test,0.0,2.0,20ca69931a7f3f69,0.0,0.38911046613453837,0.02032964512561292,0.014678435949513013,0.015421829627098422,0.019214404876477013,0.021784484456497246,-8.01217269897461,-0.7063098430633545,1.4745325088500976,-5.265285778045654,0.17342231571674346
qwen2.5-0.5b-instruct,0.3333333333333333,5,True,authority_test,0.0,2.0,22971b5f73ffc4ed,0.018867924528301883,0.38911046613453837,0.02032964512561292,0.014678435949513013,0.015421829627098422,0.019214404876477013,0.021784484456497246,-8.01217269897461,-0.7063098430633545,1.4745325088500976,-5.265285778045654,0.17342231571674346
qwen2.5-0.5b-instruct,0.3333333333333333,5,True,authority_test,0.0,2.0,244dcd310f4f3355,0.0,0.38911046613453837,0.02032964512561292,0.014678435949513013,0.015421829627098422,0.019214404876477013,0.021784484456497246,-8.01217269897461,-0.7063098430633545,1.4745325088500976,-5.265285778045654,0.17342231571674346
qwen2.5-0.5b-instruct,0.3333333333333333,5,True,authority_test,0.0,2.0,288a3dfeffedf427,0.0,0.38911046613453837,0.02032964512561292,0.014678435949513013,0.015421829627098422,0.019214404876477013,0.021784484456497246,-8.01217269897461,-0.7063098430633545,1.4745325088500976,-5.265285778045654,0.17342231571674346
qwen2.5-0.5b-instruct,0.3333333333333333,5,True,authority_test,0.0,2.0,2b5a55d1cc0067b2,0.0,0.38911046613453837,0.02032964512561292,0.014678435949513013,0.015421829627098422,0.019214404876477013,0.021784484456497246,-8.01217269897461,-0.7063098430633545,1.4745325088500976,-5.265285778045654,0.17342231571674346
qwen2.5-0.5b-instruct,0.3333333333333333,5,True,authority_test,0.0,2.0,2d2c5781c810e5ad,0.0,0.38911046613453837,0.02032964512561292,0.014678435949513013,0.015421829627098422,0.019214404876477013,0.021784484456497246,-8.01217269897461,-0.7063098430633545,1.4745325088500976,-5.265285778045654,0.17342231571674346
qwen2.5-0.5b-instruct,0.3333333333333333,5,True,authority_test,0.0,2.0,36e26290ffdc487c,0.0,0.38911046613453837,0.02032964512561292,0.014678435949513013,0.015421829627098422,0.019214404876477013,0.021784484456497246,-8.01217269897461,-0.7063098430633545,1.4745325088500976,-5.265285778045654,0.17342231571674346
qwen2.5-0.5b-instruct,0.3333333333333333,5,True,authority_test,0.0,2.0,3991f39ca9af3d98,0.008000000000000007,0.38911046613453837,0.02032964512561292,0.014678435949513013,0.015421829627098422,0.019214404876477013,0.021784484456497246,-8.01217269897461,-0.7063098430633545,1.4745325088500976,-5.265285778045654,0.17342231571674346
qwen2.5-0.5b-instruct,0.3333333333333333,5,True,authority_test,0.0,2.0,41cbf566cb043949,0.0,0.38911046613453837,0.02032964512561292,0.014678435949513013,0.015421829627098422,0.019214404876477013,0.021784484456497246,-8.01217269897461,-0.7063098430633545,1.4745325088500976,-5.265285778045654,0.17342231571674346
qwen2.5-0.5b-instruct,0.3333333333333333,5,True,authority_test,0.0,2.0,4ab9fb541f3f6c30,1.0,0.38911046613453837,0.02032964512561292,0.014678435949513013,0.015421829627098422,0.019214404876477013,0.021784484456497246,-8.01217269897461,-0.7063098430633545,1.4745325088500976,-5.265285778045654,0.17342231571674346
qwen2.5-0.5b-instruct,0.3333333333333333,5,True,authority_test,0.0,2.0,4abdfd3d1917cd04,0.00952380952380949,0.38911046613453837,0.02032964512561292,0.014678435949513013,0.015421829627098422,0.019214404876477013,0.021784484456497246,-8.01217269897461,-0.7063098430633545,1.4745325088500976,-5.265285778045654,0.17342231571674346
qwen2.5-0.5b-instruct,0.3333333333333333,5,True,authority_test,0.0,2.0,4b8d3c3c6c10deb8,0.0,0.38911046613453837,0.02032964512561292,0.014678435949513013,0.015421829627098422,0.019214404876477013,0.021784484456497246,-8.01217269897461,-0.7063098430633545,1.4745325088500976,-5.265285778045654,0.17342231571674346
qwen2.5-0.5b-instruct,0.3333333333333333,5,True,authority_test,0.0,2.0,4da5a7ea784f8c6d,0.0,0.38911046613453837,0.02032964512561292,0.014678435949513013,0.015421829627098422,0.019214404876477013,0.021784484456497246,-8.01217269897461,-0.7063098430633545,1.4745325088500976,-5.265285778045654,0.17342231571674346
qwen2.5-0.5b-instruct,0.3333333333333333,5,True,authority_test,0.0,2.0,587a815c09452a66,0.0,0.38911046613453837,0.02032964512561292,0.014678435949513013,0.015421829627098422,0.019214404876477013,0.021784484456497246,-8.01217269897461,-0.7063098430633545,1.4745325088500976,-5.265285778045654,0.17342231571674346
qwen2.5-0.5b-instruct,0.3333333333333333,5,True,authority_test,0.0,2.0,727d42f9caba144c,0.008264462809917328,0.38911046613453837,0.02032964512561292,0.014678435949513013,0.015421829627098422,0.019214404876477013,0.021784484456497246,-8.01217269897461,-0.7063098430633545,1.4745325088500976,-5.265285778045654,0.17342231571674346
qwen2.5-0.5b-instruct,0.3333333333333333,5,True,authority_test,0.0,2.0,73d8c52a89607f1f,0.0,0.38911046613453837,0.02032964512561292,0.014678435949513013,0.015421829627098422,0.019214404876477013,0.021784484456497246,-8.01217269897461,-0.7063098430633545,1.4745325088500976,-5.265285778045654,0.17342231571674346
qwen2.5-0.5b-instruct,0.3333333333333333,5,True,authority_test,0.0,2.0,7ce1504cbdb83e1d,0.0,0.38911046613453837,0.02032964512561292,0.014678435949513013,0.015421829627098422,0.019214404876477013,0.021784484456497246,-8.01217269897461,-0.7063098430633545,1.4745325088500976,-5.265285778045654,0.17342231571674346
qwen2.5-0.5b-instruct,0.3333333333333333,5,True,authority_test,0.0,2.0,7d81fec0c0ad5cfb,1.0,0.38911046613453837,0.02032964512561292,0.014678435949513013,0.015421829627098422,0.019214404876477013,0.021784484456497246,-8.01217269897461,-0.7063098430633545,1.4745325088500976,-5.265285778045654,0.17342231571674346
qwen2.5-0.5b-instruct,0.3333333333333333,5,True,authority_test,0.0,2.0,853a8e6b978dc0e5,0.0,0.38911046613453837,0.02032964512561292,0.014678435949513013,0.015421829627098422,0.019214404876477013,0.021784484456497246,-8.01217269897461,-0.7063098430633545,1.4745325088500976,-5.265285778045654,0.17342231571674346
qwen2.5-0.5b-instruct,0.3333333333333333,5,True,authority_test,0.0,2.0,8a4b5dc09550b348,0.0,0.38911046613453837,0.02032964512561292,0.014678435949513013,0.015421829627098422,0.019214404876477013,0.021784484456497246,-8.01217269897461,-0.7063098430633545,1.4745325088500976,-5.265285778045654,0.17342231571674346
qwen2.5-0.5b-instruct,0.3333333333333333,5,True,authority_test,0.0,2.0,8d83ab85999515ac,0.007692307692307665,0.38911046613453837,0.02032964512561292,0.014678435949513013,0.015421829627098422,0.019214404876477013,0.021784484456497246,-8.01217269897461,-0.7063098430633545,1.4745325088500976,-5.265285778045654,0.17342231571674346
qwen2.5-0.5b-instruct,0.3333333333333333,5,True,authority_test,0.0,2.0,8da22a2bb27cf9cd,0.0,0.38911046613453837,0.02032964512561292,0.014678435949513013,0.015421829627098422,0.019214404876477013,0.021784484456497246,-8.01217269897461,-0.7063098430633545,1.4745325088500976,-5.265285778045654,0.17342231571674346
qwen2.5-0.5b-instruct,0.3333333333333333,5,True,authority_test,0.0,2.0,9022e3c16577eb94,0.0,0.38911046613453837,0.02032964512561292,0.014678435949513013,0.015421829627098422,0.019214404876477013,0.021784484456497246,-8.01217269897461,-0.7063098430633545,1.4745325088500976,-5.265285778045654,0.17342231571674346
qwen2.5-0.5b-instruct,0.3333333333333333,5,True,authority_test,0.0,2.0,936e0b8c6301c7d8,0.008000000000000007,0.38911046613453837,0.02032964512561292,0.014678435949513013,0.015421829627098422,0.019214404876477013,0.021784484456497246,-8.01217269897461,-0.7063098430633545,1.4745325088500976,-5.265285778045654,0.17342231571674346
qwen2.5-0.5b-instruct,0.3333333333333333,5,True,authority_test,0.0,2.0,944896031f0e373c,0.0,0.38911046613453837,0.02032964512561292,0.014678435949513013,0.015421829627098422,0.019214404876477013,0.021784484456497246,-8.01217269897461,-0.7063098430633545,1.4745325088500976,-5.265285778045654,0.17342231571674346
qwen2.5-0.5b-instruct,0.3333333333333333,5,True,authority_test,0.0,2.0,970c85fa32c52429,0.0,0.38911046613453837,0.02032964512561292,0.014678435949513013,0.015421829627098422,0.019214404876477013,0.021784484456497246,-8.01217269897461,-0.7063098430633545,1.4745325088500976,-5.265285778045654,0.17342231571674346
qwen2.5-0.5b-instruct,0.3333333333333333,5,True,authority_test,0.0,2.0,9d7c1f1cdad027ed,0.0,0.38911046613453837,0.02032964512561292,0.014678435949513013,0.015421829627098422,0.019214404876477013,0.021784484456497246,-8.01217269897461,-0.7063098430633545,1.4745325088500976,-5.265285778045654,0.17342231571674346
qwen2.5-0.5b-instruct,0.3333333333333333,5,True,authority_test,0.0,2.0,9f69978661a5c493,1.0,0.38911046613453837,0.02032964512561292,0.014678435949513013,0.015421829627098422,0.019214404876477013,0.021784484456497246,-8.01217269897461,-0.7063098430633545,1.4745325088500976,-5.265285778045654,0.17342231571674346
qwen2.5-0.5b-instruct,0.3333333333333333,5,True,authority_test,0.0,2.0,a9e716a840f16125,0.0,0.38911046613453837,0.02032964512561292,0.014678435949513013,0.015421829627098422,0.019214404876477013,0.021784484456497246,-8.01217269897461,-0.7063098430633545,1.4745325088500976,-5.265285778045654,0.17342231571674346
qwen2.5-0.5b-instruct,0.3333333333333333,5,True,authority_test,0.0,2.0,af2542aaf2cec400,0.0,0.38911046613453837,0.02032964512561292,0.014678435949513013,0.015421829627098422,0.019214404876477013,0.021784484456497246,-8.01217269897461,-0.7063098430633545,1.4745325088500976,-5.265285778045654,0.17342231571674346
qwen2.5-0.5b-instruct,0.3333333333333333,5,True,authority_test,0.0,2.0,b78b59e2a3c0adcb,0.0,0.38911046613453837,0.02032964512561292,0.014678435949513013,0.015421829627098422,0.019214404876477013,0.021784484456497246,-8.01217269897461,-0.7063098430633545,1.4745325088500976,-5.265285778045654,0.17342231571674346
qwen2.5-0.5b-instruct,0.3333333333333333,5,True,authority_test,0.0,2.0,bc3418728d141792,0.0,0.38911046613453837,0.02032964512561292,0.014678435949513013,0.015421829627098422,0.019214404876477013,0.021784484456497246,-8.01217269897461,-0.7063098430633545,1.4745325088500976,-5.265285778045654,0.17342231571674346
qwen2.5-0.5b-instruct,0.3333333333333333,5,True,authority_test,0.0,2.0,bf18d1ffdde86090,0.0,0.38911046613453837,0.02032964512561292,0.014678435949513013,0.015421829627098422,0.019214404876477013,0.021784484456497246,-8.01217269897461,-0.7063098430633545,1.4745325088500976,-5.265285778045654,0.17342231571674346
qwen2.5-0.5b-instruct,0.3333333333333333,5,True,authority_test,0.0,2.0,d07c4fcb537efb5a,0.0,0.38911046613453837,0.02032964512561292,0.014678435949513013,0.015421829627098422,0.019214404876477013,0.021784484456497246,-8.01217269897461,-0.7063098430633545,1.4745325088500976,-5.265285778045654,0.17342231571674346
qwen2.5-0.5b-instruct,0.3333333333333333,5,True,authority_test,0.0,2.0,d309edf9243881a9,0.0,0.38911046613453837,0.02032964512561292,0.014678435949513013,0.015421829627098422,0.019214404876477013,0.021784484456497246,-8.01217269897461,-0.7063098430633545,1.4745325088500976,-5.265285778045654,0.17342231571674346
qwen2.5-0.5b-instruct,0.3333333333333333,5,True,authority_test,0.0,2.0,d5ea8284b8ff154f,0.009049773755656076,0.38911046613453837,0.02032964512561292,0.014678435949513013,0.015421829627098422,0.019214404876477013,0.021784484456497246,-8.01217269897461,-0.7063098430633545,1.4745325088500976,-5.265285778045654,0.17342231571674346
qwen2.5-0.5b-instruct,0.3333333333333333,5,True,authority_test,0.0,2.0,e4fcc40e432a1de9,0.0,0.38911046613453837,0.02032964512561292,0.014678435949513013,0.015421829627098422,0.019214404876477013,0.021784484456497246,-8.01217269897461,-0.7063098430633545,1.4745325088500976,-5.265285778045654,0.17342231571674346
qwen2.5-0.5b-instruct,0.3333333333333333,5,True,authority_test,0.0,2.0,e689c20cf634f61b,1.0,0.38911046613453837,0.02032964512561292,0.014678435949513013,0.015421829627098422,0.019214404876477013,0.021784484456497246,-8.01217269897461,-0.7063098430633545,1.4745325088500976,-5.265285778045654,0.17342231571674346
qwen2.5-0.5b-instruct,0.3333333333333333,5,True,authority_test,0.0,2.0,ed57017341d74a76,0.0,0.38911046613453837,0.02032964512561292,0.014678435949513013,0.015421829627098422,0.019214404876477013,0.021784484456497246,-8.01217269897461,-0.7063098430633545,1.4745325088500976,-5.265285778045654,0.17342231571674346
qwen2.5-0.5b-instruct,0.3333333333333333,5,True,authority_test,0.0,2.0,fb80856fbb14e104,0.33333333333333337,0.38911046613453837,0.02032964512561292,0.014678435949513013,0.015421829627098422,0.019214404876477013,0.021784484456497246,-8.01217269897461,-0.7063098430633545,1.4745325088500976,-5.265285778045654,0.17342231571674346
qwen2.5-0.5b-instruct,0.3333333333333333,5,True,authority_test,0.0,2.0,fc477c545737032a,0.0,0.38911046613453837,0.02032964512561292,0.014678435949513013,0.015421829627098422,0.019214404876477013,0.021784484456497246,-8.01217269897461,-0.7063098430633545,1.4745325088500976,-5.265285778045654,0.17342231571674346
qwen2.5-0.5b-instruct,0.3333333333333333,5,True,authority_test,0.0,2.0,fec02ca49d763c26,0.0,0.38911046613453837,0.02032964512561292,0.014678435949513013,0.015421829627098422,0.019214404876477013,0.021784484456497246,-8.01217269897461,-0.7063098430633545,1.4745325088500976,-5.265285778045654,0.17342231571674346
qwen2.5-0.5b-instruct,0.3333333333333333,5,True,authority_test,2.0,0.0,0050cc7876e55913,0.0,0.38911046613453837,0.02032964512561292,0.018818735477365515,0.024240792050318836,0.05000000044979854,0.05000000345184965,-7.5436553955078125,-0.19164697751402854,1.4943568706512451,-4.796768093109131,0.7647313475608826
qwen2.5-0.5b-instruct,0.3333333333333333,5,True,authority_test,2.0,0.0,005781a48b483502,0.02564102564102566,0.38911046613453837,0.02032964512561292,0.018818735477365515,0.024240792050318836,0.05000000044979854,0.05000000345184965,-7.5436553955078125,-0.19164697751402854,1.4943568706512451,-4.796768093109131,0.7647313475608826
qwen2.5-0.5b-instruct,0.3333333333333333,5,True,authority_test,2.0,0.0,02e457941f8b4c86,0.0,0.38911046613453837,0.02032964512561292,0.018818735477365515,0.024240792050318836,0.05000000044979854,0.05000000345184965,-7.5436553955078125,-0.19164697751402854,1.4943568706512451,-4.796768093109131,0.7647313475608826
qwen2.5-0.5b-instruct,0.3333333333333333,5,True,authority_test,2.0,0.0,0b7dac16eea5116b,1.0,0.38911046613453837,0.02032964512561292,0.018818735477365515,0.024240792050318836,0.05000000044979854,0.05000000345184965,-7.5436553955078125,-0.19164697751402854,1.4943568706512451,-4.796768093109131,0.7647313475608826
qwen2.5-0.5b-instruct,0.3333333333333333,5,True,authority_test,2.0,0.0,10130194674cbf8b,1.0,0.38911046613453837,0.02032964512561292,0.018818735477365515,0.024240792050318836,0.05000000044979854,0.05000000345184965,-7.5436553955078125,-0.19164697751402854,1.4943568706512451,-4.796768093109131,0.7647313475608826
qwen2.5-0.5b-instruct,0.3333333333333333,5,True,authority_test,2.0,0.0,1d701acfc6c6d4fa,0.010869565217391353,0.38911046613453837,0.02032964512561292,0.018818735477365515,0.024240792050318836,0.05000000044979854,0.05000000345184965,-7.5436553955078125,-0.19164697751402854,1.4943568706512451,-4.796768093109131,0.7647313475608826
qwen2.5-0.5b-instruct,0.3333333333333333,5,True,authority_test,2.0,0.0,1df1518943bb0a9e,0.0,0.38911046613453837,0.02032964512561292,0.018818735477365515,0.024240792050318836,0.05000000044979854,0.05000000345184965,-7.5436553955078125,-0.19164697751402854,1.4943568706512451,-4.796768093109131,0.7647313475608826
qwen2.5-0.5b-instruct,0.3333333333333333,5,True,authority_test,2.0,0.0,1edc5f328c1371c5,0.0,0.38911046613453837,0.02032964512561292,0.018818735477365515,0.024240792050318836,0.05000000044979854,0.05000000345184965,-7.5436553955078125,-0.19164697751402854,1.4943568706512451,-4.796768093109131,0.7647313475608826
qwen2.5-0.5b-instruct,0.3333333333333333,5,True,authority_test,2.0,0.0,20ca69931a7f3f69,1.0,0.38911046613453837,0.02032964512561292,0.018818735477365515,0.024240792050318836,0.05000000044979854,0.05000000345184965,-7.5436553955078125,-0.19164697751402854,1.4943568706512451,-4.796768093109131,0.7647313475608826
qwen2.5-0.5b-instruct,0.3333333333333333,5,True,authority_test,2.0,0.0,22971b5f73ffc4ed,0.008620689655172376,0.38911046613453837,0.02032964512561292,0.018818735477365515,0.024240792050318836,0.05000000044979854,0.05000000345184965,-7.5436553955078125,-0.19164697751402854,1.4943568706512451,-4.796768093109131,0.7647313475608826
qwen2.5-0.5b-instruct,0.3333333333333333,5,True,authority_test,2.0,0.0,244dcd310f4f3355,0.0,0.38911046613453837,0.02032964512561292,0.018818735477365515,0.024240792050318836,0.05000000044979854,0.05000000345184965,-7.5436553955078125,-0.19164697751402854,1.4943568706512451,-4.796768093109131,0.7647313475608826
qwen2.5-0.5b-instruct,0.3333333333333333,5,True,authority_test,2.0,0.0,288a3dfeffedf427,0.0,0.38911046613453837,0.02032964512561292,0.018818735477365515,0.024240792050318836,0.05000000044979854,0.05000000345184965,-7.5436553955078125,-0.19164697751402854,1.4943568706512451,-4.796768093109131,0.7647313475608826
qwen2.5-0.5b-instruct,0.3333333333333333,5,True,authority_test,2.0,0.0,2b5a55d1cc0067b2,0.0,0.38911046613453837,0.02032964512561292,0.018818735477365515,0.024240792050318836,0.05000000044979854,0.05000000345184965,-7.5436553955078125,-0.19164697751402854,1.4943568706512451,-4.796768093109131,0.7647313475608826
qwen2.5-0.5b-instruct,0.3333333333333333,5,True,authority_test,2.0,0.0,2d2c5781c810e5ad,1.0,0.38911046613453837,0.02032964512561292,0.018818735477365515,0.024240792050318836,0.05000000044979854,0.05000000345184965,-7.5436553955078125,-0.19164697751402854,1.4943568706512451,-4.796768093109131,0.7647313475608826
qwen2.5-0.5b-instruct,0.3333333333333333,5,True,authority_test,2.0,0.0,36e26290ffdc487c,0.0,0.38911046613453837,0.02032964512561292,0.018818735477365515,0.024240792050318836,0.05000000044979854,0.05000000345184965,-7.5436553955078125,-0.19164697751402854,1.4943568706512451,-4.796768093109131,0.7647313475608826
qwen2.5-0.5b-instruct,0.3333333333333333,5,True,authority_test,2.0,0.0,3991f39ca9af3d98,0.0076045627376425395,0.38911046613453837,0.02032964512561292,0.018818735477365515,0.024240792050318836,0.05000000044979854,0.05000000345184965,-7.5436553955078125,-0.19164697751402854,1.4943568706512451,-4.796768093109131,0.7647313475608826
qwen2.5-0.5b-instruct,0.3333333333333333,5,True,authority_test,2.0,0.0,41cbf566cb043949,0.0,0.38911046613453837,0.02032964512561292,0.018818735477365515,0.024240792050318836,0.05000000044979854,0.05000000345184965,-7.5436553955078125,-0.19164697751402854,1.4943568706512451,-4.796768093109131,0.7647313475608826
qwen2.5-0.5b-instruct,0.3333333333333333,5,True,authority_test,2.0,0.0,4ab9fb541f3f6c30,1.0,0.38911046613453837,0.02032964512561292,0.018818735477365515,0.024240792050318836,0.05000000044979854,0.05000000345184965,-7.5436553955078125,-0.19164697751402854,1.4943568706512451,-4.796768093109131,0.7647313475608826
qwen2.5-0.5b-instruct,0.3333333333333333,5,True,authority_test,2.0,0.0,4abdfd3d1917cd04,0.008438818565400852,0.38911046613453837,0.02032964512561292,0.018818735477365515,0.024240792050318836,0.05000000044979854,0.05000000345184965,-7.5436553955078125,-0.19164697751402854,1.4943568706512451,-4.796768093109131,0.7647313475608826
qwen2.5-0.5b-instruct,0.3333333333333333,5,True,authority_test,2.0,0.0,4b8d3c3c6c10deb8,0.0,0.38911046613453837,0.02032964512561292,0.018818735477365515,0.024240792050318836,0.05000000044979854,0.05000000345184965,-7.5436553955078125,-0.19164697751402854,1.4943568706512451,-4.796768093109131,0.7647313475608826
qwen2.5-0.5b-instruct,0.3333333333333333,5,True,authority_test,2.0,0.0,4da5a7ea784f8c6d,0.0,0.38911046613453837,0.02032964512561292,0.018818735477365515,0.024240792050318836,0.05000000044979854,0.05000000345184965,-7.5436553955078125,-0.19164697751402854,1.4943568706512451,-4.796768093109131,0.7647313475608826
qwen2.5-0.5b-instruct,0.3333333333333333,5,True,authority_test,2.0,0.0,587a815c09452a66,0.0,0.38911046613453837,0.02032964512561292,0.018818735477365515,0.024240792050318836,0.05000000044979854,0.05000000345184965,-7.5436553955078125,-0.19164697751402854,1.4943568706512451,-4.796768093109131,0.7647313475608826
qwen2.5-0.5b-instruct,0.3333333333333333,5,True,authority_test,2.0,0.0,727d42f9caba144c,1.0,0.38911046613453837,0.02032964512561292,0.018818735477365515,0.024240792050318836,0.05000000044979854,0.05000000345184965,-7.5436553955078125,-0.19164697751402854,1.4943568706512451,-4.796768093109131,0.7647313475608826
qwen2.5-0.5b-instruct,0.3333333333333333,5,True,authority_test,2.0,0.0,73d8c52a89607f1f,0.0,0.38911046613453837,0.02032964512561292,0.018818735477365515,0.024240792050318836,0.05000000044979854,0.05000000345184965,-7.5436553955078125,-0.19164697751402854,1.4943568706512451,-4.796768093109131,0.7647313475608826
qwen2.5-0.5b-instruct,0.3333333333333333,5,True,authority_test,2.0,0.0,7ce1504cbdb83e1d,0.0,0.38911046613453837,0.02032964512561292,0.018818735477365515,0.024240792050318836,0.05000000044979854,0.05000000345184965,-7.5436553955078125,-0.19164697751402854,1.4943568706512451,-4.796768093109131,0.7647313475608826
qwen2.5-0.5b-instruct,0.3333333333333333,5,True,authority_test,2.0,0.0,7d81fec0c0ad5cfb,1.0,0.38911046613453837,0.02032964512561292,0.018818735477365515,0.024240792050318836,0.05000000044979854,0.05000000345184965,-7.5436553955078125,-0.19164697751402854,1.4943568706512451,-4.796768093109131,0.7647313475608826
qwen2.5-0.5b-instruct,0.3333333333333333,5,True,authority_test,2.0,0.0,853a8e6b978dc0e5,1.0,0.38911046613453837,0.02032964512561292,0.018818735477365515,0.024240792050318836,0.05000000044979854,0.05000000345184965,-7.5436553955078125,-0.19164697751402854,1.4943568706512451,-4.796768093109131,0.7647313475608826
qwen2.5-0.5b-instruct,0.3333333333333333,5,True,authority_test,2.0,0.0,8a4b5dc09550b348,0.0,0.38911046613453837,0.02032964512561292,0.018818735477365515,0.024240792050318836,0.05000000044979854,0.05000000345184965,-7.5436553955078125,-0.19164697751402854,1.4943568706512451,-4.796768093109131,0.7647313475608826
qwen2.5-0.5b-instruct,0.3333333333333333,5,True,authority_test,2.0,0.0,8d83ab85999515ac,0.0,0.38911046613453837,0.02032964512561292,0.018818735477365515,0.024240792050318836,0.05000000044979854,0.05000000345184965,-7.5436553955078125,-0.19164697751402854,1.4943568706512451,-4.796768093109131,0.7647313475608826
qwen2.5-0.5b-instruct,0.3333333333333333,5,True,authority_test,2.0,0.0,8da22a2bb27cf9cd,0.0,0.38911046613453837,0.02032964512561292,0.018818735477365515,0.024240792050318836,0.05000000044979854,0.05000000345184965,-7.5436553955078125,-0.19164697751402854,1.4943568706512451,-4.796768093109131,0.7647313475608826
qwen2.5-0.5b-instruct,0.3333333333333333,5,True,authority_test,2.0,0.0,9022e3c16577eb94,1.0,0.38911046613453837,0.02032964512561292,0.018818735477365515,0.024240792050318836,0.05000000044979854,0.05000000345184965,-7.5436553955078125,-0.19164697751402854,1.4943568706512451,-4.796768093109131,0.7647313475608826
qwen2.5-0.5b-instruct,0.3333333333333333,5,True,authority_test,2.0,0.0,936e0b8c6301c7d8,0.0,0.38911046613453837,0.02032964512561292,0.018818735477365515,0.024240792050318836,0.05000000044979854,0.05000000345184965,-7.5436553955078125,-0.19164697751402854,1.4943568706512451,-4.796768093109131,0.7647313475608826
qwen2.5-0.5b-instruct,0.3333333333333333,5,True,authority_test,2.0,0.0,944896031f0e373c,0.0,0.38911046613453837,0.02032964512561292,0.018818735477365515,0.024240792050318836,0.05000000044979854,0.05000000345184965,-7.5436553955078125,-0.19164697751402854,1.4943568706512451,-4.796768093109131,0.7647313475608826
qwen2.5-0.5b-instruct,0.3333333333333333,5,True,authority_test,2.0,0.0,970c85fa32c52429,0.0,0.38911046613453837,0.02032964512561292,0.018818735477365515,0.024240792050318836,0.05000000044979854,0.05000000345184965,-7.5436553955078125,-0.19164697751402854,1.4943568706512451,-4.796768093109131,0.7647313475608826
qwen2.5-0.5b-instruct,0.3333333333333333,5,True,authority_test,2.0,0.0,9d7c1f1cdad027ed,0.0,0.38911046613453837,0.02032964512561292,0.018818735477365515,0.024240792050318836,0.05000000044979854,0.05000000345184965,-7.5436553955078125,-0.19164697751402854,1.4943568706512451,-4.796768093109131,0.7647313475608826
qwen2.5-0.5b-instruct,0.3333333333333333,5,True,authority_test,2.0,0.0,9f69978661a5c493,1.0,0.38911046613453837,0.02032964512561292,0.018818735477365515,0.024240792050318836,0.05000000044979854,0.05000000345184965,-7.5436553955078125,-0.19164697751402854,1.4943568706512451,-4.796768093109131,0.7647313475608826
qwen2.5-0.5b-instruct,0.3333333333333333,5,True,authority_test,2.0,0.0,a9e716a840f16125,0.0,0.38911046613453837,0.02032964512561292,0.018818735477365515,0.024240792050318836,0.05000000044979854,0.05000000345184965,-7.5436553955078125,-0.19164697751402854,1.4943568706512451,-4.796768093109131,0.7647313475608826
qwen2.5-0.5b-instruct,0.3333333333333333,5,True,authority_test,2.0,0.0,af2542aaf2cec400,0.0,0.38911046613453837,0.02032964512561292,0.018818735477365515,0.024240792050318836,0.05000000044979854,0.05000000345184965,-7.5436553955078125,-0.19164697751402854,1.4943568706512451,-4.796768093109131,0.7647313475608826
qwen2.5-0.5b-instruct,0.3333333333333333,5,True,authority_test,2.0,0.0,b78b59e2a3c0adcb,0.0,0.38911046613453837,0.02032964512561292,0.018818735477365515,0.024240792050318836,0.05000000044979854,0.05000000345184965,-7.5436553955078125,-0.19164697751402854,1.4943568706512451,-4.796768093109131,0.7647313475608826
qwen2.5-0.5b-instruct,0.3333333333333333,5,True,authority_test,2.0,0.0,bc3418728d141792,0.0,0.38911046613453837,0.02032964512561292,0.018818735477365515,0.024240792050318836,0.05000000044979854,0.05000000345184965,-7.5436553955078125,-0.19164697751402854,1.4943568706512451,-4.796768093109131,0.7647313475608826
qwen2.5-0.5b-instruct,0.3333333333333333,5,True,authority_test,2.0,0.0,bf18d1ffdde86090,0.0,0.38911046613453837,0.02032964512561292,0.018818735477365515,0.024240792050318836,0.05000000044979854,0.05000000345184965,-7.5436553955078125,-0.19164697751402854,1.4943568706512451,-4.796768093109131,0.7647313475608826
qwen2.5-0.5b-instruct,0.3333333333333333,5,True,authority_test,2.0,0.0,d07c4fcb537efb5a,1.0,0.38911046613453837,0.02032964512561292,0.018818735477365515,0.024240792050318836,0.05000000044979854,0.05000000345184965,-7.5436553955078125,-0.19164697751402854,1.4943568706512451,-4.796768093109131,0.7647313475608826
qwen2.5-0.5b-instruct,0.3333333333333333,5,True,authority_test,2.0,0.0,d309edf9243881a9,0.0,0.38911046613453837,0.02032964512561292,0.018818735477365515,0.024240792050318836,0.05000000044979854,0.05000000345184965,-7.5436553955078125,-0.19164697751402854,1.4943568706512451,-4.796768093109131,0.7647313475608826
qwen2.5-0.5b-instruct,0.3333333333333333,5,True,authority_test,2.0,0.0,d5ea8284b8ff154f,1.0,0.38911046613453837,0.02032964512561292,0.018818735477365515,0.024240792050318836,0.05000000044979854,0.05000000345184965,-7.5436553955078125,-0.19164697751402854,1.4943568706512451,-4.796768093109131,0.7647313475608826
qwen2.5-0.5b-instruct,0.3333333333333333,5,True,authority_test,2.0,0.0,e4fcc40e432a1de9,0.0,0.38911046613453837,0.02032964512561292,0.018818735477365515,0.024240792050318836,0.05000000044979854,0.05000000345184965,-7.5436553955078125,-0.19164697751402854,1.4943568706512451,-4.796768093109131,0.7647313475608826
qwen2.5-0.5b-instruct,0.3333333333333333,5,True,authority_test,2.0,0.0,e689c20cf634f61b,0.0,0.38911046613453837,0.02032964512561292,0.018818735477365515,0.024240792050318836,0.05000000044979854,0.05000000345184965,-7.5436553955078125,-0.19164697751402854,1.4943568706512451,-4.796768093109131,0.7647313475608826
qwen2.5-0.5b-instruct,0.3333333333333333,5,True,authority_test,2.0,0.0,ed57017341d74a76,1.0,0.38911046613453837,0.02032964512561292,0.018818735477365515,0.024240792050318836,0.05000000044979854,0.05000000345184965,-7.5436553955078125,-0.19164697751402854,1.4943568706512451,-4.796768093109131,0.7647313475608826
qwen2.5-0.5b-instruct,0.3333333333333333,5,True,authority_test,2.0,0.0,fb80856fbb14e104,0.0,0.38911046613453837,0.02032964512561292,0.018818735477365515,0.024240792050318836,0.05000000044979854,0.05000000345184965,-7.5436553955078125,-0.19164697751402854,1.4943568706512451,-4.796768093109131,0.7647313475608826
qwen2.5-0.5b-instruct,0.3333333333333333,5,True,authority_test,2.0,0.0,fc477c545737032a,0.0,0.38911046613453837,0.02032964512561292,0.018818735477365515,0.024240792050318836,0.05000000044979854,0.05000000345184965,-7.5436553955078125,-0.19164697751402854,1.4943568706512451,-4.796768093109131,0.7647313475608826
qwen2.5-0.5b-instruct,0.3333333333333333,5,True,authority_test,2.0,0.0,fec02ca49d763c26,0.0,0.38911046613453837,0.02032964512561292,0.018818735477365515,0.024240792050318836,0.05000000044979854,0.05000000345184965,-7.5436553955078125,-0.19164697751402854,1.4943568706512451,-4.796768093109131,0.7647313475608826
qwen2.5-0.5b-instruct,0.3333333333333333,5,True,authority_test,2.0,2.0,0050cc7876e55913,0.0,0.38911046613453837,0.02032964512561292,0.022118495157246305,0.02394439630566272,0.030388279093418936,0.050000002353804265,-8.01217269897461,-0.7049483299255371,1.474949836730957,-5.265285778045654,0.1707116961479187
qwen2.5-0.5b-instruct,0.3333333333333333,5,True,authority_test,2.0,2.0,005781a48b483502,0.0,0.38911046613453837,0.02032964512561292,0.022118495157246305,0.02394439630566272,0.030388279093418936,0.050000002353804265,-8.01217269897461,-0.7049483299255371,1.474949836730957,-5.265285778045654,0.1707116961479187
qwen2.5-0.5b-instruct,0.3333333333333333,5,True,authority_test,2.0,2.0,02e457941f8b4c86,0.0,0.38911046613453837,0.02032964512561292,0.022118495157246305,0.02394439630566272,0.030388279093418936,0.050000002353804265,-8.01217269897461,-0.7049483299255371,1.474949836730957,-5.265285778045654,0.1707116961479187
qwen2.5-0.5b-instruct,0.3333333333333333,5,True,authority_test,2.0,2.0,0b7dac16eea5116b,0.008438818565400852,0.38911046613453837,0.02032964512561292,0.022118495157246305,0.02394439630566272,0.030388279093418936,0.050000002353804265,-8.01217269897461,-0.7049483299255371,1.474949836730957,-5.265285778045654,0.1707116961479187
qwen2.5-0.5b-instruct,0.3333333333333333,5,True,authority_test,2.0,2.0,10130194674cbf8b,0.0,0.38911046613453837,0.02032964512561292,0.022118495157246305,0.02394439630566272,0.030388279093418936,0.050000002353804265,-8.01217269897461,-0.7049483299255371,1.474949836730957,-5.265285778045654,0.1707116961479187
qwen2.5-0.5b-instruct,0.3333333333333333,5,True,authority_test,2.0,2.0,1d701acfc6c6d4fa,0.010471204188481686,0.38911046613453837,0.02032964512561292,0.022118495157246305,0.02394439630566272,0.030388279093418936,0.050000002353804265,-8.01217269897461,-0.7049483299255371,1.474949836730957,-5.265285778045654,0.1707116961479187
qwen2.5-0.5b-instruct,0.3333333333333333,5,True,authority_test,2.0,2.0,1df1518943bb0a9e,0.0,0.38911046613453837,0.02032964512561292,0.022118495157246305,0.02394439630566272,0.030388279093418936,0.050000002353804265,-8.01217269897461,-0.7049483299255371,1.474949836730957,-5.265285778045654,0.1707116961479187
qwen2.5-0.5b-instruct,0.3333333333333333,5,True,authority_test,2.0,2.0,1edc5f328c1371c5,0.0,0.38911046613453837,0.02032964512561292,0.022118495157246305,0.02394439630566272,0.030388279093418936,0.050000002353804265,-8.01217269897461,-0.7049483299255371,1.474949836730957,-5.265285778045654,0.1707116961479187
qwen2.5-0.5b-instruct,0.3333333333333333,5,True,authority_test,2.0,2.0,20ca69931a7f3f69,0.0,0.38911046613453837,0.02032964512561292,0.022118495157246305,0.02394439630566272,0.030388279093418936,0.050000002353804265,-8.01217269897461,-0.7049483299255371,1.474949836730957,-5.265285778045654,0.1707116961479187
qwen2.5-0.5b-instruct,0.3333333333333333,5,True,authority_test,2.0,2.0,22971b5f73ffc4ed,0.018867924528301883,0.38911046613453837,0.02032964512561292,0.022118495157246305,0.02394439630566272,0.030388279093418936,0.050000002353804265,-8.01217269897461,-0.7049483299255371,1.474949836730957,-5.265285778045654,0.1707116961479187
qwen2.5-0.5b-instruct,0.3333333333333333,5,True,authority_test,2.0,2.0,244dcd310f4f3355,0.0,0.38911046613453837,0.02032964512561292,0.022118495157246305,0.02394439630566272,0.030388279093418936,0.050000002353804265,-8.01217269897461,-0.7049483299255371,1.474949836730957,-5.265285778045654,0.1707116961479187
qwen2.5-0.5b-instruct,0.3333333333333333,5,True,authority_test,2.0,2.0,288a3dfeffedf427,0.0,0.38911046613453837,0.02032964512561292,0.022118495157246305,0.02394439630566272,0.030388279093418936,0.050000002353804265,-8.01217269897461,-0.7049483299255371,1.474949836730957,-5.265285778045654,0.1707116961479187
qwen2.5-0.5b-instruct,0.3333333333333333,5,True,authority_test,2.0,2.0,2b5a55d1cc0067b2,0.0,0.38911046613453837,0.02032964512561292,0.022118495157246305,0.02394439630566272,0.030388279093418936,0.050000002353804265,-8.01217269897461,-0.7049483299255371,1.474949836730957,-5.265285778045654,0.1707116961479187
qwen2.5-0.5b-instruct,0.3333333333333333,5,True,authority_test,2.0,2.0,2d2c5781c810e5ad,0.0,0.38911046613453837,0.02032964512561292,0.022118495157246305,0.02394439630566272,0.030388279093418936,0.050000002353804265,-8.01217269897461,-0.7049483299255371,1.474949836730957,-5.265285778045654,0.1707116961479187
qwen2.5-0.5b-instruct,0.3333333333333333,5,True,authority_test,2.0,2.0,36e26290ffdc487c,0.0,0.38911046613453837,0.02032964512561292,0.022118495157246305,0.02394439630566272,0.030388279093418936,0.050000002353804265,-8.01217269897461,-0.7049483299255371,1.474949836730957,-5.265285778045654,0.1707116961479187
qwen2.5-0.5b-instruct,0.3333333333333333,5,True,authority_test,2.0,2.0,3991f39ca9af3d98,0.0080971659919028,0.38911046613453837,0.02032964512561292,0.022118495157246305,0.02394439630566272,0.030388279093418936,0.050000002353804265,-8.01217269897461,-0.7049483299255371,1.474949836730957,-5.265285778045654,0.1707116961479187
qwen2.5-0.5b-instruct,0.3333333333333333,5,True,authority_test,2.0,2.0,41cbf566cb043949,0.050000000000000044,0.38911046613453837,0.02032964512561292,0.022118495157246305,0.02394439630566272,0.030388279093418936,0.050000002353804265,-8.01217269897461,-0.7049483299255371,1.474949836730957,-5.265285778045654,0.1707116961479187
qwen2.5-0.5b-instruct,0.3333333333333333,5,True,authority_test,2.0,2.0,4ab9fb541f3f6c30,1.0,0.38911046613453837,0.02032964512561292,0.022118495157246305,0.02394439630566272,0.030388279093418936,0.050000002353804265,-8.01217269897461,-0.7049483299255371,1.474949836730957,-5.265285778045654,0.1707116961479187
qwen2.5-0.5b-instruct,0.3333333333333333,5,True,authority_test,2.0,2.0,4abdfd3d1917cd04,0.00952380952380949,0.38911046613453837,0.02032964512561292,0.022118495157246305,0.02394439630566272,0.030388279093418936,0.050000002353804265,-8.01217269897461,-0.7049483299255371,1.474949836730957,-5.265285778045654,0.1707116961479187
qwen2.5-0.5b-instruct,0.3333333333333333,5,True,authority_test,2.0,2.0,4b8d3c3c6c10deb8,0.0,0.38911046613453837,0.02032964512561292,0.022118495157246305,0.02394439630566272,0.030388279093418936,0.050000002353804265,-8.01217269897461,-0.7049483299255371,1.474949836730957,-5.265285778045654,0.1707116961479187
qwen2.5-0.5b-instruct,0.3333333333333333,5,True,authority_test,2.0,2.0,4da5a7ea784f8c6d,0.0,0.38911046613453837,0.02032964512561292,0.022118495157246305,0.02394439630566272,0.030388279093418936,0.050000002353804265,-8.01217269897461,-0.7049483299255371,1.474949836730957,-5.265285778045654,0.1707116961479187
qwen2.5-0.5b-instruct,0.3333333333333333,5,True,authority_test,2.0,2.0,587a815c09452a66,0.0,0.38911046613453837,0.02032964512561292,0.022118495157246305,0.02394439630566272,0.030388279093418936,0.050000002353804265,-8.01217269897461,-0.7049483299255371,1.474949836730957,-5.265285778045654,0.1707116961479187
qwen2.5-0.5b-instruct,0.3333333333333333,5,True,authority_test,2.0,2.0,727d42f9caba144c,0.0,0.38911046613453837,0.02032964512561292,0.022118495157246305,0.02394439630566272,0.030388279093418936,0.050000002353804265,-8.01217269897461,-0.7049483299255371,1.474949836730957,-5.265285778045654,0.1707116961479187
qwen2.5-0.5b-instruct,0.3333333333333333,5,True,authority_test,2.0,2.0,73d8c52a89607f1f,0.0,0.38911046613453837,0.02032964512561292,0.022118495157246305,0.02394439630566272,0.030388279093418936,0.050000002353804265,-8.01217269897461,-0.7049483299255371,1.474949836730957,-5.265285778045654,0.1707116961479187
qwen2.5-0.5b-instruct,0.3333333333333333,5,True,authority_test,2.0,2.0,7ce1504cbdb83e1d,0.0,0.38911046613453837,0.02032964512561292,0.022118495157246305,0.02394439630566272,0.030388279093418936,0.050000002353804265,-8.01217269897461,-0.7049483299255371,1.474949836730957,-5.265285778045654,0.1707116961479187
qwen2.5-0.5b-instruct,0.3333333333333333,5,True,authority_test,2.0,2.0,7d81fec0c0ad5cfb,1.0,0.38911046613453837,0.02032964512561292,0.022118495157246305,0.02394439630566272,0.030388279093418936,0.050000002353804265,-8.01217269897461,-0.7049483299255371,1.474949836730957,-5.265285778045654,0.1707116961479187
qwen2.5-0.5b-instruct,0.3333333333333333,5,True,authority_test,2.0,2.0,853a8e6b978dc0e5,0.0,0.38911046613453837,0.02032964512561292,0.022118495157246305,0.02394439630566272,0.030388279093418936,0.050000002353804265,-8.01217269897461,-0.7049483299255371,1.474949836730957,-5.265285778045654,0.1707116961479187
qwen2.5-0.5b-instruct,0.3333333333333333,5,True,authority_test,2.0,2.0,8a4b5dc09550b348,0.0,0.38911046613453837,0.02032964512561292,0.022118495157246305,0.02394439630566272,0.030388279093418936,0.050000002353804265,-8.01217269897461,-0.7049483299255371,1.474949836730957,-5.265285778045654,0.1707116961479187
qwen2.5-0.5b-instruct,0.3333333333333333,5,True,authority_test,2.0,2.0,8d83ab85999515ac,0.007692307692307665,0.38911046613453837,0.02032964512561292,0.022118495157246305,0.02394439630566272,0.030388279093418936,0.050000002353804265,-8.01217269897461,-0.7049483299255371,1.474949836730957,-5.265285778045654,0.1707116961479187
qwen2.5-0.5b-instruct,0.3333333333333333,5,True,authority_test,2.0,2.0,8da22a2bb27cf9cd,0.0,0.38911046613453837,0.02032964512561292,0.022118495157246305,0.02394439630566272,0.030388279093418936,0.050000002353804265,-8.01217269897461,-0.7049483299255371,1.474949836730957,-5.265285778045654,0.1707116961479187
qwen2.5-0.5b-instruct,0.3333333333333333,5,True,authority_test,2.0,2.0,9022e3c16577eb94,0.0,0.38911046613453837,0.02032964512561292,0.022118495157246305,0.02394439630566272,0.030388279093418936,0.050000002353804265,-8.01217269897461,-0.7049483299255371,1.474949836730957,-5.265285778045654,0.1707116961479187
qwen2.5-0.5b-instruct,0.3333333333333333,5,True,authority_test,2.0,2.0,936e0b8c6301c7d8,0.008000000000000007,0.38911046613453837,0.02032964512561292,0.022118495157246305,0.02394439630566272,0.030388279093418936,0.050000002353804265,-8.01217269897461,-0.7049483299255371,1.474949836730957,-5.265285778045654,0.1707116961479187
qwen2.5-0.5b-instruct,0.3333333333333333,5,True,authority_test,2.0,2.0,944896031f0e373c,0.0,0.38911046613453837,0.02032964512561292,0.022118495157246305,0.02394439630566272,0.030388279093418936,0.050000002353804265,-8.01217269897461,-0.7049483299255371,1.474949836730957,-5.265285778045654,0.1707116961479187
qwen2.5-0.5b-instruct,0.3333333333333333,5,True,authority_test,2.0,2.0,970c85fa32c52429,0.0,0.38911046613453837,0.02032964512561292,0.022118495157246305,0.02394439630566272,0.030388279093418936,0.050000002353804265,-8.01217269897461,-0.7049483299255371,1.474949836730957,-5.265285778045654,0.1707116961479187
qwen2.5-0.5b-instruct,0.3333333333333333,5,True,authority_test,2.0,2.0,9d7c1f1cdad027ed,0.0,0.38911046613453837,0.02032964512561292,0.022118495157246305,0.02394439630566272,0.030388279093418936,0.050000002353804265,-8.01217269897461,-0.7049483299255371,1.474949836730957,-5.265285778045654,0.1707116961479187
qwen2.5-0.5b-instruct,0.3333333333333333,5,True,authority_test,2.0,2.0,9f69978661a5c493,1.0,0.38911046613453837,0.02032964512561292,0.022118495157246305,0.02394439630566272,0.030388279093418936,0.050000002353804265,-8.01217269897461,-0.7049483299255371,1.474949836730957,-5.265285778045654,0.1707116961479187
qwen2.5-0.5b-instruct,0.3333333333333333,5,True,authority_test,2.0,2.0,a9e716a840f16125,0.0,0.38911046613453837,0.02032964512561292,0.022118495157246305,0.02394439630566272,0.030388279093418936,0.050000002353804265,-8.01217269897461,-0.7049483299255371,1.474949836730957,-5.265285778045654,0.1707116961479187
qwen2.5-0.5b-instruct,0.3333333333333333,5,True,authority_test,2.0,2.0,af2542aaf2cec400,0.0,0.38911046613453837,0.02032964512561292,0.022118495157246305,0.02394439630566272,0.030388279093418936,0.050000002353804265,-8.01217269897461,-0.7049483299255371,1.474949836730957,-5.265285778045654,0.1707116961479187
qwen2.5-0.5b-instruct,0.3333333333333333,5,True,authority_test,2.0,2.0,b78b59e2a3c0adcb,0.0,0.38911046613453837,0.02032964512561292,0.022118495157246305,0.02394439630566272,0.030388279093418936,0.050000002353804265,-8.01217269897461,-0.7049483299255371,1.474949836730957,-5.265285778045654,0.1707116961479187
qwen2.5-0.5b-instruct,0.3333333333333333,5,True,authority_test,2.0,2.0,bc3418728d141792,0.0,0.38911046613453837,0.02032964512561292,0.022118495157246305,0.02394439630566272,0.030388279093418936,0.050000002353804265,-8.01217269897461,-0.7049483299255371,1.474949836730957,-5.265285778045654,0.1707116961479187
qwen2.5-0.5b-instruct,0.3333333333333333,5,True,authority_test,2.0,2.0,bf18d1ffdde86090,0.0,0.38911046613453837,0.02032964512561292,0.022118495157246305,0.02394439630566272,0.030388279093418936,0.050000002353804265,-8.01217269897461,-0.7049483299255371,1.474949836730957,-5.265285778045654,0.1707116961479187
qwen2.5-0.5b-instruct,0.3333333333333333,5,True,authority_test,2.0,2.0,d07c4fcb537efb5a,0.0,0.38911046613453837,0.02032964512561292,0.022118495157246305,0.02394439630566272,0.030388279093418936,0.050000002353804265,-8.01217269897461,-0.7049483299255371,1.474949836730957,-5.265285778045654,0.1707116961479187
qwen2.5-0.5b-instruct,0.3333333333333333,5,True,authority_test,2.0,2.0,d309edf9243881a9,0.0,0.38911046613453837,0.02032964512561292,0.022118495157246305,0.02394439630566272,0.030388279093418936,0.050000002353804265,-8.01217269897461,-0.7049483299255371,1.474949836730957,-5.265285778045654,0.1707116961479187
qwen2.5-0.5b-instruct,0.3333333333333333,5,True,authority_test,2.0,2.0,d5ea8284b8ff154f,0.008849557522123908,0.38911046613453837,0.02032964512561292,0.022118495157246305,0.02394439630566272,0.030388279093418936,0.050000002353804265,-8.01217269897461,-0.7049483299255371,1.474949836730957,-5.265285778045654,0.1707116961479187
qwen2.5-0.5b-instruct,0.3333333333333333,5,True,authority_test,2.0,2.0,e4fcc40e432a1de9,0.0,0.38911046613453837,0.02032964512561292,0.022118495157246305,0.02394439630566272,0.030388279093418936,0.050000002353804265,-8.01217269897461,-0.7049483299255371,1.474949836730957,-5.265285778045654,0.1707116961479187
qwen2.5-0.5b-instruct,0.3333333333333333,5,True,authority_test,2.0,2.0,e689c20cf634f61b,1.0,0.38911046613453837,0.02032964512561292,0.022118495157246305,0.02394439630566272,0.030388279093418936,0.050000002353804265,-8.01217269897461,-0.7049483299255371,1.474949836730957,-5.265285778045654,0.1707116961479187
qwen2.5-0.5b-instruct,0.3333333333333333,5,True,authority_test,2.0,2.0,ed57017341d74a76,0.0,0.38911046613453837,0.02032964512561292,0.022118495157246305,0.02394439630566272,0.030388279093418936,0.050000002353804265,-8.01217269897461,-0.7049483299255371,1.474949836730957,-5.265285778045654,0.1707116961479187
qwen2.5-0.5b-instruct,0.3333333333333333,5,True,authority_test,2.0,2.0,fb80856fbb14e104,0.33333333333333337,0.38911046613453837,0.02032964512561292,0.022118495157246305,0.02394439630566272,0.030388279093418936,0.050000002353804265,-8.01217269897461,-0.7049483299255371,1.474949836730957,-5.265285778045654,0.1707116961479187
qwen2.5-0.5b-instruct,0.3333333333333333,5,True,authority_test,2.0,2.0,fc477c545737032a,0.0,0.38911046613453837,0.02032964512561292,0.022118495157246305,0.02394439630566272,0.030388279093418936,0.050000002353804265,-8.01217269897461,-0.7049483299255371,1.474949836730957,-5.265285778045654,0.1707116961479187
qwen2.5-0.5b-instruct,0.3333333333333333,5,True,authority_test,2.0,2.0,fec02ca49d763c26,0.0,0.38911046613453837,0.02032964512561292,0.022118495157246305,0.02394439630566272,0.030388279093418936,0.050000002353804265,-8.01217269897461,-0.7049483299255371,1.474949836730957,-5.265285778045654,0.1707116961479187
qwen2.5-0.5b-instruct,0.4,5,False,authority_test,0.0,0.0,0050cc7876e55913,0.0,0.2952187647730233,0.020397708410613773,0.01728128801737991,0.02018922198630706,0.02823775121418342,0.05000000226320752,-7.5436553955078125,-0.19807233661413193,1.4915022611618043,-4.796768093109131,0.7476786017417908
qwen2.5-0.5b-instruct,0.4,5,False,authority_test,0.0,0.0,005781a48b483502,0.02564102564102566,0.2952187647730233,0.020397708410613773,0.01728128801737991,0.02018922198630706,0.02823775121418342,0.05000000226320752,-7.5436553955078125,-0.19807233661413193,1.4915022611618043,-4.796768093109131,0.7476786017417908
qwen2.5-0.5b-instruct,0.4,5,False,authority_test,0.0,0.0,02e457941f8b4c86,0.0,0.2952187647730233,0.020397708410613773,0.01728128801737991,0.02018922198630706,0.02823775121418342,0.05000000226320752,-7.5436553955078125,-0.19807233661413193,1.4915022611618043,-4.796768093109131,0.7476786017417908
qwen2.5-0.5b-instruct,0.4,5,False,authority_test,0.0,0.0,0b7dac16eea5116b,1.0,0.2952187647730233,0.020397708410613773,0.01728128801737991,0.02018922198630706,0.02823775121418342,0.05000000226320752,-7.5436553955078125,-0.19807233661413193,1.4915022611618043,-4.796768093109131,0.7476786017417908
qwen2.5-0.5b-instruct,0.4,5,False,authority_test,0.0,0.0,10130194674cbf8b,0.006688963210702337,0.2952187647730233,0.020397708410613773,0.01728128801737991,0.02018922198630706,0.02823775121418342,0.05000000226320752,-7.5436553955078125,-0.19807233661413193,1.4915022611618043,-4.796768093109131,0.7476786017417908
qwen2.5-0.5b-instruct,0.4,5,False,authority_test,0.0,0.0,1d701acfc6c6d4fa,0.010638297872340385,0.2952187647730233,0.020397708410613773,0.01728128801737991,0.02018922198630706,0.02823775121418342,0.05000000226320752,-7.5436553955078125,-0.19807233661413193,1.4915022611618043,-4.796768093109131,0.7476786017417908
qwen2.5-0.5b-instruct,0.4,5,False,authority_test,0.0,0.0,1df1518943bb0a9e,0.0,0.2952187647730233,0.020397708410613773,0.01728128801737991,0.02018922198630706,0.02823775121418342,0.05000000226320752,-7.5436553955078125,-0.19807233661413193,1.4915022611618043,-4.796768093109131,0.7476786017417908
qwen2.5-0.5b-instruct,0.4,5,False,authority_test,0.0,0.0,1edc5f328c1371c5,0.0,0.2952187647730233,0.020397708410613773,0.01728128801737991,0.02018922198630706,0.02823775121418342,0.05000000226320752,-7.5436553955078125,-0.19807233661413193,1.4915022611618043,-4.796768093109131,0.7476786017417908
qwen2.5-0.5b-instruct,0.4,5,False,authority_test,0.0,0.0,20ca69931a7f3f69,1.0,0.2952187647730233,0.020397708410613773,0.01728128801737991,0.02018922198630706,0.02823775121418342,0.05000000226320752,-7.5436553955078125,-0.19807233661413193,1.4915022611618043,-4.796768093109131,0.7476786017417908
qwen2.5-0.5b-instruct,0.4,5,False,authority_test,0.0,0.0,22971b5f73ffc4ed,0.008620689655172376,0.2952187647730233,0.020397708410613773,0.01728128801737991,0.02018922198630706,0.02823775121418342,0.05000000226320752,-7.5436553955078125,-0.19807233661413193,1.4915022611618043,-4.796768093109131,0.7476786017417908
qwen2.5-0.5b-instruct,0.4,5,False,authority_test,0.0,0.0,244dcd310f4f3355,0.0,0.2952187647730233,0.020397708410613773,0.01728128801737991,0.02018922198630706,0.02823775121418342,0.05000000226320752,-7.5436553955078125,-0.19807233661413193,1.4915022611618043,-4.796768093109131,0.7476786017417908
qwen2.5-0.5b-instruct,0.4,5,False,authority_test,0.0,0.0,288a3dfeffedf427,0.0,0.2952187647730233,0.020397708410613773,0.01728128801737991,0.02018922198630706,0.02823775121418342,0.05000000226320752,-7.5436553955078125,-0.19807233661413193,1.4915022611618043,-4.796768093109131,0.7476786017417908
qwen2.5-0.5b-instruct,0.4,5,False,authority_test,0.0,0.0,2b5a55d1cc0067b2,0.0,0.2952187647730233,0.020397708410613773,0.01728128801737991,0.02018922198630706,0.02823775121418342,0.05000000226320752,-7.5436553955078125,-0.19807233661413193,1.4915022611618043,-4.796768093109131,0.7476786017417908
qwen2.5-0.5b-instruct,0.4,5,False,authority_test,0.0,0.0,2d2c5781c810e5ad,1.0,0.2952187647730233,0.020397708410613773,0.01728128801737991,0.02018922198630706,0.02823775121418342,0.05000000226320752,-7.5436553955078125,-0.19807233661413193,1.4915022611618043,-4.796768093109131,0.7476786017417908
qwen2.5-0.5b-instruct,0.4,5,False,authority_test,0.0,0.0,36e26290ffdc487c,0.007092198581560294,0.2952187647730233,0.020397708410613773,0.01728128801737991,0.02018922198630706,0.02823775121418342,0.05000000226320752,-7.5436553955078125,-0.19807233661413193,1.4915022611618043,-4.796768093109131,0.7476786017417908
qwen2.5-0.5b-instruct,0.4,5,False,authority_test,0.0,0.0,3991f39ca9af3d98,0.0,0.2952187647730233,0.020397708410613773,0.01728128801737991,0.02018922198630706,0.02823775121418342,0.05000000226320752,-7.5436553955078125,-0.19807233661413193,1.4915022611618043,-4.796768093109131,0.7476786017417908
qwen2.5-0.5b-instruct,0.4,5,False,authority_test,0.0,0.0,41cbf566cb043949,1.0,0.2952187647730233,0.020397708410613773,0.01728128801737991,0.02018922198630706,0.02823775121418342,0.05000000226320752,-7.5436553955078125,-0.19807233661413193,1.4915022611618043,-4.796768093109131,0.7476786017417908
qwen2.5-0.5b-instruct,0.4,5,False,authority_test,0.0,0.0,4ab9fb541f3f6c30,1.0,0.2952187647730233,0.020397708410613773,0.01728128801737991,0.02018922198630706,0.02823775121418342,0.05000000226320752,-7.5436553955078125,-0.19807233661413193,1.4915022611618043,-4.796768093109131,0.7476786017417908
qwen2.5-0.5b-instruct,0.4,5,False,authority_test,0.0,0.0,4abdfd3d1917cd04,0.008264462809917328,0.2952187647730233,0.020397708410613773,0.01728128801737991,0.02018922198630706,0.02823775121418342,0.05000000226320752,-7.5436553955078125,-0.19807233661413193,1.4915022611618043,-4.796768093109131,0.7476786017417908
qwen2.5-0.5b-instruct,0.4,5,False,authority_test,0.0,0.0,4b8d3c3c6c10deb8,0.0,0.2952187647730233,0.020397708410613773,0.01728128801737991,0.02018922198630706,0.02823775121418342,0.05000000226320752,-7.5436553955078125,-0.19807233661413193,1.4915022611618043,-4.796768093109131,0.7476786017417908
qwen2.5-0.5b-instruct,0.4,5,False,authority_test,0.0,0.0,4da5a7ea784f8c6d,1.0,0.2952187647730233,0.020397708410613773,0.01728128801737991,0.02018922198630706,0.02823775121418342,0.05000000226320752,-7.5436553955078125,-0.19807233661413193,1.4915022611618043,-4.796768093109131,0.7476786017417908
qwen2.5-0.5b-instruct,0.4,5,False,authority_test,0.0,0.0,587a815c09452a66,0.0,0.2952187647730233,0.020397708410613773,0.01728128801737991,0.02018922198630706,0.02823775121418342,0.05000000226320752,-7.5436553955078125,-0.19807233661413193,1.4915022611618043,-4.796768093109131,0.7476786017417908
qwen2.5-0.5b-instruct,0.4,5,False,authority_test,0.0,0.0,727d42f9caba144c,1.0,0.2952187647730233,0.020397708410613773,0.01728128801737991,0.02018922198630706,0.02823775121418342,0.05000000226320752,-7.5436553955078125,-0.19807233661413193,1.4915022611618043,-4.796768093109131,0.7476786017417908
qwen2.5-0.5b-instruct,0.4,5,False,authority_test,0.0,0.0,73d8c52a89607f1f,0.0,0.2952187647730233,0.020397708410613773,0.01728128801737991,0.02018922198630706,0.02823775121418342,0.05000000226320752,-7.5436553955078125,-0.19807233661413193,1.4915022611618043,-4.796768093109131,0.7476786017417908
qwen2.5-0.5b-instruct,0.4,5,False,authority_test,0.0,0.0,7ce1504cbdb83e1d,0.0,0.2952187647730233,0.020397708410613773,0.01728128801737991,0.02018922198630706,0.02823775121418342,0.05000000226320752,-7.5436553955078125,-0.19807233661413193,1.4915022611618043,-4.796768093109131,0.7476786017417908
qwen2.5-0.5b-instruct,0.4,5,False,authority_test,0.0,0.0,7d81fec0c0ad5cfb,1.0,0.2952187647730233,0.020397708410613773,0.01728128801737991,0.02018922198630706,0.02823775121418342,0.05000000226320752,-7.5436553955078125,-0.19807233661413193,1.4915022611618043,-4.796768093109131,0.7476786017417908
qwen2.5-0.5b-instruct,0.4,5,False,authority_test,0.0,0.0,853a8e6b978dc0e5,1.0,0.2952187647730233,0.020397708410613773,0.01728128801737991,0.02018922198630706,0.02823775121418342,0.05000000226320752,-7.5436553955078125,-0.19807233661413193,1.4915022611618043,-4.796768093109131,0.7476786017417908
qwen2.5-0.5b-instruct,0.4,5,False,authority_test,0.0,0.0,8a4b5dc09550b348,0.0,0.2952187647730233,0.020397708410613773,0.01728128801737991,0.02018922198630706,0.02823775121418342,0.05000000226320752,-7.5436553955078125,-0.19807233661413193,1.4915022611618043,-4.796768093109131,0.7476786017417908
qwen2.5-0.5b-instruct,0.4,5,False,authority_test,0.0,0.0,8d83ab85999515ac,0.0,0.2952187647730233,0.020397708410613773,0.01728128801737991,0.02018922198630706,0.02823775121418342,0.05000000226320752,-7.5436553955078125,-0.19807233661413193,1.4915022611618043,-4.796768093109131,0.7476786017417908
qwen2.5-0.5b-instruct,0.4,5,False,authority_test,0.0,0.0,8da22a2bb27cf9cd,0.0,0.2952187647730233,0.020397708410613773,0.01728128801737991,0.02018922198630706,0.02823775121418342,0.05000000226320752,-7.5436553955078125,-0.19807233661413193,1.4915022611618043,-4.796768093109131,0.7476786017417908
qwen2.5-0.5b-instruct,0.4,5,False,authority_test,0.0,0.0,9022e3c16577eb94,1.0,0.2952187647730233,0.020397708410613773,0.01728128801737991,0.02018922198630706,0.02823775121418342,0.05000000226320752,-7.5436553955078125,-0.19807233661413193,1.4915022611618043,-4.796768093109131,0.7476786017417908
qwen2.5-0.5b-instruct,0.4,5,False,authority_test,0.0,0.0,936e0b8c6301c7d8,0.0,0.2952187647730233,0.020397708410613773,0.01728128801737991,0.02018922198630706,0.02823775121418342,0.05000000226320752,-7.5436553955078125,-0.19807233661413193,1.4915022611618043,-4.796768093109131,0.7476786017417908
qwen2.5-0.5b-instruct,0.4,5,False,authority_test,0.0,0.0,944896031f0e373c,0.0,0.2952187647730233,0.020397708410613773,0.01728128801737991,0.02018922198630706,0.02823775121418342,0.05000000226320752,-7.5436553955078125,-0.19807233661413193,1.4915022611618043,-4.796768093109131,0.7476786017417908
qwen2.5-0.5b-instruct,0.4,5,False,authority_test,0.0,0.0,970c85fa32c52429,0.0,0.2952187647730233,0.020397708410613773,0.01728128801737991,0.02018922198630706,0.02823775121418342,0.05000000226320752,-7.5436553955078125,-0.19807233661413193,1.4915022611618043,-4.796768093109131,0.7476786017417908
qwen2.5-0.5b-instruct,0.4,5,False,authority_test,0.0,0.0,9d7c1f1cdad027ed,0.0,0.2952187647730233,0.020397708410613773,0.01728128801737991,0.02018922198630706,0.02823775121418342,0.05000000226320752,-7.5436553955078125,-0.19807233661413193,1.4915022611618043,-4.796768093109131,0.7476786017417908
qwen2.5-0.5b-instruct,0.4,5,False,authority_test,0.0,0.0,9f69978661a5c493,1.0,0.2952187647730233,0.020397708410613773,0.01728128801737991,0.02018922198630706,0.02823775121418342,0.05000000226320752,-7.5436553955078125,-0.19807233661413193,1.4915022611618043,-4.796768093109131,0.7476786017417908
qwen2.5-0.5b-instruct,0.4,5,False,authority_test,0.0,0.0,a9e716a840f16125,0.0,0.2952187647730233,0.020397708410613773,0.01728128801737991,0.02018922198630706,0.02823775121418342,0.05000000226320752,-7.5436553955078125,-0.19807233661413193,1.4915022611618043,-4.796768093109131,0.7476786017417908
qwen2.5-0.5b-instruct,0.4,5,False,authority_test,0.0,0.0,af2542aaf2cec400,0.0,0.2952187647730233,0.020397708410613773,0.01728128801737991,0.02018922198630706,0.02823775121418342,0.05000000226320752,-7.5436553955078125,-0.19807233661413193,1.4915022611618043,-4.796768093109131,0.7476786017417908
qwen2.5-0.5b-instruct,0.4,5,False,authority_test,0.0,0.0,b78b59e2a3c0adcb,1.0,0.2952187647730233,0.020397708410613773,0.01728128801737991,0.02018922198630706,0.02823775121418342,0.05000000226320752,-7.5436553955078125,-0.19807233661413193,1.4915022611618043,-4.796768093109131,0.7476786017417908
qwen2.5-0.5b-instruct,0.4,5,False,authority_test,0.0,0.0,bc3418728d141792,0.0,0.2952187647730233,0.020397708410613773,0.01728128801737991,0.02018922198630706,0.02823775121418342,0.05000000226320752,-7.5436553955078125,-0.19807233661413193,1.4915022611618043,-4.796768093109131,0.7476786017417908
qwen2.5-0.5b-instruct,0.4,5,False,authority_test,0.0,0.0,bf18d1ffdde86090,0.0,0.2952187647730233,0.020397708410613773,0.01728128801737991,0.02018922198630706,0.02823775121418342,0.05000000226320752,-7.5436553955078125,-0.19807233661413193,1.4915022611618043,-4.796768093109131,0.7476786017417908
qwen2.5-0.5b-instruct,0.4,5,False,authority_test,0.0,0.0,d07c4fcb537efb5a,1.0,0.2952187647730233,0.020397708410613773,0.01728128801737991,0.02018922198630706,0.02823775121418342,0.05000000226320752,-7.5436553955078125,-0.19807233661413193,1.4915022611618043,-4.796768093109131,0.7476786017417908
qwen2.5-0.5b-instruct,0.4,5,False,authority_test,0.0,0.0,d309edf9243881a9,0.0,0.2952187647730233,0.020397708410613773,0.01728128801737991,0.02018922198630706,0.02823775121418342,0.05000000226320752,-7.5436553955078125,-0.19807233661413193,1.4915022611618043,-4.796768093109131,0.7476786017417908
qwen2.5-0.5b-instruct,0.4,5,False,authority_test,0.0,0.0,d5ea8284b8ff154f,0.0,0.2952187647730233,0.020397708410613773,0.01728128801737991,0.02018922198630706,0.02823775121418342,0.05000000226320752,-7.5436553955078125,-0.19807233661413193,1.4915022611618043,-4.796768093109131,0.7476786017417908
qwen2.5-0.5b-instruct,0.4,5,False,authority_test,0.0,0.0,e4fcc40e432a1de9,0.0,0.2952187647730233,0.020397708410613773,0.01728128801737991,0.02018922198630706,0.02823775121418342,0.05000000226320752,-7.5436553955078125,-0.19807233661413193,1.4915022611618043,-4.796768093109131,0.7476786017417908
qwen2.5-0.5b-instruct,0.4,5,False,authority_test,0.0,0.0,e689c20cf634f61b,0.0,0.2952187647730233,0.020397708410613773,0.01728128801737991,0.02018922198630706,0.02823775121418342,0.05000000226320752,-7.5436553955078125,-0.19807233661413193,1.4915022611618043,-4.796768093109131,0.7476786017417908
qwen2.5-0.5b-instruct,0.4,5,False,authority_test,0.0,0.0,ed57017341d74a76,1.0,0.2952187647730233,0.020397708410613773,0.01728128801737991,0.02018922198630706,0.02823775121418342,0.05000000226320752,-7.5436553955078125,-0.19807233661413193,1.4915022611618043,-4.796768093109131,0.7476786017417908
qwen2.5-0.5b-instruct,0.4,5,False,authority_test,0.0,0.0,fb80856fbb14e104,0.0,0.2952187647730233,0.020397708410613773,0.01728128801737991,0.02018922198630706,0.02823775121418342,0.05000000226320752,-7.5436553955078125,-0.19807233661413193,1.4915022611618043,-4.796768093109131,0.7476786017417908
qwen2.5-0.5b-instruct,0.4,5,False,authority_test,0.0,0.0,fc477c545737032a,0.0,0.2952187647730233,0.020397708410613773,0.01728128801737991,0.02018922198630706,0.02823775121418342,0.05000000226320752,-7.5436553955078125,-0.19807233661413193,1.4915022611618043,-4.796768093109131,0.7476786017417908
qwen2.5-0.5b-instruct,0.4,5,False,authority_test,0.0,0.0,fec02ca49d763c26,0.0,0.2952187647730233,0.020397708410613773,0.01728128801737991,0.02018922198630706,0.02823775121418342,0.05000000226320752,-7.5436553955078125,-0.19807233661413193,1.4915022611618043,-4.796768093109131,0.7476786017417908
qwen2.5-0.5b-instruct,0.4,5,False,authority_test,0.0,2.0,0050cc7876e55913,0.0,0.2952187647730233,0.020397708410613773,0.013066766905183002,0.015435241520118784,0.023867339087925665,0.04738171509443788,-8.01217269897461,-0.7019272685050965,1.4763476848602295,-5.265285778045654,0.18735411167144775
qwen2.5-0.5b-instruct,0.4,5,False,authority_test,0.0,2.0,005781a48b483502,0.0,0.2952187647730233,0.020397708410613773,0.013066766905183002,0.015435241520118784,0.023867339087925665,0.04738171509443788,-8.01217269897461,-0.7019272685050965,1.4763476848602295,-5.265285778045654,0.18735411167144775
qwen2.5-0.5b-instruct,0.4,5,False,authority_test,0.0,2.0,02e457941f8b4c86,0.0,0.2952187647730233,0.020397708410613773,0.013066766905183002,0.015435241520118784,0.023867339087925665,0.04738171509443788,-8.01217269897461,-0.7019272685050965,1.4763476848602295,-5.265285778045654,0.18735411167144775
qwen2.5-0.5b-instruct,0.4,5,False,authority_test,0.0,2.0,0b7dac16eea5116b,0.008438818565400852,0.2952187647730233,0.020397708410613773,0.013066766905183002,0.015435241520118784,0.023867339087925665,0.04738171509443788,-8.01217269897461,-0.7019272685050965,1.4763476848602295,-5.265285778045654,0.18735411167144775
qwen2.5-0.5b-instruct,0.4,5,False,authority_test,0.0,2.0,10130194674cbf8b,0.0,0.2952187647730233,0.020397708410613773,0.013066766905183002,0.015435241520118784,0.023867339087925665,0.04738171509443788,-8.01217269897461,-0.7019272685050965,1.4763476848602295,-5.265285778045654,0.18735411167144775
qwen2.5-0.5b-instruct,0.4,5,False,authority_test,0.0,2.0,1d701acfc6c6d4fa,0.010471204188481686,0.2952187647730233,0.020397708410613773,0.013066766905183002,0.015435241520118784,0.023867339087925665,0.04738171509443788,-8.01217269897461,-0.7019272685050965,1.4763476848602295,-5.265285778045654,0.18735411167144775
qwen2.5-0.5b-instruct,0.4,5,False,authority_test,0.0,2.0,1df1518943bb0a9e,0.0,0.2952187647730233,0.020397708410613773,0.013066766905183002,0.015435241520118784,0.023867339087925665,0.04738171509443788,-8.01217269897461,-0.7019272685050965,1.4763476848602295,-5.265285778045654,0.18735411167144775
qwen2.5-0.5b-instruct,0.4,5,False,authority_test,0.0,2.0,1edc5f328c1371c5,0.0,0.2952187647730233,0.020397708410613773,0.013066766905183002,0.015435241520118784,0.023867339087925665,0.04738171509443788,-8.01217269897461,-0.7019272685050965,1.4763476848602295,-5.265285778045654,0.18735411167144775
qwen2.5-0.5b-instruct,0.4,5,False,authority_test,0.0,2.0,20ca69931a7f3f69,1.0,0.2952187647730233,0.020397708410613773,0.013066766905183002,0.015435241520118784,0.023867339087925665,0.04738171509443788,-8.01217269897461,-0.7019272685050965,1.4763476848602295,-5.265285778045654,0.18735411167144775
qwen2.5-0.5b-instruct,0.4,5,False,authority_test,0.0,2.0,22971b5f73ffc4ed,0.018867924528301883,0.2952187647730233,0.020397708410613773,0.013066766905183002,0.015435241520118784,0.023867339087925665,0.04738171509443788,-8.01217269897461,-0.7019272685050965,1.4763476848602295,-5.265285778045654,0.18735411167144775
qwen2.5-0.5b-instruct,0.4,5,False,authority_test,0.0,2.0,244dcd310f4f3355,0.0,0.2952187647730233,0.020397708410613773,0.013066766905183002,0.015435241520118784,0.023867339087925665,0.04738171509443788,-8.01217269897461,-0.7019272685050965,1.4763476848602295,-5.265285778045654,0.18735411167144775
qwen2.5-0.5b-instruct,0.4,5,False,authority_test,0.0,2.0,288a3dfeffedf427,0.0,0.2952187647730233,0.020397708410613773,0.013066766905183002,0.015435241520118784,0.023867339087925665,0.04738171509443788,-8.01217269897461,-0.7019272685050965,1.4763476848602295,-5.265285778045654,0.18735411167144775
qwen2.5-0.5b-instruct,0.4,5,False,authority_test,0.0,2.0,2b5a55d1cc0067b2,0.0,0.2952187647730233,0.020397708410613773,0.013066766905183002,0.015435241520118784,0.023867339087925665,0.04738171509443788,-8.01217269897461,-0.7019272685050965,1.4763476848602295,-5.265285778045654,0.18735411167144775
qwen2.5-0.5b-instruct,0.4,5,False,authority_test,0.0,2.0,2d2c5781c810e5ad,0.0,0.2952187647730233,0.020397708410613773,0.013066766905183002,0.015435241520118784,0.023867339087925665,0.04738171509443788,-8.01217269897461,-0.7019272685050965,1.4763476848602295,-5.265285778045654,0.18735411167144775
qwen2.5-0.5b-instruct,0.4,5,False,authority_test,0.0,2.0,36e26290ffdc487c,0.0,0.2952187647730233,0.020397708410613773,0.013066766905183002,0.015435241520118784,0.023867339087925665,0.04738171509443788,-8.01217269897461,-0.7019272685050965,1.4763476848602295,-5.265285778045654,0.18735411167144775
qwen2.5-0.5b-instruct,0.4,5,False,authority_test,0.0,2.0,3991f39ca9af3d98,0.008000000000000007,0.2952187647730233,0.020397708410613773,0.013066766905183002,0.015435241520118784,0.023867339087925665,0.04738171509443788,-8.01217269897461,-0.7019272685050965,1.4763476848602295,-5.265285778045654,0.18735411167144775
qwen2.5-0.5b-instruct,0.4,5,False,authority_test,0.0,2.0,41cbf566cb043949,0.0,0.2952187647730233,0.020397708410613773,0.013066766905183002,0.015435241520118784,0.023867339087925665,0.04738171509443788,-8.01217269897461,-0.7019272685050965,1.4763476848602295,-5.265285778045654,0.18735411167144775
qwen2.5-0.5b-instruct,0.4,5,False,authority_test,0.0,2.0,4ab9fb541f3f6c30,1.0,0.2952187647730233,0.020397708410613773,0.013066766905183002,0.015435241520118784,0.023867339087925665,0.04738171509443788,-8.01217269897461,-0.7019272685050965,1.4763476848602295,-5.265285778045654,0.18735411167144775
qwen2.5-0.5b-instruct,0.4,5,False,authority_test,0.0,2.0,4abdfd3d1917cd04,0.00952380952380949,0.2952187647730233,0.020397708410613773,0.013066766905183002,0.015435241520118784,0.023867339087925665,0.04738171509443788,-8.01217269897461,-0.7019272685050965,1.4763476848602295,-5.265285778045654,0.18735411167144775
qwen2.5-0.5b-instruct,0.4,5,False,authority_test,0.0,2.0,4b8d3c3c6c10deb8,0.0,0.2952187647730233,0.020397708410613773,0.013066766905183002,0.015435241520118784,0.023867339087925665,0.04738171509443788,-8.01217269897461,-0.7019272685050965,1.4763476848602295,-5.265285778045654,0.18735411167144775
qwen2.5-0.5b-instruct,0.4,5,False,authority_test,0.0,2.0,4da5a7ea784f8c6d,0.0,0.2952187647730233,0.020397708410613773,0.013066766905183002,0.015435241520118784,0.023867339087925665,0.04738171509443788,-8.01217269897461,-0.7019272685050965,1.4763476848602295,-5.265285778045654,0.18735411167144775
qwen2.5-0.5b-instruct,0.4,5,False,authority_test,0.0,2.0,587a815c09452a66,0.0,0.2952187647730233,0.020397708410613773,0.013066766905183002,0.015435241520118784,0.023867339087925665,0.04738171509443788,-8.01217269897461,-0.7019272685050965,1.4763476848602295,-5.265285778045654,0.18735411167144775
qwen2.5-0.5b-instruct,0.4,5,False,authority_test,0.0,2.0,727d42f9caba144c,0.0,0.2952187647730233,0.020397708410613773,0.013066766905183002,0.015435241520118784,0.023867339087925665,0.04738171509443788,-8.01217269897461,-0.7019272685050965,1.4763476848602295,-5.265285778045654,0.18735411167144775
qwen2.5-0.5b-instruct,0.4,5,False,authority_test,0.0,2.0,73d8c52a89607f1f,0.0,0.2952187647730233,0.020397708410613773,0.013066766905183002,0.015435241520118784,0.023867339087925665,0.04738171509443788,-8.01217269897461,-0.7019272685050965,1.4763476848602295,-5.265285778045654,0.18735411167144775
qwen2.5-0.5b-instruct,0.4,5,False,authority_test,0.0,2.0,7ce1504cbdb83e1d,0.0,0.2952187647730233,0.020397708410613773,0.013066766905183002,0.015435241520118784,0.023867339087925665,0.04738171509443788,-8.01217269897461,-0.7019272685050965,1.4763476848602295,-5.265285778045654,0.18735411167144775
qwen2.5-0.5b-instruct,0.4,5,False,authority_test,0.0,2.0,7d81fec0c0ad5cfb,1.0,0.2952187647730233,0.020397708410613773,0.013066766905183002,0.015435241520118784,0.023867339087925665,0.04738171509443788,-8.01217269897461,-0.7019272685050965,1.4763476848602295,-5.265285778045654,0.18735411167144775
qwen2.5-0.5b-instruct,0.4,5,False,authority_test,0.0,2.0,853a8e6b978dc0e5,0.0,0.2952187647730233,0.020397708410613773,0.013066766905183002,0.015435241520118784,0.023867339087925665,0.04738171509443788,-8.01217269897461,-0.7019272685050965,1.4763476848602295,-5.265285778045654,0.18735411167144775
qwen2.5-0.5b-instruct,0.4,5,False,authority_test,0.0,2.0,8a4b5dc09550b348,0.0,0.2952187647730233,0.020397708410613773,0.013066766905183002,0.015435241520118784,0.023867339087925665,0.04738171509443788,-8.01217269897461,-0.7019272685050965,1.4763476848602295,-5.265285778045654,0.18735411167144775
qwen2.5-0.5b-instruct,0.4,5,False,authority_test,0.0,2.0,8d83ab85999515ac,0.007692307692307665,0.2952187647730233,0.020397708410613773,0.013066766905183002,0.015435241520118784,0.023867339087925665,0.04738171509443788,-8.01217269897461,-0.7019272685050965,1.4763476848602295,-5.265285778045654,0.18735411167144775
qwen2.5-0.5b-instruct,0.4,5,False,authority_test,0.0,2.0,8da22a2bb27cf9cd,0.0,0.2952187647730233,0.020397708410613773,0.013066766905183002,0.015435241520118784,0.023867339087925665,0.04738171509443788,-8.01217269897461,-0.7019272685050965,1.4763476848602295,-5.265285778045654,0.18735411167144775
qwen2.5-0.5b-instruct,0.4,5,False,authority_test,0.0,2.0,9022e3c16577eb94,0.0,0.2952187647730233,0.020397708410613773,0.013066766905183002,0.015435241520118784,0.023867339087925665,0.04738171509443788,-8.01217269897461,-0.7019272685050965,1.4763476848602295,-5.265285778045654,0.18735411167144775
qwen2.5-0.5b-instruct,0.4,5,False,authority_test,0.0,2.0,936e0b8c6301c7d8,0.008000000000000007,0.2952187647730233,0.020397708410613773,0.013066766905183002,0.015435241520118784,0.023867339087925665,0.04738171509443788,-8.01217269897461,-0.7019272685050965,1.4763476848602295,-5.265285778045654,0.18735411167144775
qwen2.5-0.5b-instruct,0.4,5,False,authority_test,0.0,2.0,944896031f0e373c,0.0,0.2952187647730233,0.020397708410613773,0.013066766905183002,0.015435241520118784,0.023867339087925665,0.04738171509443788,-8.01217269897461,-0.7019272685050965,1.4763476848602295,-5.265285778045654,0.18735411167144775
qwen2.5-0.5b-instruct,0.4,5,False,authority_test,0.0,2.0,970c85fa32c52429,0.0,0.2952187647730233,0.020397708410613773,0.013066766905183002,0.015435241520118784,0.023867339087925665,0.04738171509443788,-8.01217269897461,-0.7019272685050965,1.4763476848602295,-5.265285778045654,0.18735411167144775
qwen2.5-0.5b-instruct,0.4,5,False,authority_test,0.0,2.0,9d7c1f1cdad027ed,0.0,0.2952187647730233,0.020397708410613773,0.013066766905183002,0.015435241520118784,0.023867339087925665,0.04738171509443788,-8.01217269897461,-0.7019272685050965,1.4763476848602295,-5.265285778045654,0.18735411167144775
qwen2.5-0.5b-instruct,0.4,5,False,authority_test,0.0,2.0,9f69978661a5c493,1.0,0.2952187647730233,0.020397708410613773,0.013066766905183002,0.015435241520118784,0.023867339087925665,0.04738171509443788,-8.01217269897461,-0.7019272685050965,1.4763476848602295,-5.265285778045654,0.18735411167144775
qwen2.5-0.5b-instruct,0.4,5,False,authority_test,0.0,2.0,a9e716a840f16125,0.0,0.2952187647730233,0.020397708410613773,0.013066766905183002,0.015435241520118784,0.023867339087925665,0.04738171509443788,-8.01217269897461,-0.7019272685050965,1.4763476848602295,-5.265285778045654,0.18735411167144775
qwen2.5-0.5b-instruct,0.4,5,False,authority_test,0.0,2.0,af2542aaf2cec400,0.0,0.2952187647730233,0.020397708410613773,0.013066766905183002,0.015435241520118784,0.023867339087925665,0.04738171509443788,-8.01217269897461,-0.7019272685050965,1.4763476848602295,-5.265285778045654,0.18735411167144775
qwen2.5-0.5b-instruct,0.4,5,False,authority_test,0.0,2.0,b78b59e2a3c0adcb,0.0,0.2952187647730233,0.020397708410613773,0.013066766905183002,0.015435241520118784,0.023867339087925665,0.04738171509443788,-8.01217269897461,-0.7019272685050965,1.4763476848602295,-5.265285778045654,0.18735411167144775
qwen2.5-0.5b-instruct,0.4,5,False,authority_test,0.0,2.0,bc3418728d141792,0.0,0.2952187647730233,0.020397708410613773,0.013066766905183002,0.015435241520118784,0.023867339087925665,0.04738171509443788,-8.01217269897461,-0.7019272685050965,1.4763476848602295,-5.265285778045654,0.18735411167144775
qwen2.5-0.5b-instruct,0.4,5,False,authority_test,0.0,2.0,bf18d1ffdde86090,0.0,0.2952187647730233,0.020397708410613773,0.013066766905183002,0.015435241520118784,0.023867339087925665,0.04738171509443788,-8.01217269897461,-0.7019272685050965,1.4763476848602295,-5.265285778045654,0.18735411167144775
qwen2.5-0.5b-instruct,0.4,5,False,authority_test,0.0,2.0,d07c4fcb537efb5a,0.0,0.2952187647730233,0.020397708410613773,0.013066766905183002,0.015435241520118784,0.023867339087925665,0.04738171509443788,-8.01217269897461,-0.7019272685050965,1.4763476848602295,-5.265285778045654,0.18735411167144775
qwen2.5-0.5b-instruct,0.4,5,False,authority_test,0.0,2.0,d309edf9243881a9,0.0,0.2952187647730233,0.020397708410613773,0.013066766905183002,0.015435241520118784,0.023867339087925665,0.04738171509443788,-8.01217269897461,-0.7019272685050965,1.4763476848602295,-5.265285778045654,0.18735411167144775
qwen2.5-0.5b-instruct,0.4,5,False,authority_test,0.0,2.0,d5ea8284b8ff154f,0.009049773755656076,0.2952187647730233,0.020397708410613773,0.013066766905183002,0.015435241520118784,0.023867339087925665,0.04738171509443788,-8.01217269897461,-0.7019272685050965,1.4763476848602295,-5.265285778045654,0.18735411167144775
qwen2.5-0.5b-instruct,0.4,5,False,authority_test,0.0,2.0,e4fcc40e432a1de9,0.0,0.2952187647730233,0.020397708410613773,0.013066766905183002,0.015435241520118784,0.023867339087925665,0.04738171509443788,-8.01217269897461,-0.7019272685050965,1.4763476848602295,-5.265285778045654,0.18735411167144775
qwen2.5-0.5b-instruct,0.4,5,False,authority_test,0.0,2.0,e689c20cf634f61b,1.0,0.2952187647730233,0.020397708410613773,0.013066766905183002,0.015435241520118784,0.023867339087925665,0.04738171509443788,-8.01217269897461,-0.7019272685050965,1.4763476848602295,-5.265285778045654,0.18735411167144775
qwen2.5-0.5b-instruct,0.4,5,False,authority_test,0.0,2.0,ed57017341d74a76,0.0,0.2952187647730233,0.020397708410613773,0.013066766905183002,0.015435241520118784,0.023867339087925665,0.04738171509443788,-8.01217269897461,-0.7019272685050965,1.4763476848602295,-5.265285778045654,0.18735411167144775
qwen2.5-0.5b-instruct,0.4,5,False,authority_test,0.0,2.0,fb80856fbb14e104,0.33333333333333337,0.2952187647730233,0.020397708410613773,0.013066766905183002,0.015435241520118784,0.023867339087925665,0.04738171509443788,-8.01217269897461,-0.7019272685050965,1.4763476848602295,-5.265285778045654,0.18735411167144775
qwen2.5-0.5b-instruct,0.4,5,False,authority_test,0.0,2.0,fc477c545737032a,0.0,0.2952187647730233,0.020397708410613773,0.013066766905183002,0.015435241520118784,0.023867339087925665,0.04738171509443788,-8.01217269897461,-0.7019272685050965,1.4763476848602295,-5.265285778045654,0.18735411167144775
qwen2.5-0.5b-instruct,0.4,5,False,authority_test,0.0,2.0,fec02ca49d763c26,0.0,0.2952187647730233,0.020397708410613773,0.013066766905183002,0.015435241520118784,0.023867339087925665,0.04738171509443788,-8.01217269897461,-0.7019272685050965,1.4763476848602295,-5.265285778045654,0.18735411167144775
qwen2.5-0.5b-instruct,0.4,5,False,authority_test,2.0,0.0,0050cc7876e55913,0.0,0.2952187647730233,0.020397708410613773,0.01934432883708307,0.02389649643103437,0.03785222090471307,0.05000000233163336,-7.5436553955078125,-0.19367202706634998,1.4932001113891602,-4.796768093109131,0.7524282217025757
qwen2.5-0.5b-instruct,0.4,5,False,authority_test,2.0,0.0,005781a48b483502,0.02564102564102566,0.2952187647730233,0.020397708410613773,0.01934432883708307,0.02389649643103437,0.03785222090471307,0.05000000233163336,-7.5436553955078125,-0.19367202706634998,1.4932001113891602,-4.796768093109131,0.7524282217025757
qwen2.5-0.5b-instruct,0.4,5,False,authority_test,2.0,0.0,02e457941f8b4c86,0.0,0.2952187647730233,0.020397708410613773,0.01934432883708307,0.02389649643103437,0.03785222090471307,0.05000000233163336,-7.5436553955078125,-0.19367202706634998,1.4932001113891602,-4.796768093109131,0.7524282217025757
qwen2.5-0.5b-instruct,0.4,5,False,authority_test,2.0,0.0,0b7dac16eea5116b,1.0,0.2952187647730233,0.020397708410613773,0.01934432883708307,0.02389649643103437,0.03785222090471307,0.05000000233163336,-7.5436553955078125,-0.19367202706634998,1.4932001113891602,-4.796768093109131,0.7524282217025757
qwen2.5-0.5b-instruct,0.4,5,False,authority_test,2.0,0.0,10130194674cbf8b,1.0,0.2952187647730233,0.020397708410613773,0.01934432883708307,0.02389649643103437,0.03785222090471307,0.05000000233163336,-7.5436553955078125,-0.19367202706634998,1.4932001113891602,-4.796768093109131,0.7524282217025757
qwen2.5-0.5b-instruct,0.4,5,False,authority_test,2.0,0.0,1d701acfc6c6d4fa,0.010810810810810811,0.2952187647730233,0.020397708410613773,0.01934432883708307,0.02389649643103437,0.03785222090471307,0.05000000233163336,-7.5436553955078125,-0.19367202706634998,1.4932001113891602,-4.796768093109131,0.7524282217025757
qwen2.5-0.5b-instruct,0.4,5,False,authority_test,2.0,0.0,1df1518943bb0a9e,0.0,0.2952187647730233,0.020397708410613773,0.01934432883708307,0.02389649643103437,0.03785222090471307,0.05000000233163336,-7.5436553955078125,-0.19367202706634998,1.4932001113891602,-4.796768093109131,0.7524282217025757
qwen2.5-0.5b-instruct,0.4,5,False,authority_test,2.0,0.0,1edc5f328c1371c5,0.0,0.2952187647730233,0.020397708410613773,0.01934432883708307,0.02389649643103437,0.03785222090471307,0.05000000233163336,-7.5436553955078125,-0.19367202706634998,1.4932001113891602,-4.796768093109131,0.7524282217025757
qwen2.5-0.5b-instruct,0.4,5,False,authority_test,2.0,0.0,20ca69931a7f3f69,1.0,0.2952187647730233,0.020397708410613773,0.01934432883708307,0.02389649643103437,0.03785222090471307,0.05000000233163336,-7.5436553955078125,-0.19367202706634998,1.4932001113891602,-4.796768093109131,0.7524282217025757
qwen2.5-0.5b-instruct,0.4,5,False,authority_test,2.0,0.0,22971b5f73ffc4ed,0.008620689655172376,0.2952187647730233,0.020397708410613773,0.01934432883708307,0.02389649643103437,0.03785222090471307,0.05000000233163336,-7.5436553955078125,-0.19367202706634998,1.4932001113891602,-4.796768093109131,0.7524282217025757
qwen2.5-0.5b-instruct,0.4,5,False,authority_test,2.0,0.0,244dcd310f4f3355,0.0,0.2952187647730233,0.020397708410613773,0.01934432883708307,0.02389649643103437,0.03785222090471307,0.05000000233163336,-7.5436553955078125,-0.19367202706634998,1.4932001113891602,-4.796768093109131,0.7524282217025757
qwen2.5-0.5b-instruct,0.4,5,False,authority_test,2.0,0.0,288a3dfeffedf427,0.0,0.2952187647730233,0.020397708410613773,0.01934432883708307,0.02389649643103437,0.03785222090471307,0.05000000233163336,-7.5436553955078125,-0.19367202706634998,1.4932001113891602,-4.796768093109131,0.7524282217025757
qwen2.5-0.5b-instruct,0.4,5,False,authority_test,2.0,0.0,2b5a55d1cc0067b2,0.0,0.2952187647730233,0.020397708410613773,0.01934432883708307,0.02389649643103437,0.03785222090471307,0.05000000233163336,-7.5436553955078125,-0.19367202706634998,1.4932001113891602,-4.796768093109131,0.7524282217025757
qwen2.5-0.5b-instruct,0.4,5,False,authority_test,2.0,0.0,2d2c5781c810e5ad,1.0,0.2952187647730233,0.020397708410613773,0.01934432883708307,0.02389649643103437,0.03785222090471307,0.05000000233163336,-7.5436553955078125,-0.19367202706634998,1.4932001113891602,-4.796768093109131,0.7524282217025757
qwen2.5-0.5b-instruct,0.4,5,False,authority_test,2.0,0.0,36e26290ffdc487c,0.0,0.2952187647730233,0.020397708410613773,0.01934432883708307,0.02389649643103437,0.03785222090471307,0.05000000233163336,-7.5436553955078125,-0.19367202706634998,1.4932001113891602,-4.796768093109131,0.7524282217025757
qwen2.5-0.5b-instruct,0.4,5,False,authority_test,2.0,0.0,3991f39ca9af3d98,0.0,0.2952187647730233,0.020397708410613773,0.01934432883708307,0.02389649643103437,0.03785222090471307,0.05000000233163336,-7.5436553955078125,-0.19367202706634998,1.4932001113891602,-4.796768093109131,0.7524282217025757
qwen2.5-0.5b-instruct,0.4,5,False,authority_test,2.0,0.0,41cbf566cb043949,0.0,0.2952187647730233,0.020397708410613773,0.01934432883708307,0.02389649643103437,0.03785222090471307,0.05000000233163336,-7.5436553955078125,-0.19367202706634998,1.4932001113891602,-4.796768093109131,0.7524282217025757
qwen2.5-0.5b-instruct,0.4,5,False,authority_test,2.0,0.0,4ab9fb541f3f6c30,1.0,0.2952187647730233,0.020397708410613773,0.01934432883708307,0.02389649643103437,0.03785222090471307,0.05000000233163336,-7.5436553955078125,-0.19367202706634998,1.4932001113891602,-4.796768093109131,0.7524282217025757
qwen2.5-0.5b-instruct,0.4,5,False,authority_test,2.0,0.0,4abdfd3d1917cd04,0.008264462809917328,0.2952187647730233,0.020397708410613773,0.01934432883708307,0.02389649643103437,0.03785222090471307,0.05000000233163336,-7.5436553955078125,-0.19367202706634998,1.4932001113891602,-4.796768093109131,0.7524282217025757
qwen2.5-0.5b-instruct,0.4,5,False,authority_test,2.0,0.0,4b8d3c3c6c10deb8,0.0,0.2952187647730233,0.020397708410613773,0.01934432883708307,0.02389649643103437,0.03785222090471307,0.05000000233163336,-7.5436553955078125,-0.19367202706634998,1.4932001113891602,-4.796768093109131,0.7524282217025757
qwen2.5-0.5b-instruct,0.4,5,False,authority_test,2.0,0.0,4da5a7ea784f8c6d,0.0,0.2952187647730233,0.020397708410613773,0.01934432883708307,0.02389649643103437,0.03785222090471307,0.05000000233163336,-7.5436553955078125,-0.19367202706634998,1.4932001113891602,-4.796768093109131,0.7524282217025757
qwen2.5-0.5b-instruct,0.4,5,False,authority_test,2.0,0.0,587a815c09452a66,0.0,0.2952187647730233,0.020397708410613773,0.01934432883708307,0.02389649643103437,0.03785222090471307,0.05000000233163336,-7.5436553955078125,-0.19367202706634998,1.4932001113891602,-4.796768093109131,0.7524282217025757
qwen2.5-0.5b-instruct,0.4,5,False,authority_test,2.0,0.0,727d42f9caba144c,1.0,0.2952187647730233,0.020397708410613773,0.01934432883708307,0.02389649643103437,0.03785222090471307,0.05000000233163336,-7.5436553955078125,-0.19367202706634998,1.4932001113891602,-4.796768093109131,0.7524282217025757
qwen2.5-0.5b-instruct,0.4,5,False,authority_test,2.0,0.0,73d8c52a89607f1f,0.0,0.2952187647730233,0.020397708410613773,0.01934432883708307,0.02389649643103437,0.03785222090471307,0.05000000233163336,-7.5436553955078125,-0.19367202706634998,1.4932001113891602,-4.796768093109131,0.7524282217025757
qwen2.5-0.5b-instruct,0.4,5,False,authority_test,2.0,0.0,7ce1504cbdb83e1d,0.0,0.2952187647730233,0.020397708410613773,0.01934432883708307,0.02389649643103437,0.03785222090471307,0.05000000233163336,-7.5436553955078125,-0.19367202706634998,1.4932001113891602,-4.796768093109131,0.7524282217025757
qwen2.5-0.5b-instruct,0.4,5,False,authority_test,2.0,0.0,7d81fec0c0ad5cfb,1.0,0.2952187647730233,0.020397708410613773,0.01934432883708307,0.02389649643103437,0.03785222090471307,0.05000000233163336,-7.5436553955078125,-0.19367202706634998,1.4932001113891602,-4.796768093109131,0.7524282217025757
qwen2.5-0.5b-instruct,0.4,5,False,authority_test,2.0,0.0,853a8e6b978dc0e5,1.0,0.2952187647730233,0.020397708410613773,0.01934432883708307,0.02389649643103437,0.03785222090471307,0.05000000233163336,-7.5436553955078125,-0.19367202706634998,1.4932001113891602,-4.796768093109131,0.7524282217025757
qwen2.5-0.5b-instruct,0.4,5,False,authority_test,2.0,0.0,8a4b5dc09550b348,0.0,0.2952187647730233,0.020397708410613773,0.01934432883708307,0.02389649643103437,0.03785222090471307,0.05000000233163336,-7.5436553955078125,-0.19367202706634998,1.4932001113891602,-4.796768093109131,0.7524282217025757
qwen2.5-0.5b-instruct,0.4,5,False,authority_test,2.0,0.0,8d83ab85999515ac,0.0,0.2952187647730233,0.020397708410613773,0.01934432883708307,0.02389649643103437,0.03785222090471307,0.05000000233163336,-7.5436553955078125,-0.19367202706634998,1.4932001113891602,-4.796768093109131,0.7524282217025757
qwen2.5-0.5b-instruct,0.4,5,False,authority_test,2.0,0.0,8da22a2bb27cf9cd,0.0,0.2952187647730233,0.020397708410613773,0.01934432883708307,0.02389649643103437,0.03785222090471307,0.05000000233163336,-7.5436553955078125,-0.19367202706634998,1.4932001113891602,-4.796768093109131,0.7524282217025757
qwen2.5-0.5b-instruct,0.4,5,False,authority_test,2.0,0.0,9022e3c16577eb94,1.0,0.2952187647730233,0.020397708410613773,0.01934432883708307,0.02389649643103437,0.03785222090471307,0.05000000233163336,-7.5436553955078125,-0.19367202706634998,1.4932001113891602,-4.796768093109131,0.7524282217025757
qwen2.5-0.5b-instruct,0.4,5,False,authority_test,2.0,0.0,936e0b8c6301c7d8,0.0,0.2952187647730233,0.020397708410613773,0.01934432883708307,0.02389649643103437,0.03785222090471307,0.05000000233163336,-7.5436553955078125,-0.19367202706634998,1.4932001113891602,-4.796768093109131,0.7524282217025757
qwen2.5-0.5b-instruct,0.4,5,False,authority_test,2.0,0.0,944896031f0e373c,0.0,0.2952187647730233,0.020397708410613773,0.01934432883708307,0.02389649643103437,0.03785222090471307,0.05000000233163336,-7.5436553955078125,-0.19367202706634998,1.4932001113891602,-4.796768093109131,0.7524282217025757
qwen2.5-0.5b-instruct,0.4,5,False,authority_test,2.0,0.0,970c85fa32c52429,0.0,0.2952187647730233,0.020397708410613773,0.01934432883708307,0.02389649643103437,0.03785222090471307,0.05000000233163336,-7.5436553955078125,-0.19367202706634998,1.4932001113891602,-4.796768093109131,0.7524282217025757
qwen2.5-0.5b-instruct,0.4,5,False,authority_test,2.0,0.0,9d7c1f1cdad027ed,0.0,0.2952187647730233,0.020397708410613773,0.01934432883708307,0.02389649643103437,0.03785222090471307,0.05000000233163336,-7.5436553955078125,-0.19367202706634998,1.4932001113891602,-4.796768093109131,0.7524282217025757
qwen2.5-0.5b-instruct,0.4,5,False,authority_test,2.0,0.0,9f69978661a5c493,1.0,0.2952187647730233,0.020397708410613773,0.01934432883708307,0.02389649643103437,0.03785222090471307,0.05000000233163336,-7.5436553955078125,-0.19367202706634998,1.4932001113891602,-4.796768093109131,0.7524282217025757
qwen2.5-0.5b-instruct,0.4,5,False,authority_test,2.0,0.0,a9e716a840f16125,0.0,0.2952187647730233,0.020397708410613773,0.01934432883708307,0.02389649643103437,0.03785222090471307,0.05000000233163336,-7.5436553955078125,-0.19367202706634998,1.4932001113891602,-4.796768093109131,0.7524282217025757
qwen2.5-0.5b-instruct,0.4,5,False,authority_test,2.0,0.0,af2542aaf2cec400,0.0,0.2952187647730233,0.020397708410613773,0.01934432883708307,0.02389649643103437,0.03785222090471307,0.05000000233163336,-7.5436553955078125,-0.19367202706634998,1.4932001113891602,-4.796768093109131,0.7524282217025757
qwen2.5-0.5b-instruct,0.4,5,False,authority_test,2.0,0.0,b78b59e2a3c0adcb,0.0,0.2952187647730233,0.020397708410613773,0.01934432883708307,0.02389649643103437,0.03785222090471307,0.05000000233163336,-7.5436553955078125,-0.19367202706634998,1.4932001113891602,-4.796768093109131,0.7524282217025757
qwen2.5-0.5b-instruct,0.4,5,False,authority_test,2.0,0.0,bc3418728d141792,0.0,0.2952187647730233,0.020397708410613773,0.01934432883708307,0.02389649643103437,0.03785222090471307,0.05000000233163336,-7.5436553955078125,-0.19367202706634998,1.4932001113891602,-4.796768093109131,0.7524282217025757
qwen2.5-0.5b-instruct,0.4,5,False,authority_test,2.0,0.0,bf18d1ffdde86090,0.0,0.2952187647730233,0.020397708410613773,0.01934432883708307,0.02389649643103437,0.03785222090471307,0.05000000233163336,-7.5436553955078125,-0.19367202706634998,1.4932001113891602,-4.796768093109131,0.7524282217025757
qwen2.5-0.5b-instruct,0.4,5,False,authority_test,2.0,0.0,d07c4fcb537efb5a,1.0,0.2952187647730233,0.020397708410613773,0.01934432883708307,0.02389649643103437,0.03785222090471307,0.05000000233163336,-7.5436553955078125,-0.19367202706634998,1.4932001113891602,-4.796768093109131,0.7524282217025757
qwen2.5-0.5b-instruct,0.4,5,False,authority_test,2.0,0.0,d309edf9243881a9,0.0,0.2952187647730233,0.020397708410613773,0.01934432883708307,0.02389649643103437,0.03785222090471307,0.05000000233163336,-7.5436553955078125,-0.19367202706634998,1.4932001113891602,-4.796768093109131,0.7524282217025757
qwen2.5-0.5b-instruct,0.4,5,False,authority_test,2.0,0.0,d5ea8284b8ff154f,0.0,0.2952187647730233,0.020397708410613773,0.01934432883708307,0.02389649643103437,0.03785222090471307,0.05000000233163336,-7.5436553955078125,-0.19367202706634998,1.4932001113891602,-4.796768093109131,0.7524282217025757
qwen2.5-0.5b-instruct,0.4,5,False,authority_test,2.0,0.0,e4fcc40e432a1de9,0.0,0.2952187647730233,0.020397708410613773,0.01934432883708307,0.02389649643103437,0.03785222090471307,0.05000000233163336,-7.5436553955078125,-0.19367202706634998,1.4932001113891602,-4.796768093109131,0.7524282217025757
qwen2.5-0.5b-instruct,0.4,5,False,authority_test,2.0,0.0,e689c20cf634f61b,0.0,0.2952187647730233,0.020397708410613773,0.01934432883708307,0.02389649643103437,0.03785222090471307,0.05000000233163336,-7.5436553955078125,-0.19367202706634998,1.4932001113891602,-4.796768093109131,0.7524282217025757
qwen2.5-0.5b-instruct,0.4,5,False,authority_test,2.0,0.0,ed57017341d74a76,1.0,0.2952187647730233,0.020397708410613773,0.01934432883708307,0.02389649643103437,0.03785222090471307,0.05000000233163336,-7.5436553955078125,-0.19367202706634998,1.4932001113891602,-4.796768093109131,0.7524282217025757
qwen2.5-0.5b-instruct,0.4,5,False,authority_test,2.0,0.0,fb80856fbb14e104,0.0,0.2952187647730233,0.020397708410613773,0.01934432883708307,0.02389649643103437,0.03785222090471307,0.05000000233163336,-7.5436553955078125,-0.19367202706634998,1.4932001113891602,-4.796768093109131,0.7524282217025757
qwen2.5-0.5b-instruct,0.4,5,False,authority_test,2.0,0.0,fc477c545737032a,0.0,0.2952187647730233,0.020397708410613773,0.01934432883708307,0.02389649643103437,0.03785222090471307,0.05000000233163336,-7.5436553955078125,-0.19367202706634998,1.4932001113891602,-4.796768093109131,0.7524282217025757
qwen2.5-0.5b-instruct,0.4,5,False,authority_test,2.0,0.0,fec02ca49d763c26,0.0,0.2952187647730233,0.020397708410613773,0.01934432883708307,0.02389649643103437,0.03785222090471307,0.05000000233163336,-7.5436553955078125,-0.19367202706634998,1.4932001113891602,-4.796768093109131,0.7524282217025757
qwen2.5-0.5b-instruct,0.4,5,False,authority_test,2.0,2.0,0050cc7876e55913,0.0,0.2952187647730233,0.020397708410613773,0.014034104625087484,0.02054975927730084,0.04972767021110565,0.050000002484771586,-8.01217269897461,-0.7029496669769287,1.4758888721466064,-5.265285778045654,0.18706995248794556
qwen2.5-0.5b-instruct,0.4,5,False,authority_test,2.0,2.0,005781a48b483502,0.0,0.2952187647730233,0.020397708410613773,0.014034104625087484,0.02054975927730084,0.04972767021110565,0.050000002484771586,-8.01217269897461,-0.7029496669769287,1.4758888721466064,-5.265285778045654,0.18706995248794556
qwen2.5-0.5b-instruct,0.4,5,False,authority_test,2.0,2.0,02e457941f8b4c86,0.0,0.2952187647730233,0.020397708410613773,0.014034104625087484,0.02054975927730084,0.04972767021110565,0.050000002484771586,-8.01217269897461,-0.7029496669769287,1.4758888721466064,-5.265285778045654,0.18706995248794556
qwen2.5-0.5b-instruct,0.4,5,False,authority_test,2.0,2.0,0b7dac16eea5116b,0.008438818565400852,0.2952187647730233,0.020397708410613773,0.014034104625087484,0.02054975927730084,0.04972767021110565,0.050000002484771586,-8.01217269897461,-0.7029496669769287,1.4758888721466064,-5.265285778045654,0.18706995248794556
qwen2.5-0.5b-instruct,0.4,5,False,authority_test,2.0,2.0,10130194674cbf8b,0.0,0.2952187647730233,0.020397708410613773,0.014034104625087484,0.02054975927730084,0.04972767021110565,0.050000002484771586,-8.01217269897461,-0.7029496669769287,1.4758888721466064,-5.265285778045654,0.18706995248794556
qwen2.5-0.5b-instruct,0.4,5,False,authority_test,2.0,2.0,1d701acfc6c6d4fa,0.010471204188481686,0.2952187647730233,0.020397708410613773,0.014034104625087484,0.02054975927730084,0.04972767021110565,0.050000002484771586,-8.01217269897461,-0.7029496669769287,1.4758888721466064,-5.265285778045654,0.18706995248794556
qwen2.5-0.5b-instruct,0.4,5,False,authority_test,2.0,2.0,1df1518943bb0a9e,0.0,0.2952187647730233,0.020397708410613773,0.014034104625087484,0.02054975927730084,0.04972767021110565,0.050000002484771586,-8.01217269897461,-0.7029496669769287,1.4758888721466064,-5.265285778045654,0.18706995248794556
qwen2.5-0.5b-instruct,0.4,5,False,authority_test,2.0,2.0,1edc5f328c1371c5,0.0,0.2952187647730233,0.020397708410613773,0.014034104625087484,0.02054975927730084,0.04972767021110565,0.050000002484771586,-8.01217269897461,-0.7029496669769287,1.4758888721466064,-5.265285778045654,0.18706995248794556
qwen2.5-0.5b-instruct,0.4,5,False,authority_test,2.0,2.0,20ca69931a7f3f69,1.0,0.2952187647730233,0.020397708410613773,0.014034104625087484,0.02054975927730084,0.04972767021110565,0.050000002484771586,-8.01217269897461,-0.7029496669769287,1.4758888721466064,-5.265285778045654,0.18706995248794556
qwen2.5-0.5b-instruct,0.4,5,False,authority_test,2.0,2.0,22971b5f73ffc4ed,0.0092592592592593,0.2952187647730233,0.020397708410613773,0.014034104625087484,0.02054975927730084,0.04972767021110565,0.050000002484771586,-8.01217269897461,-0.7029496669769287,1.4758888721466064,-5.265285778045654,0.18706995248794556
qwen2.5-0.5b-instruct,0.4,5,False,authority_test,2.0,2.0,244dcd310f4f3355,0.0,0.2952187647730233,0.020397708410613773,0.014034104625087484,0.02054975927730084,0.04972767021110565,0.050000002484771586,-8.01217269897461,-0.7029496669769287,1.4758888721466064,-5.265285778045654,0.18706995248794556
qwen2.5-0.5b-instruct,0.4,5,False,authority_test,2.0,2.0,288a3dfeffedf427,0.0,0.2952187647730233,0.020397708410613773,0.014034104625087484,0.02054975927730084,0.04972767021110565,0.050000002484771586,-8.01217269897461,-0.7029496669769287,1.4758888721466064,-5.265285778045654,0.18706995248794556
qwen2.5-0.5b-instruct,0.4,5,False,authority_test,2.0,2.0,2b5a55d1cc0067b2,0.0,0.2952187647730233,0.020397708410613773,0.014034104625087484,0.02054975927730084,0.04972767021110565,0.050000002484771586,-8.01217269897461,-0.7029496669769287,1.4758888721466064,-5.265285778045654,0.18706995248794556
qwen2.5-0.5b-instruct,0.4,5,False,authority_test,2.0,2.0,2d2c5781c810e5ad,0.0,0.2952187647730233,0.020397708410613773,0.014034104625087484,0.02054975927730084,0.04972767021110565,0.050000002484771586,-8.01217269897461,-0.7029496669769287,1.4758888721466064,-5.265285778045654,0.18706995248794556
qwen2.5-0.5b-instruct,0.4,5,False,authority_test,2.0,2.0,36e26290ffdc487c,0.0,0.2952187647730233,0.020397708410613773,0.014034104625087484,0.02054975927730084,0.04972767021110565,0.050000002484771586,-8.01217269897461,-0.7029496669769287,1.4758888721466064,-5.265285778045654,0.18706995248794556
qwen2.5-0.5b-instruct,0.4,5,False,authority_test,2.0,2.0,3991f39ca9af3d98,0.008000000000000007,0.2952187647730233,0.020397708410613773,0.014034104625087484,0.02054975927730084,0.04972767021110565,0.050000002484771586,-8.01217269897461,-0.7029496669769287,1.4758888721466064,-5.265285778045654,0.18706995248794556
qwen2.5-0.5b-instruct,0.4,5,False,authority_test,2.0,2.0,41cbf566cb043949,0.0,0.2952187647730233,0.020397708410613773,0.014034104625087484,0.02054975927730084,0.04972767021110565,0.050000002484771586,-8.01217269897461,-0.7029496669769287,1.4758888721466064,-5.265285778045654,0.18706995248794556
qwen2.5-0.5b-instruct,0.4,5,False,authority_test,2.0,2.0,4ab9fb541f3f6c30,1.0,0.2952187647730233,0.020397708410613773,0.014034104625087484,0.02054975927730084,0.04972767021110565,0.050000002484771586,-8.01217269897461,-0.7029496669769287,1.4758888721466064,-5.265285778045654,0.18706995248794556
qwen2.5-0.5b-instruct,0.4,5,False,authority_test,2.0,2.0,4abdfd3d1917cd04,0.00952380952380949,0.2952187647730233,0.020397708410613773,0.014034104625087484,0.02054975927730084,0.04972767021110565,0.050000002484771586,-8.01217269897461,-0.7029496669769287,1.4758888721466064,-5.265285778045654,0.18706995248794556
qwen2.5-0.5b-instruct,0.4,5,False,authority_test,2.0,2.0,4b8d3c3c6c10deb8,0.0,0.2952187647730233,0.020397708410613773,0.014034104625087484,0.02054975927730084,0.04972767021110565,0.050000002484771586,-8.01217269897461,-0.7029496669769287,1.4758888721466064,-5.265285778045654,0.18706995248794556
qwen2.5-0.5b-instruct,0.4,5,False,authority_test,2.0,2.0,4da5a7ea784f8c6d,0.0,0.2952187647730233,0.020397708410613773,0.014034104625087484,0.02054975927730084,0.04972767021110565,0.050000002484771586,-8.01217269897461,-0.7029496669769287,1.4758888721466064,-5.265285778045654,0.18706995248794556
qwen2.5-0.5b-instruct,0.4,5,False,authority_test,2.0,2.0,587a815c09452a66,0.0,0.2952187647730233,0.020397708410613773,0.014034104625087484,0.02054975927730084,0.04972767021110565,0.050000002484771586,-8.01217269897461,-0.7029496669769287,1.4758888721466064,-5.265285778045654,0.18706995248794556
qwen2.5-0.5b-instruct,0.4,5,False,authority_test,2.0,2.0,727d42f9caba144c,0.0,0.2952187647730233,0.020397708410613773,0.014034104625087484,0.02054975927730084,0.04972767021110565,0.050000002484771586,-8.01217269897461,-0.7029496669769287,1.4758888721466064,-5.265285778045654,0.18706995248794556
qwen2.5-0.5b-instruct,0.4,5,False,authority_test,2.0,2.0,73d8c52a89607f1f,0.0,0.2952187647730233,0.020397708410613773,0.014034104625087484,0.02054975927730084,0.04972767021110565,0.050000002484771586,-8.01217269897461,-0.7029496669769287,1.4758888721466064,-5.265285778045654,0.18706995248794556
qwen2.5-0.5b-instruct,0.4,5,False,authority_test,2.0,2.0,7ce1504cbdb83e1d,0.0,0.2952187647730233,0.020397708410613773,0.014034104625087484,0.02054975927730084,0.04972767021110565,0.050000002484771586,-8.01217269897461,-0.7029496669769287,1.4758888721466064,-5.265285778045654,0.18706995248794556
qwen2.5-0.5b-instruct,0.4,5,False,authority_test,2.0,2.0,7d81fec0c0ad5cfb,1.0,0.2952187647730233,0.020397708410613773,0.014034104625087484,0.02054975927730084,0.04972767021110565,0.050000002484771586,-8.01217269897461,-0.7029496669769287,1.4758888721466064,-5.265285778045654,0.18706995248794556
qwen2.5-0.5b-instruct,0.4,5,False,authority_test,2.0,2.0,853a8e6b978dc0e5,0.0,0.2952187647730233,0.020397708410613773,0.014034104625087484,0.02054975927730084,0.04972767021110565,0.050000002484771586,-8.01217269897461,-0.7029496669769287,1.4758888721466064,-5.265285778045654,0.18706995248794556
qwen2.5-0.5b-instruct,0.4,5,False,authority_test,2.0,2.0,8a4b5dc09550b348,0.0,0.2952187647730233,0.020397708410613773,0.014034104625087484,0.02054975927730084,0.04972767021110565,0.050000002484771586,-8.01217269897461,-0.7029496669769287,1.4758888721466064,-5.265285778045654,0.18706995248794556
qwen2.5-0.5b-instruct,0.4,5,False,authority_test,2.0,2.0,8d83ab85999515ac,0.0,0.2952187647730233,0.020397708410613773,0.014034104625087484,0.02054975927730084,0.04972767021110565,0.050000002484771586,-8.01217269897461,-0.7029496669769287,1.4758888721466064,-5.265285778045654,0.18706995248794556
qwen2.5-0.5b-instruct,0.4,5,False,authority_test,2.0,2.0,8da22a2bb27cf9cd,0.0,0.2952187647730233,0.020397708410613773,0.014034104625087484,0.02054975927730084,0.04972767021110565,0.050000002484771586,-8.01217269897461,-0.7029496669769287,1.4758888721466064,-5.265285778045654,0.18706995248794556
qwen2.5-0.5b-instruct,0.4,5,False,authority_test,2.0,2.0,9022e3c16577eb94,0.0,0.2952187647730233,0.020397708410613773,0.014034104625087484,0.02054975927730084,0.04972767021110565,0.050000002484771586,-8.01217269897461,-0.7029496669769287,1.4758888721466064,-5.265285778045654,0.18706995248794556
qwen2.5-0.5b-instruct,0.4,5,False,authority_test,2.0,2.0,936e0b8c6301c7d8,0.008000000000000007,0.2952187647730233,0.020397708410613773,0.014034104625087484,0.02054975927730084,0.04972767021110565,0.050000002484771586,-8.01217269897461,-0.7029496669769287,1.4758888721466064,-5.265285778045654,0.18706995248794556
qwen2.5-0.5b-instruct,0.4,5,False,authority_test,2.0,2.0,944896031f0e373c,0.0,0.2952187647730233,0.020397708410613773,0.014034104625087484,0.02054975927730084,0.04972767021110565,0.050000002484771586,-8.01217269897461,-0.7029496669769287,1.4758888721466064,-5.265285778045654,0.18706995248794556
qwen2.5-0.5b-instruct,0.4,5,False,authority_test,2.0,2.0,970c85fa32c52429,0.0,0.2952187647730233,0.020397708410613773,0.014034104625087484,0.02054975927730084,0.04972767021110565,0.050000002484771586,-8.01217269897461,-0.7029496669769287,1.4758888721466064,-5.265285778045654,0.18706995248794556
qwen2.5-0.5b-instruct,0.4,5,False,authority_test,2.0,2.0,9d7c1f1cdad027ed,0.0,0.2952187647730233,0.020397708410613773,0.014034104625087484,0.02054975927730084,0.04972767021110565,0.050000002484771586,-8.01217269897461,-0.7029496669769287,1.4758888721466064,-5.265285778045654,0.18706995248794556
qwen2.5-0.5b-instruct,0.4,5,False,authority_test,2.0,2.0,9f69978661a5c493,1.0,0.2952187647730233,0.020397708410613773,0.014034104625087484,0.02054975927730084,0.04972767021110565,0.050000002484771586,-8.01217269897461,-0.7029496669769287,1.4758888721466064,-5.265285778045654,0.18706995248794556
qwen2.5-0.5b-instruct,0.4,5,False,authority_test,2.0,2.0,a9e716a840f16125,0.0,0.2952187647730233,0.020397708410613773,0.014034104625087484,0.02054975927730084,0.04972767021110565,0.050000002484771586,-8.01217269897461,-0.7029496669769287,1.4758888721466064,-5.265285778045654,0.18706995248794556
qwen2.5-0.5b-instruct,0.4,5,False,authority_test,2.0,2.0,af2542aaf2cec400,0.0,0.2952187647730233,0.020397708410613773,0.014034104625087484,0.02054975927730084,0.04972767021110565,0.050000002484771586,-8.01217269897461,-0.7029496669769287,1.4758888721466064,-5.265285778045654,0.18706995248794556
qwen2.5-0.5b-instruct,0.4,5,False,authority_test,2.0,2.0,b78b59e2a3c0adcb,0.0,0.2952187647730233,0.020397708410613773,0.014034104625087484,0.02054975927730084,0.04972767021110565,0.050000002484771586,-8.01217269897461,-0.7029496669769287,1.4758888721466064,-5.265285778045654,0.18706995248794556
qwen2.5-0.5b-instruct,0.4,5,False,authority_test,2.0,2.0,bc3418728d141792,0.0,0.2952187647730233,0.020397708410613773,0.014034104625087484,0.02054975927730084,0.04972767021110565,0.050000002484771586,-8.01217269897461,-0.7029496669769287,1.4758888721466064,-5.265285778045654,0.18706995248794556
qwen2.5-0.5b-instruct,0.4,5,False,authority_test,2.0,2.0,bf18d1ffdde86090,0.0,0.2952187647730233,0.020397708410613773,0.014034104625087484,0.02054975927730084,0.04972767021110565,0.050000002484771586,-8.01217269897461,-0.7029496669769287,1.4758888721466064,-5.265285778045654,0.18706995248794556
qwen2.5-0.5b-instruct,0.4,5,False,authority_test,2.0,2.0,d07c4fcb537efb5a,0.0,0.2952187647730233,0.020397708410613773,0.014034104625087484,0.02054975927730084,0.04972767021110565,0.050000002484771586,-8.01217269897461,-0.7029496669769287,1.4758888721466064,-5.265285778045654,0.18706995248794556
qwen2.5-0.5b-instruct,0.4,5,False,authority_test,2.0,2.0,d309edf9243881a9,0.0,0.2952187647730233,0.020397708410613773,0.014034104625087484,0.02054975927730084,0.04972767021110565,0.050000002484771586,-8.01217269897461,-0.7029496669769287,1.4758888721466064,-5.265285778045654,0.18706995248794556
qwen2.5-0.5b-instruct,0.4,5,False,authority_test,2.0,2.0,d5ea8284b8ff154f,0.008695652173912993,0.2952187647730233,0.020397708410613773,0.014034104625087484,0.02054975927730084,0.04972767021110565,0.050000002484771586,-8.01217269897461,-0.7029496669769287,1.4758888721466064,-5.265285778045654,0.18706995248794556
qwen2.5-0.5b-instruct,0.4,5,False,authority_test,2.0,2.0,e4fcc40e432a1de9,0.0,0.2952187647730233,0.020397708410613773,0.014034104625087484,0.02054975927730084,0.04972767021110565,0.050000002484771586,-8.01217269897461,-0.7029496669769287,1.4758888721466064,-5.265285778045654,0.18706995248794556
qwen2.5-0.5b-instruct,0.4,5,False,authority_test,2.0,2.0,e689c20cf634f61b,1.0,0.2952187647730233,0.020397708410613773,0.014034104625087484,0.02054975927730084,0.04972767021110565,0.050000002484771586,-8.01217269897461,-0.7029496669769287,1.4758888721466064,-5.265285778045654,0.18706995248794556
qwen2.5-0.5b-instruct,0.4,5,False,authority_test,2.0,2.0,ed57017341d74a76,0.0,0.2952187647730233,0.020397708410613773,0.014034104625087484,0.02054975927730084,0.04972767021110565,0.050000002484771586,-8.01217269897461,-0.7029496669769287,1.4758888721466064,-5.265285778045654,0.18706995248794556
qwen2.5-0.5b-instruct,0.4,5,False,authority_test,2.0,2.0,fb80856fbb14e104,0.33333333333333337,0.2952187647730233,0.020397708410613773,0.014034104625087484,0.02054975927730084,0.04972767021110565,0.050000002484771586,-8.01217269897461,-0.7029496669769287,1.4758888721466064,-5.265285778045654,0.18706995248794556
qwen2.5-0.5b-instruct,0.4,5,False,authority_test,2.0,2.0,fc477c545737032a,0.0,0.2952187647730233,0.020397708410613773,0.014034104625087484,0.02054975927730084,0.04972767021110565,0.050000002484771586,-8.01217269897461,-0.7029496669769287,1.4758888721466064,-5.265285778045654,0.18706995248794556
qwen2.5-0.5b-instruct,0.4,5,False,authority_test,2.0,2.0,fec02ca49d763c26,0.0,0.2952187647730233,0.020397708410613773,0.014034104625087484,0.02054975927730084,0.04972767021110565,0.050000002484771586,-8.01217269897461,-0.7029496669769287,1.4758888721466064,-5.265285778045654,0.18706995248794556
