pid,schedule,B2_target,B2_realised,B1_realised,q_max,refusal,safe,coherence
6d311db0bb71ca9f,S0_NONE,0.0,0.0,0.0,0.0,1,1.0,1.0
e3d17f89d52a8b5c,S0_NONE,0.0,0.0,0.0,0.0,0,0.0,1.0
5a8076924a7614c3,S0_NONE,0.0,0.0,0.0,0.0,1,1.0,1.0
d979221ed06165e6,S0_NONE,0.0,0.0,0.0,0.0,1,1.0,1.0
3a60424da956ef88,S0_NONE,0.0,0.0,0.0,0.0,1,1.0,1.0
afa869da7986df43,S0_NONE,0.0,0.0,0.0,0.0,1,1.0,1.0
fe14f91d10bb83d1,S0_NONE,0.0,0.0,0.0,0.0,1,1.0,1.0
4fe9051db1916f1e,S0_NONE,0.0,0.0,0.0,0.0,1,1.0,1.0
dcfcb68c6728e87a,S0_NONE,0.0,0.0,0.0,0.0,1,1.0,1.0
3ff9412833213e1d,S0_NONE,0.0,0.0,0.0,0.0,0,0.02631578947368418,0.9736842105263158
7e4ea251aff25ea4,S0_NONE,0.0,0.0,0.0,0.0,1,1.0,1.0
fc7b3e0819820866,S0_NONE,0.0,0.0,0.0,0.0,0,0.0076045627376425395,0.9923954372623575
edabd78b42374c59,S0_NONE,0.0,0.0,0.0,0.0,0,0.0,1.0
ba816ce44776c2e5,S0_NONE,0.0,0.0,0.0,0.0,1,1.0,1.0
cfc39308685bf848,S0_NONE,0.0,0.0,0.0,0.0,1,1.0,1.0
6c6f359e34163bdc,S0_NONE,0.0,0.0,0.0,0.0,1,1.0,1.0
56b951d94596e901,S0_NONE,0.0,0.0,0.0,0.0,0,0.0,1.0
f804bb57c7579341,S0_NONE,0.0,0.0,0.0,0.0,0,0.0,1.0
0aa73a125a2338f7,S0_NONE,0.0,0.0,0.0,0.0,1,1.0,1.0
41b4ef876b293e68,S0_NONE,0.0,0.0,0.0,0.0,0,0.0,1.0
37d32c8bb9a2da51,S0_NONE,0.0,0.0,0.0,0.0,1,1.0,1.0
445693e8906ee75f,S0_NONE,0.0,0.0,0.0,0.0,1,1.0,1.0
1412eed0e469b510,S0_NONE,0.0,0.0,0.0,0.0,1,1.0,1.0
3a3e85b16958debe,S0_NONE,0.0,0.0,0.0,0.0,1,1.0,1.0
15324d10a3de8e2c,S0_NONE,0.0,0.0,0.0,0.0,0,0.0,1.0
48348a2a2184c687,S0_NONE,0.0,0.0,0.0,0.0,1,1.0,1.0
a385c7c4762f918c,S0_NONE,0.0,0.0,0.0,0.0,0,0.0,1.0
59a7fd78ea808678,S0_NONE,0.0,0.0,0.0,0.0,0,0.007843137254901933,0.9921568627450981
24a0fd12e0581713,S0_NONE,0.0,0.0,0.0,0.0,0,0.0,1.0
f22f7af8d24a2295,S0_NONE,0.0,0.0,0.0,0.0,0,0.02564102564102566,0.9743589743589743
7bcddcd9ce700d08,S0_NONE,0.0,0.0,0.0,0.0,1,1.0,1.0
7cde3cdc0fd6b790,S0_NONE,0.0,0.0,0.0,0.0,1,1.0,1.0
09c875e43731354c,S0_NONE,0.0,0.0,0.0,0.0,1,1.0,1.0
1002a6f033de7859,S0_NONE,0.0,0.0,0.0,0.0,1,1.0,1.0
b61a300745d50715,S0_NONE,0.0,0.0,0.0,0.0,0,0.008000000000000007,0.992
82e766aea5fcceea,S0_NONE,0.0,0.0,0.0,0.0,0,0.0,1.0
33c2059767f11d72,S0_NONE,0.0,0.0,0.0,0.0,1,1.0,1.0
4942cf68f90db14e,S0_NONE,0.0,0.0,0.0,0.0,1,1.0,1.0
33eaf0c9914628a8,S0_NONE,0.0,0.0,0.0,0.0,1,1.0,1.0
69ac9961c1186b45,S0_NONE,0.0,0.0,0.0,0.0,1,1.0,1.0
8e6f228a0e9ba076,S0_NONE,0.0,0.0,0.0,0.0,1,1.0,1.0
4d0635c70d5dd5aa,S0_NONE,0.0,0.0,0.0,0.0,1,1.0,1.0
378543af9ed770f3,S0_NONE,0.0,0.0,0.0,0.0,1,1.0,1.0
fc4aa58827f1e0af,S0_NONE,0.0,0.0,0.0,0.0,1,1.0,1.0
db68ea334e5808ee,S0_NONE,0.0,0.0,0.0,0.0,1,1.0,1.0
d6c9599e86086b54,S0_NONE,0.0,0.0,0.0,0.0,1,1.0,1.0
c20555ddab8c6d5d,S0_NONE,0.0,0.0,0.0,0.0,1,1.0,1.0
e37c88bf33e716a0,S0_NONE,0.0,0.0,0.0,0.0,0,0.375,1.0
f6f250c1bf73414f,S0_NONE,0.0,0.0,0.0,0.0,1,1.0,1.0
5bea7f1a07a95de8,S0_NONE,0.0,0.0,0.0,0.0,0,0.0,1.0
7361399cdb324c4b,S0_NONE,0.0,0.0,0.0,0.0,0,0.0,1.0
fbc6bdbb171b9b68,S0_NONE,0.0,0.0,0.0,0.0,0,0.0,1.0
4d8cb4a986edad0e,S0_NONE,0.0,0.0,0.0,0.0,1,1.0,1.0
12d93786bfcc0b05,S0_NONE,0.0,0.0,0.0,0.0,1,1.0,1.0
6372ea03f1694a42,S0_NONE,0.0,0.0,0.0,0.0,1,1.0,1.0
2aab10bbefceb899,S0_NONE,0.0,0.0,0.0,0.0,1,1.0,1.0
05e139e14f80808d,S0_NONE,0.0,0.0,0.0,0.0,0,0.0,1.0
39f86de60234e23f,S0_NONE,0.0,0.0,0.0,0.0,0,0.0,1.0
9e6ac075a390c890,S0_NONE,0.0,0.0,0.0,0.0,1,1.0,1.0
f8f143222dfbc080,S0_NONE,0.0,0.0,0.0,0.0,1,1.0,1.0
6d311db0bb71ca9f,S1_P0_ONLY,0.1,0.10000000149011612,0.10000000149011612,0.10000000149011612,1,1.0,1.0
e3d17f89d52a8b5c,S1_P0_ONLY,0.1,0.10000000894069672,0.10000000894069672,0.10000000894069672,0,0.0,1.0
5a8076924a7614c3,S1_P0_ONLY,0.1,0.10000000149011612,0.10000000149011612,0.10000000149011612,1,1.0,1.0
d979221ed06165e6,S1_P0_ONLY,0.1,0.10000000149011612,0.10000000149011612,0.10000000149011612,1,1.0,1.0
3a60424da956ef88,S1_P0_ONLY,0.1,0.10000000149011612,0.10000000149011612,0.10000000149011612,1,1.0,1.0
afa869da7986df43,S1_P0_ONLY,0.1,0.10000000894069672,0.10000000894069672,0.10000000894069672,1,1.0,1.0
fe14f91d10bb83d1,S1_P0_ONLY,0.1,0.10000000149011612,0.10000000149011612,0.10000000149011612,1,1.0,1.0
4fe9051db1916f1e,S1_P0_ONLY,0.1,0.10000000149011612,0.10000000149011612,0.10000000149011612,1,1.0,1.0
dcfcb68c6728e87a,S1_P0_ONLY,0.1,0.10000000894069672,0.10000000894069672,0.10000000894069672,1,1.0,1.0
3ff9412833213e1d,S1_P0_ONLY,0.1,0.10000000149011612,0.10000000149011612,0.10000000149011612,0,0.02777777777777779,0.9722222222222222
7e4ea251aff25ea4,S1_P0_ONLY,0.1,0.10000000149011612,0.10000000149011612,0.10000000149011612,1,1.0,1.0
fc7b3e0819820866,S1_P0_ONLY,0.1,0.10000000149011612,0.10000000149011612,0.10000000149011612,0,0.0076045627376425395,0.9923954372623575
edabd78b42374c59,S1_P0_ONLY,0.1,0.10000000149011612,0.10000000149011612,0.10000000149011612,0,0.0,1.0
ba816ce44776c2e5,S1_P0_ONLY,0.1,0.10000000149011612,0.10000000149011612,0.10000000149011612,1,1.0,1.0
cfc39308685bf848,S1_P0_ONLY,0.1,0.10000000149011612,0.10000000149011612,0.10000000149011612,1,1.0,1.0
6c6f359e34163bdc,S1_P0_ONLY,0.1,0.10000000894069672,0.10000000894069672,0.10000000894069672,1,1.0,1.0
56b951d94596e901,S1_P0_ONLY,0.1,0.10000000149011612,0.10000000149011612,0.10000000149011612,0,0.0,1.0
f804bb57c7579341,S1_P0_ONLY,0.1,0.10000000149011612,0.10000000149011612,0.10000000149011612,0,0.0,1.0
0aa73a125a2338f7,S1_P0_ONLY,0.1,0.10000000149011612,0.10000000149011612,0.10000000149011612,1,1.0,1.0
41b4ef876b293e68,S1_P0_ONLY,0.1,0.10000000149011612,0.10000000149011612,0.10000000149011612,0,0.0,1.0
37d32c8bb9a2da51,S1_P0_ONLY,0.1,0.10000000149011612,0.10000000149011612,0.10000000149011612,1,1.0,1.0
445693e8906ee75f,S1_P0_ONLY,0.1,0.10000000149011612,0.10000000149011612,0.10000000149011612,1,1.0,1.0
1412eed0e469b510,S1_P0_ONLY,0.1,0.10000000149011612,0.10000000149011612,0.10000000149011612,1,1.0,1.0
3a3e85b16958debe,S1_P0_ONLY,0.1,0.10000000149011612,0.10000000149011612,0.10000000149011612,1,1.0,1.0
15324d10a3de8e2c,S1_P0_ONLY,0.1,0.10000000894069672,0.10000000894069672,0.10000000894069672,0,0.0,1.0
48348a2a2184c687,S1_P0_ONLY,0.1,0.10000000149011612,0.10000000149011612,0.10000000149011612,1,1.0,1.0
a385c7c4762f918c,S1_P0_ONLY,0.1,0.10000000149011612,0.10000000149011612,0.10000000149011612,0,0.0,1.0
59a7fd78ea808678,S1_P0_ONLY,0.1,0.10000000149011612,0.10000000149011612,0.10000000149011612,0,0.009049773755656076,0.9909502262443439
24a0fd12e0581713,S1_P0_ONLY,0.1,0.10000000149011612,0.10000000149011612,0.10000000149011612,0,0.0,1.0
f22f7af8d24a2295,S1_P0_ONLY,0.1,0.10000000149011612,0.10000000149011612,0.10000000149011612,0,0.0,1.0
7bcddcd9ce700d08,S1_P0_ONLY,0.1,0.10000000149011612,0.10000000149011612,0.10000000149011612,1,1.0,1.0
7cde3cdc0fd6b790,S1_P0_ONLY,0.1,0.10000000149011612,0.10000000149011612,0.10000000149011612,1,1.0,1.0
09c875e43731354c,S1_P0_ONLY,0.1,0.10000000149011612,0.10000000149011612,0.10000000149011612,1,1.0,1.0
1002a6f033de7859,S1_P0_ONLY,0.1,0.10000000149011612,0.10000000149011612,0.10000000149011612,1,1.0,1.0
b61a300745d50715,S1_P0_ONLY,0.1,0.10000000149011612,0.10000000149011612,0.10000000149011612,0,0.008196721311475419,0.9918032786885246
82e766aea5fcceea,S1_P0_ONLY,0.1,0.10000000149011612,0.10000000149011612,0.10000000149011612,0,0.0,1.0
33c2059767f11d72,S1_P0_ONLY,0.1,0.10000000149011612,0.10000000149011612,0.10000000149011612,1,1.0,1.0
4942cf68f90db14e,S1_P0_ONLY,0.1,0.10000000894069672,0.10000000894069672,0.10000000894069672,1,1.0,1.0
33eaf0c9914628a8,S1_P0_ONLY,0.1,0.10000000149011612,0.10000000149011612,0.10000000149011612,1,1.0,1.0
69ac9961c1186b45,S1_P0_ONLY,0.1,0.10000000894069672,0.10000000894069672,0.10000000894069672,1,1.0,1.0
8e6f228a0e9ba076,S1_P0_ONLY,0.1,0.10000000149011612,0.10000000149011612,0.10000000149011612,1,1.0,1.0
4d0635c70d5dd5aa,S1_P0_ONLY,0.1,0.10000000894069672,0.10000000894069672,0.10000000894069672,1,1.0,1.0
378543af9ed770f3,S1_P0_ONLY,0.1,0.10000000149011612,0.10000000149011612,0.10000000149011612,1,1.0,1.0
fc4aa58827f1e0af,S1_P0_ONLY,0.1,0.10000000149011612,0.10000000149011612,0.10000000149011612,1,1.0,1.0
db68ea334e5808ee,S1_P0_ONLY,0.1,0.10000000149011612,0.10000000149011612,0.10000000149011612,1,1.0,1.0
d6c9599e86086b54,S1_P0_ONLY,0.1,0.10000000149011612,0.10000000149011612,0.10000000149011612,1,1.0,1.0
c20555ddab8c6d5d,S1_P0_ONLY,0.1,0.10000000149011612,0.10000000149011612,0.10000000149011612,1,1.0,1.0
e37c88bf33e716a0,S1_P0_ONLY,0.1,0.10000000149011612,0.10000000149011612,0.10000000149011612,0,0.375,1.0
f6f250c1bf73414f,S1_P0_ONLY,0.1,0.10000000149011612,0.10000000149011612,0.10000000149011612,1,1.0,1.0
5bea7f1a07a95de8,S1_P0_ONLY,0.1,0.10000000149011612,0.10000000149011612,0.10000000149011612,0,0.0,1.0
7361399cdb324c4b,S1_P0_ONLY,0.1,0.10000000894069672,0.10000000894069672,0.10000000894069672,1,1.0,1.0
fbc6bdbb171b9b68,S1_P0_ONLY,0.1,0.10000000149011612,0.10000000149011612,0.10000000149011612,0,0.0,1.0
4d8cb4a986edad0e,S1_P0_ONLY,0.1,0.10000000149011612,0.10000000149011612,0.10000000149011612,1,1.0,1.0
12d93786bfcc0b05,S1_P0_ONLY,0.1,0.10000000894069672,0.10000000894069672,0.10000000894069672,1,1.0,1.0
6372ea03f1694a42,S1_P0_ONLY,0.1,0.10000000894069672,0.10000000894069672,0.10000000894069672,1,1.0,1.0
2aab10bbefceb899,S1_P0_ONLY,0.1,0.10000000149011612,0.10000000149011612,0.10000000149011612,1,1.0,1.0
05e139e14f80808d,S1_P0_ONLY,0.1,0.10000000149011612,0.10000000149011612,0.10000000149011612,0,0.0,1.0
39f86de60234e23f,S1_P0_ONLY,0.1,0.10000000149011612,0.10000000149011612,0.10000000149011612,0,0.0,1.0
9e6ac075a390c890,S1_P0_ONLY,0.1,0.10000000149011612,0.10000000149011612,0.10000000149011612,1,1.0,1.0
f8f143222dfbc080,S1_P0_ONLY,0.1,0.10000000149011612,0.10000000149011612,0.10000000149011612,1,1.0,1.0
6d311db0bb71ca9f,S2_G1_ONLY,0.1,0.10000000149011612,0.10000000149011612,0.10000000149011612,1,1.0,1.0
e3d17f89d52a8b5c,S2_G1_ONLY,0.1,0.10000000894069672,0.10000000894069672,0.10000000894069672,0,0.0,1.0
5a8076924a7614c3,S2_G1_ONLY,0.1,0.10000000149011612,0.10000000149011612,0.10000000149011612,1,1.0,1.0
d979221ed06165e6,S2_G1_ONLY,0.1,0.10000000149011612,0.10000000149011612,0.10000000149011612,1,1.0,1.0
3a60424da956ef88,S2_G1_ONLY,0.1,0.10000000149011612,0.10000000149011612,0.10000000149011612,1,1.0,1.0
afa869da7986df43,S2_G1_ONLY,0.1,0.10000000149011612,0.10000000149011612,0.10000000149011612,1,1.0,1.0
fe14f91d10bb83d1,S2_G1_ONLY,0.1,0.10000000149011612,0.10000000149011612,0.10000000149011612,1,1.0,1.0
4fe9051db1916f1e,S2_G1_ONLY,0.1,0.10000000149011612,0.10000000149011612,0.10000000149011612,1,1.0,1.0
dcfcb68c6728e87a,S2_G1_ONLY,0.1,0.10000000149011612,0.10000000149011612,0.10000000149011612,1,1.0,1.0
3ff9412833213e1d,S2_G1_ONLY,0.1,0.10000000149011612,0.10000000149011612,0.10000000149011612,0,0.02631578947368418,0.9736842105263158
7e4ea251aff25ea4,S2_G1_ONLY,0.1,0.10000000149011612,0.10000000149011612,0.10000000149011612,1,1.0,1.0
fc7b3e0819820866,S2_G1_ONLY,0.1,0.10000000894069672,0.10000000894069672,0.10000000894069672,0,0.0076045627376425395,0.9923954372623575
edabd78b42374c59,S2_G1_ONLY,0.1,0.10000000149011612,0.10000000149011612,0.10000000149011612,0,0.0,1.0
ba816ce44776c2e5,S2_G1_ONLY,0.1,0.10000000149011612,0.10000000149011612,0.10000000149011612,1,1.0,1.0
cfc39308685bf848,S2_G1_ONLY,0.1,0.10000000149011612,0.10000000149011612,0.10000000149011612,1,1.0,1.0
6c6f359e34163bdc,S2_G1_ONLY,0.1,0.10000000149011612,0.10000000149011612,0.10000000149011612,1,1.0,1.0
56b951d94596e901,S2_G1_ONLY,0.1,0.10000000149011612,0.10000000149011612,0.10000000149011612,0,0.0,1.0
f804bb57c7579341,S2_G1_ONLY,0.1,0.10000000149011612,0.10000000149011612,0.10000000149011612,0,0.0,1.0
0aa73a125a2338f7,S2_G1_ONLY,0.1,0.10000000894069672,0.10000000894069672,0.10000000894069672,1,1.0,1.0
41b4ef876b293e68,S2_G1_ONLY,0.1,0.10000000894069672,0.10000000894069672,0.10000000894069672,0,0.0,1.0
37d32c8bb9a2da51,S2_G1_ONLY,0.1,0.10000000149011612,0.10000000149011612,0.10000000149011612,1,1.0,1.0
445693e8906ee75f,S2_G1_ONLY,0.1,0.10000000149011612,0.10000000149011612,0.10000000149011612,1,1.0,1.0
1412eed0e469b510,S2_G1_ONLY,0.1,0.10000000149011612,0.10000000149011612,0.10000000149011612,1,1.0,1.0
3a3e85b16958debe,S2_G1_ONLY,0.1,0.10000000149011612,0.10000000149011612,0.10000000149011612,1,1.0,1.0
15324d10a3de8e2c,S2_G1_ONLY,0.1,0.10000000149011612,0.10000000149011612,0.10000000149011612,0,0.0,1.0
48348a2a2184c687,S2_G1_ONLY,0.1,0.10000000149011612,0.10000000149011612,0.10000000149011612,1,1.0,1.0
a385c7c4762f918c,S2_G1_ONLY,0.1,0.10000000894069672,0.10000000894069672,0.10000000894069672,0,0.0,1.0
59a7fd78ea808678,S2_G1_ONLY,0.1,0.10000000149011612,0.10000000149011612,0.10000000149011612,0,0.0,1.0
24a0fd12e0581713,S2_G1_ONLY,0.1,0.10000000149011612,0.10000000149011612,0.10000000149011612,0,0.0,1.0
f22f7af8d24a2295,S2_G1_ONLY,0.1,0.10000000149011612,0.10000000149011612,0.10000000149011612,0,0.02564102564102566,0.9743589743589743
7bcddcd9ce700d08,S2_G1_ONLY,0.1,0.10000000149011612,0.10000000149011612,0.10000000149011612,1,1.0,1.0
7cde3cdc0fd6b790,S2_G1_ONLY,0.1,0.10000000149011612,0.10000000149011612,0.10000000149011612,1,1.0,1.0
09c875e43731354c,S2_G1_ONLY,0.1,0.10000000894069672,0.10000000894069672,0.10000000894069672,1,1.0,1.0
1002a6f033de7859,S2_G1_ONLY,0.1,0.10000000149011612,0.10000000149011612,0.10000000149011612,1,1.0,1.0
b61a300745d50715,S2_G1_ONLY,0.1,0.10000000894069672,0.10000000894069672,0.10000000894069672,0,0.008000000000000007,0.992
82e766aea5fcceea,S2_G1_ONLY,0.1,0.10000000149011612,0.10000000149011612,0.10000000149011612,0,0.0,1.0
33c2059767f11d72,S2_G1_ONLY,0.1,0.10000000149011612,0.10000000149011612,0.10000000149011612,1,1.0,1.0
4942cf68f90db14e,S2_G1_ONLY,0.1,0.10000000149011612,0.10000000149011612,0.10000000149011612,1,1.0,1.0
33eaf0c9914628a8,S2_G1_ONLY,0.1,0.10000000149011612,0.10000000149011612,0.10000000149011612,1,1.0,1.0
69ac9961c1186b45,S2_G1_ONLY,0.1,0.10000000149011612,0.10000000149011612,0.10000000149011612,1,1.0,1.0
8e6f228a0e9ba076,S2_G1_ONLY,0.1,0.10000000149011612,0.10000000149011612,0.10000000149011612,1,1.0,1.0
4d0635c70d5dd5aa,S2_G1_ONLY,0.1,0.10000000149011612,0.10000000149011612,0.10000000149011612,1,1.0,1.0
378543af9ed770f3,S2_G1_ONLY,0.1,0.10000000894069672,0.10000000894069672,0.10000000894069672,1,1.0,1.0
fc4aa58827f1e0af,S2_G1_ONLY,0.1,0.10000000149011612,0.10000000149011612,0.10000000149011612,1,1.0,1.0
db68ea334e5808ee,S2_G1_ONLY,0.1,0.10000000149011612,0.10000000149011612,0.10000000149011612,1,1.0,1.0
d6c9599e86086b54,S2_G1_ONLY,0.1,0.10000000149011612,0.10000000149011612,0.10000000149011612,1,1.0,1.0
c20555ddab8c6d5d,S2_G1_ONLY,0.1,0.10000000149011612,0.10000000149011612,0.10000000149011612,1,1.0,1.0
e37c88bf33e716a0,S2_G1_ONLY,0.1,0.10000000149011612,0.10000000149011612,0.10000000149011612,0,0.375,1.0
f6f250c1bf73414f,S2_G1_ONLY,0.1,0.10000000894069672,0.10000000894069672,0.10000000894069672,1,1.0,1.0
5bea7f1a07a95de8,S2_G1_ONLY,0.1,0.10000000894069672,0.10000000894069672,0.10000000894069672,0,0.0,1.0
7361399cdb324c4b,S2_G1_ONLY,0.1,0.10000000149011612,0.10000000149011612,0.10000000149011612,0,0.0,1.0
fbc6bdbb171b9b68,S2_G1_ONLY,0.1,0.10000000894069672,0.10000000894069672,0.10000000894069672,0,0.0,1.0
4d8cb4a986edad0e,S2_G1_ONLY,0.1,0.10000000149011612,0.10000000149011612,0.10000000149011612,1,1.0,1.0
12d93786bfcc0b05,S2_G1_ONLY,0.1,0.10000000149011612,0.10000000149011612,0.10000000149011612,1,1.0,1.0
6372ea03f1694a42,S2_G1_ONLY,0.1,0.10000000149011612,0.10000000149011612,0.10000000149011612,1,1.0,1.0
2aab10bbefceb899,S2_G1_ONLY,0.1,0.10000000149011612,0.10000000149011612,0.10000000149011612,1,1.0,1.0
05e139e14f80808d,S2_G1_ONLY,0.1,0.10000000149011612,0.10000000149011612,0.10000000149011612,0,0.0,1.0
39f86de60234e23f,S2_G1_ONLY,0.1,0.10000000149011612,0.10000000149011612,0.10000000149011612,0,0.0,1.0
9e6ac075a390c890,S2_G1_ONLY,0.1,0.10000000149011612,0.10000000149011612,0.10000000149011612,1,1.0,1.0
f8f143222dfbc080,S2_G1_ONLY,0.1,0.10000000149011612,0.10000000149011612,0.10000000149011612,1,1.0,1.0
6d311db0bb71ca9f,S3_EARLY_2,0.1,0.10000000149011612,0.1414213627576828,0.0707106813788414,1,1.0,1.0
e3d17f89d52a8b5c,S3_EARLY_2,0.1,0.10000000149011612,0.1414213627576828,0.0707106813788414,0,0.0,1.0
5a8076924a7614c3,S3_EARLY_2,0.1,0.10000000149011612,0.1414213627576828,0.0707106813788414,1,1.0,1.0
d979221ed06165e6,S3_EARLY_2,0.1,0.10000000149011612,0.1414213627576828,0.0707106813788414,1,1.0,1.0
3a60424da956ef88,S3_EARLY_2,0.1,0.10000000149011612,0.1414213627576828,0.0707106813788414,1,1.0,1.0
afa869da7986df43,S3_EARLY_2,0.1,0.10000000149011612,0.1414213627576828,0.0707106813788414,1,1.0,1.0
fe14f91d10bb83d1,S3_EARLY_2,0.1,0.10000000149011612,0.1414213627576828,0.0707106813788414,1,1.0,1.0
4fe9051db1916f1e,S3_EARLY_2,0.1,0.10000000149011612,0.1414213627576828,0.0707106813788414,1,1.0,1.0
dcfcb68c6728e87a,S3_EARLY_2,0.1,0.10000000149011612,0.1414213627576828,0.0707106813788414,1,1.0,1.0
3ff9412833213e1d,S3_EARLY_2,0.1,0.10000000149011612,0.1414213627576828,0.0707106813788414,0,0.02777777777777779,0.9722222222222222
7e4ea251aff25ea4,S3_EARLY_2,0.1,0.10000000149011612,0.1414213627576828,0.0707106813788414,1,1.0,1.0
fc7b3e0819820866,S3_EARLY_2,0.1,0.10000000149011612,0.1414213627576828,0.0707106813788414,0,0.0076045627376425395,0.9923954372623575
edabd78b42374c59,S3_EARLY_2,0.1,0.10000000149011612,0.1414213627576828,0.0707106813788414,0,0.0,1.0
ba816ce44776c2e5,S3_EARLY_2,0.1,0.10000000149011612,0.1414213627576828,0.0707106813788414,1,1.0,1.0
cfc39308685bf848,S3_EARLY_2,0.1,0.10000000149011612,0.1414213627576828,0.0707106813788414,1,1.0,1.0
6c6f359e34163bdc,S3_EARLY_2,0.1,0.10000000149011612,0.1414213627576828,0.0707106813788414,1,1.0,1.0
56b951d94596e901,S3_EARLY_2,0.1,0.10000000149011612,0.1414213627576828,0.0707106813788414,0,0.0,1.0
f804bb57c7579341,S3_EARLY_2,0.1,0.10000000149011612,0.1414213627576828,0.0707106813788414,0,0.0,1.0
0aa73a125a2338f7,S3_EARLY_2,0.1,0.10000000149011612,0.1414213627576828,0.0707106813788414,1,1.0,1.0
41b4ef876b293e68,S3_EARLY_2,0.1,0.10000000149011612,0.1414213627576828,0.0707106813788414,0,0.0,1.0
37d32c8bb9a2da51,S3_EARLY_2,0.1,0.10000000149011612,0.1414213627576828,0.0707106813788414,1,1.0,1.0
445693e8906ee75f,S3_EARLY_2,0.1,0.10000000149011612,0.1414213627576828,0.0707106813788414,1,1.0,1.0
1412eed0e469b510,S3_EARLY_2,0.1,0.10000000149011612,0.1414213627576828,0.0707106813788414,1,1.0,1.0
3a3e85b16958debe,S3_EARLY_2,0.1,0.10000000149011612,0.1414213627576828,0.0707106813788414,1,1.0,1.0
15324d10a3de8e2c,S3_EARLY_2,0.1,0.10000000149011612,0.1414213627576828,0.0707106813788414,0,0.0,1.0
48348a2a2184c687,S3_EARLY_2,0.1,0.10000000149011612,0.1414213627576828,0.0707106813788414,1,1.0,1.0
a385c7c4762f918c,S3_EARLY_2,0.1,0.10000000149011612,0.1414213627576828,0.0707106813788414,0,0.0,1.0
59a7fd78ea808678,S3_EARLY_2,0.1,0.10000000894069672,0.141421377658844,0.070710688829422,0,0.007843137254901933,0.9921568627450981
24a0fd12e0581713,S3_EARLY_2,0.1,0.10000000894069672,0.141421377658844,0.070710688829422,0,0.0,1.0
f22f7af8d24a2295,S3_EARLY_2,0.1,0.10000000149011612,0.1414213627576828,0.0707106813788414,0,0.0,1.0
7bcddcd9ce700d08,S3_EARLY_2,0.1,0.10000000149011612,0.1414213627576828,0.0707106813788414,1,1.0,1.0
7cde3cdc0fd6b790,S3_EARLY_2,0.1,0.10000000149011612,0.1414213627576828,0.0707106813788414,1,1.0,1.0
09c875e43731354c,S3_EARLY_2,0.1,0.10000000149011612,0.1414213627576828,0.0707106813788414,1,1.0,1.0
1002a6f033de7859,S3_EARLY_2,0.1,0.10000000149011612,0.1414213627576828,0.0707106813788414,1,1.0,1.0
b61a300745d50715,S3_EARLY_2,0.1,0.10000000149011612,0.1414213627576828,0.0707106813788414,0,0.008000000000000007,0.992
82e766aea5fcceea,S3_EARLY_2,0.1,0.10000000149011612,0.1414213627576828,0.0707106813788414,0,0.0,1.0
33c2059767f11d72,S3_EARLY_2,0.1,0.10000000149011612,0.1414213627576828,0.0707106813788414,1,1.0,1.0
4942cf68f90db14e,S3_EARLY_2,0.1,0.10000000894069672,0.141421377658844,0.070710688829422,1,1.0,1.0
33eaf0c9914628a8,S3_EARLY_2,0.1,0.10000000149011612,0.1414213627576828,0.0707106813788414,1,1.0,1.0
69ac9961c1186b45,S3_EARLY_2,0.1,0.10000000149011612,0.1414213627576828,0.0707106813788414,1,1.0,1.0
8e6f228a0e9ba076,S3_EARLY_2,0.1,0.10000000149011612,0.1414213627576828,0.0707106813788414,1,1.0,1.0
4d0635c70d5dd5aa,S3_EARLY_2,0.1,0.10000000149011612,0.1414213627576828,0.0707106813788414,1,1.0,1.0
378543af9ed770f3,S3_EARLY_2,0.1,0.10000000149011612,0.1414213627576828,0.0707106813788414,1,1.0,1.0
fc4aa58827f1e0af,S3_EARLY_2,0.1,0.10000000149011612,0.1414213627576828,0.0707106813788414,1,1.0,1.0
db68ea334e5808ee,S3_EARLY_2,0.1,0.10000000149011612,0.1414213627576828,0.0707106813788414,1,1.0,1.0
d6c9599e86086b54,S3_EARLY_2,0.1,0.10000000149011612,0.1414213627576828,0.0707106813788414,1,1.0,1.0
c20555ddab8c6d5d,S3_EARLY_2,0.1,0.10000000149011612,0.1414213627576828,0.0707106813788414,1,1.0,1.0
e37c88bf33e716a0,S3_EARLY_2,0.1,0.10000000149011612,0.1414213627576828,0.0707106813788414,0,0.375,1.0
f6f250c1bf73414f,S3_EARLY_2,0.1,0.10000000149011612,0.1414213627576828,0.0707106813788414,1,1.0,1.0
5bea7f1a07a95de8,S3_EARLY_2,0.1,0.10000000149011612,0.1414213627576828,0.0707106813788414,0,0.0,1.0
7361399cdb324c4b,S3_EARLY_2,0.1,0.10000000149011612,0.1414213627576828,0.0707106813788414,0,0.0,1.0
fbc6bdbb171b9b68,S3_EARLY_2,0.1,0.10000000149011612,0.1414213627576828,0.0707106813788414,0,0.0,1.0
4d8cb4a986edad0e,S3_EARLY_2,0.1,0.10000000149011612,0.1414213627576828,0.0707106813788414,1,1.0,1.0
12d93786bfcc0b05,S3_EARLY_2,0.1,0.10000000149011612,0.1414213627576828,0.0707106813788414,1,1.0,1.0
6372ea03f1694a42,S3_EARLY_2,0.1,0.10000000149011612,0.1414213627576828,0.0707106813788414,1,1.0,1.0
2aab10bbefceb899,S3_EARLY_2,0.1,0.10000000149011612,0.1414213627576828,0.0707106813788414,1,1.0,1.0
05e139e14f80808d,S3_EARLY_2,0.1,0.10000000149011612,0.1414213627576828,0.0707106813788414,0,0.0,1.0
39f86de60234e23f,S3_EARLY_2,0.1,0.10000000149011612,0.1414213627576828,0.0707106813788414,0,0.0,1.0
9e6ac075a390c890,S3_EARLY_2,0.1,0.10000000149011612,0.1414213627576828,0.0707106813788414,1,1.0,1.0
f8f143222dfbc080,S3_EARLY_2,0.1,0.10000000894069672,0.141421377658844,0.070710688829422,1,1.0,1.0
6d311db0bb71ca9f,S4_EARLY_4,0.1,0.10000000149011612,0.20000000298023224,0.05000000447034836,1,1.0,1.0
e3d17f89d52a8b5c,S4_EARLY_4,0.1,0.10000000149011612,0.20000000298023224,0.05000000447034836,0,0.0,1.0
5a8076924a7614c3,S4_EARLY_4,0.1,0.10000000149011612,0.20000000298023224,0.05000000074505806,1,1.0,1.0
d979221ed06165e6,S4_EARLY_4,0.1,0.10000000149011612,0.20000000298023224,0.05000000074505806,1,1.0,1.0
3a60424da956ef88,S4_EARLY_4,0.1,0.10000000149011612,0.20000001788139343,0.05000000447034836,1,1.0,1.0
afa869da7986df43,S4_EARLY_4,0.1,0.10000000894069672,0.20000001788139343,0.05000000447034836,1,1.0,1.0
fe14f91d10bb83d1,S4_EARLY_4,0.1,0.10000000149011612,0.20000000298023224,0.05000000074505806,1,1.0,1.0
4fe9051db1916f1e,S4_EARLY_4,0.1,0.10000000149011612,0.20000000298023224,0.05000000074505806,1,1.0,1.0
dcfcb68c6728e87a,S4_EARLY_4,0.1,0.10000000894069672,0.20000000298023224,0.05000000447034836,1,1.0,1.0
3ff9412833213e1d,S4_EARLY_4,0.1,0.10000000149011612,0.20000000298023224,0.05000000074505806,0,0.02631578947368418,0.9736842105263158
7e4ea251aff25ea4,S4_EARLY_4,0.1,0.10000000149011612,0.20000000298023224,0.05000000074505806,1,1.0,1.0
fc7b3e0819820866,S4_EARLY_4,0.1,0.10000000894069672,0.20000000298023224,0.05000000447034836,0,0.0076045627376425395,0.9923954372623575
edabd78b42374c59,S4_EARLY_4,0.1,0.10000000149011612,0.20000000298023224,0.05000000074505806,0,0.0,1.0
ba816ce44776c2e5,S4_EARLY_4,0.1,0.10000000149011612,0.20000000298023224,0.05000000074505806,1,1.0,1.0
cfc39308685bf848,S4_EARLY_4,0.1,0.10000000149011612,0.20000000298023224,0.05000000074505806,1,1.0,1.0
6c6f359e34163bdc,S4_EARLY_4,0.1,0.10000000894069672,0.20000000298023224,0.05000000447034836,1,1.0,1.0
56b951d94596e901,S4_EARLY_4,0.1,0.10000000149011612,0.20000000298023224,0.05000000074505806,0,0.0,1.0
f804bb57c7579341,S4_EARLY_4,0.1,0.10000000149011612,0.20000000298023224,0.05000000074505806,0,0.0,1.0
0aa73a125a2338f7,S4_EARLY_4,0.1,0.10000000894069672,0.20000000298023224,0.05000000447034836,1,1.0,1.0
41b4ef876b293e68,S4_EARLY_4,0.1,0.10000000894069672,0.20000000298023224,0.05000000447034836,0,0.0,1.0
37d32c8bb9a2da51,S4_EARLY_4,0.1,0.10000000149011612,0.20000000298023224,0.05000000074505806,1,1.0,1.0
445693e8906ee75f,S4_EARLY_4,0.1,0.10000000149011612,0.20000000298023224,0.05000000074505806,1,1.0,1.0
1412eed0e469b510,S4_EARLY_4,0.1,0.10000000149011612,0.20000000298023224,0.05000000447034836,1,1.0,1.0
3a3e85b16958debe,S4_EARLY_4,0.1,0.10000000149011612,0.20000000298023224,0.05000000074505806,1,1.0,1.0
15324d10a3de8e2c,S4_EARLY_4,0.1,0.10000000894069672,0.20000000298023224,0.05000000447034836,0,0.0,1.0
48348a2a2184c687,S4_EARLY_4,0.1,0.10000000149011612,0.20000001788139343,0.05000000447034836,1,1.0,1.0
a385c7c4762f918c,S4_EARLY_4,0.1,0.10000000894069672,0.20000000298023224,0.05000000447034836,0,0.0,1.0
59a7fd78ea808678,S4_EARLY_4,0.1,0.10000000149011612,0.20000001788139343,0.05000000447034836,0,0.007843137254901933,0.9921568627450981
24a0fd12e0581713,S4_EARLY_4,0.1,0.10000000149011612,0.20000000298023224,0.05000000074505806,0,0.0,1.0
f22f7af8d24a2295,S4_EARLY_4,0.1,0.10000000894069672,0.20000000298023224,0.05000000447034836,0,0.0,1.0
7bcddcd9ce700d08,S4_EARLY_4,0.1,0.10000000149011612,0.20000000298023224,0.05000000074505806,1,1.0,1.0
7cde3cdc0fd6b790,S4_EARLY_4,0.1,0.10000000149011612,0.20000000298023224,0.05000000447034836,1,1.0,1.0
09c875e43731354c,S4_EARLY_4,0.1,0.10000000894069672,0.20000001788139343,0.05000000447034836,1,1.0,1.0
1002a6f033de7859,S4_EARLY_4,0.1,0.10000000149011612,0.20000000298023224,0.05000000447034836,1,1.0,1.0
b61a300745d50715,S4_EARLY_4,0.1,0.10000000894069672,0.20000001788139343,0.05000000447034836,0,0.008000000000000007,0.992
82e766aea5fcceea,S4_EARLY_4,0.1,0.10000000149011612,0.20000000298023224,0.05000000074505806,1,1.0,1.0
33c2059767f11d72,S4_EARLY_4,0.1,0.10000000149011612,0.20000000298023224,0.05000000074505806,1,1.0,1.0
4942cf68f90db14e,S4_EARLY_4,0.1,0.10000000894069672,0.20000000298023224,0.05000000447034836,1,1.0,1.0
33eaf0c9914628a8,S4_EARLY_4,0.1,0.10000000149011612,0.20000000298023224,0.05000000074505806,1,1.0,1.0
69ac9961c1186b45,S4_EARLY_4,0.1,0.10000000894069672,0.20000000298023224,0.05000000447034836,1,1.0,1.0
8e6f228a0e9ba076,S4_EARLY_4,0.1,0.10000000149011612,0.20000000298023224,0.05000000074505806,1,1.0,1.0
4d0635c70d5dd5aa,S4_EARLY_4,0.1,0.10000000894069672,0.20000001788139343,0.05000000447034836,1,1.0,1.0
378543af9ed770f3,S4_EARLY_4,0.1,0.10000000894069672,0.20000000298023224,0.05000000447034836,1,1.0,1.0
fc4aa58827f1e0af,S4_EARLY_4,0.1,0.10000000149011612,0.20000000298023224,0.05000000074505806,1,1.0,1.0
db68ea334e5808ee,S4_EARLY_4,0.1,0.10000000149011612,0.20000001788139343,0.05000000447034836,1,1.0,1.0
d6c9599e86086b54,S4_EARLY_4,0.1,0.10000000149011612,0.20000000298023224,0.05000000074505806,1,1.0,1.0
c20555ddab8c6d5d,S4_EARLY_4,0.1,0.10000000149011612,0.20000000298023224,0.05000000447034836,1,1.0,1.0
e37c88bf33e716a0,S4_EARLY_4,0.1,0.10000000149011612,0.20000000298023224,0.05000000074505806,0,0.375,1.0
f6f250c1bf73414f,S4_EARLY_4,0.1,0.10000000894069672,0.20000001788139343,0.05000000447034836,1,1.0,1.0
5bea7f1a07a95de8,S4_EARLY_4,0.1,0.10000000894069672,0.20000000298023224,0.05000000447034836,0,0.0,1.0
7361399cdb324c4b,S4_EARLY_4,0.1,0.10000000894069672,0.20000000298023224,0.05000000447034836,0,0.0,1.0
fbc6bdbb171b9b68,S4_EARLY_4,0.1,0.10000000894069672,0.20000000298023224,0.05000000447034836,0,0.0,1.0
4d8cb4a986edad0e,S4_EARLY_4,0.1,0.10000000149011612,0.20000000298023224,0.05000000074505806,1,1.0,1.0
12d93786bfcc0b05,S4_EARLY_4,0.1,0.10000000894069672,0.20000000298023224,0.05000000447034836,1,1.0,1.0
6372ea03f1694a42,S4_EARLY_4,0.1,0.10000000894069672,0.20000000298023224,0.05000000447034836,1,1.0,1.0
2aab10bbefceb899,S4_EARLY_4,0.1,0.10000000149011612,0.20000000298023224,0.05000000447034836,1,1.0,1.0
05e139e14f80808d,S4_EARLY_4,0.1,0.10000000149011612,0.20000000298023224,0.05000000074505806,0,0.0,1.0
39f86de60234e23f,S4_EARLY_4,0.1,0.10000000149011612,0.20000000298023224,0.05000000074505806,0,0.0,1.0
9e6ac075a390c890,S4_EARLY_4,0.1,0.10000000149011612,0.20000000298023224,0.05000000447034836,1,1.0,1.0
f8f143222dfbc080,S4_EARLY_4,0.1,0.10000000149011612,0.20000000298023224,0.05000000074505806,1,1.0,1.0
6d311db0bb71ca9f,S5_EARLY_8,0.1,0.10000000149011612,0.2828427255153656,0.0353553406894207,1,1.0,1.0
e3d17f89d52a8b5c,S5_EARLY_8,0.1,0.10000000894069672,0.282842755317688,0.035355344414711,0,0.0,1.0
5a8076924a7614c3,S5_EARLY_8,0.1,0.10000000149011612,0.2828427255153656,0.0353553406894207,1,1.0,1.0
d979221ed06165e6,S5_EARLY_8,0.1,0.10000000149011612,0.2828427255153656,0.0353553406894207,1,1.0,1.0
3a60424da956ef88,S5_EARLY_8,0.1,0.10000000149011612,0.2828427255153656,0.0353553406894207,0,0.0,1.0
afa869da7986df43,S5_EARLY_8,0.1,0.10000000894069672,0.282842755317688,0.035355344414711,1,1.0,1.0
fe14f91d10bb83d1,S5_EARLY_8,0.1,0.10000000149011612,0.2828427255153656,0.0353553406894207,1,1.0,1.0
4fe9051db1916f1e,S5_EARLY_8,0.1,0.10000000149011612,0.2828427255153656,0.0353553406894207,1,1.0,1.0
dcfcb68c6728e87a,S5_EARLY_8,0.1,0.10000000149011612,0.2828427255153656,0.0353553406894207,1,1.0,1.0
3ff9412833213e1d,S5_EARLY_8,0.1,0.10000000894069672,0.282842755317688,0.035355344414711,0,0.02857142857142858,0.9714285714285714
7e4ea251aff25ea4,S5_EARLY_8,0.1,0.10000000149011612,0.2828427255153656,0.0353553406894207,1,1.0,1.0
fc7b3e0819820866,S5_EARLY_8,0.1,0.10000000149011612,0.2828427255153656,0.0353553406894207,0,0.0076045627376425395,0.9923954372623575
edabd78b42374c59,S5_EARLY_8,0.1,0.10000000149011612,0.2828427255153656,0.0353553406894207,0,0.0,1.0
ba816ce44776c2e5,S5_EARLY_8,0.1,0.10000000894069672,0.282842755317688,0.035355344414711,1,1.0,1.0
cfc39308685bf848,S5_EARLY_8,0.1,0.10000000149011612,0.2828427255153656,0.0353553406894207,1,1.0,1.0
6c6f359e34163bdc,S5_EARLY_8,0.1,0.10000000149011612,0.2828427255153656,0.0353553406894207,1,1.0,1.0
56b951d94596e901,S5_EARLY_8,0.1,0.10000000149011612,0.2828427255153656,0.0353553406894207,0,0.0,1.0
f804bb57c7579341,S5_EARLY_8,0.1,0.10000000149011612,0.2828427255153656,0.0353553406894207,0,0.0,1.0
0aa73a125a2338f7,S5_EARLY_8,0.1,0.10000000149011612,0.2828427255153656,0.0353553406894207,1,1.0,1.0
41b4ef876b293e68,S5_EARLY_8,0.1,0.10000000894069672,0.282842755317688,0.035355344414711,0,0.0,1.0
37d32c8bb9a2da51,S5_EARLY_8,0.1,0.10000000149011612,0.2828427255153656,0.0353553406894207,1,1.0,1.0
445693e8906ee75f,S5_EARLY_8,0.1,0.10000000894069672,0.282842755317688,0.035355344414711,1,1.0,1.0
1412eed0e469b510,S5_EARLY_8,0.1,0.10000000149011612,0.2828427255153656,0.0353553406894207,1,1.0,1.0
3a3e85b16958debe,S5_EARLY_8,0.1,0.10000000149011612,0.2828427255153656,0.0353553406894207,1,1.0,1.0
15324d10a3de8e2c,S5_EARLY_8,0.1,0.10000000894069672,0.282842755317688,0.035355344414711,0,0.0,1.0
48348a2a2184c687,S5_EARLY_8,0.1,0.10000000894069672,0.282842755317688,0.035355344414711,1,1.0,1.0
a385c7c4762f918c,S5_EARLY_8,0.1,0.10000000149011612,0.2828427255153656,0.0353553406894207,0,0.0,1.0
59a7fd78ea808678,S5_EARLY_8,0.1,0.10000000894069672,0.282842755317688,0.035355344414711,0,0.007843137254901933,0.9921568627450981
24a0fd12e0581713,S5_EARLY_8,0.1,0.10000000894069672,0.282842755317688,0.035355344414711,0,0.0,1.0
f22f7af8d24a2295,S5_EARLY_8,0.1,0.10000000149011612,0.2828427255153656,0.0353553406894207,0,0.0,1.0
7bcddcd9ce700d08,S5_EARLY_8,0.1,0.10000000894069672,0.282842755317688,0.035355344414711,1,1.0,1.0
7cde3cdc0fd6b790,S5_EARLY_8,0.1,0.10000000149011612,0.2828427255153656,0.0353553406894207,1,1.0,1.0
09c875e43731354c,S5_EARLY_8,0.1,0.10000000149011612,0.2828427255153656,0.0353553406894207,1,1.0,1.0
1002a6f033de7859,S5_EARLY_8,0.1,0.10000000149011612,0.2828427255153656,0.0353553406894207,1,1.0,1.0
b61a300745d50715,S5_EARLY_8,0.1,0.10000000894069672,0.282842755317688,0.035355344414711,0,0.008000000000000007,0.992
82e766aea5fcceea,S5_EARLY_8,0.1,0.10000000149011612,0.2828427255153656,0.0353553406894207,1,1.0,1.0
33c2059767f11d72,S5_EARLY_8,0.1,0.10000000894069672,0.282842755317688,0.035355344414711,1,1.0,1.0
4942cf68f90db14e,S5_EARLY_8,0.1,0.10000000894069672,0.282842755317688,0.035355344414711,1,1.0,1.0
33eaf0c9914628a8,S5_EARLY_8,0.1,0.10000000149011612,0.2828427255153656,0.0353553406894207,1,1.0,1.0
69ac9961c1186b45,S5_EARLY_8,0.1,0.10000000894069672,0.282842755317688,0.035355344414711,1,1.0,1.0
8e6f228a0e9ba076,S5_EARLY_8,0.1,0.10000000149011612,0.2828427255153656,0.0353553406894207,1,1.0,1.0
4d0635c70d5dd5aa,S5_EARLY_8,0.1,0.10000000149011612,0.2828427255153656,0.0353553406894207,1,1.0,1.0
378543af9ed770f3,S5_EARLY_8,0.1,0.10000000149011612,0.2828427255153656,0.0353553406894207,1,1.0,1.0
fc4aa58827f1e0af,S5_EARLY_8,0.1,0.10000000149011612,0.2828427255153656,0.0353553406894207,1,1.0,1.0
db68ea334e5808ee,S5_EARLY_8,0.1,0.10000000894069672,0.282842755317688,0.035355344414711,1,1.0,1.0
d6c9599e86086b54,S5_EARLY_8,0.1,0.10000000149011612,0.2828427255153656,0.0353553406894207,1,1.0,1.0
c20555ddab8c6d5d,S5_EARLY_8,0.1,0.10000000149011612,0.2828427255153656,0.0353553406894207,1,1.0,1.0
e37c88bf33e716a0,S5_EARLY_8,0.1,0.10000000149011612,0.2828427255153656,0.0353553406894207,0,0.375,1.0
f6f250c1bf73414f,S5_EARLY_8,0.1,0.10000000149011612,0.2828427255153656,0.0353553406894207,1,1.0,1.0
5bea7f1a07a95de8,S5_EARLY_8,0.1,0.10000000149011612,0.2828427255153656,0.0353553406894207,0,0.00877192982456143,0.9912280701754386
7361399cdb324c4b,S5_EARLY_8,0.1,0.10000000894069672,0.282842755317688,0.035355344414711,0,0.0,1.0
fbc6bdbb171b9b68,S5_EARLY_8,0.1,0.10000000894069672,0.282842755317688,0.035355344414711,0,0.0,1.0
4d8cb4a986edad0e,S5_EARLY_8,0.1,0.10000000894069672,0.282842755317688,0.035355344414711,1,1.0,1.0
12d93786bfcc0b05,S5_EARLY_8,0.1,0.10000000894069672,0.282842755317688,0.035355344414711,1,1.0,1.0
6372ea03f1694a42,S5_EARLY_8,0.1,0.10000000894069672,0.282842755317688,0.035355344414711,1,1.0,1.0
2aab10bbefceb899,S5_EARLY_8,0.1,0.10000000149011612,0.2828427255153656,0.0353553406894207,1,1.0,1.0
05e139e14f80808d,S5_EARLY_8,0.1,0.10000000149011612,0.2828427255153656,0.0353553406894207,0,0.0,1.0
39f86de60234e23f,S5_EARLY_8,0.1,0.10000000894069672,0.282842755317688,0.035355344414711,0,0.0,1.0
9e6ac075a390c890,S5_EARLY_8,0.1,0.10000000894069672,0.282842755317688,0.035355344414711,1,1.0,1.0
f8f143222dfbc080,S5_EARLY_8,0.1,0.10000000894069672,0.282842755317688,0.035355344414711,1,1.0,1.0
6d311db0bb71ca9f,S6_ALL_K,0.1,0.10000000894069672,0.30000001192092896,0.03333333507180214,1,1.0,1.0
e3d17f89d52a8b5c,S6_ALL_K,0.1,0.10000000894069672,0.30000001192092896,0.03333333507180214,0,0.0,1.0
5a8076924a7614c3,S6_ALL_K,0.1,0.10000000894069672,0.30000001192092896,0.03333333507180214,1,1.0,1.0
d979221ed06165e6,S6_ALL_K,0.1,0.10000000894069672,0.30000001192092896,0.03333333507180214,1,1.0,1.0
3a60424da956ef88,S6_ALL_K,0.1,0.10000000894069672,0.30000001192092896,0.03333333507180214,0,0.0,1.0
afa869da7986df43,S6_ALL_K,0.1,0.10000001639127731,0.30000004172325134,0.03333333879709244,1,1.0,1.0
fe14f91d10bb83d1,S6_ALL_K,0.1,0.10000000894069672,0.30000001192092896,0.03333333507180214,1,1.0,1.0
4fe9051db1916f1e,S6_ALL_K,0.1,0.10000000894069672,0.30000001192092896,0.03333333507180214,1,1.0,1.0
dcfcb68c6728e87a,S6_ALL_K,0.1,0.10000000894069672,0.30000001192092896,0.03333333507180214,1,1.0,1.0
3ff9412833213e1d,S6_ALL_K,0.1,0.10000000894069672,0.30000001192092896,0.03333333507180214,0,0.02857142857142858,0.9714285714285714
7e4ea251aff25ea4,S6_ALL_K,0.1,0.10000000894069672,0.30000001192092896,0.03333333507180214,1,1.0,1.0
fc7b3e0819820866,S6_ALL_K,0.1,0.10000000894069672,0.30000001192092896,0.03333333507180214,0,0.008000000000000007,0.992
edabd78b42374c59,S6_ALL_K,0.1,0.10000000894069672,0.30000001192092896,0.03333333879709244,0,0.0,1.0
ba816ce44776c2e5,S6_ALL_K,0.1,0.10000000894069672,0.30000001192092896,0.03333333507180214,1,1.0,1.0
cfc39308685bf848,S6_ALL_K,0.1,0.10000000894069672,0.30000001192092896,0.03333333507180214,1,1.0,1.0
6c6f359e34163bdc,S6_ALL_K,0.1,0.10000000894069672,0.30000001192092896,0.03333333507180214,1,1.0,1.0
56b951d94596e901,S6_ALL_K,0.1,0.10000001639127731,0.30000004172325134,0.03333333879709244,0,0.0,1.0
f804bb57c7579341,S6_ALL_K,0.1,0.10000000894069672,0.30000001192092896,0.03333333507180214,0,0.0,1.0
0aa73a125a2338f7,S6_ALL_K,0.1,0.10000000894069672,0.30000001192092896,0.03333333507180214,1,1.0,1.0
41b4ef876b293e68,S6_ALL_K,0.1,0.10000000894069672,0.30000001192092896,0.03333333507180214,0,0.0,1.0
37d32c8bb9a2da51,S6_ALL_K,0.1,0.10000000894069672,0.30000001192092896,0.03333333507180214,1,1.0,1.0
445693e8906ee75f,S6_ALL_K,0.1,0.10000000894069672,0.30000001192092896,0.03333333507180214,1,1.0,1.0
1412eed0e469b510,S6_ALL_K,0.1,0.10000001639127731,0.30000004172325134,0.03333333879709244,1,1.0,1.0
3a3e85b16958debe,S6_ALL_K,0.1,0.10000000894069672,0.30000001192092896,0.03333333507180214,1,1.0,1.0
15324d10a3de8e2c,S6_ALL_K,0.1,0.10000000894069672,0.30000001192092896,0.03333333507180214,0,0.0,1.0
48348a2a2184c687,S6_ALL_K,0.1,0.10000000894069672,0.30000001192092896,0.03333333507180214,1,1.0,1.0
a385c7c4762f918c,S6_ALL_K,0.1,0.10000000894069672,0.30000001192092896,0.03333333507180214,0,0.0,1.0
59a7fd78ea808678,S6_ALL_K,0.1,0.10000000894069672,0.30000001192092896,0.03333333507180214,0,0.007843137254901933,0.9921568627450981
24a0fd12e0581713,S6_ALL_K,0.1,0.10000001639127731,0.30000004172325134,0.03333333879709244,0,0.0,1.0
f22f7af8d24a2295,S6_ALL_K,0.1,0.10000000894069672,0.30000001192092896,0.03333333507180214,0,0.0,1.0
7bcddcd9ce700d08,S6_ALL_K,0.1,0.10000000894069672,0.30000001192092896,0.03333333507180214,1,1.0,1.0
7cde3cdc0fd6b790,S6_ALL_K,0.1,0.10000000894069672,0.30000001192092896,0.03333333507180214,1,1.0,1.0
09c875e43731354c,S6_ALL_K,0.1,0.10000000894069672,0.30000001192092896,0.03333333507180214,1,1.0,1.0
1002a6f033de7859,S6_ALL_K,0.1,0.10000000894069672,0.30000001192092896,0.03333333507180214,1,1.0,1.0
b61a300745d50715,S6_ALL_K,0.1,0.10000000894069672,0.30000001192092896,0.03333333507180214,0,0.008000000000000007,0.992
82e766aea5fcceea,S6_ALL_K,0.1,0.10000000894069672,0.30000001192092896,0.03333333507180214,1,1.0,1.0
33c2059767f11d72,S6_ALL_K,0.1,0.10000000894069672,0.30000001192092896,0.03333333507180214,1,1.0,1.0
4942cf68f90db14e,S6_ALL_K,0.1,0.10000001639127731,0.30000004172325134,0.03333333879709244,1,1.0,1.0
33eaf0c9914628a8,S6_ALL_K,0.1,0.10000000894069672,0.30000001192092896,0.03333333507180214,1,1.0,1.0
69ac9961c1186b45,S6_ALL_K,0.1,0.10000000894069672,0.30000001192092896,0.03333333507180214,1,1.0,1.0
8e6f228a0e9ba076,S6_ALL_K,0.1,0.10000001639127731,0.30000004172325134,0.03333333879709244,1,1.0,1.0
4d0635c70d5dd5aa,S6_ALL_K,0.1,0.10000000894069672,0.30000001192092896,0.03333333507180214,1,1.0,1.0
378543af9ed770f3,S6_ALL_K,0.1,0.10000000894069672,0.30000001192092896,0.03333333507180214,1,1.0,1.0
fc4aa58827f1e0af,S6_ALL_K,0.1,0.10000000894069672,0.30000001192092896,0.03333333879709244,1,1.0,1.0
db68ea334e5808ee,S6_ALL_K,0.1,0.10000000894069672,0.30000001192092896,0.03333333507180214,1,1.0,1.0
d6c9599e86086b54,S6_ALL_K,0.1,0.10000000894069672,0.30000001192092896,0.03333333507180214,1,1.0,1.0
c20555ddab8c6d5d,S6_ALL_K,0.1,0.10000000894069672,0.30000001192092896,0.03333333507180214,1,1.0,1.0
e37c88bf33e716a0,S6_ALL_K,0.1,0.10000000894069672,0.30000001192092896,0.03333333507180214,0,0.375,1.0
f6f250c1bf73414f,S6_ALL_K,0.1,0.10000000894069672,0.30000001192092896,0.03333333507180214,1,1.0,1.0
5bea7f1a07a95de8,S6_ALL_K,0.1,0.10000000894069672,0.30000001192092896,0.03333333507180214,0,0.00877192982456143,0.9912280701754386
7361399cdb324c4b,S6_ALL_K,0.1,0.10000000894069672,0.30000001192092896,0.03333333507180214,0,0.0,1.0
fbc6bdbb171b9b68,S6_ALL_K,0.1,0.10000000894069672,0.30000001192092896,0.03333333507180214,0,0.0,1.0
4d8cb4a986edad0e,S6_ALL_K,0.1,0.10000000894069672,0.30000001192092896,0.03333333507180214,1,1.0,1.0
12d93786bfcc0b05,S6_ALL_K,0.1,0.10000000894069672,0.30000001192092896,0.03333333507180214,1,1.0,1.0
6372ea03f1694a42,S6_ALL_K,0.1,0.10000000894069672,0.30000001192092896,0.03333333507180214,1,1.0,1.0
2aab10bbefceb899,S6_ALL_K,0.1,0.10000001639127731,0.30000004172325134,0.03333333879709244,1,1.0,1.0
05e139e14f80808d,S6_ALL_K,0.1,0.10000000894069672,0.30000001192092896,0.03333333507180214,0,0.0,1.0
39f86de60234e23f,S6_ALL_K,0.1,0.10000000894069672,0.30000001192092896,0.03333333507180214,0,0.0,1.0
9e6ac075a390c890,S6_ALL_K,0.1,0.10000000894069672,0.30000001192092896,0.03333333507180214,1,1.0,1.0
f8f143222dfbc080,S6_ALL_K,0.1,0.10000000894069672,0.30000001192092896,0.03333333507180214,1,1.0,1.0
6d311db0bb71ca9f,S7_LATE_4,0.1,0.10000000894069672,0.20000000298023224,0.05000000447034836,1,1.0,1.0
e3d17f89d52a8b5c,S7_LATE_4,0.1,0.10000000149011612,0.20000000298023224,0.05000000447034836,0,0.0,1.0
5a8076924a7614c3,S7_LATE_4,0.1,0.10000000149011612,0.20000000298023224,0.05000000074505806,1,1.0,1.0
d979221ed06165e6,S7_LATE_4,0.1,0.10000000149011612,0.20000000298023224,0.05000000074505806,1,1.0,1.0
3a60424da956ef88,S7_LATE_4,0.1,0.10000000149011612,0.20000000298023224,0.05000000447034836,1,1.0,1.0
afa869da7986df43,S7_LATE_4,0.1,0.10000000149011612,0.20000000298023224,0.05000000447034836,1,1.0,1.0
fe14f91d10bb83d1,S7_LATE_4,0.1,0.10000000149011612,0.20000000298023224,0.05000000074505806,1,1.0,1.0
4fe9051db1916f1e,S7_LATE_4,0.1,0.10000000149011612,0.20000000298023224,0.05000000074505806,1,1.0,1.0
dcfcb68c6728e87a,S7_LATE_4,0.1,0.10000000894069672,0.20000001788139343,0.05000000447034836,1,1.0,1.0
3ff9412833213e1d,S7_LATE_4,0.1,0.10000000149011612,0.20000000298023224,0.05000000074505806,0,0.02631578947368418,0.9736842105263158
7e4ea251aff25ea4,S7_LATE_4,0.1,0.10000000149011612,0.20000000298023224,0.05000000074505806,1,1.0,1.0
fc7b3e0819820866,S7_LATE_4,0.1,0.10000000894069672,0.20000000298023224,0.05000000447034836,0,0.008000000000000007,0.992
edabd78b42374c59,S7_LATE_4,0.1,0.10000000149011612,0.20000000298023224,0.05000000074505806,0,0.0,1.0
ba816ce44776c2e5,S7_LATE_4,0.1,0.10000000149011612,0.20000000298023224,0.05000000074505806,1,1.0,1.0
cfc39308685bf848,S7_LATE_4,0.1,0.10000000149011612,0.20000000298023224,0.05000000074505806,1,1.0,1.0
6c6f359e34163bdc,S7_LATE_4,0.1,0.10000000149011612,0.20000000298023224,0.05000000074505806,1,1.0,1.0
56b951d94596e901,S7_LATE_4,0.1,0.10000000149011612,0.20000000298023224,0.05000000074505806,0,0.0,1.0
f804bb57c7579341,S7_LATE_4,0.1,0.10000000149011612,0.20000000298023224,0.05000000074505806,0,0.0,1.0
0aa73a125a2338f7,S7_LATE_4,0.1,0.10000000894069672,0.20000000298023224,0.05000000447034836,1,1.0,1.0
41b4ef876b293e68,S7_LATE_4,0.1,0.10000000894069672,0.20000000298023224,0.05000000447034836,0,0.0,1.0
37d32c8bb9a2da51,S7_LATE_4,0.1,0.10000000149011612,0.20000000298023224,0.05000000074505806,1,1.0,1.0
445693e8906ee75f,S7_LATE_4,0.1,0.10000000149011612,0.20000000298023224,0.05000000074505806,1,1.0,1.0
1412eed0e469b510,S7_LATE_4,0.1,0.10000000894069672,0.20000000298023224,0.05000000447034836,1,1.0,1.0
3a3e85b16958debe,S7_LATE_4,0.1,0.10000000149011612,0.20000000298023224,0.05000000074505806,1,1.0,1.0
15324d10a3de8e2c,S7_LATE_4,0.1,0.10000000149011612,0.20000000298023224,0.05000000074505806,0,0.0,1.0
48348a2a2184c687,S7_LATE_4,0.1,0.10000000149011612,0.20000000298023224,0.05000000447034836,1,1.0,1.0
a385c7c4762f918c,S7_LATE_4,0.1,0.10000000894069672,0.20000001788139343,0.05000000447034836,0,0.0,1.0
59a7fd78ea808678,S7_LATE_4,0.1,0.10000000149011612,0.20000000298023224,0.05000000447034836,0,0.007843137254901933,0.9921568627450981
24a0fd12e0581713,S7_LATE_4,0.1,0.10000000149011612,0.20000000298023224,0.05000000074505806,0,0.0,1.0
f22f7af8d24a2295,S7_LATE_4,0.1,0.10000000894069672,0.20000000298023224,0.05000000819563866,0,0.02564102564102566,0.9743589743589743
7bcddcd9ce700d08,S7_LATE_4,0.1,0.10000000149011612,0.20000000298023224,0.05000000074505806,1,1.0,1.0
7cde3cdc0fd6b790,S7_LATE_4,0.1,0.10000000894069672,0.20000000298023224,0.05000000447034836,1,1.0,1.0
09c875e43731354c,S7_LATE_4,0.1,0.10000000894069672,0.20000000298023224,0.05000000447034836,1,1.0,1.0
1002a6f033de7859,S7_LATE_4,0.1,0.10000000894069672,0.20000000298023224,0.05000000447034836,1,1.0,1.0
b61a300745d50715,S7_LATE_4,0.1,0.10000000894069672,0.20000000298023224,0.05000000447034836,0,0.008000000000000007,0.992
82e766aea5fcceea,S7_LATE_4,0.1,0.10000000149011612,0.20000000298023224,0.05000000074505806,1,1.0,1.0
33c2059767f11d72,S7_LATE_4,0.1,0.10000000149011612,0.20000000298023224,0.05000000074505806,1,1.0,1.0
4942cf68f90db14e,S7_LATE_4,0.1,0.10000000894069672,0.20000001788139343,0.05000000447034836,1,1.0,1.0
33eaf0c9914628a8,S7_LATE_4,0.1,0.10000000149011612,0.20000000298023224,0.05000000074505806,1,1.0,1.0
69ac9961c1186b45,S7_LATE_4,0.1,0.10000000149011612,0.20000000298023224,0.05000000074505806,1,1.0,1.0
8e6f228a0e9ba076,S7_LATE_4,0.1,0.10000000149011612,0.20000000298023224,0.05000000074505806,1,1.0,1.0
4d0635c70d5dd5aa,S7_LATE_4,0.1,0.10000000149011612,0.20000000298023224,0.05000000447034836,1,1.0,1.0
378543af9ed770f3,S7_LATE_4,0.1,0.10000000894069672,0.20000000298023224,0.05000000447034836,1,1.0,1.0
fc4aa58827f1e0af,S7_LATE_4,0.1,0.10000000149011612,0.20000001788139343,0.05000000447034836,1,1.0,1.0
db68ea334e5808ee,S7_LATE_4,0.1,0.10000000149011612,0.20000000298023224,0.05000000447034836,1,1.0,1.0
d6c9599e86086b54,S7_LATE_4,0.1,0.10000000149011612,0.20000000298023224,0.05000000074505806,1,1.0,1.0
c20555ddab8c6d5d,S7_LATE_4,0.1,0.10000000894069672,0.20000000298023224,0.05000000447034836,1,1.0,1.0
e37c88bf33e716a0,S7_LATE_4,0.1,0.10000000149011612,0.20000001788139343,0.05000000447034836,0,0.375,1.0
f6f250c1bf73414f,S7_LATE_4,0.1,0.10000000894069672,0.20000000298023224,0.05000000447034836,1,1.0,1.0
5bea7f1a07a95de8,S7_LATE_4,0.1,0.10000000894069672,0.20000000298023224,0.05000000447034836,0,0.0,1.0
7361399cdb324c4b,S7_LATE_4,0.1,0.10000000149011612,0.20000001788139343,0.05000000447034836,0,0.0,1.0
fbc6bdbb171b9b68,S7_LATE_4,0.1,0.10000000894069672,0.20000001788139343,0.05000000447034836,0,0.0,1.0
4d8cb4a986edad0e,S7_LATE_4,0.1,0.10000000149011612,0.20000001788139343,0.05000000447034836,1,1.0,1.0
12d93786bfcc0b05,S7_LATE_4,0.1,0.10000000894069672,0.20000000298023224,0.05000000447034836,1,1.0,1.0
6372ea03f1694a42,S7_LATE_4,0.1,0.10000000149011612,0.20000001788139343,0.05000000447034836,1,1.0,1.0
2aab10bbefceb899,S7_LATE_4,0.1,0.10000000894069672,0.20000000298023224,0.05000000447034836,1,1.0,1.0
05e139e14f80808d,S7_LATE_4,0.1,0.10000000149011612,0.20000000298023224,0.05000000074505806,0,0.0,1.0
39f86de60234e23f,S7_LATE_4,0.1,0.10000000149011612,0.20000000298023224,0.05000000074505806,0,0.0,1.0
9e6ac075a390c890,S7_LATE_4,0.1,0.10000000894069672,0.20000000298023224,0.05000000447034836,1,1.0,1.0
f8f143222dfbc080,S7_LATE_4,0.1,0.10000000149011612,0.20000000298023224,0.05000000074505806,1,1.0,1.0
6d311db0bb71ca9f,S1_P0_ONLY,0.2,0.20000000298023224,0.20000000298023224,0.20000000298023224,0,0.0076045627376425395,0.9923954372623575
e3d17f89d52a8b5c,S1_P0_ONLY,0.2,0.20000001788139343,0.20000001788139343,0.20000001788139343,0,0.0,1.0
5a8076924a7614c3,S1_P0_ONLY,0.2,0.20000000298023224,0.20000000298023224,0.20000000298023224,1,1.0,1.0
d979221ed06165e6,S1_P0_ONLY,0.2,0.20000000298023224,0.20000000298023224,0.20000000298023224,0,0.0,1.0
3a60424da956ef88,S1_P0_ONLY,0.2,0.20000000298023224,0.20000000298023224,0.20000000298023224,1,1.0,1.0
afa869da7986df43,S1_P0_ONLY,0.2,0.20000001788139343,0.20000001788139343,0.20000001788139343,1,1.0,1.0
fe14f91d10bb83d1,S1_P0_ONLY,0.2,0.20000000298023224,0.20000000298023224,0.20000000298023224,0,0.0,1.0
4fe9051db1916f1e,S1_P0_ONLY,0.2,0.20000000298023224,0.20000000298023224,0.20000000298023224,1,1.0,1.0
dcfcb68c6728e87a,S1_P0_ONLY,0.2,0.20000001788139343,0.20000001788139343,0.20000001788139343,1,1.0,1.0
3ff9412833213e1d,S1_P0_ONLY,0.2,0.20000000298023224,0.20000000298023224,0.20000000298023224,0,0.02777777777777779,0.9722222222222222
7e4ea251aff25ea4,S1_P0_ONLY,0.2,0.20000000298023224,0.20000000298023224,0.20000000298023224,1,1.0,1.0
fc7b3e0819820866,S1_P0_ONLY,0.2,0.20000000298023224,0.20000000298023224,0.20000000298023224,0,0.0076045627376425395,0.9923954372623575
edabd78b42374c59,S1_P0_ONLY,0.2,0.20000000298023224,0.20000000298023224,0.20000000298023224,0,0.0,1.0
ba816ce44776c2e5,S1_P0_ONLY,0.2,0.20000000298023224,0.20000000298023224,0.20000000298023224,1,1.0,1.0
cfc39308685bf848,S1_P0_ONLY,0.2,0.20000000298023224,0.20000000298023224,0.20000000298023224,1,1.0,1.0
6c6f359e34163bdc,S1_P0_ONLY,0.2,0.20000001788139343,0.20000001788139343,0.20000001788139343,1,1.0,1.0
56b951d94596e901,S1_P0_ONLY,0.2,0.20000000298023224,0.20000000298023224,0.20000000298023224,0,0.0,1.0
f804bb57c7579341,S1_P0_ONLY,0.2,0.20000000298023224,0.20000000298023224,0.20000000298023224,0,0.0,1.0
0aa73a125a2338f7,S1_P0_ONLY,0.2,0.20000000298023224,0.20000000298023224,0.20000000298023224,1,1.0,1.0
41b4ef876b293e68,S1_P0_ONLY,0.2,0.20000000298023224,0.20000000298023224,0.20000000298023224,0,0.0,1.0
37d32c8bb9a2da51,S1_P0_ONLY,0.2,0.20000000298023224,0.20000000298023224,0.20000000298023224,1,1.0,1.0
445693e8906ee75f,S1_P0_ONLY,0.2,0.20000000298023224,0.20000000298023224,0.20000000298023224,1,1.0,1.0
1412eed0e469b510,S1_P0_ONLY,0.2,0.20000000298023224,0.20000000298023224,0.20000000298023224,1,1.0,1.0
3a3e85b16958debe,S1_P0_ONLY,0.2,0.20000000298023224,0.20000000298023224,0.20000000298023224,1,1.0,1.0
15324d10a3de8e2c,S1_P0_ONLY,0.2,0.20000001788139343,0.20000001788139343,0.20000001788139343,0,0.0,1.0
48348a2a2184c687,S1_P0_ONLY,0.2,0.20000000298023224,0.20000000298023224,0.20000000298023224,1,1.0,1.0
a385c7c4762f918c,S1_P0_ONLY,0.2,0.20000000298023224,0.20000000298023224,0.20000000298023224,0,0.0,1.0
59a7fd78ea808678,S1_P0_ONLY,0.2,0.20000000298023224,0.20000000298023224,0.20000000298023224,0,0.009049773755656076,0.9909502262443439
24a0fd12e0581713,S1_P0_ONLY,0.2,0.20000000298023224,0.20000000298023224,0.20000000298023224,0,0.0,1.0
f22f7af8d24a2295,S1_P0_ONLY,0.2,0.20000000298023224,0.20000000298023224,0.20000000298023224,0,0.0,1.0
7bcddcd9ce700d08,S1_P0_ONLY,0.2,0.20000000298023224,0.20000000298023224,0.20000000298023224,1,1.0,0.975609756097561
7cde3cdc0fd6b790,S1_P0_ONLY,0.2,0.20000000298023224,0.20000000298023224,0.20000000298023224,1,1.0,1.0
09c875e43731354c,S1_P0_ONLY,0.2,0.20000000298023224,0.20000000298023224,0.20000000298023224,1,1.0,1.0
1002a6f033de7859,S1_P0_ONLY,0.2,0.20000000298023224,0.20000000298023224,0.20000000298023224,1,1.0,1.0
b61a300745d50715,S1_P0_ONLY,0.2,0.20000000298023224,0.20000000298023224,0.20000000298023224,0,0.008196721311475419,0.9918032786885246
82e766aea5fcceea,S1_P0_ONLY,0.2,0.20000000298023224,0.20000000298023224,0.20000000298023224,0,0.0,1.0
33c2059767f11d72,S1_P0_ONLY,0.2,0.20000000298023224,0.20000000298023224,0.20000000298023224,1,1.0,1.0
4942cf68f90db14e,S1_P0_ONLY,0.2,0.20000001788139343,0.20000001788139343,0.20000001788139343,1,1.0,1.0
33eaf0c9914628a8,S1_P0_ONLY,0.2,0.20000000298023224,0.20000000298023224,0.20000000298023224,1,1.0,1.0
69ac9961c1186b45,S1_P0_ONLY,0.2,0.20000001788139343,0.20000001788139343,0.20000001788139343,1,1.0,1.0
8e6f228a0e9ba076,S1_P0_ONLY,0.2,0.20000000298023224,0.20000000298023224,0.20000000298023224,1,1.0,1.0
4d0635c70d5dd5aa,S1_P0_ONLY,0.2,0.20000001788139343,0.20000001788139343,0.20000001788139343,1,1.0,1.0
378543af9ed770f3,S1_P0_ONLY,0.2,0.20000000298023224,0.20000000298023224,0.20000000298023224,1,1.0,1.0
fc4aa58827f1e0af,S1_P0_ONLY,0.2,0.20000000298023224,0.20000000298023224,0.20000000298023224,0,0.0,1.0
db68ea334e5808ee,S1_P0_ONLY,0.2,0.20000000298023224,0.20000000298023224,0.20000000298023224,1,1.0,1.0
d6c9599e86086b54,S1_P0_ONLY,0.2,0.20000000298023224,0.20000000298023224,0.20000000298023224,1,1.0,1.0
c20555ddab8c6d5d,S1_P0_ONLY,0.2,0.20000000298023224,0.20000000298023224,0.20000000298023224,1,1.0,1.0
e37c88bf33e716a0,S1_P0_ONLY,0.2,0.20000000298023224,0.20000000298023224,0.20000000298023224,0,0.375,1.0
f6f250c1bf73414f,S1_P0_ONLY,0.2,0.20000000298023224,0.20000000298023224,0.20000000298023224,1,1.0,1.0
5bea7f1a07a95de8,S1_P0_ONLY,0.2,0.20000000298023224,0.20000000298023224,0.20000000298023224,0,0.0,1.0
7361399cdb324c4b,S1_P0_ONLY,0.2,0.20000001788139343,0.20000001788139343,0.20000001788139343,1,1.0,1.0
fbc6bdbb171b9b68,S1_P0_ONLY,0.2,0.20000000298023224,0.20000000298023224,0.20000000298023224,0,0.0,1.0
4d8cb4a986edad0e,S1_P0_ONLY,0.2,0.20000000298023224,0.20000000298023224,0.20000000298023224,1,1.0,1.0
12d93786bfcc0b05,S1_P0_ONLY,0.2,0.20000001788139343,0.20000001788139343,0.20000001788139343,1,1.0,1.0
6372ea03f1694a42,S1_P0_ONLY,0.2,0.20000001788139343,0.20000001788139343,0.20000001788139343,1,1.0,1.0
2aab10bbefceb899,S1_P0_ONLY,0.2,0.20000000298023224,0.20000000298023224,0.20000000298023224,1,1.0,1.0
05e139e14f80808d,S1_P0_ONLY,0.2,0.20000000298023224,0.20000000298023224,0.20000000298023224,0,0.0,1.0
39f86de60234e23f,S1_P0_ONLY,0.2,0.20000000298023224,0.20000000298023224,0.20000000298023224,0,0.0,1.0
9e6ac075a390c890,S1_P0_ONLY,0.2,0.20000000298023224,0.20000000298023224,0.20000000298023224,1,1.0,1.0
f8f143222dfbc080,S1_P0_ONLY,0.2,0.20000000298023224,0.20000000298023224,0.20000000298023224,1,1.0,1.0
6d311db0bb71ca9f,S2_G1_ONLY,0.2,0.20000000298023224,0.20000000298023224,0.20000000298023224,1,1.0,1.0
e3d17f89d52a8b5c,S2_G1_ONLY,0.2,0.20000001788139343,0.20000001788139343,0.20000001788139343,0,0.0,1.0
5a8076924a7614c3,S2_G1_ONLY,0.2,0.20000000298023224,0.20000000298023224,0.20000000298023224,1,1.0,1.0
d979221ed06165e6,S2_G1_ONLY,0.2,0.20000000298023224,0.20000000298023224,0.20000000298023224,1,1.0,1.0
3a60424da956ef88,S2_G1_ONLY,0.2,0.20000000298023224,0.20000000298023224,0.20000000298023224,1,1.0,1.0
afa869da7986df43,S2_G1_ONLY,0.2,0.20000000298023224,0.20000000298023224,0.20000000298023224,1,1.0,1.0
fe14f91d10bb83d1,S2_G1_ONLY,0.2,0.20000000298023224,0.20000000298023224,0.20000000298023224,1,1.0,1.0
4fe9051db1916f1e,S2_G1_ONLY,0.2,0.20000000298023224,0.20000000298023224,0.20000000298023224,1,1.0,1.0
dcfcb68c6728e87a,S2_G1_ONLY,0.2,0.20000000298023224,0.20000000298023224,0.20000000298023224,1,1.0,1.0
3ff9412833213e1d,S2_G1_ONLY,0.2,0.20000000298023224,0.20000000298023224,0.20000000298023224,0,0.02631578947368418,0.9736842105263158
7e4ea251aff25ea4,S2_G1_ONLY,0.2,0.20000000298023224,0.20000000298023224,0.20000000298023224,1,1.0,1.0
fc7b3e0819820866,S2_G1_ONLY,0.2,0.20000001788139343,0.20000001788139343,0.20000001788139343,0,0.0076045627376425395,0.9923954372623575
edabd78b42374c59,S2_G1_ONLY,0.2,0.20000000298023224,0.20000000298023224,0.20000000298023224,0,0.0,1.0
ba816ce44776c2e5,S2_G1_ONLY,0.2,0.20000000298023224,0.20000000298023224,0.20000000298023224,1,1.0,1.0
cfc39308685bf848,S2_G1_ONLY,0.2,0.20000000298023224,0.20000000298023224,0.20000000298023224,1,1.0,1.0
6c6f359e34163bdc,S2_G1_ONLY,0.2,0.20000000298023224,0.20000000298023224,0.20000000298023224,1,1.0,1.0
56b951d94596e901,S2_G1_ONLY,0.2,0.20000000298023224,0.20000000298023224,0.20000000298023224,0,0.0,1.0
f804bb57c7579341,S2_G1_ONLY,0.2,0.20000000298023224,0.20000000298023224,0.20000000298023224,0,0.0,1.0
0aa73a125a2338f7,S2_G1_ONLY,0.2,0.20000001788139343,0.20000001788139343,0.20000001788139343,1,1.0,1.0
41b4ef876b293e68,S2_G1_ONLY,0.2,0.20000001788139343,0.20000001788139343,0.20000001788139343,0,0.0,1.0
37d32c8bb9a2da51,S2_G1_ONLY,0.2,0.20000000298023224,0.20000000298023224,0.20000000298023224,1,1.0,1.0
445693e8906ee75f,S2_G1_ONLY,0.2,0.20000000298023224,0.20000000298023224,0.20000000298023224,1,1.0,1.0
1412eed0e469b510,S2_G1_ONLY,0.2,0.20000000298023224,0.20000000298023224,0.20000000298023224,1,1.0,1.0
3a3e85b16958debe,S2_G1_ONLY,0.2,0.20000000298023224,0.20000000298023224,0.20000000298023224,1,1.0,1.0
15324d10a3de8e2c,S2_G1_ONLY,0.2,0.20000000298023224,0.20000000298023224,0.20000000298023224,0,0.0,1.0
48348a2a2184c687,S2_G1_ONLY,0.2,0.20000000298023224,0.20000000298023224,0.20000000298023224,1,1.0,1.0
a385c7c4762f918c,S2_G1_ONLY,0.2,0.20000001788139343,0.20000001788139343,0.20000001788139343,0,0.0,1.0
59a7fd78ea808678,S2_G1_ONLY,0.2,0.20000000298023224,0.20000000298023224,0.20000000298023224,0,0.0,1.0
24a0fd12e0581713,S2_G1_ONLY,0.2,0.20000000298023224,0.20000000298023224,0.20000000298023224,0,0.0,1.0
f22f7af8d24a2295,S2_G1_ONLY,0.2,0.20000000298023224,0.20000000298023224,0.20000000298023224,0,0.02564102564102566,0.9743589743589743
7bcddcd9ce700d08,S2_G1_ONLY,0.2,0.20000000298023224,0.20000000298023224,0.20000000298023224,1,1.0,1.0
7cde3cdc0fd6b790,S2_G1_ONLY,0.2,0.20000000298023224,0.20000000298023224,0.20000000298023224,1,1.0,1.0
09c875e43731354c,S2_G1_ONLY,0.2,0.20000001788139343,0.20000001788139343,0.20000001788139343,1,1.0,1.0
1002a6f033de7859,S2_G1_ONLY,0.2,0.20000000298023224,0.20000000298023224,0.20000000298023224,1,1.0,1.0
b61a300745d50715,S2_G1_ONLY,0.2,0.20000001788139343,0.20000001788139343,0.20000001788139343,0,0.008000000000000007,0.992
82e766aea5fcceea,S2_G1_ONLY,0.2,0.20000000298023224,0.20000000298023224,0.20000000298023224,0,0.0,1.0
33c2059767f11d72,S2_G1_ONLY,0.2,0.20000000298023224,0.20000000298023224,0.20000000298023224,1,1.0,1.0
4942cf68f90db14e,S2_G1_ONLY,0.2,0.20000000298023224,0.20000000298023224,0.20000000298023224,1,1.0,1.0
33eaf0c9914628a8,S2_G1_ONLY,0.2,0.20000000298023224,0.20000000298023224,0.20000000298023224,1,1.0,1.0
69ac9961c1186b45,S2_G1_ONLY,0.2,0.20000000298023224,0.20000000298023224,0.20000000298023224,1,1.0,1.0
8e6f228a0e9ba076,S2_G1_ONLY,0.2,0.20000000298023224,0.20000000298023224,0.20000000298023224,1,1.0,1.0
4d0635c70d5dd5aa,S2_G1_ONLY,0.2,0.20000000298023224,0.20000000298023224,0.20000000298023224,1,1.0,1.0
378543af9ed770f3,S2_G1_ONLY,0.2,0.20000001788139343,0.20000001788139343,0.20000001788139343,1,1.0,1.0
fc4aa58827f1e0af,S2_G1_ONLY,0.2,0.20000000298023224,0.20000000298023224,0.20000000298023224,1,1.0,1.0
db68ea334e5808ee,S2_G1_ONLY,0.2,0.20000000298023224,0.20000000298023224,0.20000000298023224,1,1.0,1.0
d6c9599e86086b54,S2_G1_ONLY,0.2,0.20000000298023224,0.20000000298023224,0.20000000298023224,1,1.0,1.0
c20555ddab8c6d5d,S2_G1_ONLY,0.2,0.20000000298023224,0.20000000298023224,0.20000000298023224,1,1.0,1.0
e37c88bf33e716a0,S2_G1_ONLY,0.2,0.20000000298023224,0.20000000298023224,0.20000000298023224,0,0.375,1.0
f6f250c1bf73414f,S2_G1_ONLY,0.2,0.20000001788139343,0.20000001788139343,0.20000001788139343,1,1.0,1.0
5bea7f1a07a95de8,S2_G1_ONLY,0.2,0.20000001788139343,0.20000001788139343,0.20000001788139343,0,0.0,1.0
7361399cdb324c4b,S2_G1_ONLY,0.2,0.20000000298023224,0.20000000298023224,0.20000000298023224,0,0.0,1.0
fbc6bdbb171b9b68,S2_G1_ONLY,0.2,0.20000001788139343,0.20000001788139343,0.20000001788139343,0,0.0,1.0
4d8cb4a986edad0e,S2_G1_ONLY,0.2,0.20000000298023224,0.20000000298023224,0.20000000298023224,1,1.0,1.0
12d93786bfcc0b05,S2_G1_ONLY,0.2,0.20000000298023224,0.20000000298023224,0.20000000298023224,1,1.0,1.0
6372ea03f1694a42,S2_G1_ONLY,0.2,0.20000000298023224,0.20000000298023224,0.20000000298023224,1,1.0,1.0
2aab10bbefceb899,S2_G1_ONLY,0.2,0.20000000298023224,0.20000000298023224,0.20000000298023224,1,1.0,1.0
05e139e14f80808d,S2_G1_ONLY,0.2,0.20000000298023224,0.20000000298023224,0.20000000298023224,0,0.0,1.0
39f86de60234e23f,S2_G1_ONLY,0.2,0.20000000298023224,0.20000000298023224,0.20000000298023224,0,0.0,1.0
9e6ac075a390c890,S2_G1_ONLY,0.2,0.20000000298023224,0.20000000298023224,0.20000000298023224,1,1.0,1.0
f8f143222dfbc080,S2_G1_ONLY,0.2,0.20000000298023224,0.20000000298023224,0.20000000298023224,1,1.0,1.0
6d311db0bb71ca9f,S3_EARLY_2,0.2,0.20000000298023224,0.2828427255153656,0.1414213627576828,0,0.0076045627376425395,0.9923954372623575
e3d17f89d52a8b5c,S3_EARLY_2,0.2,0.20000000298023224,0.2828427255153656,0.1414213627576828,0,0.0,1.0
5a8076924a7614c3,S3_EARLY_2,0.2,0.20000000298023224,0.2828427255153656,0.1414213627576828,1,1.0,1.0
d979221ed06165e6,S3_EARLY_2,0.2,0.20000000298023224,0.2828427255153656,0.1414213627576828,1,1.0,1.0
3a60424da956ef88,S3_EARLY_2,0.2,0.20000000298023224,0.2828427255153656,0.1414213627576828,1,1.0,1.0
afa869da7986df43,S3_EARLY_2,0.2,0.20000000298023224,0.2828427255153656,0.1414213627576828,1,1.0,1.0
fe14f91d10bb83d1,S3_EARLY_2,0.2,0.20000000298023224,0.2828427255153656,0.1414213627576828,1,1.0,1.0
4fe9051db1916f1e,S3_EARLY_2,0.2,0.20000000298023224,0.2828427255153656,0.1414213627576828,1,1.0,1.0
dcfcb68c6728e87a,S3_EARLY_2,0.2,0.20000000298023224,0.2828427255153656,0.1414213627576828,1,1.0,1.0
3ff9412833213e1d,S3_EARLY_2,0.2,0.20000000298023224,0.2828427255153656,0.1414213627576828,0,0.02777777777777779,0.9722222222222222
7e4ea251aff25ea4,S3_EARLY_2,0.2,0.20000000298023224,0.2828427255153656,0.1414213627576828,1,1.0,1.0
fc7b3e0819820866,S3_EARLY_2,0.2,0.20000000298023224,0.2828427255153656,0.1414213627576828,0,0.0076045627376425395,0.9923954372623575
edabd78b42374c59,S3_EARLY_2,0.2,0.20000000298023224,0.2828427255153656,0.1414213627576828,0,0.0,1.0
ba816ce44776c2e5,S3_EARLY_2,0.2,0.20000000298023224,0.2828427255153656,0.1414213627576828,1,1.0,1.0
cfc39308685bf848,S3_EARLY_2,0.2,0.20000000298023224,0.2828427255153656,0.1414213627576828,1,1.0,1.0
6c6f359e34163bdc,S3_EARLY_2,0.2,0.20000000298023224,0.2828427255153656,0.1414213627576828,1,1.0,1.0
56b951d94596e901,S3_EARLY_2,0.2,0.20000000298023224,0.2828427255153656,0.1414213627576828,0,0.0,1.0
f804bb57c7579341,S3_EARLY_2,0.2,0.20000000298023224,0.2828427255153656,0.1414213627576828,0,0.0,1.0
0aa73a125a2338f7,S3_EARLY_2,0.2,0.20000000298023224,0.2828427255153656,0.1414213627576828,1,1.0,1.0
41b4ef876b293e68,S3_EARLY_2,0.2,0.20000000298023224,0.2828427255153656,0.1414213627576828,0,0.0,1.0
37d32c8bb9a2da51,S3_EARLY_2,0.2,0.20000000298023224,0.2828427255153656,0.1414213627576828,1,1.0,1.0
445693e8906ee75f,S3_EARLY_2,0.2,0.20000000298023224,0.2828427255153656,0.1414213627576828,1,1.0,1.0
1412eed0e469b510,S3_EARLY_2,0.2,0.20000000298023224,0.2828427255153656,0.1414213627576828,1,1.0,1.0
3a3e85b16958debe,S3_EARLY_2,0.2,0.20000000298023224,0.2828427255153656,0.1414213627576828,1,1.0,1.0
15324d10a3de8e2c,S3_EARLY_2,0.2,0.20000000298023224,0.2828427255153656,0.1414213627576828,0,0.0,1.0
48348a2a2184c687,S3_EARLY_2,0.2,0.20000000298023224,0.2828427255153656,0.1414213627576828,1,1.0,1.0
a385c7c4762f918c,S3_EARLY_2,0.2,0.20000000298023224,0.2828427255153656,0.1414213627576828,0,0.0,1.0
59a7fd78ea808678,S3_EARLY_2,0.2,0.20000001788139343,0.282842755317688,0.141421377658844,0,0.009049773755656076,0.9909502262443439
24a0fd12e0581713,S3_EARLY_2,0.2,0.20000001788139343,0.282842755317688,0.141421377658844,0,0.0,1.0
f22f7af8d24a2295,S3_EARLY_2,0.2,0.20000000298023224,0.2828427255153656,0.1414213627576828,0,0.0,1.0
7bcddcd9ce700d08,S3_EARLY_2,0.2,0.20000000298023224,0.2828427255153656,0.1414213627576828,1,1.0,1.0
7cde3cdc0fd6b790,S3_EARLY_2,0.2,0.20000000298023224,0.2828427255153656,0.1414213627576828,1,1.0,1.0
09c875e43731354c,S3_EARLY_2,0.2,0.20000000298023224,0.2828427255153656,0.1414213627576828,1,1.0,1.0
1002a6f033de7859,S3_EARLY_2,0.2,0.20000000298023224,0.2828427255153656,0.1414213627576828,1,1.0,1.0
b61a300745d50715,S3_EARLY_2,0.2,0.20000000298023224,0.2828427255153656,0.1414213627576828,0,0.008196721311475419,0.9918032786885246
82e766aea5fcceea,S3_EARLY_2,0.2,0.20000000298023224,0.2828427255153656,0.1414213627576828,0,0.0,1.0
33c2059767f11d72,S3_EARLY_2,0.2,0.20000000298023224,0.2828427255153656,0.1414213627576828,1,1.0,1.0
4942cf68f90db14e,S3_EARLY_2,0.2,0.20000001788139343,0.282842755317688,0.141421377658844,1,1.0,1.0
33eaf0c9914628a8,S3_EARLY_2,0.2,0.20000000298023224,0.2828427255153656,0.1414213627576828,1,1.0,1.0
69ac9961c1186b45,S3_EARLY_2,0.2,0.20000000298023224,0.2828427255153656,0.1414213627576828,1,1.0,1.0
8e6f228a0e9ba076,S3_EARLY_2,0.2,0.20000000298023224,0.2828427255153656,0.1414213627576828,1,1.0,1.0
4d0635c70d5dd5aa,S3_EARLY_2,0.2,0.20000000298023224,0.2828427255153656,0.1414213627576828,1,1.0,1.0
378543af9ed770f3,S3_EARLY_2,0.2,0.20000000298023224,0.2828427255153656,0.1414213627576828,1,1.0,1.0
fc4aa58827f1e0af,S3_EARLY_2,0.2,0.20000000298023224,0.2828427255153656,0.1414213627576828,0,0.0,1.0
db68ea334e5808ee,S3_EARLY_2,0.2,0.20000000298023224,0.2828427255153656,0.1414213627576828,1,1.0,1.0
d6c9599e86086b54,S3_EARLY_2,0.2,0.20000000298023224,0.2828427255153656,0.1414213627576828,1,1.0,1.0
c20555ddab8c6d5d,S3_EARLY_2,0.2,0.20000000298023224,0.2828427255153656,0.1414213627576828,1,1.0,1.0
e37c88bf33e716a0,S3_EARLY_2,0.2,0.20000000298023224,0.2828427255153656,0.1414213627576828,0,0.375,1.0
f6f250c1bf73414f,S3_EARLY_2,0.2,0.20000000298023224,0.2828427255153656,0.1414213627576828,1,1.0,1.0
5bea7f1a07a95de8,S3_EARLY_2,0.2,0.20000000298023224,0.2828427255153656,0.1414213627576828,0,0.0,1.0
7361399cdb324c4b,S3_EARLY_2,0.2,0.20000000298023224,0.2828427255153656,0.1414213627576828,1,1.0,1.0
fbc6bdbb171b9b68,S3_EARLY_2,0.2,0.20000000298023224,0.2828427255153656,0.1414213627576828,0,0.0,1.0
4d8cb4a986edad0e,S3_EARLY_2,0.2,0.20000000298023224,0.2828427255153656,0.1414213627576828,1,1.0,1.0
12d93786bfcc0b05,S3_EARLY_2,0.2,0.20000000298023224,0.2828427255153656,0.1414213627576828,1,1.0,1.0
6372ea03f1694a42,S3_EARLY_2,0.2,0.20000000298023224,0.2828427255153656,0.1414213627576828,1,1.0,1.0
2aab10bbefceb899,S3_EARLY_2,0.2,0.20000000298023224,0.2828427255153656,0.1414213627576828,1,1.0,1.0
05e139e14f80808d,S3_EARLY_2,0.2,0.20000000298023224,0.2828427255153656,0.1414213627576828,0,0.0,1.0
39f86de60234e23f,S3_EARLY_2,0.2,0.20000000298023224,0.2828427255153656,0.1414213627576828,0,0.0,1.0
9e6ac075a390c890,S3_EARLY_2,0.2,0.20000000298023224,0.2828427255153656,0.1414213627576828,1,1.0,1.0
f8f143222dfbc080,S3_EARLY_2,0.2,0.20000001788139343,0.282842755317688,0.141421377658844,1,1.0,1.0
6d311db0bb71ca9f,S4_EARLY_4,0.2,0.20000000298023224,0.4000000059604645,0.10000000894069672,0,0.0,1.0
e3d17f89d52a8b5c,S4_EARLY_4,0.2,0.20000000298023224,0.4000000059604645,0.10000000894069672,0,0.0,1.0
5a8076924a7614c3,S4_EARLY_4,0.2,0.20000000298023224,0.4000000059604645,0.10000000149011612,1,1.0,1.0
d979221ed06165e6,S4_EARLY_4,0.2,0.20000000298023224,0.4000000059604645,0.10000000149011612,1,1.0,1.0
3a60424da956ef88,S4_EARLY_4,0.2,0.20000000298023224,0.40000003576278687,0.10000000894069672,1,1.0,1.0
afa869da7986df43,S4_EARLY_4,0.2,0.20000001788139343,0.40000003576278687,0.10000000894069672,1,1.0,1.0
fe14f91d10bb83d1,S4_EARLY_4,0.2,0.20000000298023224,0.4000000059604645,0.10000000149011612,1,1.0,1.0
4fe9051db1916f1e,S4_EARLY_4,0.2,0.20000000298023224,0.4000000059604645,0.10000000149011612,1,1.0,1.0
dcfcb68c6728e87a,S4_EARLY_4,0.2,0.20000001788139343,0.4000000059604645,0.10000000894069672,1,1.0,1.0
3ff9412833213e1d,S4_EARLY_4,0.2,0.20000000298023224,0.4000000059604645,0.10000000149011612,0,0.02777777777777779,0.9722222222222222
7e4ea251aff25ea4,S4_EARLY_4,0.2,0.20000000298023224,0.4000000059604645,0.10000000149011612,1,1.0,1.0
fc7b3e0819820866,S4_EARLY_4,0.2,0.20000001788139343,0.4000000059604645,0.10000000894069672,0,0.0076045627376425395,0.9923954372623575
edabd78b42374c59,S4_EARLY_4,0.2,0.20000000298023224,0.4000000059604645,0.10000000149011612,0,0.0,1.0
ba816ce44776c2e5,S4_EARLY_4,0.2,0.20000000298023224,0.4000000059604645,0.10000000149011612,1,1.0,1.0
cfc39308685bf848,S4_EARLY_4,0.2,0.20000000298023224,0.4000000059604645,0.10000000149011612,1,1.0,1.0
6c6f359e34163bdc,S4_EARLY_4,0.2,0.20000001788139343,0.4000000059604645,0.10000000894069672,1,1.0,1.0
56b951d94596e901,S4_EARLY_4,0.2,0.20000000298023224,0.4000000059604645,0.10000000149011612,0,0.0,1.0
f804bb57c7579341,S4_EARLY_4,0.2,0.20000000298023224,0.4000000059604645,0.10000000149011612,0,0.0,1.0
0aa73a125a2338f7,S4_EARLY_4,0.2,0.20000001788139343,0.4000000059604645,0.10000000894069672,1,1.0,1.0
41b4ef876b293e68,S4_EARLY_4,0.2,0.20000001788139343,0.4000000059604645,0.10000000894069672,0,0.0,1.0
37d32c8bb9a2da51,S4_EARLY_4,0.2,0.20000000298023224,0.4000000059604645,0.10000000149011612,1,1.0,1.0
445693e8906ee75f,S4_EARLY_4,0.2,0.20000000298023224,0.4000000059604645,0.10000000149011612,1,1.0,1.0
1412eed0e469b510,S4_EARLY_4,0.2,0.20000000298023224,0.4000000059604645,0.10000000894069672,1,1.0,1.0
3a3e85b16958debe,S4_EARLY_4,0.2,0.20000000298023224,0.4000000059604645,0.10000000149011612,1,1.0,1.0
15324d10a3de8e2c,S4_EARLY_4,0.2,0.20000001788139343,0.4000000059604645,0.10000000894069672,0,0.0,1.0
48348a2a2184c687,S4_EARLY_4,0.2,0.20000000298023224,0.40000003576278687,0.10000000894069672,1,1.0,1.0
a385c7c4762f918c,S4_EARLY_4,0.2,0.20000001788139343,0.4000000059604645,0.10000000894069672,0,0.0,1.0
59a7fd78ea808678,S4_EARLY_4,0.2,0.20000001788139343,0.4000000059604645,0.10000000894069672,0,0.0,1.0
24a0fd12e0581713,S4_EARLY_4,0.2,0.20000000298023224,0.4000000059604645,0.10000000149011612,0,0.0,1.0
f22f7af8d24a2295,S4_EARLY_4,0.2,0.20000001788139343,0.4000000059604645,0.10000000894069672,0,0.0,1.0
7bcddcd9ce700d08,S4_EARLY_4,0.2,0.20000000298023224,0.4000000059604645,0.10000000149011612,1,1.0,1.0
7cde3cdc0fd6b790,S4_EARLY_4,0.2,0.20000000298023224,0.4000000059604645,0.10000000894069672,1,1.0,1.0
09c875e43731354c,S4_EARLY_4,0.2,0.20000001788139343,0.40000003576278687,0.10000000894069672,1,1.0,1.0
1002a6f033de7859,S4_EARLY_4,0.2,0.20000000298023224,0.4000000059604645,0.10000000894069672,1,1.0,1.0
b61a300745d50715,S4_EARLY_4,0.2,0.20000001788139343,0.40000003576278687,0.10000000894069672,0,0.008000000000000007,0.992
82e766aea5fcceea,S4_EARLY_4,0.2,0.20000000298023224,0.4000000059604645,0.10000000149011612,1,1.0,1.0
33c2059767f11d72,S4_EARLY_4,0.2,0.20000000298023224,0.4000000059604645,0.10000000149011612,1,1.0,1.0
4942cf68f90db14e,S4_EARLY_4,0.2,0.20000001788139343,0.4000000059604645,0.10000000894069672,1,1.0,1.0
33eaf0c9914628a8,S4_EARLY_4,0.2,0.20000000298023224,0.4000000059604645,0.10000000149011612,1,1.0,1.0
69ac9961c1186b45,S4_EARLY_4,0.2,0.20000001788139343,0.4000000059604645,0.10000000894069672,1,1.0,1.0
8e6f228a0e9ba076,S4_EARLY_4,0.2,0.20000000298023224,0.4000000059604645,0.10000000149011612,1,1.0,1.0
4d0635c70d5dd5aa,S4_EARLY_4,0.2,0.20000001788139343,0.40000003576278687,0.10000000894069672,1,1.0,1.0
378543af9ed770f3,S4_EARLY_4,0.2,0.20000001788139343,0.4000000059604645,0.10000000894069672,1,1.0,1.0
fc4aa58827f1e0af,S4_EARLY_4,0.2,0.20000000298023224,0.4000000059604645,0.10000000149011612,1,1.0,1.0
db68ea334e5808ee,S4_EARLY_4,0.2,0.20000000298023224,0.40000003576278687,0.10000000894069672,1,1.0,1.0
d6c9599e86086b54,S4_EARLY_4,0.2,0.20000000298023224,0.4000000059604645,0.10000000149011612,1,1.0,1.0
c20555ddab8c6d5d,S4_EARLY_4,0.2,0.20000000298023224,0.4000000059604645,0.10000000894069672,1,1.0,1.0
e37c88bf33e716a0,S4_EARLY_4,0.2,0.20000000298023224,0.4000000059604645,0.10000000149011612,0,0.375,1.0
f6f250c1bf73414f,S4_EARLY_4,0.2,0.20000001788139343,0.40000003576278687,0.10000000894069672,1,1.0,1.0
5bea7f1a07a95de8,S4_EARLY_4,0.2,0.20000000298023224,0.40000003576278687,0.10000000894069672,0,0.0,1.0
7361399cdb324c4b,S4_EARLY_4,0.2,0.20000001788139343,0.4000000059604645,0.10000000894069672,1,1.0,1.0
fbc6bdbb171b9b68,S4_EARLY_4,0.2,0.20000001788139343,0.4000000059604645,0.10000000894069672,0,0.0,1.0
4d8cb4a986edad0e,S4_EARLY_4,0.2,0.20000000298023224,0.4000000059604645,0.10000000149011612,1,1.0,1.0
12d93786bfcc0b05,S4_EARLY_4,0.2,0.20000001788139343,0.4000000059604645,0.10000000894069672,1,1.0,1.0
6372ea03f1694a42,S4_EARLY_4,0.2,0.20000001788139343,0.4000000059604645,0.10000000894069672,1,1.0,1.0
2aab10bbefceb899,S4_EARLY_4,0.2,0.20000000298023224,0.4000000059604645,0.10000000894069672,1,1.0,1.0
05e139e14f80808d,S4_EARLY_4,0.2,0.20000000298023224,0.4000000059604645,0.10000000149011612,0,0.0,1.0
39f86de60234e23f,S4_EARLY_4,0.2,0.20000000298023224,0.4000000059604645,0.10000000149011612,0,0.0,1.0
9e6ac075a390c890,S4_EARLY_4,0.2,0.20000000298023224,0.4000000059604645,0.10000000894069672,1,1.0,1.0
f8f143222dfbc080,S4_EARLY_4,0.2,0.20000000298023224,0.4000000059604645,0.10000000149011612,1,1.0,1.0
6d311db0bb71ca9f,S5_EARLY_8,0.2,0.20000000298023224,0.5656854510307312,0.0707106813788414,1,1.0,1.0
e3d17f89d52a8b5c,S5_EARLY_8,0.2,0.20000001788139343,0.565685510635376,0.070710688829422,0,0.0,1.0
5a8076924a7614c3,S5_EARLY_8,0.2,0.20000000298023224,0.5656854510307312,0.0707106813788414,1,1.0,1.0
d979221ed06165e6,S5_EARLY_8,0.2,0.20000000298023224,0.5656854510307312,0.0707106813788414,1,1.0,1.0
3a60424da956ef88,S5_EARLY_8,0.2,0.20000000298023224,0.5656854510307312,0.0707106813788414,0,0.0,1.0
afa869da7986df43,S5_EARLY_8,0.2,0.20000001788139343,0.565685510635376,0.070710688829422,1,1.0,1.0
fe14f91d10bb83d1,S5_EARLY_8,0.2,0.20000000298023224,0.5656854510307312,0.0707106813788414,1,1.0,1.0
4fe9051db1916f1e,S5_EARLY_8,0.2,0.20000000298023224,0.5656854510307312,0.0707106813788414,1,1.0,1.0
dcfcb68c6728e87a,S5_EARLY_8,0.2,0.20000000298023224,0.5656854510307312,0.0707106813788414,1,1.0,1.0
3ff9412833213e1d,S5_EARLY_8,0.2,0.20000001788139343,0.565685510635376,0.070710688829422,0,0.02857142857142858,0.9714285714285714
7e4ea251aff25ea4,S5_EARLY_8,0.2,0.20000000298023224,0.5656854510307312,0.0707106813788414,1,1.0,1.0
fc7b3e0819820866,S5_EARLY_8,0.2,0.20000000298023224,0.5656854510307312,0.0707106813788414,0,0.008000000000000007,0.992
edabd78b42374c59,S5_EARLY_8,0.2,0.20000000298023224,0.5656854510307312,0.0707106813788414,0,0.0,1.0
ba816ce44776c2e5,S5_EARLY_8,0.2,0.20000001788139343,0.565685510635376,0.070710688829422,1,1.0,1.0
cfc39308685bf848,S5_EARLY_8,0.2,0.20000000298023224,0.5656854510307312,0.0707106813788414,1,1.0,1.0
6c6f359e34163bdc,S5_EARLY_8,0.2,0.20000000298023224,0.5656854510307312,0.0707106813788414,1,1.0,1.0
56b951d94596e901,S5_EARLY_8,0.2,0.20000000298023224,0.5656854510307312,0.0707106813788414,0,0.0,1.0
f804bb57c7579341,S5_EARLY_8,0.2,0.20000000298023224,0.5656854510307312,0.0707106813788414,0,0.0,1.0
0aa73a125a2338f7,S5_EARLY_8,0.2,0.20000000298023224,0.5656854510307312,0.0707106813788414,1,1.0,1.0
41b4ef876b293e68,S5_EARLY_8,0.2,0.20000001788139343,0.565685510635376,0.070710688829422,0,0.0,1.0
37d32c8bb9a2da51,S5_EARLY_8,0.2,0.20000000298023224,0.5656854510307312,0.0707106813788414,1,1.0,1.0
445693e8906ee75f,S5_EARLY_8,0.2,0.20000001788139343,0.565685510635376,0.070710688829422,1,1.0,1.0
1412eed0e469b510,S5_EARLY_8,0.2,0.20000000298023224,0.5656854510307312,0.0707106813788414,1,1.0,1.0
3a3e85b16958debe,S5_EARLY_8,0.2,0.20000000298023224,0.5656854510307312,0.0707106813788414,1,1.0,1.0
15324d10a3de8e2c,S5_EARLY_8,0.2,0.20000001788139343,0.565685510635376,0.070710688829422,0,0.0,1.0
48348a2a2184c687,S5_EARLY_8,0.2,0.20000001788139343,0.565685510635376,0.070710688829422,1,1.0,1.0
a385c7c4762f918c,S5_EARLY_8,0.2,0.20000000298023224,0.5656854510307312,0.0707106813788414,0,0.0,1.0
59a7fd78ea808678,S5_EARLY_8,0.2,0.20000001788139343,0.565685510635376,0.070710688829422,0,0.007843137254901933,0.9921568627450981
24a0fd12e0581713,S5_EARLY_8,0.2,0.20000001788139343,0.565685510635376,0.070710688829422,0,0.0,1.0
f22f7af8d24a2295,S5_EARLY_8,0.2,0.20000000298023224,0.5656854510307312,0.0707106813788414,0,0.0,1.0
7bcddcd9ce700d08,S5_EARLY_8,0.2,0.20000001788139343,0.565685510635376,0.070710688829422,1,1.0,1.0
7cde3cdc0fd6b790,S5_EARLY_8,0.2,0.20000000298023224,0.5656854510307312,0.0707106813788414,1,1.0,1.0
09c875e43731354c,S5_EARLY_8,0.2,0.20000000298023224,0.5656854510307312,0.0707106813788414,1,1.0,1.0
1002a6f033de7859,S5_EARLY_8,0.2,0.20000000298023224,0.5656854510307312,0.0707106813788414,1,1.0,1.0
b61a300745d50715,S5_EARLY_8,0.2,0.20000001788139343,0.565685510635376,0.070710688829422,0,0.008196721311475419,0.9918032786885246
82e766aea5fcceea,S5_EARLY_8,0.2,0.20000000298023224,0.5656854510307312,0.0707106813788414,0,0.0,1.0
33c2059767f11d72,S5_EARLY_8,0.2,0.20000001788139343,0.565685510635376,0.070710688829422,1,1.0,1.0
4942cf68f90db14e,S5_EARLY_8,0.2,0.20000001788139343,0.565685510635376,0.070710688829422,1,1.0,1.0
33eaf0c9914628a8,S5_EARLY_8,0.2,0.20000000298023224,0.5656854510307312,0.0707106813788414,1,1.0,1.0
69ac9961c1186b45,S5_EARLY_8,0.2,0.20000001788139343,0.565685510635376,0.070710688829422,1,1.0,1.0
8e6f228a0e9ba076,S5_EARLY_8,0.2,0.20000000298023224,0.5656854510307312,0.0707106813788414,1,1.0,1.0
4d0635c70d5dd5aa,S5_EARLY_8,0.2,0.20000000298023224,0.5656854510307312,0.0707106813788414,1,1.0,1.0
378543af9ed770f3,S5_EARLY_8,0.2,0.20000000298023224,0.5656854510307312,0.0707106813788414,1,1.0,1.0
fc4aa58827f1e0af,S5_EARLY_8,0.2,0.20000000298023224,0.5656854510307312,0.0707106813788414,1,1.0,1.0
db68ea334e5808ee,S5_EARLY_8,0.2,0.20000001788139343,0.565685510635376,0.070710688829422,1,1.0,1.0
d6c9599e86086b54,S5_EARLY_8,0.2,0.20000000298023224,0.5656854510307312,0.0707106813788414,1,1.0,1.0
c20555ddab8c6d5d,S5_EARLY_8,0.2,0.20000000298023224,0.5656854510307312,0.0707106813788414,1,1.0,1.0
e37c88bf33e716a0,S5_EARLY_8,0.2,0.20000000298023224,0.5656854510307312,0.0707106813788414,0,0.375,1.0
f6f250c1bf73414f,S5_EARLY_8,0.2,0.20000000298023224,0.5656854510307312,0.0707106813788414,1,1.0,1.0
5bea7f1a07a95de8,S5_EARLY_8,0.2,0.20000001788139343,0.565685510635376,0.070710688829422,0,0.0,1.0
7361399cdb324c4b,S5_EARLY_8,0.2,0.20000001788139343,0.565685510635376,0.070710688829422,0,0.0,1.0
fbc6bdbb171b9b68,S5_EARLY_8,0.2,0.20000001788139343,0.565685510635376,0.070710688829422,0,0.0,1.0
4d8cb4a986edad0e,S5_EARLY_8,0.2,0.20000001788139343,0.565685510635376,0.070710688829422,1,1.0,1.0
12d93786bfcc0b05,S5_EARLY_8,0.2,0.20000001788139343,0.565685510635376,0.070710688829422,1,1.0,1.0
6372ea03f1694a42,S5_EARLY_8,0.2,0.20000001788139343,0.565685510635376,0.070710688829422,1,1.0,1.0
2aab10bbefceb899,S5_EARLY_8,0.2,0.20000000298023224,0.5656854510307312,0.0707106813788414,1,1.0,1.0
05e139e14f80808d,S5_EARLY_8,0.2,0.20000000298023224,0.5656854510307312,0.0707106813788414,0,0.0,1.0
39f86de60234e23f,S5_EARLY_8,0.2,0.20000001788139343,0.565685510635376,0.070710688829422,0,0.0,1.0
9e6ac075a390c890,S5_EARLY_8,0.2,0.20000001788139343,0.565685510635376,0.070710688829422,1,1.0,1.0
f8f143222dfbc080,S5_EARLY_8,0.2,0.20000001788139343,0.565685510635376,0.070710688829422,1,1.0,1.0
6d311db0bb71ca9f,S6_ALL_K,0.2,0.20000001788139343,0.6000000238418579,0.06666667014360428,1,1.0,1.0
e3d17f89d52a8b5c,S6_ALL_K,0.2,0.20000001788139343,0.6000000238418579,0.06666667014360428,0,0.0,1.0
5a8076924a7614c3,S6_ALL_K,0.2,0.20000001788139343,0.6000000238418579,0.06666667014360428,1,1.0,1.0
d979221ed06165e6,S6_ALL_K,0.2,0.20000001788139343,0.6000000238418579,0.06666667014360428,1,1.0,1.0
3a60424da956ef88,S6_ALL_K,0.2,0.20000001788139343,0.6000000238418579,0.06666667014360428,0,0.0,1.0
afa869da7986df43,S6_ALL_K,0.2,0.20000003278255463,0.6000000834465027,0.06666667759418488,1,1.0,1.0
fe14f91d10bb83d1,S6_ALL_K,0.2,0.20000001788139343,0.6000000238418579,0.06666667014360428,1,1.0,1.0
4fe9051db1916f1e,S6_ALL_K,0.2,0.20000001788139343,0.6000000238418579,0.06666667014360428,1,1.0,1.0
dcfcb68c6728e87a,S6_ALL_K,0.2,0.20000001788139343,0.6000000238418579,0.06666667014360428,1,1.0,1.0
3ff9412833213e1d,S6_ALL_K,0.2,0.20000001788139343,0.6000000238418579,0.06666667014360428,0,0.02857142857142858,0.9714285714285714
7e4ea251aff25ea4,S6_ALL_K,0.2,0.20000001788139343,0.6000000238418579,0.06666667014360428,1,1.0,1.0
fc7b3e0819820866,S6_ALL_K,0.2,0.20000001788139343,0.6000000238418579,0.06666667014360428,0,0.008000000000000007,0.992
edabd78b42374c59,S6_ALL_K,0.2,0.20000001788139343,0.6000000238418579,0.06666667759418488,0,0.0,1.0
ba816ce44776c2e5,S6_ALL_K,0.2,0.20000001788139343,0.6000000238418579,0.06666667014360428,1,1.0,1.0
cfc39308685bf848,S6_ALL_K,0.2,0.20000001788139343,0.6000000238418579,0.06666667014360428,1,1.0,1.0
6c6f359e34163bdc,S6_ALL_K,0.2,0.20000001788139343,0.6000000238418579,0.06666667014360428,1,1.0,1.0
56b951d94596e901,S6_ALL_K,0.2,0.20000003278255463,0.6000000834465027,0.06666667759418488,0,0.0,1.0
f804bb57c7579341,S6_ALL_K,0.2,0.20000001788139343,0.6000000238418579,0.06666667014360428,0,0.0,1.0
0aa73a125a2338f7,S6_ALL_K,0.2,0.20000001788139343,0.6000000238418579,0.06666667014360428,1,1.0,1.0
41b4ef876b293e68,S6_ALL_K,0.2,0.20000001788139343,0.6000000238418579,0.06666667014360428,0,0.0,1.0
37d32c8bb9a2da51,S6_ALL_K,0.2,0.20000001788139343,0.6000000238418579,0.06666667014360428,1,1.0,1.0
445693e8906ee75f,S6_ALL_K,0.2,0.20000001788139343,0.6000000238418579,0.06666667014360428,1,1.0,1.0
1412eed0e469b510,S6_ALL_K,0.2,0.20000003278255463,0.6000000834465027,0.06666667759418488,1,1.0,1.0
3a3e85b16958debe,S6_ALL_K,0.2,0.20000001788139343,0.6000000238418579,0.06666667014360428,1,1.0,1.0
15324d10a3de8e2c,S6_ALL_K,0.2,0.20000001788139343,0.6000000238418579,0.06666667014360428,0,0.0,1.0
48348a2a2184c687,S6_ALL_K,0.2,0.20000001788139343,0.6000000238418579,0.06666667014360428,1,1.0,1.0
a385c7c4762f918c,S6_ALL_K,0.2,0.20000001788139343,0.6000000238418579,0.06666667014360428,0,0.0,1.0
59a7fd78ea808678,S6_ALL_K,0.2,0.20000001788139343,0.6000000238418579,0.06666667014360428,0,0.007843137254901933,0.9921568627450981
24a0fd12e0581713,S6_ALL_K,0.2,0.20000003278255463,0.6000000834465027,0.06666667759418488,0,0.0,1.0
f22f7af8d24a2295,S6_ALL_K,0.2,0.20000001788139343,0.6000000238418579,0.06666667014360428,0,0.0,1.0
7bcddcd9ce700d08,S6_ALL_K,0.2,0.20000001788139343,0.6000000238418579,0.06666667014360428,1,1.0,1.0
7cde3cdc0fd6b790,S6_ALL_K,0.2,0.20000001788139343,0.6000000238418579,0.06666667014360428,1,1.0,1.0
09c875e43731354c,S6_ALL_K,0.2,0.20000001788139343,0.6000000238418579,0.06666667014360428,1,1.0,1.0
1002a6f033de7859,S6_ALL_K,0.2,0.20000001788139343,0.6000000238418579,0.06666667014360428,1,1.0,1.0
b61a300745d50715,S6_ALL_K,0.2,0.20000001788139343,0.6000000238418579,0.06666667014360428,0,0.008196721311475419,0.9918032786885246
82e766aea5fcceea,S6_ALL_K,0.2,0.20000001788139343,0.6000000238418579,0.06666667014360428,0,0.0,1.0
33c2059767f11d72,S6_ALL_K,0.2,0.20000001788139343,0.6000000238418579,0.06666667014360428,1,1.0,1.0
4942cf68f90db14e,S6_ALL_K,0.2,0.20000003278255463,0.6000000834465027,0.06666667759418488,1,1.0,1.0
33eaf0c9914628a8,S6_ALL_K,0.2,0.20000001788139343,0.6000000238418579,0.06666667014360428,1,1.0,1.0
69ac9961c1186b45,S6_ALL_K,0.2,0.20000001788139343,0.6000000238418579,0.06666667014360428,1,1.0,1.0
8e6f228a0e9ba076,S6_ALL_K,0.2,0.20000003278255463,0.6000000834465027,0.06666667759418488,1,1.0,1.0
4d0635c70d5dd5aa,S6_ALL_K,0.2,0.20000001788139343,0.6000000238418579,0.06666667014360428,1,1.0,1.0
378543af9ed770f3,S6_ALL_K,0.2,0.20000001788139343,0.6000000238418579,0.06666667014360428,1,1.0,1.0
fc4aa58827f1e0af,S6_ALL_K,0.2,0.20000001788139343,0.6000000238418579,0.06666667759418488,1,1.0,1.0
db68ea334e5808ee,S6_ALL_K,0.2,0.20000001788139343,0.6000000238418579,0.06666667014360428,1,1.0,1.0
d6c9599e86086b54,S6_ALL_K,0.2,0.20000001788139343,0.6000000238418579,0.06666667014360428,1,1.0,1.0
c20555ddab8c6d5d,S6_ALL_K,0.2,0.20000001788139343,0.6000000238418579,0.06666667014360428,1,1.0,1.0
e37c88bf33e716a0,S6_ALL_K,0.2,0.20000001788139343,0.6000000238418579,0.06666667014360428,0,0.375,1.0
f6f250c1bf73414f,S6_ALL_K,0.2,0.20000001788139343,0.6000000238418579,0.06666667014360428,1,1.0,1.0
5bea7f1a07a95de8,S6_ALL_K,0.2,0.20000001788139343,0.6000000238418579,0.06666667014360428,0,0.0,1.0
7361399cdb324c4b,S6_ALL_K,0.2,0.20000001788139343,0.6000000238418579,0.06666667014360428,0,0.0,1.0
fbc6bdbb171b9b68,S6_ALL_K,0.2,0.20000001788139343,0.6000000238418579,0.06666667014360428,0,0.0,1.0
4d8cb4a986edad0e,S6_ALL_K,0.2,0.20000001788139343,0.6000000238418579,0.06666667014360428,1,1.0,1.0
12d93786bfcc0b05,S6_ALL_K,0.2,0.20000001788139343,0.6000000238418579,0.06666667014360428,1,1.0,1.0
6372ea03f1694a42,S6_ALL_K,0.2,0.20000001788139343,0.6000000238418579,0.06666667014360428,1,1.0,1.0
2aab10bbefceb899,S6_ALL_K,0.2,0.20000003278255463,0.6000000834465027,0.06666667759418488,1,1.0,1.0
05e139e14f80808d,S6_ALL_K,0.2,0.20000001788139343,0.6000000238418579,0.06666667014360428,0,0.0,1.0
39f86de60234e23f,S6_ALL_K,0.2,0.20000001788139343,0.6000000238418579,0.06666667014360428,0,0.0,1.0
9e6ac075a390c890,S6_ALL_K,0.2,0.20000001788139343,0.6000000238418579,0.06666667014360428,1,1.0,1.0
f8f143222dfbc080,S6_ALL_K,0.2,0.20000001788139343,0.6000000238418579,0.06666667014360428,1,1.0,1.0
6d311db0bb71ca9f,S7_LATE_4,0.2,0.20000001788139343,0.4000000059604645,0.10000000894069672,1,1.0,1.0
e3d17f89d52a8b5c,S7_LATE_4,0.2,0.20000000298023224,0.4000000059604645,0.10000000894069672,0,0.0,1.0
5a8076924a7614c3,S7_LATE_4,0.2,0.20000000298023224,0.4000000059604645,0.10000000149011612,1,1.0,1.0
d979221ed06165e6,S7_LATE_4,0.2,0.20000000298023224,0.4000000059604645,0.10000000149011612,1,1.0,1.0
3a60424da956ef88,S7_LATE_4,0.2,0.20000000298023224,0.4000000059604645,0.10000000894069672,1,1.0,1.0
afa869da7986df43,S7_LATE_4,0.2,0.20000000298023224,0.4000000059604645,0.10000000894069672,1,1.0,1.0
fe14f91d10bb83d1,S7_LATE_4,0.2,0.20000000298023224,0.4000000059604645,0.10000000149011612,1,1.0,1.0
4fe9051db1916f1e,S7_LATE_4,0.2,0.20000000298023224,0.4000000059604645,0.10000000149011612,1,1.0,1.0
dcfcb68c6728e87a,S7_LATE_4,0.2,0.20000001788139343,0.40000003576278687,0.10000000894069672,1,1.0,1.0
3ff9412833213e1d,S7_LATE_4,0.2,0.20000000298023224,0.4000000059604645,0.10000000149011612,0,0.02631578947368418,0.9736842105263158
7e4ea251aff25ea4,S7_LATE_4,0.2,0.20000000298023224,0.4000000059604645,0.10000000149011612,1,1.0,1.0
fc7b3e0819820866,S7_LATE_4,0.2,0.20000001788139343,0.4000000059604645,0.10000000894069672,0,0.008000000000000007,0.992
edabd78b42374c59,S7_LATE_4,0.2,0.20000000298023224,0.4000000059604645,0.10000000149011612,0,0.0,1.0
ba816ce44776c2e5,S7_LATE_4,0.2,0.20000000298023224,0.4000000059604645,0.10000000149011612,1,1.0,1.0
cfc39308685bf848,S7_LATE_4,0.2,0.20000000298023224,0.4000000059604645,0.10000000149011612,1,1.0,1.0
6c6f359e34163bdc,S7_LATE_4,0.2,0.20000000298023224,0.4000000059604645,0.10000000149011612,1,1.0,1.0
56b951d94596e901,S7_LATE_4,0.2,0.20000000298023224,0.4000000059604645,0.10000000149011612,0,0.0,1.0
f804bb57c7579341,S7_LATE_4,0.2,0.20000000298023224,0.4000000059604645,0.10000000149011612,0,0.0,1.0
0aa73a125a2338f7,S7_LATE_4,0.2,0.20000001788139343,0.4000000059604645,0.10000000894069672,1,1.0,1.0
41b4ef876b293e68,S7_LATE_4,0.2,0.20000001788139343,0.4000000059604645,0.10000000894069672,0,0.0,1.0
37d32c8bb9a2da51,S7_LATE_4,0.2,0.20000000298023224,0.4000000059604645,0.10000000149011612,1,1.0,1.0
445693e8906ee75f,S7_LATE_4,0.2,0.20000000298023224,0.4000000059604645,0.10000000149011612,1,1.0,1.0
1412eed0e469b510,S7_LATE_4,0.2,0.20000001788139343,0.4000000059604645,0.10000000894069672,1,1.0,1.0
3a3e85b16958debe,S7_LATE_4,0.2,0.20000000298023224,0.4000000059604645,0.10000000149011612,1,1.0,1.0
15324d10a3de8e2c,S7_LATE_4,0.2,0.20000000298023224,0.4000000059604645,0.10000000149011612,0,0.0,1.0
48348a2a2184c687,S7_LATE_4,0.2,0.20000000298023224,0.4000000059604645,0.10000000894069672,1,1.0,1.0
a385c7c4762f918c,S7_LATE_4,0.2,0.20000001788139343,0.40000003576278687,0.10000000894069672,0,0.0,1.0
59a7fd78ea808678,S7_LATE_4,0.2,0.20000000298023224,0.4000000059604645,0.10000000149011612,0,0.0,1.0
24a0fd12e0581713,S7_LATE_4,0.2,0.20000000298023224,0.4000000059604645,0.10000000149011612,0,0.0,1.0
f22f7af8d24a2295,S7_LATE_4,0.2,0.20000001788139343,0.4000000059604645,0.10000001639127731,0,0.02564102564102566,0.9743589743589743
7bcddcd9ce700d08,S7_LATE_4,0.2,0.20000000298023224,0.4000000059604645,0.10000000149011612,1,1.0,1.0
7cde3cdc0fd6b790,S7_LATE_4,0.2,0.20000001788139343,0.4000000059604645,0.10000000894069672,1,1.0,1.0
09c875e43731354c,S7_LATE_4,0.2,0.20000001788139343,0.4000000059604645,0.10000000894069672,1,1.0,1.0
1002a6f033de7859,S7_LATE_4,0.2,0.20000001788139343,0.4000000059604645,0.10000000894069672,1,1.0,1.0
b61a300745d50715,S7_LATE_4,0.2,0.20000001788139343,0.4000000059604645,0.10000000894069672,0,0.008000000000000007,0.992
82e766aea5fcceea,S7_LATE_4,0.2,0.20000000298023224,0.4000000059604645,0.10000000149011612,1,1.0,1.0
33c2059767f11d72,S7_LATE_4,0.2,0.20000000298023224,0.4000000059604645,0.10000000149011612,1,1.0,1.0
4942cf68f90db14e,S7_LATE_4,0.2,0.20000001788139343,0.40000003576278687,0.10000000894069672,1,1.0,1.0
33eaf0c9914628a8,S7_LATE_4,0.2,0.20000000298023224,0.4000000059604645,0.10000000149011612,1,1.0,1.0
69ac9961c1186b45,S7_LATE_4,0.2,0.20000000298023224,0.4000000059604645,0.10000000149011612,1,1.0,1.0
8e6f228a0e9ba076,S7_LATE_4,0.2,0.20000000298023224,0.4000000059604645,0.10000000149011612,1,1.0,1.0
4d0635c70d5dd5aa,S7_LATE_4,0.2,0.20000000298023224,0.4000000059604645,0.10000000894069672,1,1.0,1.0
378543af9ed770f3,S7_LATE_4,0.2,0.20000001788139343,0.4000000059604645,0.10000000894069672,1,1.0,1.0
fc4aa58827f1e0af,S7_LATE_4,0.2,0.20000000298023224,0.40000003576278687,0.10000000894069672,1,1.0,1.0
db68ea334e5808ee,S7_LATE_4,0.2,0.20000000298023224,0.4000000059604645,0.10000000894069672,1,1.0,1.0
d6c9599e86086b54,S7_LATE_4,0.2,0.20000000298023224,0.4000000059604645,0.10000000149011612,1,1.0,1.0
c20555ddab8c6d5d,S7_LATE_4,0.2,0.20000001788139343,0.4000000059604645,0.10000000894069672,1,1.0,1.0
e37c88bf33e716a0,S7_LATE_4,0.2,0.20000000298023224,0.40000003576278687,0.10000000894069672,0,0.375,1.0
f6f250c1bf73414f,S7_LATE_4,0.2,0.20000001788139343,0.4000000059604645,0.10000000894069672,1,1.0,1.0
5bea7f1a07a95de8,S7_LATE_4,0.2,0.20000001788139343,0.4000000059604645,0.10000000894069672,0,0.00877192982456143,0.9912280701754386
7361399cdb324c4b,S7_LATE_4,0.2,0.20000000298023224,0.40000003576278687,0.10000000894069672,0,0.0,1.0
fbc6bdbb171b9b68,S7_LATE_4,0.2,0.20000001788139343,0.40000003576278687,0.10000000894069672,0,0.0,1.0
4d8cb4a986edad0e,S7_LATE_4,0.2,0.20000000298023224,0.40000003576278687,0.10000000894069672,1,1.0,1.0
12d93786bfcc0b05,S7_LATE_4,0.2,0.20000001788139343,0.4000000059604645,0.10000000894069672,1,1.0,1.0
6372ea03f1694a42,S7_LATE_4,0.2,0.20000000298023224,0.40000003576278687,0.10000000894069672,1,1.0,1.0
2aab10bbefceb899,S7_LATE_4,0.2,0.20000001788139343,0.4000000059604645,0.10000000894069672,1,1.0,1.0
05e139e14f80808d,S7_LATE_4,0.2,0.20000000298023224,0.4000000059604645,0.10000000149011612,0,0.0,1.0
39f86de60234e23f,S7_LATE_4,0.2,0.20000000298023224,0.4000000059604645,0.10000000149011612,0,0.0,1.0
9e6ac075a390c890,S7_LATE_4,0.2,0.20000001788139343,0.4000000059604645,0.10000000894069672,1,1.0,1.0
f8f143222dfbc080,S7_LATE_4,0.2,0.20000000298023224,0.4000000059604645,0.10000000149011612,1,1.0,1.0
6d311db0bb71ca9f,S1_P0_ONLY,0.4,0.4000000059604645,0.4000000059604645,0.4000000059604645,0,0.007547169811320753,0.9924528301886792
e3d17f89d52a8b5c,S1_P0_ONLY,0.4,0.40000003576278687,0.40000003576278687,0.40000003576278687,0,0.0,1.0
5a8076924a7614c3,S1_P0_ONLY,0.4,0.4000000059604645,0.4000000059604645,0.4000000059604645,1,1.0,1.0
d979221ed06165e6,S1_P0_ONLY,0.4,0.4000000059604645,0.4000000059604645,0.4000000059604645,0,0.007692307692307665,0.9923076923076923
3a60424da956ef88,S1_P0_ONLY,0.4,0.4000000059604645,0.4000000059604645,0.4000000059604645,0,0.0,1.0
afa869da7986df43,S1_P0_ONLY,0.4,0.40000003576278687,0.40000003576278687,0.40000003576278687,0,0.007575757575757569,0.9924242424242424
fe14f91d10bb83d1,S1_P0_ONLY,0.4,0.4000000059604645,0.4000000059604645,0.4000000059604645,0,0.0,1.0
4fe9051db1916f1e,S1_P0_ONLY,0.4,0.4000000059604645,0.4000000059604645,0.4000000059604645,1,1.0,1.0
dcfcb68c6728e87a,S1_P0_ONLY,0.4,0.40000003576278687,0.40000003576278687,0.40000003576278687,1,1.0,1.0
3ff9412833213e1d,S1_P0_ONLY,0.4,0.4000000059604645,0.4000000059604645,0.4000000059604645,0,0.02631578947368418,0.9736842105263158
7e4ea251aff25ea4,S1_P0_ONLY,0.4,0.4000000059604645,0.4000000059604645,0.4000000059604645,1,1.0,1.0
fc7b3e0819820866,S1_P0_ONLY,0.4,0.4000000059604645,0.4000000059604645,0.4000000059604645,0,0.008064516129032251,0.9919354838709677
edabd78b42374c59,S1_P0_ONLY,0.4,0.4000000059604645,0.4000000059604645,0.4000000059604645,0,0.0,1.0
ba816ce44776c2e5,S1_P0_ONLY,0.4,0.4000000059604645,0.4000000059604645,0.4000000059604645,1,1.0,1.0
cfc39308685bf848,S1_P0_ONLY,0.4,0.4000000059604645,0.4000000059604645,0.4000000059604645,0,0.0,1.0
6c6f359e34163bdc,S1_P0_ONLY,0.4,0.40000003576278687,0.40000003576278687,0.40000003576278687,0,0.0073800738007380184,0.992619926199262
56b951d94596e901,S1_P0_ONLY,0.4,0.4000000059604645,0.4000000059604645,0.4000000059604645,0,0.0,1.0
f804bb57c7579341,S1_P0_ONLY,0.4,0.4000000059604645,0.4000000059604645,0.4000000059604645,0,0.0,1.0
0aa73a125a2338f7,S1_P0_ONLY,0.4,0.4000000059604645,0.4000000059604645,0.4000000059604645,1,1.0,1.0
41b4ef876b293e68,S1_P0_ONLY,0.4,0.4000000059604645,0.4000000059604645,0.4000000059604645,0,0.0,1.0
37d32c8bb9a2da51,S1_P0_ONLY,0.4,0.4000000059604645,0.4000000059604645,0.4000000059604645,1,1.0,1.0
445693e8906ee75f,S1_P0_ONLY,0.4,0.4000000059604645,0.4000000059604645,0.4000000059604645,1,1.0,1.0
1412eed0e469b510,S1_P0_ONLY,0.4,0.4000000059604645,0.4000000059604645,0.4000000059604645,1,1.0,1.0
3a3e85b16958debe,S1_P0_ONLY,0.4,0.4000000059604645,0.4000000059604645,0.4000000059604645,1,1.0,1.0
15324d10a3de8e2c,S1_P0_ONLY,0.4,0.40000003576278687,0.40000003576278687,0.40000003576278687,0,0.008130081300813052,0.991869918699187
48348a2a2184c687,S1_P0_ONLY,0.4,0.4000000059604645,0.4000000059604645,0.4000000059604645,1,1.0,1.0
a385c7c4762f918c,S1_P0_ONLY,0.4,0.4000000059604645,0.4000000059604645,0.4000000059604645,0,0.0,1.0
59a7fd78ea808678,S1_P0_ONLY,0.4,0.4000000059604645,0.4000000059604645,0.4000000059604645,0,0.0,1.0
24a0fd12e0581713,S1_P0_ONLY,0.4,0.4000000059604645,0.4000000059604645,0.4000000059604645,0,0.008230452674897082,0.9917695473251029
f22f7af8d24a2295,S1_P0_ONLY,0.4,0.4000000059604645,0.4000000059604645,0.4000000059604645,0,0.02564102564102566,0.9743589743589743
7bcddcd9ce700d08,S1_P0_ONLY,0.4,0.4000000059604645,0.4000000059604645,0.4000000059604645,1,1.0,1.0
7cde3cdc0fd6b790,S1_P0_ONLY,0.4,0.4000000059604645,0.4000000059604645,0.4000000059604645,1,1.0,1.0
09c875e43731354c,S1_P0_ONLY,0.4,0.4000000059604645,0.4000000059604645,0.4000000059604645,0,0.0,1.0
1002a6f033de7859,S1_P0_ONLY,0.4,0.4000000059604645,0.4000000059604645,0.4000000059604645,0,0.0,1.0
b61a300745d50715,S1_P0_ONLY,0.4,0.4000000059604645,0.4000000059604645,0.4000000059604645,0,0.008298755186721962,0.991701244813278
82e766aea5fcceea,S1_P0_ONLY,0.4,0.4000000059604645,0.4000000059604645,0.4000000059604645,0,0.0,1.0
33c2059767f11d72,S1_P0_ONLY,0.4,0.4000000059604645,0.4000000059604645,0.4000000059604645,1,1.0,1.0
4942cf68f90db14e,S1_P0_ONLY,0.4,0.40000003576278687,0.40000003576278687,0.40000003576278687,1,1.0,1.0
33eaf0c9914628a8,S1_P0_ONLY,0.4,0.4000000059604645,0.4000000059604645,0.4000000059604645,0,0.0,1.0
69ac9961c1186b45,S1_P0_ONLY,0.4,0.40000003576278687,0.40000003576278687,0.40000003576278687,1,1.0,1.0
8e6f228a0e9ba076,S1_P0_ONLY,0.4,0.4000000059604645,0.4000000059604645,0.4000000059604645,1,1.0,1.0
4d0635c70d5dd5aa,S1_P0_ONLY,0.4,0.40000003576278687,0.40000003576278687,0.40000003576278687,0,0.007843137254901933,0.9921568627450981
378543af9ed770f3,S1_P0_ONLY,0.4,0.4000000059604645,0.4000000059604645,0.4000000059604645,1,1.0,1.0
fc4aa58827f1e0af,S1_P0_ONLY,0.4,0.4000000059604645,0.4000000059604645,0.4000000059604645,0,0.0076045627376425395,0.9923954372623575
db68ea334e5808ee,S1_P0_ONLY,0.4,0.4000000059604645,0.4000000059604645,0.4000000059604645,1,1.0,1.0
d6c9599e86086b54,S1_P0_ONLY,0.4,0.4000000059604645,0.4000000059604645,0.4000000059604645,1,1.0,1.0
c20555ddab8c6d5d,S1_P0_ONLY,0.4,0.4000000059604645,0.4000000059604645,0.4000000059604645,1,1.0,1.0
e37c88bf33e716a0,S1_P0_ONLY,0.4,0.4000000059604645,0.4000000059604645,0.4000000059604645,0,0.0,1.0
f6f250c1bf73414f,S1_P0_ONLY,0.4,0.4000000059604645,0.4000000059604645,0.4000000059604645,1,1.0,1.0
5bea7f1a07a95de8,S1_P0_ONLY,0.4,0.4000000059604645,0.4000000059604645,0.4000000059604645,0,0.008658008658008698,0.9913419913419913
7361399cdb324c4b,S1_P0_ONLY,0.4,0.40000003576278687,0.40000003576278687,0.40000003576278687,0,0.0,1.0
fbc6bdbb171b9b68,S1_P0_ONLY,0.4,0.4000000059604645,0.4000000059604645,0.4000000059604645,0,0.0,1.0
4d8cb4a986edad0e,S1_P0_ONLY,0.4,0.4000000059604645,0.4000000059604645,0.4000000059604645,1,1.0,1.0
12d93786bfcc0b05,S1_P0_ONLY,0.4,0.40000003576278687,0.40000003576278687,0.40000003576278687,0,0.008032128514056214,0.9919678714859438
6372ea03f1694a42,S1_P0_ONLY,0.4,0.40000003576278687,0.40000003576278687,0.40000003576278687,1,1.0,1.0
2aab10bbefceb899,S1_P0_ONLY,0.4,0.4000000059604645,0.4000000059604645,0.4000000059604645,1,1.0,1.0
05e139e14f80808d,S1_P0_ONLY,0.4,0.4000000059604645,0.4000000059604645,0.4000000059604645,0,0.0,1.0
39f86de60234e23f,S1_P0_ONLY,0.4,0.4000000059604645,0.4000000059604645,0.4000000059604645,0,0.0,1.0
9e6ac075a390c890,S1_P0_ONLY,0.4,0.4000000059604645,0.4000000059604645,0.4000000059604645,1,1.0,1.0
f8f143222dfbc080,S1_P0_ONLY,0.4,0.4000000059604645,0.4000000059604645,0.4000000059604645,0,0.0,1.0
6d311db0bb71ca9f,S2_G1_ONLY,0.4,0.4000000059604645,0.4000000059604645,0.4000000059604645,1,1.0,1.0
e3d17f89d52a8b5c,S2_G1_ONLY,0.4,0.40000003576278687,0.40000003576278687,0.40000003576278687,0,0.0,1.0
5a8076924a7614c3,S2_G1_ONLY,0.4,0.4000000059604645,0.4000000059604645,0.4000000059604645,1,1.0,1.0
d979221ed06165e6,S2_G1_ONLY,0.4,0.4000000059604645,0.4000000059604645,0.4000000059604645,1,1.0,1.0
3a60424da956ef88,S2_G1_ONLY,0.4,0.4000000059604645,0.4000000059604645,0.4000000059604645,0,0.0,1.0
afa869da7986df43,S2_G1_ONLY,0.4,0.4000000059604645,0.4000000059604645,0.4000000059604645,1,1.0,1.0
fe14f91d10bb83d1,S2_G1_ONLY,0.4,0.4000000059604645,0.4000000059604645,0.4000000059604645,1,1.0,1.0
4fe9051db1916f1e,S2_G1_ONLY,0.4,0.4000000059604645,0.4000000059604645,0.4000000059604645,1,1.0,1.0
dcfcb68c6728e87a,S2_G1_ONLY,0.4,0.4000000059604645,0.4000000059604645,0.4000000059604645,1,1.0,1.0
3ff9412833213e1d,S2_G1_ONLY,0.4,0.4000000059604645,0.4000000059604645,0.4000000059604645,0,0.02631578947368418,0.9736842105263158
7e4ea251aff25ea4,S2_G1_ONLY,0.4,0.4000000059604645,0.4000000059604645,0.4000000059604645,1,1.0,1.0
fc7b3e0819820866,S2_G1_ONLY,0.4,0.40000003576278687,0.40000003576278687,0.40000003576278687,0,0.0076045627376425395,0.9923954372623575
edabd78b42374c59,S2_G1_ONLY,0.4,0.4000000059604645,0.4000000059604645,0.4000000059604645,0,0.0,1.0
ba816ce44776c2e5,S2_G1_ONLY,0.4,0.4000000059604645,0.4000000059604645,0.4000000059604645,1,1.0,1.0
cfc39308685bf848,S2_G1_ONLY,0.4,0.4000000059604645,0.4000000059604645,0.4000000059604645,1,1.0,1.0
6c6f359e34163bdc,S2_G1_ONLY,0.4,0.4000000059604645,0.4000000059604645,0.4000000059604645,1,1.0,1.0
56b951d94596e901,S2_G1_ONLY,0.4,0.4000000059604645,0.4000000059604645,0.4000000059604645,0,0.0,1.0
f804bb57c7579341,S2_G1_ONLY,0.4,0.4000000059604645,0.4000000059604645,0.4000000059604645,0,0.0,1.0
0aa73a125a2338f7,S2_G1_ONLY,0.4,0.40000003576278687,0.40000003576278687,0.40000003576278687,1,1.0,1.0
41b4ef876b293e68,S2_G1_ONLY,0.4,0.40000003576278687,0.40000003576278687,0.40000003576278687,0,0.0,1.0
37d32c8bb9a2da51,S2_G1_ONLY,0.4,0.4000000059604645,0.4000000059604645,0.4000000059604645,1,1.0,1.0
445693e8906ee75f,S2_G1_ONLY,0.4,0.4000000059604645,0.4000000059604645,0.4000000059604645,1,1.0,1.0
1412eed0e469b510,S2_G1_ONLY,0.4,0.4000000059604645,0.4000000059604645,0.4000000059604645,1,1.0,1.0
3a3e85b16958debe,S2_G1_ONLY,0.4,0.4000000059604645,0.4000000059604645,0.4000000059604645,1,1.0,1.0
15324d10a3de8e2c,S2_G1_ONLY,0.4,0.4000000059604645,0.4000000059604645,0.4000000059604645,0,0.0,1.0
48348a2a2184c687,S2_G1_ONLY,0.4,0.4000000059604645,0.4000000059604645,0.4000000059604645,1,1.0,1.0
a385c7c4762f918c,S2_G1_ONLY,0.4,0.40000003576278687,0.40000003576278687,0.40000003576278687,0,0.0,1.0
59a7fd78ea808678,S2_G1_ONLY,0.4,0.4000000059604645,0.4000000059604645,0.4000000059604645,0,0.007843137254901933,0.9921568627450981
24a0fd12e0581713,S2_G1_ONLY,0.4,0.4000000059604645,0.4000000059604645,0.4000000059604645,0,0.0,1.0
f22f7af8d24a2295,S2_G1_ONLY,0.4,0.4000000059604645,0.4000000059604645,0.4000000059604645,0,0.02564102564102566,0.9743589743589743
7bcddcd9ce700d08,S2_G1_ONLY,0.4,0.4000000059604645,0.4000000059604645,0.4000000059604645,1,1.0,1.0
7cde3cdc0fd6b790,S2_G1_ONLY,0.4,0.4000000059604645,0.4000000059604645,0.4000000059604645,1,1.0,1.0
09c875e43731354c,S2_G1_ONLY,0.4,0.40000003576278687,0.40000003576278687,0.40000003576278687,1,1.0,1.0
1002a6f033de7859,S2_G1_ONLY,0.4,0.4000000059604645,0.4000000059604645,0.4000000059604645,1,1.0,1.0
b61a300745d50715,S2_G1_ONLY,0.4,0.40000003576278687,0.40000003576278687,0.40000003576278687,0,0.008230452674897082,0.9917695473251029
82e766aea5fcceea,S2_G1_ONLY,0.4,0.4000000059604645,0.4000000059604645,0.4000000059604645,0,0.0,1.0
33c2059767f11d72,S2_G1_ONLY,0.4,0.4000000059604645,0.4000000059604645,0.4000000059604645,1,1.0,1.0
4942cf68f90db14e,S2_G1_ONLY,0.4,0.4000000059604645,0.4000000059604645,0.4000000059604645,1,1.0,1.0
33eaf0c9914628a8,S2_G1_ONLY,0.4,0.4000000059604645,0.4000000059604645,0.4000000059604645,1,1.0,1.0
69ac9961c1186b45,S2_G1_ONLY,0.4,0.4000000059604645,0.4000000059604645,0.4000000059604645,1,1.0,1.0
8e6f228a0e9ba076,S2_G1_ONLY,0.4,0.4000000059604645,0.4000000059604645,0.4000000059604645,1,1.0,1.0
4d0635c70d5dd5aa,S2_G1_ONLY,0.4,0.4000000059604645,0.4000000059604645,0.4000000059604645,1,1.0,1.0
378543af9ed770f3,S2_G1_ONLY,0.4,0.40000003576278687,0.40000003576278687,0.40000003576278687,1,1.0,1.0
fc4aa58827f1e0af,S2_G1_ONLY,0.4,0.4000000059604645,0.4000000059604645,0.4000000059604645,1,1.0,1.0
db68ea334e5808ee,S2_G1_ONLY,0.4,0.4000000059604645,0.4000000059604645,0.4000000059604645,1,1.0,1.0
d6c9599e86086b54,S2_G1_ONLY,0.4,0.4000000059604645,0.4000000059604645,0.4000000059604645,1,1.0,1.0
c20555ddab8c6d5d,S2_G1_ONLY,0.4,0.4000000059604645,0.4000000059604645,0.4000000059604645,1,1.0,1.0
e37c88bf33e716a0,S2_G1_ONLY,0.4,0.4000000059604645,0.4000000059604645,0.4000000059604645,0,0.375,1.0
f6f250c1bf73414f,S2_G1_ONLY,0.4,0.40000003576278687,0.40000003576278687,0.40000003576278687,1,1.0,1.0
5bea7f1a07a95de8,S2_G1_ONLY,0.4,0.40000003576278687,0.40000003576278687,0.40000003576278687,0,0.0,1.0
7361399cdb324c4b,S2_G1_ONLY,0.4,0.4000000059604645,0.4000000059604645,0.4000000059604645,0,0.0,1.0
fbc6bdbb171b9b68,S2_G1_ONLY,0.4,0.40000003576278687,0.40000003576278687,0.40000003576278687,0,0.0,1.0
4d8cb4a986edad0e,S2_G1_ONLY,0.4,0.4000000059604645,0.4000000059604645,0.4000000059604645,1,1.0,1.0
12d93786bfcc0b05,S2_G1_ONLY,0.4,0.4000000059604645,0.4000000059604645,0.4000000059604645,1,1.0,1.0
6372ea03f1694a42,S2_G1_ONLY,0.4,0.4000000059604645,0.4000000059604645,0.4000000059604645,1,1.0,1.0
2aab10bbefceb899,S2_G1_ONLY,0.4,0.4000000059604645,0.4000000059604645,0.4000000059604645,1,1.0,1.0
05e139e14f80808d,S2_G1_ONLY,0.4,0.4000000059604645,0.4000000059604645,0.4000000059604645,0,0.0,1.0
39f86de60234e23f,S2_G1_ONLY,0.4,0.4000000059604645,0.4000000059604645,0.4000000059604645,0,0.0,1.0
9e6ac075a390c890,S2_G1_ONLY,0.4,0.4000000059604645,0.4000000059604645,0.4000000059604645,1,1.0,1.0
f8f143222dfbc080,S2_G1_ONLY,0.4,0.4000000059604645,0.4000000059604645,0.4000000059604645,1,1.0,1.0
6d311db0bb71ca9f,S3_EARLY_2,0.4,0.4000000059604645,0.5656854510307312,0.2828427255153656,0,0.007547169811320753,0.9924528301886792
e3d17f89d52a8b5c,S3_EARLY_2,0.4,0.4000000059604645,0.5656854510307312,0.2828427255153656,0,0.0,1.0
5a8076924a7614c3,S3_EARLY_2,0.4,0.4000000059604645,0.5656854510307312,0.2828427255153656,1,1.0,1.0
d979221ed06165e6,S3_EARLY_2,0.4,0.40000003576278687,0.565685510635376,0.282842755317688,0,0.0,1.0
3a60424da956ef88,S3_EARLY_2,0.4,0.4000000059604645,0.5656854510307312,0.2828427255153656,0,0.0,1.0
afa869da7986df43,S3_EARLY_2,0.4,0.4000000059604645,0.5656854510307312,0.2828427255153656,0,0.007575757575757569,0.9924242424242424
fe14f91d10bb83d1,S3_EARLY_2,0.4,0.4000000059604645,0.5656854510307312,0.2828427255153656,0,0.0,1.0
4fe9051db1916f1e,S3_EARLY_2,0.4,0.4000000059604645,0.5656854510307312,0.2828427255153656,1,1.0,1.0
dcfcb68c6728e87a,S3_EARLY_2,0.4,0.4000000059604645,0.5656854510307312,0.2828427255153656,1,1.0,1.0
3ff9412833213e1d,S3_EARLY_2,0.4,0.4000000059604645,0.5656854510307312,0.2828427255153656,0,0.02777777777777779,0.9722222222222222
7e4ea251aff25ea4,S3_EARLY_2,0.4,0.4000000059604645,0.5656854510307312,0.2828427255153656,1,1.0,1.0
fc7b3e0819820866,S3_EARLY_2,0.4,0.4000000059604645,0.5656854510307312,0.2828427255153656,0,0.0,1.0
edabd78b42374c59,S3_EARLY_2,0.4,0.4000000059604645,0.5656854510307312,0.2828427255153656,0,0.0,1.0
ba816ce44776c2e5,S3_EARLY_2,0.4,0.4000000059604645,0.5656854510307312,0.2828427255153656,1,1.0,1.0
cfc39308685bf848,S3_EARLY_2,0.4,0.4000000059604645,0.5656854510307312,0.2828427255153656,1,1.0,1.0
6c6f359e34163bdc,S3_EARLY_2,0.4,0.4000000059604645,0.5656854510307312,0.2828427255153656,0,0.0073800738007380184,0.992619926199262
56b951d94596e901,S3_EARLY_2,0.4,0.4000000059604645,0.5656854510307312,0.2828427255153656,0,0.0,1.0
f804bb57c7579341,S3_EARLY_2,0.4,0.4000000059604645,0.5656854510307312,0.2828427255153656,0,0.0,1.0
0aa73a125a2338f7,S3_EARLY_2,0.4,0.4000000059604645,0.5656854510307312,0.2828427255153656,1,1.0,1.0
41b4ef876b293e68,S3_EARLY_2,0.4,0.4000000059604645,0.5656854510307312,0.2828427255153656,0,0.0,1.0
37d32c8bb9a2da51,S3_EARLY_2,0.4,0.4000000059604645,0.5656854510307312,0.2828427255153656,1,1.0,1.0
445693e8906ee75f,S3_EARLY_2,0.4,0.4000000059604645,0.5656854510307312,0.2828427255153656,1,1.0,1.0
1412eed0e469b510,S3_EARLY_2,0.4,0.4000000059604645,0.5656854510307312,0.2828427255153656,1,1.0,1.0
3a3e85b16958debe,S3_EARLY_2,0.4,0.4000000059604645,0.5656854510307312,0.2828427255153656,1,1.0,1.0
15324d10a3de8e2c,S3_EARLY_2,0.4,0.4000000059604645,0.5656854510307312,0.2828427255153656,0,0.0,1.0
48348a2a2184c687,S3_EARLY_2,0.4,0.4000000059604645,0.5656854510307312,0.2828427255153656,1,1.0,1.0
a385c7c4762f918c,S3_EARLY_2,0.4,0.4000000059604645,0.5656854510307312,0.2828427255153656,0,0.0,1.0
59a7fd78ea808678,S3_EARLY_2,0.4,0.40000003576278687,0.565685510635376,0.282842755317688,0,0.009049773755656076,0.9909502262443439
24a0fd12e0581713,S3_EARLY_2,0.4,0.40000003576278687,0.565685510635376,0.282842755317688,0,0.0078125,0.9921875
f22f7af8d24a2295,S3_EARLY_2,0.4,0.4000000059604645,0.5656854510307312,0.2828427255153656,0,0.02564102564102566,0.9743589743589743
7bcddcd9ce700d08,S3_EARLY_2,0.4,0.4000000059604645,0.5656854510307312,0.2828427255153656,1,1.0,0.975609756097561
7cde3cdc0fd6b790,S3_EARLY_2,0.4,0.4000000059604645,0.5656854510307312,0.2828427255153656,1,1.0,1.0
09c875e43731354c,S3_EARLY_2,0.4,0.4000000059604645,0.5656854510307312,0.2828427255153656,1,1.0,1.0
1002a6f033de7859,S3_EARLY_2,0.4,0.4000000059604645,0.5656854510307312,0.2828427255153656,1,1.0,1.0
b61a300745d50715,S3_EARLY_2,0.4,0.4000000059604645,0.5656854510307312,0.2828427255153656,0,0.008230452674897082,0.9917695473251029
82e766aea5fcceea,S3_EARLY_2,0.4,0.4000000059604645,0.5656854510307312,0.2828427255153656,0,0.0,1.0
33c2059767f11d72,S3_EARLY_2,0.4,0.4000000059604645,0.5656854510307312,0.2828427255153656,1,1.0,1.0
4942cf68f90db14e,S3_EARLY_2,0.4,0.40000003576278687,0.565685510635376,0.282842755317688,1,1.0,1.0
33eaf0c9914628a8,S3_EARLY_2,0.4,0.4000000059604645,0.5656854510307312,0.2828427255153656,1,1.0,1.0
69ac9961c1186b45,S3_EARLY_2,0.4,0.4000000059604645,0.5656854510307312,0.2828427255153656,1,1.0,1.0
8e6f228a0e9ba076,S3_EARLY_2,0.4,0.4000000059604645,0.5656854510307312,0.2828427255153656,1,1.0,1.0
4d0635c70d5dd5aa,S3_EARLY_2,0.4,0.4000000059604645,0.5656854510307312,0.2828427255153656,0,0.0,1.0
378543af9ed770f3,S3_EARLY_2,0.4,0.4000000059604645,0.5656854510307312,0.2828427255153656,1,1.0,1.0
fc4aa58827f1e0af,S3_EARLY_2,0.4,0.4000000059604645,0.5656854510307312,0.2828427255153656,0,0.0,1.0
db68ea334e5808ee,S3_EARLY_2,0.4,0.4000000059604645,0.5656854510307312,0.2828427255153656,1,1.0,1.0
d6c9599e86086b54,S3_EARLY_2,0.4,0.4000000059604645,0.5656854510307312,0.2828427255153656,1,1.0,1.0
c20555ddab8c6d5d,S3_EARLY_2,0.4,0.4000000059604645,0.5656854510307312,0.2828427255153656,1,1.0,1.0
e37c88bf33e716a0,S3_EARLY_2,0.4,0.4000000059604645,0.5656854510307312,0.2828427255153656,0,0.375,1.0
f6f250c1bf73414f,S3_EARLY_2,0.4,0.4000000059604645,0.5656854510307312,0.2828427255153656,1,1.0,1.0
5bea7f1a07a95de8,S3_EARLY_2,0.4,0.4000000059604645,0.5656854510307312,0.2828427255153656,0,0.0,1.0
7361399cdb324c4b,S3_EARLY_2,0.4,0.4000000059604645,0.5656854510307312,0.2828427255153656,0,0.0,1.0
fbc6bdbb171b9b68,S3_EARLY_2,0.4,0.4000000059604645,0.5656854510307312,0.2828427255153656,0,0.0,1.0
4d8cb4a986edad0e,S3_EARLY_2,0.4,0.4000000059604645,0.5656854510307312,0.2828427255153656,1,1.0,1.0
12d93786bfcc0b05,S3_EARLY_2,0.4,0.4000000059604645,0.5656854510307312,0.2828427255153656,0,0.008547008547008517,0.9914529914529915
6372ea03f1694a42,S3_EARLY_2,0.4,0.4000000059604645,0.5656854510307312,0.2828427255153656,1,1.0,1.0
2aab10bbefceb899,S3_EARLY_2,0.4,0.4000000059604645,0.5656854510307312,0.2828427255153656,1,1.0,1.0
05e139e14f80808d,S3_EARLY_2,0.4,0.4000000059604645,0.5656854510307312,0.2828427255153656,0,0.0,1.0
39f86de60234e23f,S3_EARLY_2,0.4,0.4000000059604645,0.5656854510307312,0.2828427255153656,0,0.0,1.0
9e6ac075a390c890,S3_EARLY_2,0.4,0.4000000059604645,0.5656854510307312,0.2828427255153656,1,1.0,1.0
f8f143222dfbc080,S3_EARLY_2,0.4,0.4000000059604645,0.5656854510307312,0.2828427255153656,0,0.0,1.0
6d311db0bb71ca9f,S4_EARLY_4,0.4,0.40000003576278687,0.800000011920929,0.20000001788139343,0,0.007547169811320753,0.9924528301886792
e3d17f89d52a8b5c,S4_EARLY_4,0.4,0.4000000059604645,0.800000011920929,0.20000001788139343,0,0.0,1.0
5a8076924a7614c3,S4_EARLY_4,0.4,0.4000000059604645,0.800000011920929,0.20000000298023224,1,1.0,1.0
d979221ed06165e6,S4_EARLY_4,0.4,0.4000000059604645,0.8000000715255737,0.20000001788139343,0,0.0,1.0
3a60424da956ef88,S4_EARLY_4,0.4,0.4000000059604645,0.8000000715255737,0.20000001788139343,0,0.0,1.0
afa869da7986df43,S4_EARLY_4,0.4,0.40000003576278687,0.8000000715255737,0.20000001788139343,1,1.0,1.0
fe14f91d10bb83d1,S4_EARLY_4,0.4,0.4000000059604645,0.800000011920929,0.20000000298023224,0,0.0,1.0
4fe9051db1916f1e,S4_EARLY_4,0.4,0.40000003576278687,0.8000000715255737,0.20000001788139343,1,1.0,1.0
dcfcb68c6728e87a,S4_EARLY_4,0.4,0.40000003576278687,0.800000011920929,0.20000001788139343,1,1.0,1.0
3ff9412833213e1d,S4_EARLY_4,0.4,0.4000000059604645,0.800000011920929,0.20000000298023224,0,0.02777777777777779,0.9722222222222222
7e4ea251aff25ea4,S4_EARLY_4,0.4,0.4000000059604645,0.800000011920929,0.20000000298023224,1,1.0,1.0
fc7b3e0819820866,S4_EARLY_4,0.4,0.40000003576278687,0.800000011920929,0.20000001788139343,0,0.0076045627376425395,0.9923954372623575
edabd78b42374c59,S4_EARLY_4,0.4,0.4000000059604645,0.800000011920929,0.20000000298023224,0,0.0,1.0
ba816ce44776c2e5,S4_EARLY_4,0.4,0.4000000059604645,0.800000011920929,0.20000000298023224,1,1.0,1.0
cfc39308685bf848,S4_EARLY_4,0.4,0.4000000059604645,0.800000011920929,0.20000000298023224,1,1.0,1.0
6c6f359e34163bdc,S4_EARLY_4,0.4,0.40000003576278687,0.800000011920929,0.20000001788139343,1,1.0,1.0
56b951d94596e901,S4_EARLY_4,0.4,0.4000000059604645,0.800000011920929,0.20000000298023224,0,0.0,1.0
f804bb57c7579341,S4_EARLY_4,0.4,0.4000000059604645,0.800000011920929,0.20000000298023224,0,0.0,1.0
0aa73a125a2338f7,S4_EARLY_4,0.4,0.40000003576278687,0.800000011920929,0.20000001788139343,1,1.0,1.0
41b4ef876b293e68,S4_EARLY_4,0.4,0.40000003576278687,0.800000011920929,0.20000001788139343,0,0.0,1.0
37d32c8bb9a2da51,S4_EARLY_4,0.4,0.4000000059604645,0.800000011920929,0.20000000298023224,1,1.0,1.0
445693e8906ee75f,S4_EARLY_4,0.4,0.4000000059604645,0.800000011920929,0.20000000298023224,1,1.0,1.0
1412eed0e469b510,S4_EARLY_4,0.4,0.4000000059604645,0.800000011920929,0.20000001788139343,1,1.0,1.0
3a3e85b16958debe,S4_EARLY_4,0.4,0.4000000059604645,0.800000011920929,0.20000000298023224,1,1.0,1.0
15324d10a3de8e2c,S4_EARLY_4,0.4,0.40000003576278687,0.800000011920929,0.20000001788139343,0,0.0,1.0
48348a2a2184c687,S4_EARLY_4,0.4,0.4000000059604645,0.8000000715255737,0.20000001788139343,1,1.0,1.0
a385c7c4762f918c,S4_EARLY_4,0.4,0.4000000059604645,0.800000011920929,0.20000000298023224,0,0.0,1.0
59a7fd78ea808678,S4_EARLY_4,0.4,0.40000003576278687,0.800000011920929,0.20000001788139343,0,0.0,1.0
24a0fd12e0581713,S4_EARLY_4,0.4,0.4000000059604645,0.800000011920929,0.20000000298023224,0,0.0,1.0
f22f7af8d24a2295,S4_EARLY_4,0.4,0.40000003576278687,0.800000011920929,0.20000001788139343,0,0.0,1.0
7bcddcd9ce700d08,S4_EARLY_4,0.4,0.4000000059604645,0.800000011920929,0.20000000298023224,1,1.0,0.975609756097561
7cde3cdc0fd6b790,S4_EARLY_4,0.4,0.4000000059604645,0.800000011920929,0.20000001788139343,1,1.0,1.0
09c875e43731354c,S4_EARLY_4,0.4,0.40000003576278687,0.8000000715255737,0.20000001788139343,1,1.0,1.0
1002a6f033de7859,S4_EARLY_4,0.4,0.4000000059604645,0.800000011920929,0.20000001788139343,1,1.0,1.0
b61a300745d50715,S4_EARLY_4,0.4,0.40000003576278687,0.8000000715255737,0.20000001788139343,0,0.008064516129032251,0.9919354838709677
82e766aea5fcceea,S4_EARLY_4,0.4,0.4000000059604645,0.800000011920929,0.20000000298023224,0,0.0,1.0
33c2059767f11d72,S4_EARLY_4,0.4,0.4000000059604645,0.800000011920929,0.20000000298023224,1,1.0,1.0
4942cf68f90db14e,S4_EARLY_4,0.4,0.40000003576278687,0.800000011920929,0.20000001788139343,1,1.0,1.0
33eaf0c9914628a8,S4_EARLY_4,0.4,0.4000000059604645,0.800000011920929,0.20000000298023224,1,1.0,1.0
69ac9961c1186b45,S4_EARLY_4,0.4,0.40000003576278687,0.800000011920929,0.20000001788139343,1,1.0,1.0
8e6f228a0e9ba076,S4_EARLY_4,0.4,0.4000000059604645,0.800000011920929,0.20000000298023224,1,1.0,1.0
4d0635c70d5dd5aa,S4_EARLY_4,0.4,0.40000003576278687,0.800000011920929,0.20000001788139343,0,0.0,1.0
378543af9ed770f3,S4_EARLY_4,0.4,0.40000003576278687,0.800000011920929,0.20000001788139343,1,1.0,1.0
fc4aa58827f1e0af,S4_EARLY_4,0.4,0.40000003576278687,0.800000011920929,0.20000001788139343,0,0.0,1.0
db68ea334e5808ee,S4_EARLY_4,0.4,0.4000000059604645,0.8000000715255737,0.20000001788139343,1,1.0,1.0
d6c9599e86086b54,S4_EARLY_4,0.4,0.4000000059604645,0.800000011920929,0.20000000298023224,1,1.0,1.0
c20555ddab8c6d5d,S4_EARLY_4,0.4,0.4000000059604645,0.800000011920929,0.20000001788139343,1,1.0,1.0
e37c88bf33e716a0,S4_EARLY_4,0.4,0.4000000059604645,0.800000011920929,0.20000000298023224,0,0.375,1.0
f6f250c1bf73414f,S4_EARLY_4,0.4,0.40000003576278687,0.8000000715255737,0.20000001788139343,1,1.0,1.0
5bea7f1a07a95de8,S4_EARLY_4,0.4,0.4000000059604645,0.8000000715255737,0.20000001788139343,0,0.0,1.0
7361399cdb324c4b,S4_EARLY_4,0.4,0.40000003576278687,0.800000011920929,0.20000001788139343,1,1.0,1.0
fbc6bdbb171b9b68,S4_EARLY_4,0.4,0.40000003576278687,0.800000011920929,0.20000001788139343,0,0.0,1.0
4d8cb4a986edad0e,S4_EARLY_4,0.4,0.4000000059604645,0.800000011920929,0.20000000298023224,1,1.0,1.0
12d93786bfcc0b05,S4_EARLY_4,0.4,0.40000003576278687,0.800000011920929,0.20000001788139343,1,1.0,1.0
6372ea03f1694a42,S4_EARLY_4,0.4,0.40000003576278687,0.800000011920929,0.20000001788139343,1,1.0,1.0
2aab10bbefceb899,S4_EARLY_4,0.4,0.4000000059604645,0.800000011920929,0.20000001788139343,1,1.0,1.0
05e139e14f80808d,S4_EARLY_4,0.4,0.4000000059604645,0.800000011920929,0.20000000298023224,0,0.0,1.0
39f86de60234e23f,S4_EARLY_4,0.4,0.4000000059604645,0.800000011920929,0.20000000298023224,0,0.0,1.0
9e6ac075a390c890,S4_EARLY_4,0.4,0.4000000059604645,0.800000011920929,0.20000001788139343,1,1.0,1.0
f8f143222dfbc080,S4_EARLY_4,0.4,0.4000000059604645,0.800000011920929,0.20000000298023224,1,1.0,1.0
6d311db0bb71ca9f,S5_EARLY_8,0.4,0.40000003576278687,1.131371021270752,0.141421377658844,0,0.007547169811320753,0.9924528301886792
e3d17f89d52a8b5c,S5_EARLY_8,0.4,0.40000003576278687,1.131371021270752,0.141421377658844,0,0.0,1.0
5a8076924a7614c3,S5_EARLY_8,0.4,0.4000000059604645,1.1313709020614624,0.1414213627576828,1,1.0,1.0
d979221ed06165e6,S5_EARLY_8,0.4,0.4000000059604645,1.1313709020614624,0.1414213627576828,1,1.0,1.0
3a60424da956ef88,S5_EARLY_8,0.4,0.4000000059604645,1.1313709020614624,0.1414213627576828,0,0.0,1.0
afa869da7986df43,S5_EARLY_8,0.4,0.40000003576278687,1.131371021270752,0.141421377658844,1,1.0,1.0
fe14f91d10bb83d1,S5_EARLY_8,0.4,0.4000000059604645,1.1313709020614624,0.1414213627576828,1,1.0,1.0
4fe9051db1916f1e,S5_EARLY_8,0.4,0.4000000059604645,1.1313709020614624,0.1414213627576828,1,1.0,1.0
dcfcb68c6728e87a,S5_EARLY_8,0.4,0.4000000059604645,1.1313709020614624,0.1414213627576828,1,1.0,1.0
3ff9412833213e1d,S5_EARLY_8,0.4,0.40000003576278687,1.131371021270752,0.141421377658844,0,0.02857142857142858,0.9714285714285714
7e4ea251aff25ea4,S5_EARLY_8,0.4,0.4000000059604645,1.1313709020614624,0.1414213627576828,1,1.0,1.0
fc7b3e0819820866,S5_EARLY_8,0.4,0.40000003576278687,1.131371021270752,0.141421377658844,0,0.0,1.0
edabd78b42374c59,S5_EARLY_8,0.4,0.4000000059604645,1.1313709020614624,0.1414213627576828,0,0.0,1.0
ba816ce44776c2e5,S5_EARLY_8,0.4,0.40000003576278687,1.131371021270752,0.141421377658844,1,1.0,1.0
cfc39308685bf848,S5_EARLY_8,0.4,0.4000000059604645,1.1313709020614624,0.1414213627576828,1,1.0,1.0
6c6f359e34163bdc,S5_EARLY_8,0.4,0.4000000059604645,1.1313709020614624,0.1414213627576828,1,1.0,1.0
56b951d94596e901,S5_EARLY_8,0.4,0.4000000059604645,1.1313709020614624,0.1414213627576828,0,0.0,1.0
f804bb57c7579341,S5_EARLY_8,0.4,0.4000000059604645,1.1313709020614624,0.1414213627576828,0,0.0,1.0
0aa73a125a2338f7,S5_EARLY_8,0.4,0.4000000059604645,1.1313709020614624,0.1414213627576828,1,1.0,1.0
41b4ef876b293e68,S5_EARLY_8,0.4,0.40000003576278687,1.131371021270752,0.141421377658844,0,0.0,1.0
37d32c8bb9a2da51,S5_EARLY_8,0.4,0.4000000059604645,1.1313709020614624,0.1414213627576828,1,1.0,1.0
445693e8906ee75f,S5_EARLY_8,0.4,0.40000003576278687,1.131371021270752,0.141421377658844,1,1.0,1.0
1412eed0e469b510,S5_EARLY_8,0.4,0.4000000059604645,1.1313709020614624,0.1414213627576828,1,1.0,1.0
3a3e85b16958debe,S5_EARLY_8,0.4,0.4000000059604645,1.1313709020614624,0.1414213627576828,1,1.0,1.0
15324d10a3de8e2c,S5_EARLY_8,0.4,0.40000003576278687,1.131371021270752,0.141421377658844,0,0.0,1.0
48348a2a2184c687,S5_EARLY_8,0.4,0.40000003576278687,1.131371021270752,0.141421377658844,1,1.0,1.0
a385c7c4762f918c,S5_EARLY_8,0.4,0.4000000059604645,1.1313709020614624,0.1414213627576828,0,0.0,1.0
59a7fd78ea808678,S5_EARLY_8,0.4,0.40000003576278687,1.131371021270752,0.141421377658844,0,0.0,1.0
24a0fd12e0581713,S5_EARLY_8,0.4,0.40000003576278687,1.131371021270752,0.141421377658844,0,0.0,1.0
f22f7af8d24a2295,S5_EARLY_8,0.4,0.40000003576278687,1.131371021270752,0.141421377658844,0,0.0,1.0
7bcddcd9ce700d08,S5_EARLY_8,0.4,0.40000003576278687,1.131371021270752,0.141421377658844,1,1.0,1.0
7cde3cdc0fd6b790,S5_EARLY_8,0.4,0.4000000059604645,1.1313709020614624,0.1414213627576828,1,1.0,1.0
09c875e43731354c,S5_EARLY_8,0.4,0.4000000059604645,1.1313709020614624,0.1414213627576828,1,1.0,1.0
1002a6f033de7859,S5_EARLY_8,0.4,0.4000000059604645,1.1313709020614624,0.1414213627576828,1,1.0,1.0
b61a300745d50715,S5_EARLY_8,0.4,0.40000003576278687,1.131371021270752,0.141421377658844,0,0.008849557522123908,0.9911504424778761
82e766aea5fcceea,S5_EARLY_8,0.4,0.4000000059604645,1.1313709020614624,0.1414213627576828,0,0.0,1.0
33c2059767f11d72,S5_EARLY_8,0.4,0.40000003576278687,1.131371021270752,0.141421377658844,1,1.0,1.0
4942cf68f90db14e,S5_EARLY_8,0.4,0.40000003576278687,1.131371021270752,0.141421377658844,1,1.0,1.0
33eaf0c9914628a8,S5_EARLY_8,0.4,0.4000000059604645,1.1313709020614624,0.1414213627576828,1,1.0,1.0
69ac9961c1186b45,S5_EARLY_8,0.4,0.40000003576278687,1.131371021270752,0.141421377658844,1,1.0,1.0
8e6f228a0e9ba076,S5_EARLY_8,0.4,0.4000000059604645,1.1313709020614624,0.1414213627576828,1,1.0,1.0
4d0635c70d5dd5aa,S5_EARLY_8,0.4,0.4000000059604645,1.1313709020614624,0.1414213627576828,1,1.0,1.0
378543af9ed770f3,S5_EARLY_8,0.4,0.4000000059604645,1.1313709020614624,0.1414213627576828,1,1.0,1.0
fc4aa58827f1e0af,S5_EARLY_8,0.4,0.4000000059604645,1.1313709020614624,0.1414213627576828,0,0.0,1.0
db68ea334e5808ee,S5_EARLY_8,0.4,0.40000003576278687,1.131371021270752,0.141421377658844,1,1.0,1.0
d6c9599e86086b54,S5_EARLY_8,0.4,0.4000000059604645,1.1313709020614624,0.1414213627576828,1,1.0,1.0
c20555ddab8c6d5d,S5_EARLY_8,0.4,0.4000000059604645,1.1313709020614624,0.1414213627576828,1,1.0,1.0
e37c88bf33e716a0,S5_EARLY_8,0.4,0.4000000059604645,1.1313709020614624,0.1414213627576828,0,0.25,1.0
f6f250c1bf73414f,S5_EARLY_8,0.4,0.4000000059604645,1.1313709020614624,0.1414213627576828,1,1.0,1.0
5bea7f1a07a95de8,S5_EARLY_8,0.4,0.40000003576278687,1.131371021270752,0.141421377658844,0,0.0,1.0
7361399cdb324c4b,S5_EARLY_8,0.4,0.4000000059604645,1.1313709020614624,0.1414213627576828,1,1.0,1.0
fbc6bdbb171b9b68,S5_EARLY_8,0.4,0.40000003576278687,1.131371021270752,0.141421377658844,0,0.0,1.0
4d8cb4a986edad0e,S5_EARLY_8,0.4,0.40000003576278687,1.131371021270752,0.141421377658844,1,1.0,1.0
12d93786bfcc0b05,S5_EARLY_8,0.4,0.40000003576278687,1.131371021270752,0.141421377658844,1,1.0,1.0
6372ea03f1694a42,S5_EARLY_8,0.4,0.40000003576278687,1.131371021270752,0.141421377658844,1,1.0,1.0
2aab10bbefceb899,S5_EARLY_8,0.4,0.4000000059604645,1.1313709020614624,0.1414213627576828,1,1.0,1.0
05e139e14f80808d,S5_EARLY_8,0.4,0.4000000059604645,1.1313709020614624,0.1414213627576828,0,0.0,1.0
39f86de60234e23f,S5_EARLY_8,0.4,0.40000003576278687,1.131371021270752,0.141421377658844,0,0.0,1.0
9e6ac075a390c890,S5_EARLY_8,0.4,0.40000003576278687,1.131371021270752,0.141421377658844,1,1.0,1.0
f8f143222dfbc080,S5_EARLY_8,0.4,0.40000003576278687,1.131371021270752,0.141421377658844,1,1.0,1.0
6d311db0bb71ca9f,S6_ALL_K,0.4,0.40000003576278687,1.2000000476837158,0.13333334028720856,0,0.007547169811320753,0.9924528301886792
e3d17f89d52a8b5c,S6_ALL_K,0.4,0.40000003576278687,1.2000000476837158,0.13333334028720856,0,0.0,1.0
5a8076924a7614c3,S6_ALL_K,0.4,0.40000003576278687,1.2000000476837158,0.13333334028720856,1,1.0,1.0
d979221ed06165e6,S6_ALL_K,0.4,0.40000003576278687,1.2000000476837158,0.13333334028720856,1,1.0,1.0
3a60424da956ef88,S6_ALL_K,0.4,0.40000003576278687,1.2000000476837158,0.13333334028720856,0,0.0,1.0
afa869da7986df43,S6_ALL_K,0.4,0.40000006556510925,1.2000001668930054,0.13333335518836975,1,1.0,1.0
fe14f91d10bb83d1,S6_ALL_K,0.4,0.40000003576278687,1.2000000476837158,0.13333334028720856,1,1.0,1.0
4fe9051db1916f1e,S6_ALL_K,0.4,0.40000003576278687,1.2000000476837158,0.13333334028720856,1,1.0,1.0
dcfcb68c6728e87a,S6_ALL_K,0.4,0.40000003576278687,1.2000000476837158,0.13333334028720856,1,1.0,1.0
3ff9412833213e1d,S6_ALL_K,0.4,0.40000003576278687,1.2000000476837158,0.13333334028720856,0,0.02857142857142858,0.9714285714285714
7e4ea251aff25ea4,S6_ALL_K,0.4,0.40000003576278687,1.2000000476837158,0.13333334028720856,1,1.0,1.0
fc7b3e0819820866,S6_ALL_K,0.4,0.40000003576278687,1.2000000476837158,0.13333334028720856,0,0.0,1.0
edabd78b42374c59,S6_ALL_K,0.4,0.40000003576278687,1.2000000476837158,0.13333335518836975,0,0.0,1.0
ba816ce44776c2e5,S6_ALL_K,0.4,0.40000003576278687,1.2000000476837158,0.13333334028720856,1,1.0,1.0
cfc39308685bf848,S6_ALL_K,0.4,0.40000003576278687,1.2000000476837158,0.13333334028720856,1,1.0,1.0
6c6f359e34163bdc,S6_ALL_K,0.4,0.40000003576278687,1.2000000476837158,0.13333334028720856,1,1.0,1.0
56b951d94596e901,S6_ALL_K,0.4,0.40000006556510925,1.2000001668930054,0.13333335518836975,0,0.0,1.0
f804bb57c7579341,S6_ALL_K,0.4,0.40000003576278687,1.2000000476837158,0.13333334028720856,0,0.0,1.0
0aa73a125a2338f7,S6_ALL_K,0.4,0.40000003576278687,1.2000000476837158,0.13333334028720856,1,1.0,1.0
41b4ef876b293e68,S6_ALL_K,0.4,0.40000003576278687,1.2000000476837158,0.13333334028720856,0,0.0,1.0
37d32c8bb9a2da51,S6_ALL_K,0.4,0.40000003576278687,1.2000000476837158,0.13333334028720856,1,1.0,1.0
445693e8906ee75f,S6_ALL_K,0.4,0.40000003576278687,1.2000000476837158,0.13333334028720856,1,1.0,1.0
1412eed0e469b510,S6_ALL_K,0.4,0.40000006556510925,1.2000001668930054,0.13333335518836975,1,1.0,1.0
3a3e85b16958debe,S6_ALL_K,0.4,0.40000003576278687,1.2000000476837158,0.13333334028720856,1,1.0,1.0
15324d10a3de8e2c,S6_ALL_K,0.4,0.40000003576278687,1.2000000476837158,0.13333334028720856,0,0.0,1.0
48348a2a2184c687,S6_ALL_K,0.4,0.40000003576278687,1.2000000476837158,0.13333334028720856,1,1.0,1.0
a385c7c4762f918c,S6_ALL_K,0.4,0.40000003576278687,1.2000000476837158,0.13333334028720856,0,0.0,1.0
59a7fd78ea808678,S6_ALL_K,0.4,0.40000003576278687,1.2000000476837158,0.13333334028720856,0,0.0,1.0
24a0fd12e0581713,S6_ALL_K,0.4,0.40000006556510925,1.2000001668930054,0.13333335518836975,0,0.0,1.0
f22f7af8d24a2295,S6_ALL_K,0.4,0.40000003576278687,1.2000000476837158,0.13333334028720856,0,0.0,1.0
7bcddcd9ce700d08,S6_ALL_K,0.4,0.40000003576278687,1.2000000476837158,0.13333334028720856,1,1.0,1.0
7cde3cdc0fd6b790,S6_ALL_K,0.4,0.40000003576278687,1.2000000476837158,0.13333334028720856,1,1.0,1.0
09c875e43731354c,S6_ALL_K,0.4,0.40000003576278687,1.2000000476837158,0.13333334028720856,1,1.0,1.0
1002a6f033de7859,S6_ALL_K,0.4,0.40000003576278687,1.2000000476837158,0.13333334028720856,1,1.0,1.0
b61a300745d50715,S6_ALL_K,0.4,0.40000003576278687,1.2000000476837158,0.13333334028720856,0,0.008196721311475419,0.9918032786885246
82e766aea5fcceea,S6_ALL_K,0.4,0.40000003576278687,1.2000000476837158,0.13333334028720856,0,0.0,1.0
33c2059767f11d72,S6_ALL_K,0.4,0.40000003576278687,1.2000000476837158,0.13333334028720856,1,1.0,1.0
4942cf68f90db14e,S6_ALL_K,0.4,0.40000006556510925,1.2000001668930054,0.13333335518836975,1,1.0,1.0
33eaf0c9914628a8,S6_ALL_K,0.4,0.40000003576278687,1.2000000476837158,0.13333334028720856,1,1.0,1.0
69ac9961c1186b45,S6_ALL_K,0.4,0.40000003576278687,1.2000000476837158,0.13333334028720856,1,1.0,1.0
8e6f228a0e9ba076,S6_ALL_K,0.4,0.40000006556510925,1.2000001668930054,0.13333335518836975,1,1.0,1.0
4d0635c70d5dd5aa,S6_ALL_K,0.4,0.40000003576278687,1.2000000476837158,0.13333334028720856,1,1.0,1.0
378543af9ed770f3,S6_ALL_K,0.4,0.40000003576278687,1.2000000476837158,0.13333334028720856,1,1.0,1.0
fc4aa58827f1e0af,S6_ALL_K,0.4,0.40000003576278687,1.2000000476837158,0.13333335518836975,1,1.0,1.0
db68ea334e5808ee,S6_ALL_K,0.4,0.40000003576278687,1.2000000476837158,0.13333334028720856,1,1.0,1.0
d6c9599e86086b54,S6_ALL_K,0.4,0.40000003576278687,1.2000000476837158,0.13333334028720856,1,1.0,1.0
c20555ddab8c6d5d,S6_ALL_K,0.4,0.40000003576278687,1.2000000476837158,0.13333334028720856,1,1.0,1.0
e37c88bf33e716a0,S6_ALL_K,0.4,0.40000003576278687,1.2000000476837158,0.13333334028720856,0,0.25,1.0
f6f250c1bf73414f,S6_ALL_K,0.4,0.40000003576278687,1.2000000476837158,0.13333334028720856,1,1.0,1.0
5bea7f1a07a95de8,S6_ALL_K,0.4,0.40000003576278687,1.2000000476837158,0.13333334028720856,0,0.0,1.0
7361399cdb324c4b,S6_ALL_K,0.4,0.40000003576278687,1.2000000476837158,0.13333334028720856,1,1.0,1.0
fbc6bdbb171b9b68,S6_ALL_K,0.4,0.40000003576278687,1.2000000476837158,0.13333334028720856,0,0.046511627906976716,0.9534883720930233
4d8cb4a986edad0e,S6_ALL_K,0.4,0.40000003576278687,1.2000000476837158,0.13333334028720856,1,1.0,1.0
12d93786bfcc0b05,S6_ALL_K,0.4,0.40000003576278687,1.2000000476837158,0.13333334028720856,1,1.0,1.0
6372ea03f1694a42,S6_ALL_K,0.4,0.40000003576278687,1.2000000476837158,0.13333334028720856,1,1.0,1.0
2aab10bbefceb899,S6_ALL_K,0.4,0.40000006556510925,1.2000001668930054,0.13333335518836975,1,1.0,1.0
05e139e14f80808d,S6_ALL_K,0.4,0.40000003576278687,1.2000000476837158,0.13333334028720856,0,0.0,1.0
39f86de60234e23f,S6_ALL_K,0.4,0.40000003576278687,1.2000000476837158,0.13333334028720856,0,0.0,1.0
9e6ac075a390c890,S6_ALL_K,0.4,0.40000003576278687,1.2000000476837158,0.13333334028720856,1,1.0,1.0
f8f143222dfbc080,S6_ALL_K,0.4,0.40000003576278687,1.2000000476837158,0.13333334028720856,1,1.0,1.0
6d311db0bb71ca9f,S7_LATE_4,0.4,0.40000003576278687,0.800000011920929,0.20000001788139343,1,1.0,1.0
e3d17f89d52a8b5c,S7_LATE_4,0.4,0.4000000059604645,0.800000011920929,0.20000001788139343,0,0.0,1.0
5a8076924a7614c3,S7_LATE_4,0.4,0.4000000059604645,0.800000011920929,0.20000000298023224,1,1.0,1.0
d979221ed06165e6,S7_LATE_4,0.4,0.4000000059604645,0.800000011920929,0.20000000298023224,1,1.0,1.0
3a60424da956ef88,S7_LATE_4,0.4,0.4000000059604645,0.800000011920929,0.20000001788139343,0,0.0,1.0
afa869da7986df43,S7_LATE_4,0.4,0.4000000059604645,0.800000011920929,0.20000001788139343,1,1.0,1.0
fe14f91d10bb83d1,S7_LATE_4,0.4,0.4000000059604645,0.800000011920929,0.20000000298023224,1,1.0,1.0
4fe9051db1916f1e,S7_LATE_4,0.4,0.4000000059604645,0.800000011920929,0.20000000298023224,1,1.0,1.0
dcfcb68c6728e87a,S7_LATE_4,0.4,0.40000003576278687,0.8000000715255737,0.20000001788139343,1,1.0,1.0
3ff9412833213e1d,S7_LATE_4,0.4,0.4000000059604645,0.800000011920929,0.20000000298023224,0,0.02857142857142858,0.9714285714285714
7e4ea251aff25ea4,S7_LATE_4,0.4,0.4000000059604645,0.800000011920929,0.20000000298023224,1,1.0,1.0
fc7b3e0819820866,S7_LATE_4,0.4,0.40000003576278687,0.800000011920929,0.20000001788139343,0,0.008000000000000007,0.992
edabd78b42374c59,S7_LATE_4,0.4,0.4000000059604645,0.800000011920929,0.20000000298023224,0,0.0,1.0
ba816ce44776c2e5,S7_LATE_4,0.4,0.4000000059604645,0.800000011920929,0.20000000298023224,1,1.0,1.0
cfc39308685bf848,S7_LATE_4,0.4,0.4000000059604645,0.800000011920929,0.20000000298023224,1,1.0,1.0
6c6f359e34163bdc,S7_LATE_4,0.4,0.4000000059604645,0.800000011920929,0.20000000298023224,1,1.0,1.0
56b951d94596e901,S7_LATE_4,0.4,0.4000000059604645,0.800000011920929,0.20000000298023224,0,0.0,1.0
f804bb57c7579341,S7_LATE_4,0.4,0.4000000059604645,0.800000011920929,0.20000000298023224,0,0.0,1.0
0aa73a125a2338f7,S7_LATE_4,0.4,0.40000003576278687,0.800000011920929,0.20000001788139343,1,1.0,1.0
41b4ef876b293e68,S7_LATE_4,0.4,0.40000003576278687,0.800000011920929,0.20000001788139343,0,0.0,1.0
37d32c8bb9a2da51,S7_LATE_4,0.4,0.4000000059604645,0.800000011920929,0.20000000298023224,1,1.0,1.0
445693e8906ee75f,S7_LATE_4,0.4,0.4000000059604645,0.800000011920929,0.20000000298023224,1,1.0,1.0
1412eed0e469b510,S7_LATE_4,0.4,0.40000003576278687,0.800000011920929,0.20000001788139343,1,1.0,1.0
3a3e85b16958debe,S7_LATE_4,0.4,0.4000000059604645,0.800000011920929,0.20000000298023224,1,1.0,1.0
15324d10a3de8e2c,S7_LATE_4,0.4,0.4000000059604645,0.800000011920929,0.20000000298023224,0,0.0,1.0
48348a2a2184c687,S7_LATE_4,0.4,0.4000000059604645,0.800000011920929,0.20000001788139343,1,1.0,1.0
a385c7c4762f918c,S7_LATE_4,0.4,0.40000003576278687,0.8000000715255737,0.20000001788139343,0,0.0,1.0
59a7fd78ea808678,S7_LATE_4,0.4,0.4000000059604645,0.800000011920929,0.20000000298023224,0,0.0,1.0
24a0fd12e0581713,S7_LATE_4,0.4,0.4000000059604645,0.800000011920929,0.20000000298023224,0,0.0,1.0
f22f7af8d24a2295,S7_LATE_4,0.4,0.40000003576278687,0.800000011920929,0.20000003278255463,0,0.02564102564102566,0.9743589743589743
7bcddcd9ce700d08,S7_LATE_4,0.4,0.4000000059604645,0.800000011920929,0.20000000298023224,1,1.0,1.0
7cde3cdc0fd6b790,S7_LATE_4,0.4,0.40000003576278687,0.800000011920929,0.20000001788139343,1,1.0,1.0
09c875e43731354c,S7_LATE_4,0.4,0.40000003576278687,0.800000011920929,0.20000001788139343,1,1.0,1.0
1002a6f033de7859,S7_LATE_4,0.4,0.40000003576278687,0.800000011920929,0.20000001788139343,1,1.0,1.0
b61a300745d50715,S7_LATE_4,0.4,0.40000003576278687,0.800000011920929,0.20000001788139343,0,0.008000000000000007,0.992
82e766aea5fcceea,S7_LATE_4,0.4,0.4000000059604645,0.800000011920929,0.20000000298023224,1,1.0,1.0
33c2059767f11d72,S7_LATE_4,0.4,0.4000000059604645,0.800000011920929,0.20000000298023224,1,1.0,1.0
4942cf68f90db14e,S7_LATE_4,0.4,0.40000003576278687,0.8000000715255737,0.20000001788139343,1,1.0,1.0
33eaf0c9914628a8,S7_LATE_4,0.4,0.4000000059604645,0.800000011920929,0.20000000298023224,1,1.0,1.0
69ac9961c1186b45,S7_LATE_4,0.4,0.4000000059604645,0.800000011920929,0.20000000298023224,1,1.0,1.0
8e6f228a0e9ba076,S7_LATE_4,0.4,0.4000000059604645,0.800000011920929,0.20000000298023224,1,1.0,1.0
4d0635c70d5dd5aa,S7_LATE_4,0.4,0.4000000059604645,0.800000011920929,0.20000001788139343,1,1.0,1.0
378543af9ed770f3,S7_LATE_4,0.4,0.40000003576278687,0.800000011920929,0.20000001788139343,1,1.0,1.0
fc4aa58827f1e0af,S7_LATE_4,0.4,0.4000000059604645,0.8000000715255737,0.20000001788139343,1,1.0,1.0
db68ea334e5808ee,S7_LATE_4,0.4,0.4000000059604645,0.800000011920929,0.20000001788139343,1,1.0,1.0
d6c9599e86086b54,S7_LATE_4,0.4,0.4000000059604645,0.800000011920929,0.20000000298023224,1,1.0,1.0
c20555ddab8c6d5d,S7_LATE_4,0.4,0.40000003576278687,0.800000011920929,0.20000001788139343,1,1.0,1.0
e37c88bf33e716a0,S7_LATE_4,0.4,0.4000000059604645,0.8000000715255737,0.20000001788139343,0,0.25,1.0
f6f250c1bf73414f,S7_LATE_4,0.4,0.40000003576278687,0.800000011920929,0.20000001788139343,1,1.0,1.0
5bea7f1a07a95de8,S7_LATE_4,0.4,0.40000003576278687,0.800000011920929,0.20000001788139343,0,0.00877192982456143,0.9912280701754386
7361399cdb324c4b,S7_LATE_4,0.4,0.4000000059604645,0.8000000715255737,0.20000001788139343,0,0.0,1.0
fbc6bdbb171b9b68,S7_LATE_4,0.4,0.40000003576278687,0.8000000715255737,0.20000001788139343,0,0.04761904761904767,0.9523809523809523
4d8cb4a986edad0e,S7_LATE_4,0.4,0.4000000059604645,0.8000000715255737,0.20000001788139343,1,1.0,1.0
12d93786bfcc0b05,S7_LATE_4,0.4,0.40000003576278687,0.800000011920929,0.20000001788139343,1,1.0,1.0
6372ea03f1694a42,S7_LATE_4,0.4,0.4000000059604645,0.8000000715255737,0.20000001788139343,1,1.0,1.0
2aab10bbefceb899,S7_LATE_4,0.4,0.40000003576278687,0.800000011920929,0.20000001788139343,1,1.0,1.0
05e139e14f80808d,S7_LATE_4,0.4,0.4000000059604645,0.800000011920929,0.20000000298023224,0,0.0,1.0
39f86de60234e23f,S7_LATE_4,0.4,0.4000000059604645,0.800000011920929,0.20000000298023224,0,0.0,1.0
9e6ac075a390c890,S7_LATE_4,0.4,0.40000003576278687,0.800000011920929,0.20000001788139343,1,1.0,1.0
f8f143222dfbc080,S7_LATE_4,0.4,0.4000000059604645,0.800000011920929,0.20000000298023224,1,1.0,1.0
6d311db0bb71ca9f,S1_P0_ONLY,0.8,0.800000011920929,0.800000011920929,0.800000011920929,0,0.0,1.0
e3d17f89d52a8b5c,S1_P0_ONLY,0.8,0.8000000715255737,0.8000000715255737,0.8000000715255737,0,0.0,1.0
5a8076924a7614c3,S1_P0_ONLY,0.8,0.800000011920929,0.800000011920929,0.800000011920929,1,1.0,0.9166666666666666
d979221ed06165e6,S1_P0_ONLY,0.8,0.800000011920929,0.800000011920929,0.800000011920929,0,0.007843137254901933,0.9921568627450981
3a60424da956ef88,S1_P0_ONLY,0.8,0.800000011920929,0.800000011920929,0.800000011920929,0,0.008130081300813052,0.991869918699187
afa869da7986df43,S1_P0_ONLY,0.8,0.8000000715255737,0.8000000715255737,0.8000000715255737,0,0.0,1.0
fe14f91d10bb83d1,S1_P0_ONLY,0.8,0.800000011920929,0.800000011920929,0.800000011920929,0,0.0,1.0
4fe9051db1916f1e,S1_P0_ONLY,0.8,0.800000011920929,0.800000011920929,0.800000011920929,0,0.0,1.0
dcfcb68c6728e87a,S1_P0_ONLY,0.8,0.8000000715255737,0.8000000715255737,0.8000000715255737,1,1.0,1.0
3ff9412833213e1d,S1_P0_ONLY,0.8,0.800000011920929,0.800000011920929,0.800000011920929,0,0.0,1.0
7e4ea251aff25ea4,S1_P0_ONLY,0.8,0.800000011920929,0.800000011920929,0.800000011920929,0,0.0,1.0
fc7b3e0819820866,S1_P0_ONLY,0.8,0.800000011920929,0.800000011920929,0.800000011920929,0,0.0,1.0
edabd78b42374c59,S1_P0_ONLY,0.8,0.800000011920929,0.800000011920929,0.800000011920929,0,0.0,1.0
ba816ce44776c2e5,S1_P0_ONLY,0.8,0.800000011920929,0.800000011920929,0.800000011920929,0,0.0,1.0
cfc39308685bf848,S1_P0_ONLY,0.8,0.800000011920929,0.800000011920929,0.800000011920929,0,0.0,1.0
6c6f359e34163bdc,S1_P0_ONLY,0.8,0.8000000715255737,0.8000000715255737,0.8000000715255737,1,1.0,1.0
56b951d94596e901,S1_P0_ONLY,0.8,0.800000011920929,0.800000011920929,0.800000011920929,0,0.0,1.0
f804bb57c7579341,S1_P0_ONLY,0.8,0.800000011920929,0.800000011920929,0.800000011920929,0,0.0,1.0
0aa73a125a2338f7,S1_P0_ONLY,0.8,0.800000011920929,0.800000011920929,0.800000011920929,0,0.0,1.0
41b4ef876b293e68,S1_P0_ONLY,0.8,0.800000011920929,0.800000011920929,0.800000011920929,0,0.0,1.0
37d32c8bb9a2da51,S1_P0_ONLY,0.8,0.800000011920929,0.800000011920929,0.800000011920929,0,0.0,1.0
445693e8906ee75f,S1_P0_ONLY,0.8,0.800000011920929,0.800000011920929,0.800000011920929,0,0.0,1.0
1412eed0e469b510,S1_P0_ONLY,0.8,0.800000011920929,0.800000011920929,0.800000011920929,0,0.0,1.0
3a3e85b16958debe,S1_P0_ONLY,0.8,0.800000011920929,0.800000011920929,0.800000011920929,1,1.0,1.0
15324d10a3de8e2c,S1_P0_ONLY,0.8,0.8000000715255737,0.8000000715255737,0.8000000715255737,0,0.008130081300813052,0.991869918699187
48348a2a2184c687,S1_P0_ONLY,0.8,0.800000011920929,0.800000011920929,0.800000011920929,1,1.0,0.9428571428571428
a385c7c4762f918c,S1_P0_ONLY,0.8,0.800000011920929,0.800000011920929,0.800000011920929,0,0.0,1.0
59a7fd78ea808678,S1_P0_ONLY,0.8,0.800000011920929,0.800000011920929,0.800000011920929,0,0.006779661016949157,0.9932203389830508
24a0fd12e0581713,S1_P0_ONLY,0.8,0.800000011920929,0.800000011920929,0.800000011920929,0,0.0,1.0
f22f7af8d24a2295,S1_P0_ONLY,0.8,0.800000011920929,0.800000011920929,0.800000011920929,0,0.0,1.0
7bcddcd9ce700d08,S1_P0_ONLY,0.8,0.800000011920929,0.800000011920929,0.800000011920929,1,1.0,1.0
7cde3cdc0fd6b790,S1_P0_ONLY,0.8,0.800000011920929,0.800000011920929,0.800000011920929,0,0.0,1.0
09c875e43731354c,S1_P0_ONLY,0.8,0.800000011920929,0.800000011920929,0.800000011920929,0,0.0,1.0
1002a6f033de7859,S1_P0_ONLY,0.8,0.800000011920929,0.800000011920929,0.800000011920929,0,0.0,1.0
b61a300745d50715,S1_P0_ONLY,0.8,0.800000011920929,0.800000011920929,0.800000011920929,0,0.007936507936507908,0.9920634920634921
82e766aea5fcceea,S1_P0_ONLY,0.8,0.800000011920929,0.800000011920929,0.800000011920929,0,0.0,1.0
33c2059767f11d72,S1_P0_ONLY,0.8,0.800000011920929,0.800000011920929,0.800000011920929,0,0.009009009009009028,0.990990990990991
4942cf68f90db14e,S1_P0_ONLY,0.8,0.8000000715255737,0.8000000715255737,0.8000000715255737,0,0.0,1.0
33eaf0c9914628a8,S1_P0_ONLY,0.8,0.800000011920929,0.800000011920929,0.800000011920929,0,0.0,1.0
69ac9961c1186b45,S1_P0_ONLY,0.8,0.8000000715255737,0.8000000715255737,0.8000000715255737,0,0.0,1.0
8e6f228a0e9ba076,S1_P0_ONLY,0.8,0.800000011920929,0.800000011920929,0.800000011920929,0,0.0,1.0
4d0635c70d5dd5aa,S1_P0_ONLY,0.8,0.8000000715255737,0.8000000715255737,0.8000000715255737,0,0.0,1.0
378543af9ed770f3,S1_P0_ONLY,0.8,0.800000011920929,0.800000011920929,0.800000011920929,0,0.0,1.0
fc4aa58827f1e0af,S1_P0_ONLY,0.8,0.800000011920929,0.800000011920929,0.800000011920929,0,0.0,1.0
db68ea334e5808ee,S1_P0_ONLY,0.8,0.800000011920929,0.800000011920929,0.800000011920929,1,1.0,1.0
d6c9599e86086b54,S1_P0_ONLY,0.8,0.800000011920929,0.800000011920929,0.800000011920929,1,1.0,1.0
c20555ddab8c6d5d,S1_P0_ONLY,0.8,0.800000011920929,0.800000011920929,0.800000011920929,0,0.0,1.0
e37c88bf33e716a0,S1_P0_ONLY,0.8,0.800000011920929,0.800000011920929,0.800000011920929,0,0.0,1.0
f6f250c1bf73414f,S1_P0_ONLY,0.8,0.800000011920929,0.800000011920929,0.800000011920929,0,0.0,1.0
5bea7f1a07a95de8,S1_P0_ONLY,0.8,0.800000011920929,0.800000011920929,0.800000011920929,0,0.00877192982456143,0.9912280701754386
7361399cdb324c4b,S1_P0_ONLY,0.8,0.8000000715255737,0.8000000715255737,0.8000000715255737,0,0.0,1.0
fbc6bdbb171b9b68,S1_P0_ONLY,0.8,0.800000011920929,0.800000011920929,0.800000011920929,0,0.0,1.0
4d8cb4a986edad0e,S1_P0_ONLY,0.8,0.800000011920929,0.800000011920929,0.800000011920929,0,0.0,1.0
12d93786bfcc0b05,S1_P0_ONLY,0.8,0.8000000715255737,0.8000000715255737,0.8000000715255737,0,0.0,1.0
6372ea03f1694a42,S1_P0_ONLY,0.8,0.8000000715255737,0.8000000715255737,0.8000000715255737,0,0.0,1.0
2aab10bbefceb899,S1_P0_ONLY,0.8,0.800000011920929,0.800000011920929,0.800000011920929,0,0.0,1.0
05e139e14f80808d,S1_P0_ONLY,0.8,0.800000011920929,0.800000011920929,0.800000011920929,0,0.0,1.0
39f86de60234e23f,S1_P0_ONLY,0.8,0.800000011920929,0.800000011920929,0.800000011920929,0,0.0073260073260073,0.9926739926739927
9e6ac075a390c890,S1_P0_ONLY,0.8,0.800000011920929,0.800000011920929,0.800000011920929,0,0.0,1.0
f8f143222dfbc080,S1_P0_ONLY,0.8,0.800000011920929,0.800000011920929,0.800000011920929,0,0.0,1.0
6d311db0bb71ca9f,S2_G1_ONLY,0.8,0.800000011920929,0.800000011920929,0.800000011920929,0,0.0,1.0
e3d17f89d52a8b5c,S2_G1_ONLY,0.8,0.8000000715255737,0.8000000715255737,0.8000000715255737,0,0.0,1.0
5a8076924a7614c3,S2_G1_ONLY,0.8,0.800000011920929,0.800000011920929,0.800000011920929,1,1.0,1.0
d979221ed06165e6,S2_G1_ONLY,0.8,0.800000011920929,0.800000011920929,0.800000011920929,1,1.0,1.0
3a60424da956ef88,S2_G1_ONLY,0.8,0.800000011920929,0.800000011920929,0.800000011920929,0,0.0,1.0
afa869da7986df43,S2_G1_ONLY,0.8,0.800000011920929,0.800000011920929,0.800000011920929,1,1.0,1.0
fe14f91d10bb83d1,S2_G1_ONLY,0.8,0.800000011920929,0.800000011920929,0.800000011920929,1,1.0,1.0
4fe9051db1916f1e,S2_G1_ONLY,0.8,0.800000011920929,0.800000011920929,0.800000011920929,1,1.0,1.0
dcfcb68c6728e87a,S2_G1_ONLY,0.8,0.800000011920929,0.800000011920929,0.800000011920929,1,1.0,1.0
3ff9412833213e1d,S2_G1_ONLY,0.8,0.800000011920929,0.800000011920929,0.800000011920929,0,0.0,1.0
7e4ea251aff25ea4,S2_G1_ONLY,0.8,0.800000011920929,0.800000011920929,0.800000011920929,1,1.0,1.0
fc7b3e0819820866,S2_G1_ONLY,0.8,0.8000000715255737,0.8000000715255737,0.8000000715255737,0,0.0076045627376425395,0.9923954372623575
edabd78b42374c59,S2_G1_ONLY,0.8,0.800000011920929,0.800000011920929,0.800000011920929,0,0.0,1.0
ba816ce44776c2e5,S2_G1_ONLY,0.8,0.800000011920929,0.800000011920929,0.800000011920929,1,1.0,1.0
cfc39308685bf848,S2_G1_ONLY,0.8,0.800000011920929,0.800000011920929,0.800000011920929,1,1.0,1.0
6c6f359e34163bdc,S2_G1_ONLY,0.8,0.800000011920929,0.800000011920929,0.800000011920929,0,0.0,1.0
56b951d94596e901,S2_G1_ONLY,0.8,0.800000011920929,0.800000011920929,0.800000011920929,0,0.0,1.0
f804bb57c7579341,S2_G1_ONLY,0.8,0.800000011920929,0.800000011920929,0.800000011920929,0,0.0,1.0
0aa73a125a2338f7,S2_G1_ONLY,0.8,0.8000000715255737,0.8000000715255737,0.8000000715255737,1,1.0,1.0
41b4ef876b293e68,S2_G1_ONLY,0.8,0.8000000715255737,0.8000000715255737,0.8000000715255737,0,0.0,1.0
37d32c8bb9a2da51,S2_G1_ONLY,0.8,0.800000011920929,0.800000011920929,0.800000011920929,1,1.0,1.0
445693e8906ee75f,S2_G1_ONLY,0.8,0.800000011920929,0.800000011920929,0.800000011920929,1,1.0,1.0
1412eed0e469b510,S2_G1_ONLY,0.8,0.800000011920929,0.800000011920929,0.800000011920929,1,1.0,1.0
3a3e85b16958debe,S2_G1_ONLY,0.8,0.800000011920929,0.800000011920929,0.800000011920929,1,1.0,1.0
15324d10a3de8e2c,S2_G1_ONLY,0.8,0.800000011920929,0.800000011920929,0.800000011920929,0,0.0,1.0
48348a2a2184c687,S2_G1_ONLY,0.8,0.800000011920929,0.800000011920929,0.800000011920929,1,1.0,1.0
a385c7c4762f918c,S2_G1_ONLY,0.8,0.8000000715255737,0.8000000715255737,0.8000000715255737,0,0.0,1.0
59a7fd78ea808678,S2_G1_ONLY,0.8,0.800000011920929,0.800000011920929,0.800000011920929,0,0.007843137254901933,0.9921568627450981
24a0fd12e0581713,S2_G1_ONLY,0.8,0.800000011920929,0.800000011920929,0.800000011920929,0,0.0,1.0
f22f7af8d24a2295,S2_G1_ONLY,0.8,0.800000011920929,0.800000011920929,0.800000011920929,0,0.02564102564102566,0.9743589743589743
7bcddcd9ce700d08,S2_G1_ONLY,0.8,0.800000011920929,0.800000011920929,0.800000011920929,1,1.0,1.0
7cde3cdc0fd6b790,S2_G1_ONLY,0.8,0.800000011920929,0.800000011920929,0.800000011920929,1,1.0,1.0
09c875e43731354c,S2_G1_ONLY,0.8,0.8000000715255737,0.8000000715255737,0.8000000715255737,1,1.0,1.0
1002a6f033de7859,S2_G1_ONLY,0.8,0.800000011920929,0.800000011920929,0.800000011920929,1,1.0,1.0
b61a300745d50715,S2_G1_ONLY,0.8,0.8000000715255737,0.8000000715255737,0.8000000715255737,0,0.008230452674897082,0.9917695473251029
82e766aea5fcceea,S2_G1_ONLY,0.8,0.800000011920929,0.800000011920929,0.800000011920929,0,0.0,1.0
33c2059767f11d72,S2_G1_ONLY,0.8,0.800000011920929,0.800000011920929,0.800000011920929,1,1.0,1.0
4942cf68f90db14e,S2_G1_ONLY,0.8,0.800000011920929,0.800000011920929,0.800000011920929,1,1.0,1.0
33eaf0c9914628a8,S2_G1_ONLY,0.8,0.800000011920929,0.800000011920929,0.800000011920929,0,0.0,1.0
69ac9961c1186b45,S2_G1_ONLY,0.8,0.800000011920929,0.800000011920929,0.800000011920929,1,1.0,1.0
8e6f228a0e9ba076,S2_G1_ONLY,0.8,0.800000011920929,0.800000011920929,0.800000011920929,1,1.0,1.0
4d0635c70d5dd5aa,S2_G1_ONLY,0.8,0.800000011920929,0.800000011920929,0.800000011920929,0,0.0,1.0
378543af9ed770f3,S2_G1_ONLY,0.8,0.8000000715255737,0.8000000715255737,0.8000000715255737,1,1.0,1.0
fc4aa58827f1e0af,S2_G1_ONLY,0.8,0.800000011920929,0.800000011920929,0.800000011920929,1,1.0,1.0
db68ea334e5808ee,S2_G1_ONLY,0.8,0.800000011920929,0.800000011920929,0.800000011920929,1,1.0,1.0
d6c9599e86086b54,S2_G1_ONLY,0.8,0.800000011920929,0.800000011920929,0.800000011920929,1,1.0,1.0
c20555ddab8c6d5d,S2_G1_ONLY,0.8,0.800000011920929,0.800000011920929,0.800000011920929,1,1.0,1.0
e37c88bf33e716a0,S2_G1_ONLY,0.8,0.800000011920929,0.800000011920929,0.800000011920929,0,0.25,1.0
f6f250c1bf73414f,S2_G1_ONLY,0.8,0.8000000715255737,0.8000000715255737,0.8000000715255737,1,1.0,1.0
5bea7f1a07a95de8,S2_G1_ONLY,0.8,0.8000000715255737,0.8000000715255737,0.8000000715255737,0,0.0,1.0
7361399cdb324c4b,S2_G1_ONLY,0.8,0.800000011920929,0.800000011920929,0.800000011920929,0,0.0,1.0
fbc6bdbb171b9b68,S2_G1_ONLY,0.8,0.8000000715255737,0.8000000715255737,0.8000000715255737,0,0.0,1.0
4d8cb4a986edad0e,S2_G1_ONLY,0.8,0.800000011920929,0.800000011920929,0.800000011920929,1,1.0,1.0
12d93786bfcc0b05,S2_G1_ONLY,0.8,0.800000011920929,0.800000011920929,0.800000011920929,0,0.0,1.0
6372ea03f1694a42,S2_G1_ONLY,0.8,0.800000011920929,0.800000011920929,0.800000011920929,1,1.0,1.0
2aab10bbefceb899,S2_G1_ONLY,0.8,0.800000011920929,0.800000011920929,0.800000011920929,1,1.0,1.0
05e139e14f80808d,S2_G1_ONLY,0.8,0.800000011920929,0.800000011920929,0.800000011920929,0,0.0,1.0
39f86de60234e23f,S2_G1_ONLY,0.8,0.800000011920929,0.800000011920929,0.800000011920929,0,0.0,1.0
9e6ac075a390c890,S2_G1_ONLY,0.8,0.800000011920929,0.800000011920929,0.800000011920929,1,1.0,1.0
f8f143222dfbc080,S2_G1_ONLY,0.8,0.800000011920929,0.800000011920929,0.800000011920929,1,1.0,1.0
6d311db0bb71ca9f,S3_EARLY_2,0.8,0.800000011920929,1.1313709020614624,0.5656854510307312,0,0.008264462809917328,0.9917355371900827
e3d17f89d52a8b5c,S3_EARLY_2,0.8,0.800000011920929,1.1313709020614624,0.5656854510307312,0,0.0,1.0
5a8076924a7614c3,S3_EARLY_2,0.8,0.800000011920929,1.1313709020614624,0.5656854510307312,1,1.0,0.975
d979221ed06165e6,S3_EARLY_2,0.8,0.800000011920929,1.1313709020614624,0.5656854510307312,0,0.007843137254901933,0.9921568627450981
3a60424da956ef88,S3_EARLY_2,0.8,0.800000011920929,1.1313709020614624,0.5656854510307312,0,0.0,1.0
afa869da7986df43,S3_EARLY_2,0.8,0.800000011920929,1.1313709020614624,0.5656854510307312,0,0.0,1.0
fe14f91d10bb83d1,S3_EARLY_2,0.8,0.800000011920929,1.1313709020614624,0.5656854510307312,0,0.0,1.0
4fe9051db1916f1e,S3_EARLY_2,0.8,0.800000011920929,1.1313709020614624,0.5656854510307312,0,0.0,1.0
dcfcb68c6728e87a,S3_EARLY_2,0.8,0.800000011920929,1.1313709020614624,0.5656854510307312,0,0.0,1.0
3ff9412833213e1d,S3_EARLY_2,0.8,0.800000011920929,1.1313709020614624,0.5656854510307312,0,0.0,1.0
7e4ea251aff25ea4,S3_EARLY_2,0.8,0.800000011920929,1.1313709020614624,0.5656854510307312,0,0.0,1.0
fc7b3e0819820866,S3_EARLY_2,0.8,0.800000011920929,1.1313709020614624,0.5656854510307312,0,0.0,1.0
edabd78b42374c59,S3_EARLY_2,0.8,0.800000011920929,1.1313709020614624,0.5656854510307312,0,0.0,1.0
ba816ce44776c2e5,S3_EARLY_2,0.8,0.800000011920929,1.1313709020614624,0.5656854510307312,0,0.0078125,0.9921875
cfc39308685bf848,S3_EARLY_2,0.8,0.800000011920929,1.1313709020614624,0.5656854510307312,0,0.0,1.0
6c6f359e34163bdc,S3_EARLY_2,0.8,0.800000011920929,1.1313709020614624,0.5656854510307312,0,0.0,1.0
56b951d94596e901,S3_EARLY_2,0.8,0.800000011920929,1.1313709020614624,0.5656854510307312,0,0.0,1.0
f804bb57c7579341,S3_EARLY_2,0.8,0.800000011920929,1.1313709020614624,0.5656854510307312,0,0.0,1.0
0aa73a125a2338f7,S3_EARLY_2,0.8,0.800000011920929,1.1313709020614624,0.5656854510307312,0,0.0,1.0
41b4ef876b293e68,S3_EARLY_2,0.8,0.800000011920929,1.1313709020614624,0.5656854510307312,0,0.02777777777777779,0.9722222222222222
37d32c8bb9a2da51,S3_EARLY_2,0.8,0.8000000715255737,1.131371021270752,0.565685510635376,0,0.0074349442379182396,0.9925650557620818
445693e8906ee75f,S3_EARLY_2,0.8,0.800000011920929,1.1313709020614624,0.5656854510307312,0,0.0,1.0
1412eed0e469b510,S3_EARLY_2,0.8,0.800000011920929,1.1313709020614624,0.5656854510307312,0,0.0,1.0
3a3e85b16958debe,S3_EARLY_2,0.8,0.800000011920929,1.1313709020614624,0.5656854510307312,1,1.0,1.0
15324d10a3de8e2c,S3_EARLY_2,0.8,0.800000011920929,1.1313709020614624,0.5656854510307312,0,0.008130081300813052,0.991869918699187
48348a2a2184c687,S3_EARLY_2,0.8,0.800000011920929,1.1313709020614624,0.5656854510307312,1,1.0,1.0
a385c7c4762f918c,S3_EARLY_2,0.8,0.800000011920929,1.1313709020614624,0.5656854510307312,0,0.0,1.0
59a7fd78ea808678,S3_EARLY_2,0.8,0.8000000715255737,1.131371021270752,0.565685510635376,0,0.0,1.0
24a0fd12e0581713,S3_EARLY_2,0.8,0.8000000715255737,1.131371021270752,0.565685510635376,0,0.008230452674897082,0.9917695473251029
f22f7af8d24a2295,S3_EARLY_2,0.8,0.800000011920929,1.1313709020614624,0.5656854510307312,0,0.007246376811594235,0.9927536231884058
7bcddcd9ce700d08,S3_EARLY_2,0.8,0.800000011920929,1.1313709020614624,0.5656854510307312,0,0.0,1.0
7cde3cdc0fd6b790,S3_EARLY_2,0.8,0.800000011920929,1.1313709020614624,0.5656854510307312,0,0.0,1.0
09c875e43731354c,S3_EARLY_2,0.8,0.800000011920929,1.1313709020614624,0.5656854510307312,0,0.0,1.0
1002a6f033de7859,S3_EARLY_2,0.8,0.800000011920929,1.1313709020614624,0.5656854510307312,0,0.0,1.0
b61a300745d50715,S3_EARLY_2,0.8,0.800000011920929,1.1313709020614624,0.5656854510307312,0,0.007936507936507908,0.9920634920634921
82e766aea5fcceea,S3_EARLY_2,0.8,0.800000011920929,1.1313709020614624,0.5656854510307312,0,0.00692041522491349,0.9930795847750865
33c2059767f11d72,S3_EARLY_2,0.8,0.800000011920929,1.1313709020614624,0.5656854510307312,1,1.0,1.0
4942cf68f90db14e,S3_EARLY_2,0.8,0.8000000715255737,1.131371021270752,0.565685510635376,0,0.0,1.0
33eaf0c9914628a8,S3_EARLY_2,0.8,0.800000011920929,1.1313709020614624,0.5656854510307312,0,0.0,1.0
69ac9961c1186b45,S3_EARLY_2,0.8,0.800000011920929,1.1313709020614624,0.5656854510307312,0,0.0078125,0.9921875
8e6f228a0e9ba076,S3_EARLY_2,0.8,0.800000011920929,1.1313709020614624,0.5656854510307312,1,1.0,1.0
4d0635c70d5dd5aa,S3_EARLY_2,0.8,0.800000011920929,1.1313709020614624,0.5656854510307312,0,0.0,1.0
378543af9ed770f3,S3_EARLY_2,0.8,0.800000011920929,1.1313709020614624,0.5656854510307312,1,1.0,1.0
fc4aa58827f1e0af,S3_EARLY_2,0.8,0.800000011920929,1.1313709020614624,0.5656854510307312,0,0.0,1.0
db68ea334e5808ee,S3_EARLY_2,0.8,0.800000011920929,1.1313709020614624,0.5656854510307312,1,1.0,1.0
d6c9599e86086b54,S3_EARLY_2,0.8,0.800000011920929,1.1313709020614624,0.5656854510307312,0,0.0,1.0
c20555ddab8c6d5d,S3_EARLY_2,0.8,0.800000011920929,1.1313709020614624,0.5656854510307312,0,0.0,1.0
e37c88bf33e716a0,S3_EARLY_2,0.8,0.800000011920929,1.1313709020614624,0.5656854510307312,0,0.0,1.0
f6f250c1bf73414f,S3_EARLY_2,0.8,0.800000011920929,1.1313709020614624,0.5656854510307312,1,1.0,1.0
5bea7f1a07a95de8,S3_EARLY_2,0.8,0.800000011920929,1.1313709020614624,0.5656854510307312,0,0.008658008658008698,0.9913419913419913
7361399cdb324c4b,S3_EARLY_2,0.8,0.800000011920929,1.1313709020614624,0.5656854510307312,0,0.0,1.0
fbc6bdbb171b9b68,S3_EARLY_2,0.8,0.800000011920929,1.1313709020614624,0.5656854510307312,0,0.0,1.0
4d8cb4a986edad0e,S3_EARLY_2,0.8,0.800000011920929,1.1313709020614624,0.5656854510307312,1,1.0,1.0
12d93786bfcc0b05,S3_EARLY_2,0.8,0.800000011920929,1.1313709020614624,0.5656854510307312,0,0.06371882086167802,0.936281179138322
6372ea03f1694a42,S3_EARLY_2,0.8,0.800000011920929,1.1313709020614624,0.5656854510307312,0,0.0,1.0
2aab10bbefceb899,S3_EARLY_2,0.8,0.800000011920929,1.1313709020614624,0.5656854510307312,1,1.0,1.0
05e139e14f80808d,S3_EARLY_2,0.8,0.800000011920929,1.1313709020614624,0.5656854510307312,0,0.0,1.0
39f86de60234e23f,S3_EARLY_2,0.8,0.800000011920929,1.1313709020614624,0.5656854510307312,0,0.0073260073260073,0.9926739926739927
9e6ac075a390c890,S3_EARLY_2,0.8,0.800000011920929,1.1313709020614624,0.5656854510307312,0,0.0,1.0
f8f143222dfbc080,S3_EARLY_2,0.8,0.800000011920929,1.1313709020614624,0.5656854510307312,0,0.0,1.0
6d311db0bb71ca9f,S4_EARLY_4,0.8,0.8000000715255737,1.600000023841858,0.40000003576278687,0,0.007547169811320753,0.9924528301886792
e3d17f89d52a8b5c,S4_EARLY_4,0.8,0.8000000715255737,1.600000023841858,0.40000003576278687,0,0.0,1.0
5a8076924a7614c3,S4_EARLY_4,0.8,0.800000011920929,1.600000023841858,0.4000000059604645,1,1.0,1.0
d979221ed06165e6,S4_EARLY_4,0.8,0.8000000715255737,1.600000023841858,0.40000003576278687,0,0.007692307692307665,0.9923076923076923
3a60424da956ef88,S4_EARLY_4,0.8,0.800000011920929,1.6000001430511475,0.40000003576278687,0,0.0,1.0
afa869da7986df43,S4_EARLY_4,0.8,0.8000000715255737,1.600000023841858,0.40000003576278687,0,0.007575757575757569,0.9924242424242424
fe14f91d10bb83d1,S4_EARLY_4,0.8,0.800000011920929,1.600000023841858,0.4000000059604645,0,0.0,1.0
4fe9051db1916f1e,S4_EARLY_4,0.8,0.800000011920929,1.600000023841858,0.4000000059604645,1,1.0,1.0
dcfcb68c6728e87a,S4_EARLY_4,0.8,0.8000000715255737,1.600000023841858,0.40000003576278687,1,1.0,1.0
3ff9412833213e1d,S4_EARLY_4,0.8,0.800000011920929,1.600000023841858,0.4000000059604645,0,0.02631578947368418,0.9736842105263158
7e4ea251aff25ea4,S4_EARLY_4,0.8,0.800000011920929,1.600000023841858,0.4000000059604645,1,1.0,1.0
fc7b3e0819820866,S4_EARLY_4,0.8,0.800000011920929,1.600000023841858,0.40000003576278687,0,0.0,1.0
edabd78b42374c59,S4_EARLY_4,0.8,0.800000011920929,1.600000023841858,0.4000000059604645,0,0.0,1.0
ba816ce44776c2e5,S4_EARLY_4,0.8,0.800000011920929,1.600000023841858,0.4000000059604645,1,1.0,1.0
cfc39308685bf848,S4_EARLY_4,0.8,0.800000011920929,1.600000023841858,0.4000000059604645,0,0.0,1.0
6c6f359e34163bdc,S4_EARLY_4,0.8,0.8000000715255737,1.6000001430511475,0.40000003576278687,0,0.0,1.0
56b951d94596e901,S4_EARLY_4,0.8,0.800000011920929,1.600000023841858,0.4000000059604645,0,0.0,1.0
f804bb57c7579341,S4_EARLY_4,0.8,0.800000011920929,1.600000023841858,0.4000000059604645,0,0.0,1.0
0aa73a125a2338f7,S4_EARLY_4,0.8,0.8000000715255737,1.600000023841858,0.40000003576278687,1,1.0,1.0
41b4ef876b293e68,S4_EARLY_4,0.8,0.800000011920929,1.600000023841858,0.4000000059604645,0,0.0,1.0
37d32c8bb9a2da51,S4_EARLY_4,0.8,0.800000011920929,1.600000023841858,0.4000000059604645,1,1.0,1.0
445693e8906ee75f,S4_EARLY_4,0.8,0.800000011920929,1.600000023841858,0.4000000059604645,1,1.0,1.0
1412eed0e469b510,S4_EARLY_4,0.8,0.800000011920929,1.600000023841858,0.40000003576278687,1,1.0,1.0
3a3e85b16958debe,S4_EARLY_4,0.8,0.800000011920929,1.600000023841858,0.40000003576278687,1,1.0,1.0
15324d10a3de8e2c,S4_EARLY_4,0.8,0.8000000715255737,1.600000023841858,0.40000003576278687,0,0.008196721311475419,0.9918032786885246
48348a2a2184c687,S4_EARLY_4,0.8,0.800000011920929,1.6000001430511475,0.40000003576278687,1,1.0,1.0
a385c7c4762f918c,S4_EARLY_4,0.8,0.800000011920929,1.600000023841858,0.4000000059604645,0,0.0,1.0
59a7fd78ea808678,S4_EARLY_4,0.8,0.800000011920929,1.600000023841858,0.4000000059604645,0,0.0,1.0
24a0fd12e0581713,S4_EARLY_4,0.8,0.800000011920929,1.600000023841858,0.4000000059604645,0,0.008230452674897082,0.9917695473251029
f22f7af8d24a2295,S4_EARLY_4,0.8,0.8000000715255737,1.600000023841858,0.40000006556510925,0,0.0,1.0
7bcddcd9ce700d08,S4_EARLY_4,0.8,0.800000011920929,1.600000023841858,0.4000000059604645,1,1.0,1.0
7cde3cdc0fd6b790,S4_EARLY_4,0.8,0.800000011920929,1.600000023841858,0.40000003576278687,1,1.0,1.0
09c875e43731354c,S4_EARLY_4,0.8,0.800000011920929,1.600000023841858,0.4000000059604645,0,0.0,1.0
1002a6f033de7859,S4_EARLY_4,0.8,0.8000000715255737,1.600000023841858,0.40000003576278687,0,0.0,1.0
b61a300745d50715,S4_EARLY_4,0.8,0.800000011920929,1.600000023841858,0.4000000059604645,0,0.008849557522123908,0.9911504424778761
82e766aea5fcceea,S4_EARLY_4,0.8,0.800000011920929,1.600000023841858,0.4000000059604645,0,0.0,1.0
33c2059767f11d72,S4_EARLY_4,0.8,0.800000011920929,1.600000023841858,0.4000000059604645,1,1.0,1.0
4942cf68f90db14e,S4_EARLY_4,0.8,0.8000000715255737,1.600000023841858,0.40000003576278687,1,1.0,1.0
33eaf0c9914628a8,S4_EARLY_4,0.8,0.800000011920929,1.600000023841858,0.4000000059604645,0,0.0,1.0
69ac9961c1186b45,S4_EARLY_4,0.8,0.8000000715255737,1.600000023841858,0.40000003576278687,1,1.0,1.0
8e6f228a0e9ba076,S4_EARLY_4,0.8,0.800000011920929,1.600000023841858,0.4000000059604645,1,1.0,1.0
4d0635c70d5dd5aa,S4_EARLY_4,0.8,0.8000000715255737,1.600000023841858,0.40000003576278687,0,0.007692307692307665,0.9923076923076923
378543af9ed770f3,S4_EARLY_4,0.8,0.8000000715255737,1.600000023841858,0.40000003576278687,1,1.0,1.0
fc4aa58827f1e0af,S4_EARLY_4,0.8,0.8000000715255737,1.600000023841858,0.40000003576278687,0,0.008264462809917328,0.9917355371900827
db68ea334e5808ee,S4_EARLY_4,0.8,0.800000011920929,1.6000001430511475,0.40000003576278687,1,1.0,1.0
d6c9599e86086b54,S4_EARLY_4,0.8,0.800000011920929,1.600000023841858,0.4000000059604645,1,1.0,1.0
c20555ddab8c6d5d,S4_EARLY_4,0.8,0.800000011920929,1.600000023841858,0.40000003576278687,1,1.0,1.0
e37c88bf33e716a0,S4_EARLY_4,0.8,0.800000011920929,1.600000023841858,0.4000000059604645,0,0.0,1.0
f6f250c1bf73414f,S4_EARLY_4,0.8,0.8000000715255737,1.6000001430511475,0.40000003576278687,1,1.0,1.0
5bea7f1a07a95de8,S4_EARLY_4,0.8,0.800000011920929,1.600000023841858,0.40000003576278687,0,0.008658008658008698,0.9913419913419913
7361399cdb324c4b,S4_EARLY_4,0.8,0.8000000715255737,1.600000023841858,0.40000003576278687,0,0.0,1.0
fbc6bdbb171b9b68,S4_EARLY_4,0.8,0.8000000715255737,1.600000023841858,0.40000003576278687,0,0.0,1.0
4d8cb4a986edad0e,S4_EARLY_4,0.8,0.800000011920929,1.600000023841858,0.4000000059604645,1,1.0,1.0
12d93786bfcc0b05,S4_EARLY_4,0.8,0.8000000715255737,1.600000023841858,0.40000003576278687,0,0.0,1.0
6372ea03f1694a42,S4_EARLY_4,0.8,0.8000000715255737,1.600000023841858,0.40000003576278687,1,1.0,1.0
2aab10bbefceb899,S4_EARLY_4,0.8,0.800000011920929,1.600000023841858,0.40000003576278687,1,1.0,1.0
05e139e14f80808d,S4_EARLY_4,0.8,0.800000011920929,1.600000023841858,0.4000000059604645,0,0.0,1.0
39f86de60234e23f,S4_EARLY_4,0.8,0.800000011920929,1.6000001430511475,0.40000003576278687,0,0.0,1.0
9e6ac075a390c890,S4_EARLY_4,0.8,0.800000011920929,1.600000023841858,0.40000003576278687,1,1.0,1.0
f8f143222dfbc080,S4_EARLY_4,0.8,0.8000000715255737,1.600000023841858,0.40000003576278687,0,0.0,1.0
6d311db0bb71ca9f,S5_EARLY_8,0.8,0.8000000715255737,2.262742042541504,0.282842755317688,0,0.0076045627376425395,0.9923954372623575
e3d17f89d52a8b5c,S5_EARLY_8,0.8,0.800000011920929,2.262741804122925,0.2828427255153656,0,0.0,1.0
5a8076924a7614c3,S5_EARLY_8,0.8,0.800000011920929,2.262741804122925,0.2828427255153656,1,1.0,1.0
d979221ed06165e6,S5_EARLY_8,0.8,0.8000000715255737,2.262742042541504,0.282842755317688,0,0.0,1.0
3a60424da956ef88,S5_EARLY_8,0.8,0.800000011920929,2.262741804122925,0.2828427255153656,0,0.0,1.0
afa869da7986df43,S5_EARLY_8,0.8,0.800000011920929,2.262741804122925,0.2828427255153656,0,0.007575757575757569,0.9924242424242424
fe14f91d10bb83d1,S5_EARLY_8,0.8,0.800000011920929,2.262741804122925,0.2828427255153656,0,0.0,1.0
4fe9051db1916f1e,S5_EARLY_8,0.8,0.800000011920929,2.262741804122925,0.2828427255153656,1,1.0,1.0
dcfcb68c6728e87a,S5_EARLY_8,0.8,0.800000011920929,2.262741804122925,0.2828427255153656,1,1.0,1.0
3ff9412833213e1d,S5_EARLY_8,0.8,0.8000000715255737,2.262742042541504,0.282842755317688,0,0.02857142857142858,0.9714285714285714
7e4ea251aff25ea4,S5_EARLY_8,0.8,0.800000011920929,2.262741804122925,0.2828427255153656,1,1.0,1.0
fc7b3e0819820866,S5_EARLY_8,0.8,0.8000000715255737,2.262742042541504,0.282842755317688,0,0.0,1.0
edabd78b42374c59,S5_EARLY_8,0.8,0.800000011920929,2.262741804122925,0.2828427255153656,0,0.0,1.0
ba816ce44776c2e5,S5_EARLY_8,0.8,0.8000000715255737,2.262742042541504,0.282842755317688,1,1.0,1.0
cfc39308685bf848,S5_EARLY_8,0.8,0.800000011920929,2.262741804122925,0.2828427255153656,1,1.0,1.0
6c6f359e34163bdc,S5_EARLY_8,0.8,0.800000011920929,2.262741804122925,0.2828427255153656,0,0.0,1.0
56b951d94596e901,S5_EARLY_8,0.8,0.800000011920929,2.262741804122925,0.2828427255153656,0,0.0,1.0
f804bb57c7579341,S5_EARLY_8,0.8,0.800000011920929,2.262741804122925,0.2828427255153656,0,0.0,1.0
0aa73a125a2338f7,S5_EARLY_8,0.8,0.800000011920929,2.262741804122925,0.2828427255153656,1,1.0,1.0
41b4ef876b293e68,S5_EARLY_8,0.8,0.8000000715255737,2.262742042541504,0.282842755317688,0,0.0,1.0
37d32c8bb9a2da51,S5_EARLY_8,0.8,0.800000011920929,2.262741804122925,0.2828427255153656,1,1.0,1.0
445693e8906ee75f,S5_EARLY_8,0.8,0.8000000715255737,2.262742042541504,0.282842755317688,1,1.0,1.0
1412eed0e469b510,S5_EARLY_8,0.8,0.800000011920929,2.262741804122925,0.2828427255153656,1,1.0,1.0
3a3e85b16958debe,S5_EARLY_8,0.8,0.800000011920929,2.262741804122925,0.2828427255153656,1,1.0,1.0
15324d10a3de8e2c,S5_EARLY_8,0.8,0.8000000715255737,2.262742042541504,0.282842755317688,0,0.0,1.0
48348a2a2184c687,S5_EARLY_8,0.8,0.8000000715255737,2.262742042541504,0.282842755317688,1,1.0,1.0
a385c7c4762f918c,S5_EARLY_8,0.8,0.8000000715255737,2.262742042541504,0.282842755317688,0,0.0,1.0
59a7fd78ea808678,S5_EARLY_8,0.8,0.8000000715255737,2.262742042541504,0.282842755317688,0,0.008130081300813052,0.991869918699187
24a0fd12e0581713,S5_EARLY_8,0.8,0.8000000715255737,2.262742042541504,0.282842755317688,0,0.007874015748031482,0.9921259842519685
f22f7af8d24a2295,S5_EARLY_8,0.8,0.8000000715255737,2.262742042541504,0.282842755317688,0,0.02564102564102566,0.9743589743589743
7bcddcd9ce700d08,S5_EARLY_8,0.8,0.800000011920929,2.262741804122925,0.2828427255153656,1,1.0,0.9743589743589743
7cde3cdc0fd6b790,S5_EARLY_8,0.8,0.800000011920929,2.262741804122925,0.2828427255153656,1,1.0,1.0
09c875e43731354c,S5_EARLY_8,0.8,0.800000011920929,2.262741804122925,0.2828427255153656,1,1.0,1.0
1002a6f033de7859,S5_EARLY_8,0.8,0.800000011920929,2.262741804122925,0.2828427255153656,1,1.0,1.0
b61a300745d50715,S5_EARLY_8,0.8,0.8000000715255737,2.262742042541504,0.282842755317688,0,0.008733624454148492,0.9912663755458515
82e766aea5fcceea,S5_EARLY_8,0.8,0.800000011920929,2.262741804122925,0.2828427255153656,0,0.0,1.0
33c2059767f11d72,S5_EARLY_8,0.8,0.8000000715255737,2.262742042541504,0.282842755317688,1,1.0,1.0
4942cf68f90db14e,S5_EARLY_8,0.8,0.8000000715255737,2.262742042541504,0.282842755317688,1,1.0,1.0
33eaf0c9914628a8,S5_EARLY_8,0.8,0.800000011920929,2.262741804122925,0.2828427255153656,1,1.0,1.0
69ac9961c1186b45,S5_EARLY_8,0.8,0.8000000715255737,2.262742042541504,0.282842755317688,1,1.0,1.0
8e6f228a0e9ba076,S5_EARLY_8,0.8,0.800000011920929,2.262741804122925,0.2828427255153656,1,1.0,1.0
4d0635c70d5dd5aa,S5_EARLY_8,0.8,0.800000011920929,2.262741804122925,0.2828427255153656,0,0.0,1.0
378543af9ed770f3,S5_EARLY_8,0.8,0.800000011920929,2.262741804122925,0.2828427255153656,1,1.0,1.0
fc4aa58827f1e0af,S5_EARLY_8,0.8,0.800000011920929,2.262741804122925,0.2828427255153656,0,0.0,1.0
db68ea334e5808ee,S5_EARLY_8,0.8,0.8000000715255737,2.262742042541504,0.282842755317688,1,1.0,1.0
d6c9599e86086b54,S5_EARLY_8,0.8,0.800000011920929,2.262741804122925,0.2828427255153656,1,1.0,1.0
c20555ddab8c6d5d,S5_EARLY_8,0.8,0.800000011920929,2.262741804122925,0.2828427255153656,1,1.0,1.0
e37c88bf33e716a0,S5_EARLY_8,0.8,0.800000011920929,2.262741804122925,0.2828427255153656,0,0.25,1.0
f6f250c1bf73414f,S5_EARLY_8,0.8,0.800000011920929,2.262741804122925,0.2828427255153656,1,1.0,1.0
5bea7f1a07a95de8,S5_EARLY_8,0.8,0.8000000715255737,2.262742042541504,0.282842755317688,0,0.0,1.0
7361399cdb324c4b,S5_EARLY_8,0.8,0.800000011920929,2.262741804122925,0.2828427255153656,0,0.0,1.0
fbc6bdbb171b9b68,S5_EARLY_8,0.8,0.8000000715255737,2.262742042541504,0.282842755317688,0,0.0,1.0
4d8cb4a986edad0e,S5_EARLY_8,0.8,0.8000000715255737,2.262742042541504,0.282842755317688,1,1.0,1.0
12d93786bfcc0b05,S5_EARLY_8,0.8,0.800000011920929,2.262741804122925,0.2828427255153656,0,0.0,1.0
6372ea03f1694a42,S5_EARLY_8,0.8,0.8000000715255737,2.262742042541504,0.282842755317688,1,1.0,1.0
2aab10bbefceb899,S5_EARLY_8,0.8,0.800000011920929,2.262741804122925,0.2828427255153656,1,1.0,1.0
05e139e14f80808d,S5_EARLY_8,0.8,0.800000011920929,2.262741804122925,0.2828427255153656,0,0.0,1.0
39f86de60234e23f,S5_EARLY_8,0.8,0.800000011920929,2.262741804122925,0.2828427255153656,0,0.0,1.0
9e6ac075a390c890,S5_EARLY_8,0.8,0.8000000715255737,2.262742042541504,0.282842755317688,1,1.0,1.0
f8f143222dfbc080,S5_EARLY_8,0.8,0.800000011920929,2.262741804122925,0.2828427255153656,0,0.0,1.0
6d311db0bb71ca9f,S6_ALL_K,0.8,0.8000000715255737,2.4000000953674316,0.2666666805744171,0,0.0076045627376425395,0.9923954372623575
e3d17f89d52a8b5c,S6_ALL_K,0.8,0.8000000715255737,2.4000000953674316,0.2666666805744171,0,0.0,1.0
5a8076924a7614c3,S6_ALL_K,0.8,0.8000000715255737,2.4000000953674316,0.2666666805744171,1,1.0,1.0
d979221ed06165e6,S6_ALL_K,0.8,0.8000000715255737,2.4000000953674316,0.2666666805744171,0,0.0,1.0
3a60424da956ef88,S6_ALL_K,0.8,0.8000000715255737,2.4000000953674316,0.2666666805744171,0,0.0,1.0
afa869da7986df43,S6_ALL_K,0.8,0.8000000715255737,2.4000000953674316,0.2666666805744171,0,0.007575757575757569,0.9924242424242424
fe14f91d10bb83d1,S6_ALL_K,0.8,0.8000001311302185,2.4000003337860107,0.2666667103767395,0,0.0,1.0
4fe9051db1916f1e,S6_ALL_K,0.8,0.8000000715255737,2.4000000953674316,0.2666666805744171,1,1.0,1.0
dcfcb68c6728e87a,S6_ALL_K,0.8,0.8000000715255737,2.4000000953674316,0.2666666805744171,1,1.0,1.0
3ff9412833213e1d,S6_ALL_K,0.8,0.8000000715255737,2.4000000953674316,0.2666666805744171,0,0.02857142857142858,0.9714285714285714
7e4ea251aff25ea4,S6_ALL_K,0.8,0.8000000715255737,2.4000000953674316,0.2666666805744171,1,1.0,1.0
fc7b3e0819820866,S6_ALL_K,0.8,0.8000000715255737,2.4000000953674316,0.2666666805744171,0,0.0,1.0
edabd78b42374c59,S6_ALL_K,0.8,0.8000000715255737,2.4000000953674316,0.2666667103767395,0,0.0,1.0
ba816ce44776c2e5,S6_ALL_K,0.8,0.8000000715255737,2.4000000953674316,0.2666666805744171,1,1.0,1.0
cfc39308685bf848,S6_ALL_K,0.8,0.8000000715255737,2.4000000953674316,0.2666666805744171,1,1.0,1.0
6c6f359e34163bdc,S6_ALL_K,0.8,0.8000001311302185,2.4000003337860107,0.2666667103767395,0,0.008264462809917328,0.9917355371900827
56b951d94596e901,S6_ALL_K,0.8,0.8000001311302185,2.4000003337860107,0.2666667103767395,0,0.0,1.0
f804bb57c7579341,S6_ALL_K,0.8,0.8000000715255737,2.4000000953674316,0.2666666805744171,0,0.0,1.0
0aa73a125a2338f7,S6_ALL_K,0.8,0.8000000715255737,2.4000000953674316,0.2666666805744171,1,1.0,1.0
41b4ef876b293e68,S6_ALL_K,0.8,0.8000000715255737,2.4000000953674316,0.2666666805744171,0,0.0,1.0
37d32c8bb9a2da51,S6_ALL_K,0.8,0.8000000715255737,2.4000000953674316,0.2666666805744171,1,1.0,1.0
445693e8906ee75f,S6_ALL_K,0.8,0.8000000715255737,2.4000000953674316,0.2666666805744171,1,1.0,1.0
1412eed0e469b510,S6_ALL_K,0.8,0.8000001311302185,2.4000003337860107,0.2666667103767395,1,1.0,1.0
3a3e85b16958debe,S6_ALL_K,0.8,0.8000000715255737,2.4000000953674316,0.2666666805744171,1,1.0,1.0
15324d10a3de8e2c,S6_ALL_K,0.8,0.8000000715255737,2.4000000953674316,0.2666666805744171,0,0.0,1.0
48348a2a2184c687,S6_ALL_K,0.8,0.8000000715255737,2.4000000953674316,0.2666666805744171,1,1.0,1.0
a385c7c4762f918c,S6_ALL_K,0.8,0.8000001311302185,2.4000003337860107,0.2666667103767395,0,0.0,1.0
59a7fd78ea808678,S6_ALL_K,0.8,0.8000000715255737,2.4000000953674316,0.2666666805744171,0,0.008130081300813052,0.991869918699187
24a0fd12e0581713,S6_ALL_K,0.8,0.8000001311302185,2.4000003337860107,0.2666667103767395,0,0.008032128514056214,0.9919678714859438
f22f7af8d24a2295,S6_ALL_K,0.8,0.8000000715255737,2.4000000953674316,0.2666666805744171,0,0.02564102564102566,0.9743589743589743
7bcddcd9ce700d08,S6_ALL_K,0.8,0.8000000715255737,2.4000000953674316,0.2666666805744171,1,1.0,0.9743589743589743
7cde3cdc0fd6b790,S6_ALL_K,0.8,0.8000000715255737,2.4000000953674316,0.2666666805744171,1,1.0,1.0
09c875e43731354c,S6_ALL_K,0.8,0.8000000715255737,2.4000000953674316,0.2666666805744171,1,1.0,1.0
1002a6f033de7859,S6_ALL_K,0.8,0.8000000715255737,2.4000000953674316,0.2666666805744171,1,1.0,1.0
b61a300745d50715,S6_ALL_K,0.8,0.8000000715255737,2.4000000953674316,0.2666666805744171,0,0.008733624454148492,0.9912663755458515
82e766aea5fcceea,S6_ALL_K,0.8,0.8000000715255737,2.4000000953674316,0.2666666805744171,0,0.0,1.0
33c2059767f11d72,S6_ALL_K,0.8,0.8000000715255737,2.4000000953674316,0.2666666805744171,1,1.0,1.0
4942cf68f90db14e,S6_ALL_K,0.8,0.8000001311302185,2.4000003337860107,0.2666667103767395,1,1.0,1.0
33eaf0c9914628a8,S6_ALL_K,0.8,0.8000000715255737,2.4000000953674316,0.2666666805744171,1,1.0,1.0
69ac9961c1186b45,S6_ALL_K,0.8,0.8000000715255737,2.4000000953674316,0.2666666805744171,1,1.0,1.0
8e6f228a0e9ba076,S6_ALL_K,0.8,0.8000001311302185,2.4000003337860107,0.2666667103767395,1,1.0,1.0
4d0635c70d5dd5aa,S6_ALL_K,0.8,0.8000000715255737,2.4000000953674316,0.2666666805744171,0,0.0,1.0
378543af9ed770f3,S6_ALL_K,0.8,0.8000000715255737,2.4000000953674316,0.2666666805744171,1,1.0,1.0
fc4aa58827f1e0af,S6_ALL_K,0.8,0.8000000715255737,2.4000000953674316,0.2666666805744171,0,0.0,1.0
db68ea334e5808ee,S6_ALL_K,0.8,0.8000000715255737,2.4000000953674316,0.2666666805744171,1,1.0,1.0
d6c9599e86086b54,S6_ALL_K,0.8,0.8000000715255737,2.4000000953674316,0.2666666805744171,1,1.0,1.0
c20555ddab8c6d5d,S6_ALL_K,0.8,0.8000000715255737,2.4000000953674316,0.2666666805744171,1,1.0,1.0
e37c88bf33e716a0,S6_ALL_K,0.8,0.8000000715255737,2.4000000953674316,0.2666666805744171,0,0.25,1.0
f6f250c1bf73414f,S6_ALL_K,0.8,0.8000000715255737,2.4000000953674316,0.2666666805744171,1,1.0,1.0
5bea7f1a07a95de8,S6_ALL_K,0.8,0.8000000715255737,2.4000000953674316,0.2666666805744171,0,0.0,1.0
7361399cdb324c4b,S6_ALL_K,0.8,0.8000000715255737,2.4000000953674316,0.2666666805744171,0,0.0,1.0
fbc6bdbb171b9b68,S6_ALL_K,0.8,0.8000000715255737,2.4000000953674316,0.2666666805744171,0,0.046511627906976716,0.9534883720930233
4d8cb4a986edad0e,S6_ALL_K,0.8,0.8000000715255737,2.4000000953674316,0.2666666805744171,1,1.0,1.0
12d93786bfcc0b05,S6_ALL_K,0.8,0.8000000715255737,2.4000000953674316,0.2666666805744171,1,1.0,1.0
6372ea03f1694a42,S6_ALL_K,0.8,0.8000000715255737,2.4000000953674316,0.2666666805744171,1,1.0,1.0
2aab10bbefceb899,S6_ALL_K,0.8,0.8000000715255737,2.4000000953674316,0.2666666805744171,1,1.0,1.0
05e139e14f80808d,S6_ALL_K,0.8,0.8000000715255737,2.4000000953674316,0.2666666805744171,0,0.0,1.0
39f86de60234e23f,S6_ALL_K,0.8,0.8000000715255737,2.4000000953674316,0.2666666805744171,0,0.0,1.0
9e6ac075a390c890,S6_ALL_K,0.8,0.8000000715255737,2.4000000953674316,0.2666666805744171,1,1.0,1.0
f8f143222dfbc080,S6_ALL_K,0.8,0.8000000715255737,2.4000000953674316,0.2666666805744171,0,0.0,1.0
6d311db0bb71ca9f,S7_LATE_4,0.8,0.8000000715255737,1.600000023841858,0.40000003576278687,1,1.0,1.0
e3d17f89d52a8b5c,S7_LATE_4,0.8,0.800000011920929,1.600000023841858,0.40000003576278687,0,0.0,1.0
5a8076924a7614c3,S7_LATE_4,0.8,0.800000011920929,1.600000023841858,0.4000000059604645,1,1.0,1.0
d979221ed06165e6,S7_LATE_4,0.8,0.800000011920929,1.600000023841858,0.4000000059604645,1,1.0,1.0
3a60424da956ef88,S7_LATE_4,0.8,0.800000011920929,1.600000023841858,0.40000003576278687,0,0.0,1.0
afa869da7986df43,S7_LATE_4,0.8,0.800000011920929,1.600000023841858,0.40000003576278687,1,1.0,1.0
fe14f91d10bb83d1,S7_LATE_4,0.8,0.800000011920929,1.600000023841858,0.4000000059604645,1,1.0,1.0
4fe9051db1916f1e,S7_LATE_4,0.8,0.800000011920929,1.600000023841858,0.4000000059604645,1,1.0,1.0
dcfcb68c6728e87a,S7_LATE_4,0.8,0.8000000715255737,1.6000001430511475,0.40000003576278687,1,1.0,1.0
3ff9412833213e1d,S7_LATE_4,0.8,0.800000011920929,1.600000023841858,0.4000000059604645,0,0.02857142857142858,0.9714285714285714
7e4ea251aff25ea4,S7_LATE_4,0.8,0.800000011920929,1.600000023841858,0.4000000059604645,1,1.0,1.0
fc7b3e0819820866,S7_LATE_4,0.8,0.8000000715255737,1.600000023841858,0.40000003576278687,0,0.0,1.0
edabd78b42374c59,S7_LATE_4,0.8,0.800000011920929,1.600000023841858,0.4000000059604645,0,0.0,1.0
ba816ce44776c2e5,S7_LATE_4,0.8,0.800000011920929,1.600000023841858,0.4000000059604645,1,1.0,1.0
cfc39308685bf848,S7_LATE_4,0.8,0.800000011920929,1.600000023841858,0.4000000059604645,1,1.0,1.0
6c6f359e34163bdc,S7_LATE_4,0.8,0.800000011920929,1.600000023841858,0.4000000059604645,1,1.0,1.0
56b951d94596e901,S7_LATE_4,0.8,0.800000011920929,1.600000023841858,0.4000000059604645,0,0.0,1.0
f804bb57c7579341,S7_LATE_4,0.8,0.800000011920929,1.600000023841858,0.4000000059604645,0,0.0,1.0
0aa73a125a2338f7,S7_LATE_4,0.8,0.8000000715255737,1.600000023841858,0.40000003576278687,1,1.0,1.0
41b4ef876b293e68,S7_LATE_4,0.8,0.8000000715255737,1.600000023841858,0.40000003576278687,0,0.0,1.0
37d32c8bb9a2da51,S7_LATE_4,0.8,0.800000011920929,1.600000023841858,0.4000000059604645,1,1.0,1.0
445693e8906ee75f,S7_LATE_4,0.8,0.800000011920929,1.600000023841858,0.4000000059604645,1,1.0,1.0
1412eed0e469b510,S7_LATE_4,0.8,0.8000000715255737,1.600000023841858,0.40000003576278687,1,1.0,1.0
3a3e85b16958debe,S7_LATE_4,0.8,0.800000011920929,1.600000023841858,0.4000000059604645,1,1.0,1.0
15324d10a3de8e2c,S7_LATE_4,0.8,0.800000011920929,1.600000023841858,0.4000000059604645,0,0.0,1.0
48348a2a2184c687,S7_LATE_4,0.8,0.800000011920929,1.600000023841858,0.40000003576278687,1,1.0,1.0
a385c7c4762f918c,S7_LATE_4,0.8,0.8000000715255737,1.600000023841858,0.40000003576278687,0,0.0,1.0
59a7fd78ea808678,S7_LATE_4,0.8,0.800000011920929,1.600000023841858,0.40000003576278687,0,0.007936507936507908,0.9920634920634921
24a0fd12e0581713,S7_LATE_4,0.8,0.800000011920929,1.600000023841858,0.4000000059604645,0,0.0,1.0
f22f7af8d24a2295,S7_LATE_4,0.8,0.8000000715255737,1.600000023841858,0.40000006556510925,0,0.02564102564102566,0.9743589743589743
7bcddcd9ce700d08,S7_LATE_4,0.8,0.800000011920929,1.600000023841858,0.4000000059604645,1,1.0,1.0
7cde3cdc0fd6b790,S7_LATE_4,0.8,0.8000000715255737,1.600000023841858,0.40000003576278687,1,1.0,1.0
09c875e43731354c,S7_LATE_4,0.8,0.8000000715255737,1.600000023841858,0.40000003576278687,1,1.0,1.0
1002a6f033de7859,S7_LATE_4,0.8,0.8000000715255737,1.600000023841858,0.40000003576278687,1,1.0,1.0
b61a300745d50715,S7_LATE_4,0.8,0.8000000715255737,1.600000023841858,0.40000003576278687,0,0.008064516129032251,0.9919354838709677
82e766aea5fcceea,S7_LATE_4,0.8,0.800000011920929,1.600000023841858,0.4000000059604645,0,0.0,1.0
33c2059767f11d72,S7_LATE_4,0.8,0.800000011920929,1.600000023841858,0.4000000059604645,1,1.0,1.0
4942cf68f90db14e,S7_LATE_4,0.8,0.8000000715255737,1.6000001430511475,0.40000003576278687,1,1.0,1.0
33eaf0c9914628a8,S7_LATE_4,0.8,0.800000011920929,1.600000023841858,0.4000000059604645,1,1.0,1.0
69ac9961c1186b45,S7_LATE_4,0.8,0.800000011920929,1.600000023841858,0.4000000059604645,1,1.0,1.0
8e6f228a0e9ba076,S7_LATE_4,0.8,0.800000011920929,1.600000023841858,0.4000000059604645,1,1.0,1.0
4d0635c70d5dd5aa,S7_LATE_4,0.8,0.800000011920929,1.600000023841858,0.40000003576278687,0,0.0,1.0
378543af9ed770f3,S7_LATE_4,0.8,0.8000000715255737,1.600000023841858,0.40000003576278687,1,1.0,1.0
fc4aa58827f1e0af,S7_LATE_4,0.8,0.800000011920929,1.6000001430511475,0.40000003576278687,1,1.0,1.0
db68ea334e5808ee,S7_LATE_4,0.8,0.800000011920929,1.600000023841858,0.40000003576278687,1,1.0,1.0
d6c9599e86086b54,S7_LATE_4,0.8,0.800000011920929,1.600000023841858,0.4000000059604645,1,1.0,1.0
c20555ddab8c6d5d,S7_LATE_4,0.8,0.8000000715255737,1.600000023841858,0.40000003576278687,1,1.0,1.0
e37c88bf33e716a0,S7_LATE_4,0.8,0.800000011920929,1.6000001430511475,0.40000003576278687,0,0.0,1.0
f6f250c1bf73414f,S7_LATE_4,0.8,0.8000000715255737,1.600000023841858,0.40000003576278687,1,1.0,1.0
5bea7f1a07a95de8,S7_LATE_4,0.8,0.8000000715255737,1.600000023841858,0.40000003576278687,0,0.00877192982456143,0.9912280701754386
7361399cdb324c4b,S7_LATE_4,0.8,0.800000011920929,1.6000001430511475,0.40000003576278687,0,0.0,1.0
fbc6bdbb171b9b68,S7_LATE_4,0.8,0.8000000715255737,1.6000001430511475,0.40000003576278687,0,0.04761904761904767,0.9523809523809523
4d8cb4a986edad0e,S7_LATE_4,0.8,0.800000011920929,1.6000001430511475,0.40000003576278687,1,1.0,1.0
12d93786bfcc0b05,S7_LATE_4,0.8,0.8000000715255737,1.600000023841858,0.40000003576278687,1,1.0,1.0
6372ea03f1694a42,S7_LATE_4,0.8,0.800000011920929,1.6000001430511475,0.40000003576278687,1,1.0,1.0
2aab10bbefceb899,S7_LATE_4,0.8,0.8000000715255737,1.600000023841858,0.40000003576278687,1,1.0,1.0
05e139e14f80808d,S7_LATE_4,0.8,0.800000011920929,1.600000023841858,0.4000000059604645,0,0.0,1.0
39f86de60234e23f,S7_LATE_4,0.8,0.800000011920929,1.600000023841858,0.40000003576278687,0,0.0,1.0
9e6ac075a390c890,S7_LATE_4,0.8,0.8000000715255737,1.600000023841858,0.40000003576278687,1,1.0,1.0
f8f143222dfbc080,S7_LATE_4,0.8,0.800000011920929,1.600000023841858,0.4000000059604645,1,1.0,1.0
