model,iter,loss,gnorm
neural_none,1,0.7487593523374677,12.95873634012816
neural_none,2,0.061342966371087784,0.34640110221044756
neural_none,3,0.05782211988699448,0.6005666067090111
neural_none,4,0.061481153173761266,0.5065100235171262
neural_none,5,0.042447774020521876,0.3155158312406423
neural_none,6,0.04030733668275523,0.23095906841572963
neural_none,7,0.031088644993669284,0.14796316742141716
neural_none,8,0.025404692469788402,0.09503508499253065
neural_none,9,0.0234624252594331,0.0708610574550513
neural_none,10,0.02173755254987434,0.05677244371468968
neural_none,11,0.02068182285863522,0.052853495704138706
neural_none,12,0.021945809038056745,0.05977021347011515
neural_none,13,0.01888096686659245,0.05989099544556772
neural_none,14,0.019410816755999455,0.06002647498723584
neural_none,15,0.019643909787375992,0.05736825835310021
neural_none,16,0.020396774285966996,0.0680021292404643
neural_none,17,0.018236270743487663,0.06277268778836503
neural_none,18,0.015020950078166093,0.05713455652309027
neural_none,19,0.016971595034331943,0.05260733889892979
neural_none,20,0.01518473049728625,0.0518852203852924
neural_none,21,0.01413158966516646,0.05051213532025079
neural_none,22,0.014345984439740724,0.046586765472706314
neural_none,23,0.010969345454027744,0.03575772029534051
neural_none,24,0.012632230122328131,0.03798411994473923
neural_none,25,0.011789009231640956,0.03308269279835773
neural_none,26,0.009570246313631842,0.026172027519065128
neural_none,27,0.009870590267887246,0.02567341446728433
neural_none,28,0.009979886459657313,0.02444573854223491
neural_none,29,0.009411255587875042,0.023576265222575356
neural_none,30,0.009142352676806551,0.025171011224920856
neural_none,31,0.008930106611554842,0.026129656088602855
neural_none,32,0.008777966466680366,0.027772604928220628
neural_none,33,0.009261968549100703,0.02683184918933473
neural_none,34,0.008871918649231491,0.0305249564061061
neural_none,35,0.00779264787348812,0.028641885507377028
neural_none,36,0.007966626927092615,0.02504079602524115
neural_none,37,0.008317955341911605,0.02675075024082474
neural_none,38,0.007235249021474272,0.02353173984388544
neural_none,39,0.008072993702210353,0.020490379241806172
neural_none,40,0.007316886554383956,0.019570035319478585
neural_none,41,0.005458787511173292,0.014774493432300613
neural_none,42,0.0056238845031955035,0.013221917610917327
neural_none,43,0.007438548158806667,0.01592236113682192
neural_none,44,0.006946696814095821,0.013433965136591423
neural_none,45,0.006018429737390175,0.010989840054950305
neural_none,46,0.00647049056977251,0.01442188200112944
neural_none,47,0.005909245771080254,0.010062116696258049
neural_none,48,0.006331899267129126,0.01437289914895669
neural_none,49,0.006309530107247383,0.012099021470464487
neural_none,50,0.0054755929438805055,0.01262723168957019
neural_none,51,0.00526942944745363,0.01557579987593314
neural_none,52,0.004933817877947395,0.008461157791779427
neural_none,53,0.005924923955060071,0.01141742945917927
neural_none,54,0.006075665180125713,0.009677203664403044
neural_none,55,0.006034135785370387,0.00903399211735421
neural_none,56,0.004762674399771941,0.009694743995949627
neural_none,57,0.004339585224682533,0.008352439060492689
neural_none,58,0.0058364373454481465,0.009041751211247607
neural_none,59,0.004955134838660077,0.007451072885511951
neural_none,60,0.005415407685334301,0.007361217994223172
neural_none,61,0.005879074789279047,0.007382557677222554
neural_none,62,0.006100300488593509,0.009441446586042283
neural_none,63,0.005140783396478713,0.010545250907452994
neural_none,64,0.005332067292595122,0.010138953183812109
neural_none,65,0.005425209682295945,0.008760785037912324
neural_none,66,0.004570417969881582,0.005973903681284774
neural_none,67,0.005365925804874096,0.008401601595685647
neural_none,68,0.005590437260065907,0.00868123989430072
neural_none,69,0.004507543226921826,0.01199242926221116
neural_none,70,0.005430556473844749,0.007640606062125986
neural_none,71,0.004809004209341466,0.006752869737764671
neural_none,72,0.005753420535664557,0.01127550291647567
neural_none,73,0.004511176984609658,0.004935265611714392
neural_none,74,0.00525546089961226,0.0081400949381422
neural_none,75,0.004668366973750816,0.007222752239288854
neural_none,76,0.004905822525382574,0.006701252405404524
neural_none,77,0.0053969854556284395,0.006397162165562599
neural_none,78,0.005509905705161836,0.007550088015844474
neural_none,79,0.0056218749957028845,0.007828612991460699
neural_none,80,0.004937372950805904,0.008511598533413885
neural_none,81,0.005843322874936008,0.008120251530317998
neural_none,82,0.004320478557160655,0.006843003463376003
neural_none,83,0.006165873761321313,0.00787878274105103
neural_none,84,0.004926688791300592,0.008895789687135664
neural_none,85,0.004402824454902766,0.006114975895132967
neural_none,86,0.005645402419354607,0.006974976184211051
neural_none,87,0.004602710289919736,0.0062277440648318885
neural_none,88,0.00529303630156368,0.009960132599201586
neural_none,89,0.004802729142845285,0.007348394435042722
neural_none,90,0.004532514367889,0.005145389255154641
neural_none,91,0.005996753411477645,0.006629046427941994
neural_none,92,0.004679237258593638,0.006535365326463297
neural_none,93,0.00492249014451692,0.0055435622852113755
neural_none,94,0.005155860577191073,0.006935948886904394
neural_none,95,0.004571298396618456,0.007684878346122521
neural_none,96,0.00508878053504138,0.008540246113568354
neural_none,97,0.004290892623855274,0.00521291302707229
neural_none,98,0.004280267373090094,0.005697451310213139
neural_none,99,0.004474470638448572,0.005893959246081458
neural_none,100,0.004513897802525997,0.005239438039965414
neural_none,101,0.004697789383109062,0.00616670946271016
neural_none,102,0.004395170566394395,0.006907166864405043
neural_none,103,0.004440101518135544,0.00630800624992521
neural_none,104,0.004012240387177303,0.007237130441007271
neural_none,105,0.004922206790350812,0.006549646037745396
neural_none,106,0.004275820774533165,0.005440888072800184
neural_none,107,0.005937952900661963,0.006762267065718326
neural_none,108,0.005012229358867792,0.006577489033841499
neural_none,109,0.004793623058007482,0.007258681628860318
neural_none,110,0.004401471842583412,0.005433343504389595
neural_none,111,0.003717750793520153,0.005690280451105722
neural_none,112,0.004760793171159684,0.005963675220452392
neural_none,113,0.004583494263867873,0.008573967600203826
neural_none,114,0.005074994308464358,0.007701026177135188
neural_none,115,0.0051099698450141695,0.0048924242582743535
neural_none,116,0.004912408781601422,0.007736350911056491
neural_none,117,0.004817621160645989,0.005787419305973579
neural_none,118,0.00421788993722282,0.004592119231879507
neural_none,119,0.003949020055744953,0.004750777008185218
neural_none,120,0.004476746597851447,0.007851045124952003
neural_none,121,0.0037679342929587425,0.004996955589571962
neural_none,122,0.004129480576687642,0.006208698894829818
neural_none,123,0.005078859863511787,0.005742326247445407
neural_none,124,0.0035020665934637676,0.005495313504741794
neural_none,125,0.003852100398472422,0.005292606091543375
neural_none,126,0.003596409856982226,0.004666680337493358
neural_none,127,0.0045999857034750916,0.00594429729975812
neural_none,128,0.004520901207757123,0.005485453165597816
neural_none,129,0.00472566477836163,0.005298571841069901
neural_none,130,0.004119894169385569,0.0053929017153786
neural_none,131,0.004859102119593271,0.0048926641715495685
neural_none,132,0.0041184481472483535,0.004993717872925914
neural_none,133,0.004307748948778194,0.0042828375126646384
neural_none,134,0.004658784952033571,0.006604343744238294
neural_none,135,0.003987194277501282,0.005703056912637887
neural_none,136,0.004184856346699451,0.006091787575428935
neural_none,137,0.004091508561385588,0.005282982378450852
neural_none,138,0.0036491387135697373,0.005342106816033592
neural_none,139,0.004853415253904495,0.00496155850882291
neural_none,140,0.004516600238845733,0.004296821183610654
neural_none,141,0.0034565005406552315,0.004893255556304123
neural_none,142,0.004184495740042272,0.006945638592787662
neural_none,143,0.004230091264735094,0.006535424237262412
neural_none,144,0.004394097243156335,0.007151314244446743
neural_none,145,0.004315414258640026,0.006139621883829322
neural_none,146,0.004284191269657332,0.004591558795088794
neural_none,147,0.004156305585837819,0.006250036560501952
neural_none,148,0.00456251109498417,0.006638225771781905
neural_none,149,0.004006006877242701,0.003529001094983232
neural_none,150,0.0043187227341056345,0.0039312790829282365
neural_none,151,0.004532180492969523,0.007333696017400145
neural_none,152,0.0037284156804656436,0.005530140665254427
neural_none,153,0.003665641225034519,0.003747272971350275
neural_none,154,0.004154572279062676,0.004986564689255385
neural_none,155,0.004511234303678524,0.007284758348536368
neural_none,156,0.004343833072670117,0.004371941314738312
neural_none,157,0.004509545596409563,0.004203431886705012
neural_none,158,0.0042877033543785225,0.005680429815994408
neural_none,159,0.0037047253919749285,0.003749509745288273
neural_none,160,0.0040617716913847425,0.00531448100631735
neural_none,161,0.00443898217063692,0.003936527552606342
neural_none,162,0.003909952206950059,0.0038661604500925813
neural_none,163,0.004074874863668333,0.004385528733968904
neural_none,164,0.004100599618707017,0.00561726362806893
neural_none,165,0.004957448696909971,0.005478595206555648
neural_none,166,0.0037964398793314006,0.005014609405625825
neural_none,167,0.004039635136094978,0.005519793811565037
neural_none,168,0.00410045369917157,0.004772309434748084
neural_none,169,0.003858424143016714,0.004285325101553204
neural_none,170,0.004805996235784215,0.0052187294372324534
neural_none,171,0.0037745891624959426,0.004750806657176046
neural_none,172,0.0040380697879601754,0.00813758487075884
neural_none,173,0.0036609754812432943,0.004644128115832522
neural_none,174,0.005021538852277075,0.007019166995247928
neural_none,175,0.004079361936124426,0.00594996916942947
neural_none,176,0.004574867365870104,0.0047943009129014285
neural_none,177,0.004042595204289685,0.005763200014959929
neural_none,178,0.0035545281659505037,0.004992750512958001
neural_none,179,0.003879643745236172,0.004657187097771415
neural_none,180,0.00411519087707663,0.004219820476737717
neural_none,181,0.004592254625590622,0.004424080862504668
neural_none,182,0.004532009167340137,0.005276943602179622
neural_none,183,0.004263366872686027,0.005800353978887976
neural_none,184,0.004232702506633283,0.005641276035443135
neural_none,185,0.004859050808838348,0.0067628965710838885
neural_none,186,0.00421536800379508,0.0061855062561053656
neural_none,187,0.003431676075302754,0.007971337640511687
neural_none,188,0.004443996825437429,0.0038203958351758524
neural_none,189,0.003732522110133655,0.003840058764210212
neural_none,190,0.004177889133085371,0.0034463140316640046
neural_none,191,0.003919795667924449,0.004803570816236334
neural_none,192,0.0035717719053066596,0.005588919027722758
neural_none,193,0.0036988762987717897,0.005623420521950295
neural_none,194,0.004286044840928653,0.005712107479592894
neural_none,195,0.003788112833048093,0.002761819289623682
neural_none,196,0.004140846421330762,0.005711684051674875
neural_none,197,0.003415685112398173,0.005360540149122754
neural_none,198,0.0035022537827734215,0.007131706931566553
neural_none,199,0.0031508100557547845,0.004383428810053008
neural_none,200,0.004333600099989615,0.005810018995895967
neural_none,201,0.004220203240149748,0.0034299899744016506
neural_none,202,0.002550048689272653,0.004693709370773635
neural_none,203,0.0038969290700982913,0.004092961186378712
neural_none,204,0.0035997926493020844,0.0034542719903724577
neural_none,205,0.003997040692875905,0.00590480228929343
neural_none,206,0.003910482142295791,0.004787786939126979
neural_none,207,0.0035552351444737185,0.00807171835023268
neural_none,208,0.0035520449095336744,0.0028141714897318513
neural_none,209,0.00402155972479432,0.0040982604607373635
neural_none,210,0.004037531319789499,0.004462613845160515
neural_none,211,0.0038754640359758906,0.00428371675116277
neural_none,212,0.003226398688029578,0.004227068214029053
neural_none,213,0.003680418117045563,0.0104825093142672
neural_none,214,0.0033613698943045327,0.004526517913829522
neural_none,215,0.003142504881998629,0.004866529190495933
neural_none,216,0.0043174775045993425,0.009693396700143813
neural_none,217,0.003976972267956749,0.0044631499120601735
neural_none,218,0.003505165002212119,0.0033270318763889066
neural_none,219,0.0036419999988620785,0.004613817902872372
neural_none,220,0.004343414592419811,0.007614089099052223
neural_none,221,0.004109330232031585,0.003818865032523567
neural_none,222,0.0035356632551107854,0.0036576377842974604
neural_none,223,0.0034264706401669984,0.006052223742175556
neural_none,224,0.0038431921474476917,0.0040223251148190295
neural_none,225,0.003814878157295944,0.004710910387621366
neural_none,226,0.0027814922807021967,0.00645909495262552
neural_none,227,0.0028358059665033078,0.003052479135649422
neural_none,228,0.003591034731299366,0.004458571070916073
neural_none,229,0.0034745165566588796,0.005349854357918766
neural_none,230,0.003530531159395842,0.005953845550867453
neural_none,231,0.0034209378236427883,0.00318659890579951
neural_none,232,0.0035178272439371832,0.003818674982397631
neural_none,233,0.0029899116558141114,0.003132841008196271
neural_none,234,0.003754013899147192,0.0033129598289172828
neural_none,235,0.003754749285648879,0.003639830259562317
neural_none,236,0.003969210592600433,0.0027633502728635125
neural_none,237,0.003005987737395242,0.005164560897433955
neural_none,238,0.0033182766530853646,0.00386447233050711
neural_none,239,0.0038446376643195427,0.0038290556826308646
neural_none,240,0.004097621300443762,0.007005937416584113
neural_none,241,0.003513405536939038,0.0033308206375533334
neural_none,242,0.003912076662279176,0.005687138000008556
neural_none,243,0.0034677906179281237,0.002857495510214385
neural_none,244,0.003579925983788327,0.002980109417773011
neural_none,245,0.003937085978811321,0.00395036651368067
neural_none,246,0.0038797235569920686,0.0036309340509564775
neural_none,247,0.002838584719476201,0.002987416071957136
neural_none,248,0.00336238323945464,0.0037013827963045557
neural_none,249,0.003508398565468341,0.0030567557281061396
neural_none,250,0.003284869539233873,0.003568360325647481
neural_none,251,0.003030710359957644,0.0029143833879301632
neural_none,252,0.003854236253021424,0.003408661764657253
neural_none,253,0.0031586147713113483,0.004401591257455332
neural_none,254,0.003555565226558203,0.002752399506521813
neural_none,255,0.0037628668997966735,0.0056112351721182745
neural_none,256,0.003626413220454196,0.004039679051779515
neural_none,257,0.002245148373900847,0.00580819446577126
neural_none,258,0.0035491175140506233,0.007396448058380801
neural_none,259,0.003608851391711502,0.004212903040703861
neural_none,260,0.003252487016874411,0.004258049542077098
neural_none,261,0.0029590397565534246,0.004357018340430598
neural_none,262,0.0031823609323482814,0.002510849519369225
neural_none,263,0.003830252774968016,0.0035023528035800365
neural_none,264,0.0034044278459470917,0.003566656618721264
neural_none,265,0.003375291826815722,0.005258040135670568
neural_none,266,0.0037524513423345864,0.0033757013762065096
neural_none,267,0.003314627302531446,0.003434716611589975
neural_none,268,0.003479192462848178,0.004195085502925819
neural_none,269,0.0032397877389135567,0.0026075901746715584
neural_none,270,0.0034105949901467925,0.004499298928574382
neural_none,271,0.003310947445308832,0.004358216568249237
neural_none,272,0.0032733193833497168,0.0038754959356791957
neural_none,273,0.0032299957502819675,0.002615190537916243
neural_none,274,0.0037524355157656903,0.00250547832319224
neural_none,275,0.0036245398423514893,0.00564973700711835
neural_none,276,0.003445593458399827,0.003120708364425791
neural_none,277,0.0038281535311514223,0.003485256005579903
neural_none,278,0.0040668745044526305,0.0034460790610861443
neural_none,279,0.0027647761381366653,0.0034957182732609613
neural_none,280,0.002961891637663808,0.006021120967117522
neural_none,281,0.0038201520936015096,0.005170796655070072
neural_none,282,0.0035060291286808723,0.0038214192460427968
neural_none,283,0.0026117170914473436,0.002053965565354249
neural_none,284,0.003146445508817498,0.0032219275598540102
neural_none,285,0.002685697786155585,0.004372624594287687
neural_none,286,0.003342941684068684,0.00316664771847137
neural_none,287,0.0036361108176024897,0.004881218261287084
neural_none,288,0.003518290523100713,0.003929055760809277
neural_none,289,0.003624521421879711,0.002057895399317749
neural_none,290,0.0035727051471122332,0.003394004483201188
neural_none,291,0.0030246769799993703,0.0027091820278552794
neural_none,292,0.003727646819653025,0.0037873912361029087
neural_none,293,0.003417038849445326,0.0032177359424045296
neural_none,294,0.003365217350129785,0.0024828292673882675
neural_none,295,0.0032290499212740734,0.0028947889403660777
neural_none,296,0.0038543803544534914,0.0039102108797227164
neural_none,297,0.0026873483267423836,0.0040559304320052034
neural_none,298,0.0035634482958972935,0.002628708345978214
neural_none,299,0.0031603685152334572,0.0033091515656008606
neural_none,300,0.0032379576355364968,0.0020091847791030566
neural_cantor_n3,1,0.7796882773613761,13.36928624771385
neural_cantor_n3,2,0.025467289519891335,0.2388849409904828
neural_cantor_n3,3,0.0359566124413841,0.5532204422581635
neural_cantor_n3,4,0.03805538007095549,0.4727247281283399
neural_cantor_n3,5,0.03200527983794591,0.33253120166936995
neural_cantor_n3,6,0.023968587489672993,0.2243750290874727
neural_cantor_n3,7,0.019201181045072634,0.14800115244619746
neural_cantor_n3,8,0.014760961264011635,0.09834768733136581
neural_cantor_n3,9,0.012864181564182356,0.066933935521082
neural_cantor_n3,10,0.012851030650039291,0.0565950915237188
neural_cantor_n3,11,0.01188044587606089,0.052253520366039634
neural_cantor_n3,12,0.013151510749115,0.06115163919510436
neural_cantor_n3,13,0.011061652503401681,0.05994961128358019
neural_cantor_n3,14,0.011319827029496536,0.06326082369958339
neural_cantor_n3,15,0.010048832756073621,0.06152491048361583
neural_cantor_n3,16,0.012413369907374905,0.07082745494460982
neural_cantor_n3,17,0.010594708743529739,0.06687862071495744
neural_cantor_n3,18,0.008041074245028063,0.05783163902226486
neural_cantor_n3,19,0.008009504421990847,0.055843192936710306
neural_cantor_n3,20,0.007867262975754519,0.053620877533990474
neural_cantor_n3,21,0.007727632488301784,0.04987443854091137
neural_cantor_n3,22,0.0068651770518405215,0.0471447534211466
neural_cantor_n3,23,0.004957368311677971,0.0352409120440744
neural_cantor_n3,24,0.00550017119808732,0.037426808171740635
neural_cantor_n3,25,0.005495108486192718,0.03237687477215529
neural_cantor_n3,26,0.004536906510084032,0.024930350401628047
neural_cantor_n3,27,0.0042576886042525386,0.024863604162174497
neural_cantor_n3,28,0.003718815083092847,0.02411892898208352
neural_cantor_n3,29,0.0037051242155321765,0.02447941847746702
neural_cantor_n3,30,0.0038320619314335014,0.026040283846113895
neural_cantor_n3,31,0.00353086916477346,0.0268261922733573
neural_cantor_n3,32,0.0031198559866901765,0.02875416325004886
neural_cantor_n3,33,0.003750996033253161,0.027696411611327347
neural_cantor_n3,34,0.002791132972236643,0.028174123901306754
neural_cantor_n3,35,0.002583326762932391,0.027768226742386465
neural_cantor_n3,36,0.002736925866226306,0.024667834738478767
neural_cantor_n3,37,0.002261897607214088,0.022897254070836287
neural_cantor_n3,38,0.002334637579306526,0.020527666216469936
neural_cantor_n3,39,0.0028199599309335177,0.017695018450921623
neural_cantor_n3,40,0.0021188779136625422,0.014435507959418111
neural_cantor_n3,41,0.001325956524408716,0.011778030983468482
neural_cantor_n3,42,0.001465839245715098,0.009678029237099706
neural_cantor_n3,43,0.0019487674393513787,0.012719036302334983
neural_cantor_n3,44,0.0018809578161736134,0.010293610161322094
neural_cantor_n3,45,0.0015843742353879265,0.005761815695733052
neural_cantor_n3,46,0.0015744134302634167,0.014033606926797846
neural_cantor_n3,47,0.0017337043043720928,0.007414875417401513
neural_cantor_n3,48,0.0017804917731160277,0.013335760724642643
neural_cantor_n3,49,0.0014353493699672472,0.010236426052406381
neural_cantor_n3,50,0.001428468781805485,0.010084928427607628
neural_cantor_n3,51,0.0012829960919937095,0.014410225906612362
neural_cantor_n3,52,0.0012842077447051154,0.004053811254246853
neural_cantor_n3,53,0.001349429896473773,0.007872231076198095
neural_cantor_n3,54,0.0014302229834915782,0.003843929766531765
neural_cantor_n3,55,0.001696816034175286,0.0055187892573638955
neural_cantor_n3,56,0.0014866854261735346,0.012056667008294438
neural_cantor_n3,57,0.0009177246119814463,0.0019756955134134723
neural_cantor_n3,58,0.0014774939064586424,0.0030834820219129487
neural_cantor_n3,59,0.0012539169646886726,0.0027293397202644413
neural_cantor_n3,60,0.001519031861365349,0.0015595365658527267
neural_cantor_n3,61,0.0017415377638376284,0.0038106269223235176
neural_cantor_n3,62,0.0019163129417751517,0.006323768105153751
neural_cantor_n3,63,0.0009618849797035974,0.006875826774339509
neural_cantor_n3,64,0.001764105384182932,0.0102723771769595
neural_cantor_n3,65,0.0014036483920826567,0.006360776964198683
neural_cantor_n3,66,0.0014350269418679288,0.0015088602016381722
neural_cantor_n3,67,0.0013057091093373737,0.0022853515938170256
neural_cantor_n3,68,0.001578345029811754,0.003018612047501058
neural_cantor_n3,69,0.0013931641523586876,0.012977863868322819
neural_cantor_n3,70,0.0016404588461828987,0.004627107087381357
neural_cantor_n3,71,0.0012641888536649812,0.0025022973290335757
neural_cantor_n3,72,0.0015442400416154477,0.008792091437895295
neural_cantor_n3,73,0.0018025493303598995,0.005738684421605581
neural_cantor_n3,74,0.001237660749383697,0.006987158340050497
neural_cantor_n3,75,0.0015589996404546883,0.006406827656391015
neural_cantor_n3,76,0.0015612113963254213,0.005060344462618386
neural_cantor_n3,77,0.001699575702480851,0.004071778175603253
neural_cantor_n3,78,0.0013406896261681162,0.0035573444053393277
neural_cantor_n3,79,0.0014253336663468434,0.0035003385809802908
neural_cantor_n3,80,0.0011485019384220977,0.006012550368040715
neural_cantor_n3,81,0.0018699346405267958,0.005796809906860315
neural_cantor_n3,82,0.001247376833176827,0.0032598572646055112
neural_cantor_n3,83,0.001731974799582005,0.002779301463245712
neural_cantor_n3,84,0.001242247698754862,0.007382172178283679
neural_cantor_n3,85,0.0013675205046913823,0.0030960337320979094
neural_cantor_n3,86,0.0017492324977697149,0.00224990091363812
neural_cantor_n3,87,0.0012382946976528843,0.0021690895407706595
neural_cantor_n3,88,0.0014076151347511257,0.009351108227953162
neural_cantor_n3,89,0.0011514740405723473,0.005402233408659294
neural_cantor_n3,90,0.0015055824810974036,0.0032606743852950063
neural_cantor_n3,91,0.001988987207684248,0.002587177004598296
neural_cantor_n3,92,0.0011478305295204165,0.0034125677637202047
neural_cantor_n3,93,0.001777147304189615,0.0025357354351976105
neural_cantor_n3,94,0.0014241110337464135,0.003275354933258918
neural_cantor_n3,95,0.0011916194349482075,0.004234456786129758
neural_cantor_n3,96,0.0013131766298796039,0.0040187922103856535
neural_cantor_n3,97,0.0013782870749830642,0.0024181342712941427
neural_cantor_n3,98,0.0012948567917929136,0.002062525123310475
neural_cantor_n3,99,0.001233003487604228,0.001871572535511307
neural_cantor_n3,100,0.0014975954265596598,0.0018629759972496169
neural_cantor_n3,101,0.0015771715826365443,0.004409418164355003
neural_cantor_n3,102,0.0013774838250215477,0.00677155616509575
neural_cantor_n3,103,0.0011770498919233716,0.0031416684641057744
neural_cantor_n3,104,0.0008958000037669419,0.0031440498028209806
neural_cantor_n3,105,0.0013365141677551375,0.0014190596322347768
neural_cantor_n3,106,0.0013081535358174215,0.0028544944286765126
neural_cantor_n3,107,0.0019354331955789765,0.0022900953858578264
neural_cantor_n3,108,0.0016064591163169966,0.0038561060963819807
neural_cantor_n3,109,0.0012806004410807186,0.006188761574616459
neural_cantor_n3,110,0.001621514214181831,0.004336369095935379
neural_cantor_n3,111,0.0009276308230757696,0.0035987068936815117
neural_cantor_n3,112,0.0012824919875236381,0.002477470568605929
neural_cantor_n3,113,0.0009729722256031023,0.008397693348832455
neural_cantor_n3,114,0.0016123342784656795,0.007386216639366561
neural_cantor_n3,115,0.0017984609354026219,0.0025560780963780985
neural_cantor_n3,116,0.0012663148807348292,0.005110234504776222
neural_cantor_n3,117,0.001481056250949534,0.003278571796783196
neural_cantor_n3,118,0.0014182141296039982,0.0034579009558835063
neural_cantor_n3,119,0.0012055198933312798,0.0036016874944152927
neural_cantor_n3,120,0.0012697688193930889,0.0073626043130660054
neural_cantor_n3,121,0.0010680633875614766,0.0032300191822458462
neural_cantor_n3,122,0.0010690412740944526,0.004504751675903471
neural_cantor_n3,123,0.0015188643057302404,0.002224419048445303
neural_cantor_n3,124,0.000920306044705428,0.0038549984026858
neural_cantor_n3,125,0.0009667658350674631,0.0016058442456479871
neural_cantor_n3,126,0.0009522190749057527,0.0018515033571276623
neural_cantor_n3,127,0.0017172173758500829,0.006798541402980354
neural_cantor_n3,128,0.0011289033751125759,0.004430763871522084
neural_cantor_n3,129,0.001352303139859104,0.0022571459304146853
neural_cantor_n3,130,0.0009689103923637164,0.0011832421241292595
neural_cantor_n3,131,0.0016949472208695711,0.0021692212298003747
neural_cantor_n3,132,0.0013453799694908687,0.003280573233436159
neural_cantor_n3,133,0.0015434932315542915,0.0031977540772690585
neural_cantor_n3,134,0.00133890801016462,0.00769826420124649
neural_cantor_n3,135,0.0010674800007092085,0.0031131698882810805
neural_cantor_n3,136,0.0014293791020975897,0.006094909842342711
neural_cantor_n3,137,0.0012996665058374161,0.004690756768325684
neural_cantor_n3,138,0.0011949785898653952,0.007136993924819324
neural_cantor_n3,139,0.0015564591122116862,0.002877625640668789
neural_cantor_n3,140,0.0015243140331314816,0.001983841515067505
neural_cantor_n3,141,0.0010839836924728594,0.003081083270895959
neural_cantor_n3,142,0.001098287961395351,0.007069090356979033
neural_cantor_n3,143,0.0007960304298624255,0.0042256148077358365
neural_cantor_n3,144,0.0013701803504065902,0.006845563233745235
neural_cantor_n3,145,0.001194015678012015,0.005787606787213269
neural_cantor_n3,146,0.0014714892872149258,0.0028840385721730787
neural_cantor_n3,147,0.0010767428413744242,0.00614151605635506
neural_cantor_n3,148,0.0015761211567154117,0.00799423499173052
neural_cantor_n3,149,0.0016317813858514173,0.00488451252911161
neural_cantor_n3,150,0.0015908740772913026,0.0025468893486683755
neural_cantor_n3,151,0.0013598630393467307,0.009258806199533474
neural_cantor_n3,152,0.001087238147418859,0.006864730773655873
neural_cantor_n3,153,0.0012755274830894409,0.0015207272538295348
neural_cantor_n3,154,0.001225691669378055,0.004924584639582314
neural_cantor_n3,155,0.0011862710961351784,0.008807472865222888
neural_cantor_n3,156,0.0014064638422542908,0.0036394188510914718
neural_cantor_n3,157,0.0015830157559051424,0.0020324895600842626
neural_cantor_n3,158,0.0012458876245939015,0.005832208093185283
neural_cantor_n3,159,0.0011999330448344235,0.0028895798434969656
neural_cantor_n3,160,0.0011346188955331008,0.007121520710599099
neural_cantor_n3,161,0.0015952550249725638,0.0023090314485625274
neural_cantor_n3,162,0.001380507135378355,0.0036246927072080097
neural_cantor_n3,163,0.001196457507884758,0.0015141248057084292
neural_cantor_n3,164,0.0013706017220786355,0.005726569504132219
neural_cantor_n3,165,0.0015659756742002979,0.004945215122109131
neural_cantor_n3,166,0.0012792871895089108,0.003811514165480466
neural_cantor_n3,167,0.0012163850443928017,0.005296991711059678
neural_cantor_n3,168,0.0010351195453982749,0.003202078519062863
neural_cantor_n3,169,0.0012937497956740174,0.0050316314351881416
neural_cantor_n3,170,0.001414668326638771,0.0027376366822088817
neural_cantor_n3,171,0.0011359692217175997,0.004877242618742813
neural_cantor_n3,172,0.0014594751161599395,0.012296245855163309
neural_cantor_n3,173,0.0008730026675166577,0.0016891350766359385
neural_cantor_n3,174,0.001683511268186877,0.006903474085710473
neural_cantor_n3,175,0.0009293054534695507,0.006195829129374212
neural_cantor_n3,176,0.001330850721684505,0.004145357293029787
neural_cantor_n3,177,0.001408389768186559,0.006733095802670353
neural_cantor_n3,178,0.0010500319357490233,0.00644992787193942
neural_cantor_n3,179,0.0011468934242719444,0.006247712329947443
neural_cantor_n3,180,0.001240245246261971,0.0018394880197705487
neural_cantor_n3,181,0.0015595761605518552,0.0027757050447596507
neural_cantor_n3,182,0.0013121682087649759,0.0030573299487896034
neural_cantor_n3,183,0.000935625458959224,0.0018137190099061194
neural_cantor_n3,184,0.001126034501613501,0.0034950051347706224
neural_cantor_n3,185,0.001433781903136651,0.009372157048952879
neural_cantor_n3,186,0.0012857841943515608,0.007534826050060849
neural_cantor_n3,187,0.0008483729683895221,0.009903088819999687
neural_cantor_n3,188,0.0015887225678661721,0.0027209009489231237
neural_cantor_n3,189,0.0012212951830476593,0.0018674034553810455
neural_cantor_n3,190,0.0013796816855314335,0.0021509136474459037
neural_cantor_n3,191,0.0011428770241555877,0.004917489548952958
neural_cantor_n3,192,0.0008378154319553477,0.005879095911193605
neural_cantor_n3,193,0.0011211950133306098,0.008498569876489255
neural_cantor_n3,194,0.0008633225701198437,0.0042749464959795265
neural_cantor_n3,195,0.001458853372581675,0.00349500664265849
neural_cantor_n3,196,0.0011631924512593397,0.00446306981409452
neural_cantor_n3,197,0.0007658038276063271,0.005077738037805714
neural_cantor_n3,198,0.0010316663506961114,0.00880058515526825
neural_cantor_n3,199,0.0007612815529254233,0.004763259299608641
neural_cantor_n3,200,0.001220981421256478,0.010692547475126784
neural_cantor_n3,201,0.001466808343198053,0.004345615315955906
neural_cantor_n3,202,0.0004895885078061509,0.006458229098946102
neural_cantor_n3,203,0.0011946512946854027,0.0049233666622609034
neural_cantor_n3,204,0.0012629158426771126,0.0032733197399453387
neural_cantor_n3,205,0.0014251787776904162,0.006124813251469867
neural_cantor_n3,206,0.00134600034385968,0.005397341866093046
neural_cantor_n3,207,0.0011664675780971902,0.012927472323651148
neural_cantor_n3,208,0.0012938507686861527,0.006486953418192989
neural_cantor_n3,209,0.0013001060622281,0.006374027570821255
neural_cantor_n3,210,0.0012983981324144458,0.0034200234363558103
neural_cantor_n3,211,0.001121725758950338,0.005017341997646244
neural_cantor_n3,212,0.0007479782647857533,0.00347320265989175
neural_cantor_n3,213,0.0011225848836760016,0.017656818382689378
neural_cantor_n3,214,0.0009369622134758116,0.0034354595628369655
neural_cantor_n3,215,0.0009283359350258919,0.0055065493251849834
neural_cantor_n3,216,0.001150101944888184,0.008784790677918798
neural_cantor_n3,217,0.0014407575931123062,0.003934451893168727
neural_cantor_n3,218,0.0009861901565461479,0.0075724831995584415
neural_cantor_n3,219,0.0011618865779023182,0.01185187166742851
neural_cantor_n3,220,0.0014325755628961621,0.0170701877664143
neural_cantor_n3,221,0.0012866872803172337,0.006355277201980622
neural_cantor_n3,222,0.0010700521441579034,0.0036199015855645955
neural_cantor_n3,223,0.0009073932418076024,0.008046865404634288
neural_cantor_n3,224,0.0011731634110098642,0.00498554273290251
neural_cantor_n3,225,0.0011098546144567357,0.008920553034367193
neural_cantor_n3,226,0.0007684550416950994,0.00687982737315415
neural_cantor_n3,227,0.0007904582201522329,0.006349762209036237
neural_cantor_n3,228,0.0011161551839835625,0.004964130383447344
neural_cantor_n3,229,0.0011172539700497692,0.00726682554901648
neural_cantor_n3,230,0.0012122953886254933,0.014027337577093946
neural_cantor_n3,231,0.0010806864979209933,0.003880092800005262
neural_cantor_n3,232,0.0011099830071358645,0.003933448362252937
neural_cantor_n3,233,0.0009408125046092831,0.005908776991633938
neural_cantor_n3,234,0.0010997682453886565,0.006059509781093378
neural_cantor_n3,235,0.001131612534606164,0.004609703402420591
neural_cantor_n3,236,0.0013315790325406232,0.005923102303453178
neural_cantor_n3,237,0.0007958492587821302,0.002536512289282987
neural_cantor_n3,238,0.0008722038608625947,0.002256139254037338
neural_cantor_n3,239,0.0009968976477022103,0.0028876983787452484
neural_cantor_n3,240,0.00106383028846734,0.012097156065473956
neural_cantor_n3,241,0.0009137114158970462,0.0016848200831033526
neural_cantor_n3,242,0.0011222507319186058,0.006393435201810007
neural_cantor_n3,243,0.0010795731937818405,0.004826468131146342
neural_cantor_n3,244,0.0011114943178009687,0.004363713045983646
neural_cantor_n3,245,0.0009826984082523865,0.004125472497099347
neural_cantor_n3,246,0.0012328002801436531,0.00911107306480426
neural_cantor_n3,247,0.0007996460115737935,0.0018339593978063313
neural_cantor_n3,248,0.0009830599957513764,0.005466725346636916
neural_cantor_n3,249,0.0011623700254656136,0.005983638638272702
neural_cantor_n3,250,0.0011001698069374424,0.005599310797058416
neural_cantor_n3,251,0.000932142357011754,0.002575854932352958
neural_cantor_n3,252,0.0010861325268039367,0.0033109916660214365
neural_cantor_n3,253,0.000690689932454357,0.0030203495169669322
neural_cantor_n3,254,0.0011800886085123763,0.0036823368495357196
neural_cantor_n3,255,0.0012325827757201557,0.005328034446372535
neural_cantor_n3,256,0.0011724864012124191,0.004437845134477559
neural_cantor_n3,257,0.0005842283242455895,0.011487669635042677
neural_cantor_n3,258,0.000983822073727282,0.013924836370848983
neural_cantor_n3,259,0.001143993852146391,0.00586007286821262
neural_cantor_n3,260,0.0009218082322064444,0.002953139557711837
neural_cantor_n3,261,0.0007825086600256983,0.0034445938517549918
neural_cantor_n3,262,0.000759224524376367,0.009698909630021948
neural_cantor_n3,263,0.0010823515609310584,0.0050465463718759275
neural_cantor_n3,264,0.0008758704314863716,0.005086482104090494
neural_cantor_n3,265,0.001022487291658425,0.012881486696147476
neural_cantor_n3,266,0.0010713255179694919,0.003455588559106086
neural_cantor_n3,267,0.0009369217171571151,0.004534361378414876
neural_cantor_n3,268,0.0010465636861549813,0.0019846896336257617
neural_cantor_n3,269,0.0009982600811831899,0.004366095257721041
neural_cantor_n3,270,0.0010261285663388578,0.0032159667443195637
neural_cantor_n3,271,0.000897117490687971,0.012352240068506215
neural_cantor_n3,272,0.0009783255668474858,0.010472276791166753
neural_cantor_n3,273,0.0008487720984547629,0.0033128188718819463
neural_cantor_n3,274,0.0010586038545227418,0.003608995930113959
neural_cantor_n3,275,0.0009420060918065189,0.010513474562927547
neural_cantor_n3,276,0.0008405260336303825,0.002631868284265472
neural_cantor_n3,277,0.0009205178626281829,0.008935834033142197
neural_cantor_n3,278,0.0013369860838607253,0.0031021043245542264
neural_cantor_n3,279,0.0006096796545664057,0.001482501454914966
neural_cantor_n3,280,0.0008661519582649108,0.009323891623032618
neural_cantor_n3,281,0.0011178142196222969,0.011536230581985538
neural_cantor_n3,282,0.000813826617602829,0.004865412407351738
neural_cantor_n3,283,0.0007775763782170404,0.0017031233523464688
neural_cantor_n3,284,0.0008526177750386791,0.0045060625533662815
neural_cantor_n3,285,0.000560991728857402,0.0035449464788272077
neural_cantor_n3,286,0.0008967548848950827,0.0059290503021185185
neural_cantor_n3,287,0.0008831408394449086,0.006228448079214586
neural_cantor_n3,288,0.0009333259399397037,0.002480793649028641
neural_cantor_n3,289,0.0010134403355699965,0.002884191491076698
neural_cantor_n3,290,0.0009826174353401817,0.0021382565419216367
neural_cantor_n3,291,0.0007034050657421641,0.0023890642270804276
neural_cantor_n3,292,0.001171797279786794,0.010391075771278785
neural_cantor_n3,293,0.0009450570439054724,0.005123099590739073
neural_cantor_n3,294,0.0009133856073928556,0.00347975399814765
neural_cantor_n3,295,0.000856497830417411,0.003786632208363188
neural_cantor_n3,296,0.0009066164793791859,0.008061308293239488
neural_cantor_n3,297,0.0006269247302934471,0.010723619475406435
neural_cantor_n3,298,0.0009386644582810009,0.001640743382051665
neural_cantor_n3,299,0.0006987757281581511,0.0026088075672197533
neural_cantor_n3,300,0.0008986867675048084,0.0030301277969700608
neural_random_n3_s1,1,0.6832718517800505,12.395880874886448
neural_random_n3_s1,2,0.02560512322517023,0.24225082783494134
neural_random_n3_s1,3,0.03612855164628908,0.5791048727546728
neural_random_n3_s1,4,0.03734974613049056,0.4708556641120572
neural_random_n3_s1,5,0.030507882408842963,0.32126014142053505
neural_random_n3_s1,6,0.022152019738735602,0.20752179631147255
neural_random_n3_s1,7,0.017489992082113198,0.12879561339756698
neural_random_n3_s1,8,0.013657101421638791,0.08177969796044547
neural_random_n3_s1,9,0.012486935981053765,0.062058062634884864
neural_random_n3_s1,10,0.012699793104686618,0.0578873050983013
neural_random_n3_s1,11,0.011543158098319498,0.05635999919683176
neural_random_n3_s1,12,0.012733489833488022,0.0678208027829085
neural_random_n3_s1,13,0.01077147467257716,0.06601005905313188
neural_random_n3_s1,14,0.010495878760655993,0.06811240323325886
neural_random_n3_s1,15,0.009350173582167555,0.06531328410716747
neural_random_n3_s1,16,0.011419887588977386,0.07342606498489582
neural_random_n3_s1,17,0.009506282702253142,0.06821734357588917
neural_random_n3_s1,18,0.006975151939752976,0.05736179132174205
neural_random_n3_s1,19,0.007155270941424313,0.05399229980536191
neural_random_n3_s1,20,0.006965025312296787,0.05132405862430667
neural_random_n3_s1,21,0.0064279204723209915,0.04554914437623775
neural_random_n3_s1,22,0.005878933109625908,0.04275969252712367
neural_random_n3_s1,23,0.004065460875846379,0.029880858196430243
neural_random_n3_s1,24,0.004592768808033312,0.0330647871641362
neural_random_n3_s1,25,0.004647970703767897,0.028285996068118782
neural_random_n3_s1,26,0.003828055296773781,0.02320236354674964
neural_random_n3_s1,27,0.0037253752309868715,0.024494748539419055
neural_random_n3_s1,28,0.003174027720285039,0.025951831578060896
neural_random_n3_s1,29,0.003308972798159081,0.02694568732988686
neural_random_n3_s1,30,0.0032231759908793243,0.02808989673597036
neural_random_n3_s1,31,0.0030511425228190777,0.02994160178349169
neural_random_n3_s1,32,0.00303094160193241,0.03228382306201713
neural_random_n3_s1,33,0.0032342844130110898,0.028484559418144012
neural_random_n3_s1,34,0.002571421604899783,0.030168981044332566
neural_random_n3_s1,35,0.0024543167009535116,0.028503606174875754
neural_random_n3_s1,36,0.002403104570488773,0.024286211134074812
neural_random_n3_s1,37,0.0020137132211771615,0.020464096124143506
neural_random_n3_s1,38,0.0021161721189866195,0.018843942595914927
neural_random_n3_s1,39,0.0025707784781911257,0.014680128195890187
neural_random_n3_s1,40,0.0019167246296785412,0.010490644575887461
neural_random_n3_s1,41,0.0011882432877524899,0.008066067329745635
neural_random_n3_s1,42,0.001343674864539499,0.00656317853837791
neural_random_n3_s1,43,0.0017434359543724123,0.012210122841508693
neural_random_n3_s1,44,0.0017312768966844508,0.010083079301134166
neural_random_n3_s1,45,0.0015118391643748211,0.004048908781366037
neural_random_n3_s1,46,0.0016310892292169268,0.014548417004585411
neural_random_n3_s1,47,0.0018151354582912373,0.007824127524197458
neural_random_n3_s1,48,0.001861655099556947,0.010734861754266752
neural_random_n3_s1,49,0.0016376663601189974,0.0059011467483852074
neural_random_n3_s1,50,0.0016341961297546748,0.006131227973883172
neural_random_n3_s1,51,0.0014379857132176019,0.010254092990434392
neural_random_n3_s1,52,0.0015140627983973626,0.004319582447482643
neural_random_n3_s1,53,0.0015953842489524529,0.0032567186204993563
neural_random_n3_s1,54,0.001693258612696914,0.002256033699523458
neural_random_n3_s1,55,0.002012144151456168,0.00935889452872949
neural_random_n3_s1,56,0.001854721329926582,0.015354909917038145
neural_random_n3_s1,57,0.0010971205332101581,0.0013760076281609834
neural_random_n3_s1,58,0.0016699960423210917,0.0017983289663704796
neural_random_n3_s1,59,0.0015287227301983024,0.0038160047835478213
neural_random_n3_s1,60,0.0017331336378188593,0.0015022857150379836
neural_random_n3_s1,61,0.0020527410625839505,0.0021468217944323967
neural_random_n3_s1,62,0.0021246016605935823,0.006651492697860584
neural_random_n3_s1,63,0.0012032958375121096,0.008125956379544866
neural_random_n3_s1,64,0.001979438745900438,0.008674884039002906
neural_random_n3_s1,65,0.001739004234295587,0.004070830960241597
neural_random_n3_s1,66,0.001614218969102336,0.002297484422512386
neural_random_n3_s1,67,0.0016194577311798668,0.0010988896228715304
neural_random_n3_s1,68,0.0017570191425607582,0.0022358020257632993
neural_random_n3_s1,69,0.0015305082971870088,0.01186769934520366
neural_random_n3_s1,70,0.0019591352613692148,0.0035675107721932025
neural_random_n3_s1,71,0.0015286914246153737,0.0023655633670135044
neural_random_n3_s1,72,0.0018538492798486463,0.008830457276049615
neural_random_n3_s1,73,0.002052510704645287,0.0061129893086654345
neural_random_n3_s1,74,0.0015972835285630147,0.005585221490733979
neural_random_n3_s1,75,0.0017076593929952625,0.005568057740450129
neural_random_n3_s1,76,0.0018403464196904058,0.004648996065996741
neural_random_n3_s1,77,0.0019932704835604158,0.002567745616713409
neural_random_n3_s1,78,0.0016544630228771345,0.0024427785786796763
neural_random_n3_s1,79,0.001684455305110786,0.003764803781280848
neural_random_n3_s1,80,0.001417987939934624,0.006170835868936443
neural_random_n3_s1,81,0.0021499861174366294,0.006910663746042289
neural_random_n3_s1,82,0.0014891099718210236,0.0029954675286237658
neural_random_n3_s1,83,0.0020695781629510644,0.002231119369644472
neural_random_n3_s1,84,0.0015106469666369192,0.007937485889099838
neural_random_n3_s1,85,0.0016609955058408453,0.0033707123097742927
neural_random_n3_s1,86,0.0019862763805046394,0.001796260111601037
neural_random_n3_s1,87,0.0014826525685193103,0.0020116156094050733
neural_random_n3_s1,88,0.0016878346672923993,0.009258631503900277
neural_random_n3_s1,89,0.0013922319103132704,0.004873781781848063
neural_random_n3_s1,90,0.0017072349272756087,0.003935024056667139
neural_random_n3_s1,91,0.0022487296574989274,0.0025332017286695805
neural_random_n3_s1,92,0.0014509150226899056,0.004111396703079741
neural_random_n3_s1,93,0.002031849297140794,0.0030643566686111654
neural_random_n3_s1,94,0.0016695908103092005,0.002794016801330808
neural_random_n3_s1,95,0.001422418874041881,0.00644147521585211
neural_random_n3_s1,96,0.0015581217922939058,0.0045426050242455595
neural_random_n3_s1,97,0.0016346082242830284,0.002377109539031764
neural_random_n3_s1,98,0.001589390379389106,0.0018981425477446298
neural_random_n3_s1,99,0.0014494511695275437,0.0010997139138089287
neural_random_n3_s1,100,0.0016209528999943281,0.0015938248608961157
neural_random_n3_s1,101,0.001694224207781508,0.003911565348687339
neural_random_n3_s1,102,0.001612253823902221,0.008259798096507563
neural_random_n3_s1,103,0.0014068299779520462,0.002180263047225633
neural_random_n3_s1,104,0.001024261958897626,0.0030828068811203924
neural_random_n3_s1,105,0.0015669517000462456,0.0012854667754424896
neural_random_n3_s1,106,0.001528717325689634,0.0032356388724570735
neural_random_n3_s1,107,0.002103680579401897,0.0017190423632216477
neural_random_n3_s1,108,0.001735360153395302,0.0036199616064539085
neural_random_n3_s1,109,0.0014699800664745531,0.0049045422118005584
neural_random_n3_s1,110,0.0017392977260791043,0.003718497734001515
neural_random_n3_s1,111,0.0010503448687699507,0.0032700678625679517
neural_random_n3_s1,112,0.0013860943346344792,0.0021751305139035976
neural_random_n3_s1,113,0.0012834324549630567,0.009944463626354514
neural_random_n3_s1,114,0.001921124565110167,0.007180423066014998
neural_random_n3_s1,115,0.0020207351292908017,0.0024569004918298196
neural_random_n3_s1,116,0.0015004214902989829,0.0030870316540567693
neural_random_n3_s1,117,0.0017191848131627694,0.00650514474130603
neural_random_n3_s1,118,0.0016508459316381034,0.006815933432215947
neural_random_n3_s1,119,0.0013782758296622794,0.006851367268227121
neural_random_n3_s1,120,0.0015570250781080483,0.006197982480987535
neural_random_n3_s1,121,0.0012795315901246841,0.004879958094167204
neural_random_n3_s1,122,0.0013459496178071845,0.004184990304547484
neural_random_n3_s1,123,0.0017033572106785685,0.002281429901415299
neural_random_n3_s1,124,0.0010101404078932674,0.0023089553864052005
neural_random_n3_s1,125,0.0011432647767233748,0.001855943473235087
neural_random_n3_s1,126,0.0011053838804839149,0.00540262364038166
neural_random_n3_s1,127,0.0019459977237624689,0.010627223349580958
neural_random_n3_s1,128,0.0013154780500289614,0.0065193383246898605
neural_random_n3_s1,129,0.0015910724400957867,0.001992205835158203
neural_random_n3_s1,130,0.0012042242539611328,0.003309483727891911
neural_random_n3_s1,131,0.002008350002938428,0.005791500626543155
neural_random_n3_s1,132,0.0015603149302967103,0.008098299496594583
neural_random_n3_s1,133,0.0018777718569915937,0.006948336274194759
neural_random_n3_s1,134,0.0015233234518433384,0.005253734574872211
neural_random_n3_s1,135,0.00129647729584477,0.006247354781266572
neural_random_n3_s1,136,0.0016020022013795276,0.005472804917264999
neural_random_n3_s1,137,0.001502561114556983,0.004563156205859412
neural_random_n3_s1,138,0.0013670797380757928,0.0061601640893952135
neural_random_n3_s1,139,0.001806300423788715,0.0023021027524983365
neural_random_n3_s1,140,0.0016198232939623974,0.0035399409587429
neural_random_n3_s1,141,0.0012308228009282416,0.00789953850984222
neural_random_n3_s1,142,0.001364420899608225,0.009756198538087249
neural_random_n3_s1,143,0.001067445471494167,0.004396382110918163
neural_random_n3_s1,144,0.0016501806205894492,0.005941506830299355
neural_random_n3_s1,145,0.0014985013774418867,0.003285211775710907
neural_random_n3_s1,146,0.00175520477784734,0.013287175544632835
neural_random_n3_s1,147,0.0015394800568272488,0.008140319016053185
neural_random_n3_s1,148,0.001850413922564942,0.014158166450718436
neural_random_n3_s1,149,0.001844077085442143,0.005841615666774426
neural_random_n3_s1,150,0.0018186973597213699,0.002160417560756921
neural_random_n3_s1,151,0.0015196705132390883,0.0048952227661291725
neural_random_n3_s1,152,0.001253460524447513,0.0040911973795924
neural_random_n3_s1,153,0.0013513381160972354,0.008353182848630868
neural_random_n3_s1,154,0.0014910037758384838,0.013888375939763596
neural_random_n3_s1,155,0.0014060906929543732,0.013411095137935184
neural_random_n3_s1,156,0.0016839497921758199,0.005123463984948187
neural_random_n3_s1,157,0.001845837325373176,0.004896057555463295
neural_random_n3_s1,158,0.0016181143632872075,0.014434404388267583
neural_random_n3_s1,159,0.0015742788608412155,0.014003575598588943
neural_random_n3_s1,160,0.0014672323516297017,0.004607397787404121
neural_random_n3_s1,161,0.0018792521801086375,0.005486833740937889
neural_random_n3_s1,162,0.0015557235625635627,0.00497636946070395
neural_random_n3_s1,163,0.0014138062513372003,0.0027566339506564282
neural_random_n3_s1,164,0.0016218959183012076,0.010423591992566091
neural_random_n3_s1,165,0.0017582804888075887,0.004187416310252143
neural_random_n3_s1,166,0.0014755929700325074,0.00881349210608821
neural_random_n3_s1,167,0.0013858276140037928,0.007922312163282211
neural_random_n3_s1,168,0.001324555370239815,0.0024464572231722875
neural_random_n3_s1,169,0.0015537216020104698,0.007384367144974743
neural_random_n3_s1,170,0.0018251487898961695,0.008362583495900801
neural_random_n3_s1,171,0.0013813130563669993,0.0038345141409448034
neural_random_n3_s1,172,0.0017064283008587585,0.015065848911243355
neural_random_n3_s1,173,0.0012040473608537971,0.001718941471223084
neural_random_n3_s1,174,0.001905499328565739,0.004778112110528474
neural_random_n3_s1,175,0.001111558174817187,0.010771180492187777
neural_random_n3_s1,176,0.0015689244499698665,0.009398293379148985
neural_random_n3_s1,177,0.001526387305363907,0.0042198831457245884
neural_random_n3_s1,178,0.0012491697806389565,0.008562510673839537
neural_random_n3_s1,179,0.0013667031929371304,0.004958853899807393
neural_random_n3_s1,180,0.0015754037803914715,0.006400806697765917
neural_random_n3_s1,181,0.0019455759657553658,0.014902761162923637
neural_random_n3_s1,182,0.0016501476303659634,0.008999907386727006
neural_random_n3_s1,183,0.0012158981348500597,0.00208353938112337
neural_random_n3_s1,184,0.0013344841371630701,0.0025290181427810978
neural_random_n3_s1,185,0.0017473719763256956,0.017932242657434677
neural_random_n3_s1,186,0.001332454011886395,0.0040176153097316435
neural_random_n3_s1,187,0.001032101025129272,0.01154979712658359
neural_random_n3_s1,188,0.0018740460874792542,0.0020661404044145554
neural_random_n3_s1,189,0.0015087582417654872,0.006491311566031042
neural_random_n3_s1,190,0.0017610120554852739,0.011481445764202628
neural_random_n3_s1,191,0.0015248745784967872,0.004365059556736085
neural_random_n3_s1,192,0.0011498797404061235,0.0027340236786702866
neural_random_n3_s1,193,0.0013437739347059658,0.006851302272177522
neural_random_n3_s1,194,0.001034646168592264,0.002212591112356792
neural_random_n3_s1,195,0.0015987944394626195,0.005047018823513285
neural_random_n3_s1,196,0.0013683190571328384,0.003246946614105972
neural_random_n3_s1,197,0.0010005335363221085,0.00349153779235464
neural_random_n3_s1,198,0.0011779038081436556,0.008213238058132588
neural_random_n3_s1,199,0.0009539325723858027,0.004103664927837402
neural_random_n3_s1,200,0.0015063281960503868,0.009834283019907753
neural_random_n3_s1,201,0.0016510358995437434,0.0029184305626957572
neural_random_n3_s1,202,0.0006105410854360072,0.0009673817835879808
neural_random_n3_s1,203,0.0014718505701902188,0.005334543274400797
neural_random_n3_s1,204,0.0014843716494146318,0.00970396893562752
neural_random_n3_s1,205,0.0014934518828675354,0.006275401579317607
neural_random_n3_s1,206,0.0014465325818399997,0.00871542317101589
neural_random_n3_s1,207,0.001499507075164783,0.014476812608900854
neural_random_n3_s1,208,0.0016891194109605948,0.013930496017349149
neural_random_n3_s1,209,0.0017584256503214745,0.012245202163102722
neural_random_n3_s1,210,0.0016114421135179327,0.005473385758846768
neural_random_n3_s1,211,0.001336148036186896,0.005300049207809316
neural_random_n3_s1,212,0.0010556762947899838,0.008134511531757076
neural_random_n3_s1,213,0.0012771056963171562,0.011536895208103555
neural_random_n3_s1,214,0.0011402029699981908,0.001237308327091435
neural_random_n3_s1,215,0.0011318437185664344,0.0035436552477744725
neural_random_n3_s1,216,0.0013212848773102184,0.009302207695379816
neural_random_n3_s1,217,0.0016428602697098524,0.0034081870022661005
neural_random_n3_s1,218,0.0011055372513989487,0.009136921642118018
neural_random_n3_s1,219,0.0013126368839394204,0.008929251937835034
neural_random_n3_s1,220,0.0016633436339376147,0.0076118073465010466
neural_random_n3_s1,221,0.0017249290099440923,0.01378527618322993
neural_random_n3_s1,222,0.0015380676863758166,0.017745834130331994
neural_random_n3_s1,223,0.0012620405339225723,0.0033107027621589553
neural_random_n3_s1,224,0.0013319371857880356,0.003487175001680051
neural_random_n3_s1,225,0.0012381173667448551,0.005248592156550946
neural_random_n3_s1,226,0.0009061576983891466,0.01753872891226589
neural_random_n3_s1,227,0.000982614674863886,0.00467704091633446
neural_random_n3_s1,228,0.00152426954364983,0.005730755707021748
neural_random_n3_s1,229,0.0015313891668171833,0.008351388815530887
neural_random_n3_s1,230,0.0016494793900808144,0.02189065657556877
neural_random_n3_s1,231,0.0014084259686826608,0.003988695597099472
neural_random_n3_s1,232,0.0012947640845892834,0.006197005360384595
neural_random_n3_s1,233,0.001066330489013258,0.016978009850050334
neural_random_n3_s1,234,0.0012932179433380302,0.012840337830364321
neural_random_n3_s1,235,0.001446419138753507,0.001532594048931524
neural_random_n3_s1,236,0.0017064820214519382,0.0059885230912082345
neural_random_n3_s1,237,0.0012070148784041144,0.0185587290518737
neural_random_n3_s1,238,0.0013083924362715458,0.012251655437095017
neural_random_n3_s1,239,0.0012475548521808145,0.0017569746318784143
neural_random_n3_s1,240,0.0013126914000800613,0.016979369379779695
neural_random_n3_s1,241,0.001147033251273778,0.008361231489464266
neural_random_n3_s1,242,0.0015332331650375801,0.009647025003333549
neural_random_n3_s1,243,0.001457331801645476,0.006720697948196051
neural_random_n3_s1,244,0.00151700236376453,0.008492277424897266
neural_random_n3_s1,245,0.001413918306564863,0.009192749302703565
neural_random_n3_s1,246,0.0015722992601899433,0.009159851926162607
neural_random_n3_s1,247,0.0010741713309720584,0.0058513535098535935
neural_random_n3_s1,248,0.001230301106686246,0.005592841038238584
neural_random_n3_s1,249,0.0013301947611562824,0.011750124813147512
neural_random_n3_s1,250,0.0013867602241923477,0.00402516545460441
neural_random_n3_s1,251,0.001257814039287542,0.005296971193310118
neural_random_n3_s1,252,0.0014878357224874634,0.008483496842628203
neural_random_n3_s1,253,0.001032918170083979,0.005857911517455231
neural_random_n3_s1,254,0.0014470442869711072,0.005877877535730114
neural_random_n3_s1,255,0.0013512817785771218,0.003417821367164515
neural_random_n3_s1,256,0.0012322509687842898,0.0041898953934617796
neural_random_n3_s1,257,0.0007887888549028256,0.014921376699055548
neural_random_n3_s1,258,0.001472883773689062,0.008456748867130931
neural_random_n3_s1,259,0.0014946327121584976,0.011689386655536274
neural_random_n3_s1,260,0.0014550158758684408,0.008817256154122875
neural_random_n3_s1,261,0.0011853495762105938,0.00649996452259418
neural_random_n3_s1,262,0.0009470603630565664,0.004610516460993893
neural_random_n3_s1,263,0.001338177804897723,0.015028211834936864
neural_random_n3_s1,264,0.00127896394375034,0.010416840626026836
neural_random_n3_s1,265,0.0014084294584328443,0.011216220565177064
neural_random_n3_s1,266,0.0014843177199983836,0.002683233671176778
neural_random_n3_s1,267,0.0013810805166279351,0.008107115928492283
neural_random_n3_s1,268,0.001440271519759977,0.007067569567730156
neural_random_n3_s1,269,0.0013779407144711641,0.002117298916775521
neural_random_n3_s1,270,0.0013000444276823112,0.005248754466471341
neural_random_n3_s1,271,0.0012145359708062634,0.010882414484344644
neural_random_n3_s1,272,0.0013166833432821698,0.007648147756690625
neural_random_n3_s1,273,0.0012347110453683574,0.003921391301309852
neural_random_n3_s1,274,0.001451262619381647,0.010940202407545533
neural_random_n3_s1,275,0.0012800531504442041,0.01677770402422575
neural_random_n3_s1,276,0.0012286741990847393,0.008341553059103632
neural_random_n3_s1,277,0.001167777559002724,0.007423799406176396
neural_random_n3_s1,278,0.0017036775824750038,0.0147215265030331
neural_random_n3_s1,279,0.0009269167550305695,0.004688997209315707
neural_random_n3_s1,280,0.0013982140157007953,0.008234049769615538
neural_random_n3_s1,281,0.0016060812253747053,0.02213541261670558
neural_random_n3_s1,282,0.0013242306437197082,0.01029292547733423
neural_random_n3_s1,283,0.0009895969444945992,0.011969082661630707
neural_random_n3_s1,284,0.0011652876824716455,0.017390894034387122
neural_random_n3_s1,285,0.0007990521322741467,0.004178583536691495
neural_random_n3_s1,286,0.001358311992469484,0.0039970454268769265
neural_random_n3_s1,287,0.0014116390856455804,0.017078141142302005
neural_random_n3_s1,288,0.0013244515047273716,0.008780791223228602
neural_random_n3_s1,289,0.0014428737939687726,0.00263837898896743
neural_random_n3_s1,290,0.0013036396773263386,0.00529281141913774
neural_random_n3_s1,291,0.0010420450805783954,0.005093845149601963
neural_random_n3_s1,292,0.0014977334787326369,0.011221480870072863
neural_random_n3_s1,293,0.0014052813726054033,0.003185179921448522
neural_random_n3_s1,294,0.0015135513353402331,0.011888759377238668
neural_random_n3_s1,295,0.0013564800504194201,0.0142170499084244
neural_random_n3_s1,296,0.0012869206447937453,0.0034383854829912112
neural_random_n3_s1,297,0.0006802206056921863,0.008020266431037253
neural_random_n3_s1,298,0.0011819962097170669,0.012368569206157951
neural_random_n3_s1,299,0.0009096349857159266,0.009364938214218636
neural_random_n3_s1,300,0.0013149255712442858,0.0021853424890049215
neural_random_n3_s2,1,0.6841860337686959,12.402673281374188
neural_random_n3_s2,2,0.027609380475969263,0.2510342302187205
neural_random_n3_s2,3,0.0359883945849462,0.5668886948286956
neural_random_n3_s2,4,0.03671942371331415,0.46596606789177875
neural_random_n3_s2,5,0.030018469144951834,0.3159735370342032
neural_random_n3_s2,6,0.02188147821478252,0.20632198907921345
neural_random_n3_s2,7,0.016721415104753466,0.12662877823266397
neural_random_n3_s2,8,0.013224401710050241,0.08381298797458339
neural_random_n3_s2,9,0.011763519992692595,0.05923157330200654
neural_random_n3_s2,10,0.011991366714271484,0.056837885609278896
neural_random_n3_s2,11,0.011068815917454781,0.05580929691337639
neural_random_n3_s2,12,0.01209602387123706,0.06577012052542976
neural_random_n3_s2,13,0.010324784282054906,0.0632732868344661
neural_random_n3_s2,14,0.010200794347910325,0.06464654542856817
neural_random_n3_s2,15,0.008978853293391188,0.062077633174702954
neural_random_n3_s2,16,0.01126694789488086,0.07115624729147127
neural_random_n3_s2,17,0.009710194137915181,0.06566387506708903
neural_random_n3_s2,18,0.007305988495538162,0.055381613159470475
neural_random_n3_s2,19,0.007213615239707287,0.05322363700844349
neural_random_n3_s2,20,0.00706152381199551,0.0494217925547633
neural_random_n3_s2,21,0.006718672867331784,0.04578776037438723
neural_random_n3_s2,22,0.005977657468871767,0.04258468093334552
neural_random_n3_s2,23,0.0040971089160391815,0.029376928747345946
neural_random_n3_s2,24,0.0046190304952809375,0.033354713532125276
neural_random_n3_s2,25,0.00474902387503631,0.02839522862548016
neural_random_n3_s2,26,0.003862019452543575,0.02255827798534533
neural_random_n3_s2,27,0.0036976153211503862,0.023769059896148175
neural_random_n3_s2,28,0.0030966280623006873,0.023734910019875488
neural_random_n3_s2,29,0.003153087649435423,0.024807416474423652
neural_random_n3_s2,30,0.0031650044605442016,0.026602251282082892
neural_random_n3_s2,31,0.0028804541448341483,0.0277811163063605
neural_random_n3_s2,32,0.0029310949052171443,0.03095827175428976
neural_random_n3_s2,33,0.0030639848201649516,0.027558044791680485
neural_random_n3_s2,34,0.0024436397855059906,0.029471651919588424
neural_random_n3_s2,35,0.002428505867560212,0.028685870385215143
neural_random_n3_s2,36,0.0023714174097345933,0.02453417879865825
neural_random_n3_s2,37,0.0020374702898447376,0.02216348325516511
neural_random_n3_s2,38,0.0022411776987852207,0.02077038449758195
neural_random_n3_s2,39,0.0025592813704049715,0.015540136074843263
neural_random_n3_s2,40,0.0017881728391572487,0.011273258541418337
neural_random_n3_s2,41,0.0010808541187988414,0.00822047989419394
neural_random_n3_s2,42,0.001331397955597675,0.007190954588890373
neural_random_n3_s2,43,0.0016252379995540139,0.011929126448919395
neural_random_n3_s2,44,0.0015908108118385111,0.010422177554355021
neural_random_n3_s2,45,0.001461228770962934,0.0048619577368027005
neural_random_n3_s2,46,0.001439040817089213,0.015496605945742512
neural_random_n3_s2,47,0.0016828791538089632,0.009099124275587735
neural_random_n3_s2,48,0.0017049755558145572,0.013378474324524048
neural_random_n3_s2,49,0.0014527842593925807,0.010988020246521051
neural_random_n3_s2,50,0.001436176348769324,0.010415269786037979
neural_random_n3_s2,51,0.0011669920323601063,0.013748722836945757
neural_random_n3_s2,52,0.001185103099063963,0.00388332430054596
neural_random_n3_s2,53,0.0013484384910094033,0.006121430593871876
neural_random_n3_s2,54,0.0013631012883826682,0.00243645192337507
neural_random_n3_s2,55,0.0017194094808686557,0.008955261185951212
neural_random_n3_s2,56,0.0016085734599415268,0.0149676246179229
neural_random_n3_s2,57,0.0008140401292261117,0.001965116463523848
neural_random_n3_s2,58,0.001355024435682505,0.0015772697985337817
neural_random_n3_s2,59,0.0012492554906343963,0.006129479913804456
neural_random_n3_s2,60,0.0013840295668728023,0.004145522749211781
neural_random_n3_s2,61,0.0017525473761362336,0.004624109218447135
neural_random_n3_s2,62,0.0018299575603630957,0.008240980355158137
neural_random_n3_s2,63,0.0008183239339884574,0.005048281456421139
neural_random_n3_s2,64,0.0016725531222578542,0.010695625153281893
neural_random_n3_s2,65,0.0014265002038598314,0.0052208865106304755
neural_random_n3_s2,66,0.0013230125395701667,0.0019376960583144054
neural_random_n3_s2,67,0.0013180610869858863,0.0018303947286137962
neural_random_n3_s2,68,0.0014641612409745817,0.0033443628697178724
neural_random_n3_s2,69,0.0013146961216853003,0.012360581635744274
neural_random_n3_s2,70,0.001598917240014939,0.0037813045493844256
neural_random_n3_s2,71,0.001150975714322067,0.0030157539947832874
neural_random_n3_s2,72,0.0015319736264072065,0.007648905056700398
neural_random_n3_s2,73,0.0016922693803624247,0.00550955887055496
neural_random_n3_s2,74,0.001248409706567645,0.008060585211834344
neural_random_n3_s2,75,0.0014334603061418062,0.006335676502532712
neural_random_n3_s2,76,0.001566633980470484,0.004424658870566186
neural_random_n3_s2,77,0.0016163769037277624,0.00381811783063001
neural_random_n3_s2,78,0.0013186937172091644,0.0029742214638950764
neural_random_n3_s2,79,0.0013552084064746709,0.0031705380126428066
neural_random_n3_s2,80,0.0011163714250467121,0.005583913042643286
neural_random_n3_s2,81,0.0017626765686618773,0.006050685854736649
neural_random_n3_s2,82,0.001175181265267736,0.0023957098950191046
neural_random_n3_s2,83,0.0016910823690054755,0.0021248258166636736
neural_random_n3_s2,84,0.0011656212999340823,0.007268994417763424
neural_random_n3_s2,85,0.0013172695152067263,0.002664800023823969
neural_random_n3_s2,86,0.001659355126620596,0.0018484388155314872
neural_random_n3_s2,87,0.0011905049877093945,0.0018670810681280755
neural_random_n3_s2,88,0.0014072037533696155,0.010312529273528277
neural_random_n3_s2,89,0.001091587927428424,0.006350381953970857
neural_random_n3_s2,90,0.0013874715139177804,0.0032994772894726506
neural_random_n3_s2,91,0.0018851438775311434,0.002737306964077228
neural_random_n3_s2,92,0.0010994143713960204,0.003070775408142418
neural_random_n3_s2,93,0.0016699018151243095,0.0027738301018952
neural_random_n3_s2,94,0.0013252472703707498,0.0033423587346549798
neural_random_n3_s2,95,0.0011075741877751648,0.005119010178134998
neural_random_n3_s2,96,0.0012853399437024282,0.003189435338705317
neural_random_n3_s2,97,0.0013357819144429277,0.0030711554707231314
neural_random_n3_s2,98,0.0012988191645041654,0.002401107930331474
neural_random_n3_s2,99,0.0011672501291424397,0.002241921637531668
neural_random_n3_s2,100,0.0012857897129868283,0.00219601661405191
neural_random_n3_s2,101,0.0014010914338709742,0.005260905451544087
neural_random_n3_s2,102,0.0012702942501262974,0.007250753976240439
neural_random_n3_s2,103,0.001164739301919465,0.0025888724254265645
neural_random_n3_s2,104,0.0008010664453737753,0.005238285260030375
neural_random_n3_s2,105,0.0013185607709219976,0.0014529551051248543
neural_random_n3_s2,106,0.0012314669849705071,0.003013789506290646
neural_random_n3_s2,107,0.001886819285560767,0.0022639744944457987
neural_random_n3_s2,108,0.0014635996267781926,0.004110202150111533
neural_random_n3_s2,109,0.0011975259466392978,0.005321355454861729
neural_random_n3_s2,110,0.0015116862849199723,0.0038245312011456855
neural_random_n3_s2,111,0.0008367251987941764,0.003698088633680262
neural_random_n3_s2,112,0.0011943777681060817,0.0026071153996808467
neural_random_n3_s2,113,0.001020301306528718,0.010082629188954716
neural_random_n3_s2,114,0.0015920360261720366,0.00776794387189533
neural_random_n3_s2,115,0.0017688544406002313,0.0021011927244310533
neural_random_n3_s2,116,0.0011892257541377615,0.005077630867799039
neural_random_n3_s2,117,0.0013967439746911947,0.003177729726992157
neural_random_n3_s2,118,0.0013572339106760689,0.003704382435462861
neural_random_n3_s2,119,0.0010680553208878322,0.00421503422880995
neural_random_n3_s2,120,0.0012389413668465912,0.007506030976489049
neural_random_n3_s2,121,0.000987569679498939,0.004235081469465908
neural_random_n3_s2,122,0.0010832328896559261,0.004772828434505786
neural_random_n3_s2,123,0.001439096339257067,0.002593950694993956
neural_random_n3_s2,124,0.0007899951022170568,0.005276921475385347
neural_random_n3_s2,125,0.0008773268353654357,0.0023228909179742008
neural_random_n3_s2,126,0.000912331912991777,0.0017505051694588223
neural_random_n3_s2,127,0.001632584628406897,0.007697658962321502
neural_random_n3_s2,128,0.0011047618846300683,0.004601840358089921
neural_random_n3_s2,129,0.0013259628527305728,0.003478079737703921
neural_random_n3_s2,130,0.0009268790980700245,0.001730003522783863
neural_random_n3_s2,131,0.0016484105282856955,0.0019449239509899032
neural_random_n3_s2,132,0.001213957221909896,0.0042869417233157145
neural_random_n3_s2,133,0.0015249676612441713,0.002548572742796464
neural_random_n3_s2,134,0.0011186967764422273,0.006209085716859691
neural_random_n3_s2,135,0.0010140757648926415,0.0031365864468479248
neural_random_n3_s2,136,0.0013358063621665946,0.00607460042097588
neural_random_n3_s2,137,0.0011459008625606475,0.0049674726204434316
neural_random_n3_s2,138,0.0011212956186918007,0.007980174749369432
neural_random_n3_s2,139,0.0015389172382029243,0.0032953266541177507
neural_random_n3_s2,140,0.0013265554851016664,0.0026410418230051647
neural_random_n3_s2,141,0.0010133538061742513,0.0033196375359575334
neural_random_n3_s2,142,0.0010847585611899863,0.008080461652821226
neural_random_n3_s2,143,0.0007688309320082765,0.004151594204197895
neural_random_n3_s2,144,0.001375708107433106,0.007907447678699744
neural_random_n3_s2,145,0.0011216536026002497,0.005632287814290456
neural_random_n3_s2,146,0.0013408462918112426,0.004285437297193094
neural_random_n3_s2,147,0.0010481260885050023,0.006484904667324394
neural_random_n3_s2,148,0.0014734145855674389,0.008956030078150578
neural_random_n3_s2,149,0.0014937090759522458,0.005157464020754782
neural_random_n3_s2,150,0.0014727483831937372,0.0025950875876474357
neural_random_n3_s2,151,0.0012748072177584829,0.009214765390561862
neural_random_n3_s2,152,0.001024334321008791,0.006156043223540902
neural_random_n3_s2,153,0.0010413631748085804,0.0022475231514116865
neural_random_n3_s2,154,0.0011521921974845107,0.005730401994363297
neural_random_n3_s2,155,0.001037436806839323,0.00961506077845828
neural_random_n3_s2,156,0.0013735910328812832,0.005181656940197534
neural_random_n3_s2,157,0.0015735178420593443,0.0020865786993049767
neural_random_n3_s2,158,0.0012052374529068534,0.005427409563282024
neural_random_n3_s2,159,0.0011532458346910882,0.0026050634875623025
neural_random_n3_s2,160,0.0011486163093224388,0.007400829091783125
neural_random_n3_s2,161,0.0015441313351095105,0.002436313633164893
neural_random_n3_s2,162,0.0011906351078807352,0.00629904242879985
neural_random_n3_s2,163,0.0011946463637572213,0.0014766150778403255
neural_random_n3_s2,164,0.0013077742408854843,0.006401508835492757
neural_random_n3_s2,165,0.0015465346251587024,0.004560221627324738
neural_random_n3_s2,166,0.0011367731420967126,0.0040795972487039376
neural_random_n3_s2,167,0.001026140157443706,0.0046732946762003584
neural_random_n3_s2,168,0.0010025924847405535,0.0029250150856570158
neural_random_n3_s2,169,0.0012140580374534382,0.004752797789137872
neural_random_n3_s2,170,0.0013944099598421306,0.002137229887418275
neural_random_n3_s2,171,0.0009412576627228078,0.0031221671477222753
neural_random_n3_s2,172,0.0012871522036644433,0.012357851008197295
neural_random_n3_s2,173,0.0008895266315119064,0.003013619995380151
neural_random_n3_s2,174,0.0016457970732007836,0.005778177503567673
neural_random_n3_s2,175,0.0008516850180051545,0.005647894133409006
neural_random_n3_s2,176,0.001242659938227196,0.0035633614187212015
neural_random_n3_s2,177,0.0013127697515155732,0.007527141913625417
neural_random_n3_s2,178,0.0008713442352192896,0.005827700380725511
neural_random_n3_s2,179,0.0010446552386284248,0.005905351684753395
neural_random_n3_s2,180,0.0012149247818138615,0.0019050355051931551
neural_random_n3_s2,181,0.001502892352995411,0.0024778679594197263
neural_random_n3_s2,182,0.0012962207167099167,0.002059000544022891
neural_random_n3_s2,183,0.0009266496451235322,0.0022621015100551833
neural_random_n3_s2,184,0.001083361804664352,0.0035840023777375203
neural_random_n3_s2,185,0.001356177005189029,0.009072757400142921
neural_random_n3_s2,186,0.0011065519486886661,0.008972222892808747
neural_random_n3_s2,187,0.0007481895548180921,0.007658314552098088
neural_random_n3_s2,188,0.001545053521913443,0.0028642846549281624
neural_random_n3_s2,189,0.0010741524672848548,0.0019130395587142498
neural_random_n3_s2,190,0.0012830195048250037,0.002153181503318666
neural_random_n3_s2,191,0.001104308665148079,0.006927093712092239
neural_random_n3_s2,192,0.0008666418142088916,0.005137521155567658
neural_random_n3_s2,193,0.001011858942560629,0.008296324719645094
neural_random_n3_s2,194,0.0008249793221400172,0.0037136715469645917
neural_random_n3_s2,195,0.001343470872700637,0.003907715706714014
neural_random_n3_s2,196,0.0011011944089496977,0.004885302891928745
neural_random_n3_s2,197,0.0007450015140036808,0.0036088288051697474
neural_random_n3_s2,198,0.0009002929029169579,0.00891525116149919
neural_random_n3_s2,199,0.000707661895189335,0.0037487073168370024
neural_random_n3_s2,200,0.0012147373549748423,0.011956423411777013
neural_random_n3_s2,201,0.0012992028897290111,0.003526698896625477
neural_random_n3_s2,202,0.0003222752938867319,0.005545613454458704
neural_random_n3_s2,203,0.0010607875346610907,0.00463122352707066
neural_random_n3_s2,204,0.001072488354694274,0.0033326111485236258
neural_random_n3_s2,205,0.0011526508061201711,0.0067776059147998755
neural_random_n3_s2,206,0.001123210284699136,0.004800156020317413
neural_random_n3_s2,207,0.0011487678891161212,0.01189374066244937
neural_random_n3_s2,208,0.0012464079202638794,0.006078268854197597
neural_random_n3_s2,209,0.0012450806294125665,0.005721633370045166
neural_random_n3_s2,210,0.0012678600330616094,0.0038837151490362376
neural_random_n3_s2,211,0.001040689331146868,0.0055513523662974115
neural_random_n3_s2,212,0.0007601599448971404,0.003658159744711212
neural_random_n3_s2,213,0.0010131491263705085,0.017557801179204243
neural_random_n3_s2,214,0.0008732080755663313,0.0029020705186439456
neural_random_n3_s2,215,0.0008407887871522146,0.0047959714150112645
neural_random_n3_s2,216,0.001041367612185525,0.010726052752792984
neural_random_n3_s2,217,0.001346657632453075,0.0035722394295460203
neural_random_n3_s2,218,0.000854703019047382,0.008300096469605125
neural_random_n3_s2,219,0.0010576498570781165,0.012987042316783137
neural_random_n3_s2,220,0.0012895681126050894,0.01775707151189742
neural_random_n3_s2,221,0.0011701414460316784,0.007067451858497685
neural_random_n3_s2,222,0.0010087186413391552,0.0036402102676446582
neural_random_n3_s2,223,0.0008956217755761842,0.007652223516696169
neural_random_n3_s2,224,0.0011151223341436948,0.006805461661039847
neural_random_n3_s2,225,0.0011065486973752664,0.011802852967940033
neural_random_n3_s2,226,0.0006446074310331144,0.0054682139783493065
neural_random_n3_s2,227,0.0007694289100569054,0.006257693094164555
neural_random_n3_s2,228,0.0010757663688549595,0.004623157762497712
neural_random_n3_s2,229,0.0009661125649756992,0.0070303874606668145
neural_random_n3_s2,230,0.0011540799496401232,0.012723656777571672
neural_random_n3_s2,231,0.0010323092457750374,0.0027498154094830153
neural_random_n3_s2,232,0.0009873517560057682,0.0023116498258835727
neural_random_n3_s2,233,0.0008386573186890331,0.006972298787504646
neural_random_n3_s2,234,0.000977120707786444,0.007866809471295273
neural_random_n3_s2,235,0.0010734094505127868,0.004396444302315255
neural_random_n3_s2,236,0.0012260656159103966,0.0063002611052717815
neural_random_n3_s2,237,0.0006962663567752601,0.005065989026287555
neural_random_n3_s2,238,0.0008538312865190461,0.004099729146111323
neural_random_n3_s2,239,0.0009374958811774068,0.0019657894214773547
neural_random_n3_s2,240,0.0009235045931531531,0.011902073557767442
neural_random_n3_s2,241,0.0008447428975889212,0.002208547955600815
neural_random_n3_s2,242,0.001109105749476988,0.008629103100412533
neural_random_n3_s2,243,0.0010275371394707728,0.0052356057912469655
neural_random_n3_s2,244,0.001057075351351865,0.0034197805034315567
neural_random_n3_s2,245,0.0008797545324403319,0.004868606557032898
neural_random_n3_s2,246,0.001114290033030651,0.007181338751726358
neural_random_n3_s2,247,0.0007279625458840518,0.0021087567214256283
neural_random_n3_s2,248,0.000925564334792474,0.005018017404840618
neural_random_n3_s2,249,0.0009475850155567561,0.0037415603971984665
neural_random_n3_s2,250,0.0010255394963682746,0.003906321773684222
neural_random_n3_s2,251,0.0007999618475228791,0.002548109591195346
neural_random_n3_s2,252,0.0010588039184285846,0.003189152774747142
neural_random_n3_s2,253,0.0006835885135219193,0.0031001013210837963
neural_random_n3_s2,254,0.0011202175856017986,0.004540338991530876
neural_random_n3_s2,255,0.0010751124845762758,0.007866914099585938
neural_random_n3_s2,256,0.0009691569689659049,0.004473839255075573
neural_random_n3_s2,257,0.0005289908059597346,0.013303565318750975
neural_random_n3_s2,258,0.0009293007228066266,0.01484092695659225
neural_random_n3_s2,259,0.0009479197909067063,0.0014233682059310764
neural_random_n3_s2,260,0.0008627337003347725,0.004764866872688517
neural_random_n3_s2,261,0.0007923732453667051,0.003830472692906555
neural_random_n3_s2,262,0.0007406515048213914,0.012019620065769728
neural_random_n3_s2,263,0.0009868396804893432,0.004981755367295565
neural_random_n3_s2,264,0.0009013632247071254,0.00476980984619991
neural_random_n3_s2,265,0.0009304611315186822,0.011475174563237612
neural_random_n3_s2,266,0.0008788534194384421,0.003293788213108871
neural_random_n3_s2,267,0.0009146254304764024,0.0016851381882221428
neural_random_n3_s2,268,0.000939537808550853,0.003038591296663974
neural_random_n3_s2,269,0.0009628093612139258,0.007183672419919116
neural_random_n3_s2,270,0.0009371391219797285,0.003275580761214209
neural_random_n3_s2,271,0.0008948821055535761,0.013627053201352223
neural_random_n3_s2,272,0.0008989328585109182,0.00939863687599541
neural_random_n3_s2,273,0.0007760051383754269,0.0022798047607786574
neural_random_n3_s2,274,0.0009630930671806008,0.006691455561149256
neural_random_n3_s2,275,0.000807759346275265,0.015383306628215873
neural_random_n3_s2,276,0.0008714647180177465,0.0026281321628750707
neural_random_n3_s2,277,0.0009096299627877132,0.011479822059008006
neural_random_n3_s2,278,0.0012563533417210737,0.0047904521575776095
neural_random_n3_s2,279,0.0005984612723938964,0.0035800087038029907
neural_random_n3_s2,280,0.0008063886886641912,0.01196694083397193
neural_random_n3_s2,281,0.0009415610704608207,0.010317479619104883
neural_random_n3_s2,282,0.0007977891602105574,0.004701838037082894
neural_random_n3_s2,283,0.0007337751785698635,0.003835038325182227
neural_random_n3_s2,284,0.0007776636808289171,0.006515091873286162
neural_random_n3_s2,285,0.0005494647064126743,0.006510378218947154
neural_random_n3_s2,286,0.0009080217650254132,0.006214185793996437
neural_random_n3_s2,287,0.0008303195664960552,0.008727128910439889
neural_random_n3_s2,288,0.0007640265605104455,0.004990895032538928
neural_random_n3_s2,289,0.0009820768087025601,0.004015861216280749
neural_random_n3_s2,290,0.0008151188886457689,0.0027220520369524858
neural_random_n3_s2,291,0.0007613805386202387,0.0012140148422361086
neural_random_n3_s2,292,0.0011118765175216615,0.010242128589100723
neural_random_n3_s2,293,0.0008986962113297347,0.007512008345199318
neural_random_n3_s2,294,0.0008964477356947287,0.005624329539821605
neural_random_n3_s2,295,0.0008232812470020333,0.0013157982460110988
neural_random_n3_s2,296,0.0008976083025998327,0.00782881596953931
neural_random_n3_s2,297,0.0005398078130209906,0.011038289126443833
neural_random_n3_s2,298,0.0008252236423023143,0.007771266568569063
neural_random_n3_s2,299,0.0005934598138742226,0.004015762272341887
neural_random_n3_s2,300,0.00088916159574265,0.004581485776527552
neural_random_n3_s3,1,0.686147221288461,12.419503989752805
neural_random_n3_s3,2,0.025442429736669256,0.24308098075948234
neural_random_n3_s3,3,0.03660457116318908,0.578085528941678
neural_random_n3_s3,4,0.03735771203142317,0.4731032077731741
neural_random_n3_s3,5,0.0308345311950318,0.321265486629302
neural_random_n3_s3,6,0.022634623229332684,0.20968107894155594
neural_random_n3_s3,7,0.017806763238506253,0.12797689258108938
neural_random_n3_s3,8,0.013756631174213023,0.08359681312840149
neural_random_n3_s3,9,0.01251578892750485,0.06118520170695355
neural_random_n3_s3,10,0.012459205144536988,0.05811160804266645
neural_random_n3_s3,11,0.011430709184605712,0.057060394372247664
neural_random_n3_s3,12,0.012928424406279112,0.06772678106789126
neural_random_n3_s3,13,0.010816486408546107,0.06595691770295144
neural_random_n3_s3,14,0.010338504288946122,0.06742623433964953
neural_random_n3_s3,15,0.009102293721443656,0.06460530812437654
neural_random_n3_s3,16,0.01126596531263702,0.0727145370146541
neural_random_n3_s3,17,0.009634257993630317,0.067565649353078
neural_random_n3_s3,18,0.0072403561605345005,0.05709747847127762
neural_random_n3_s3,19,0.007149595560656058,0.05400269414063404
neural_random_n3_s3,20,0.006951145749258408,0.050834067170587895
neural_random_n3_s3,21,0.006749527629436163,0.046058408079888875
neural_random_n3_s3,22,0.005897324630689277,0.042981295275381914
neural_random_n3_s3,23,0.004181218201485557,0.03048301610830598
neural_random_n3_s3,24,0.004633968016236695,0.03299779986220177
neural_random_n3_s3,25,0.004657326811852229,0.02855079382193132
neural_random_n3_s3,26,0.003952977228490883,0.023281780047383814
neural_random_n3_s3,27,0.0036509385822490466,0.024526363955632603
neural_random_n3_s3,28,0.0032051837435012457,0.025665604711909932
neural_random_n3_s3,29,0.0032791646161998305,0.027273237344103023
neural_random_n3_s3,30,0.0032983181214960547,0.028577836338785467
neural_random_n3_s3,31,0.0030955736788222644,0.029579853526250578
neural_random_n3_s3,32,0.0028826043302266633,0.03238227893529106
neural_random_n3_s3,33,0.0032003475822341807,0.02838167828453314
neural_random_n3_s3,34,0.0024793764871156748,0.029603531256783354
neural_random_n3_s3,35,0.0023069042923550736,0.02815474052167835
neural_random_n3_s3,36,0.0023276859689552276,0.02352476144890826
neural_random_n3_s3,37,0.0019468842441557634,0.021000308390359487
neural_random_n3_s3,38,0.002084652661709429,0.01800574523457249
neural_random_n3_s3,39,0.002437565943373151,0.014869827807254038
neural_random_n3_s3,40,0.001815433757500336,0.010998434942213715
neural_random_n3_s3,41,0.001130950615872726,0.008527251625077694
neural_random_n3_s3,42,0.0013080175908550989,0.007256088241318228
neural_random_n3_s3,43,0.001669823014884492,0.012304753149245234
neural_random_n3_s3,44,0.0017566223172862207,0.010909718543668378
neural_random_n3_s3,45,0.0015340608732491636,0.006135859767226026
neural_random_n3_s3,46,0.0014214442514482385,0.014906552543186423
neural_random_n3_s3,47,0.0016887370787150762,0.008123814036886702
neural_random_n3_s3,48,0.0016684513778218103,0.012749579719862986
neural_random_n3_s3,49,0.0013863439348351385,0.009981753140243587
neural_random_n3_s3,50,0.0013856083725086164,0.009504427090334666
neural_random_n3_s3,51,0.0011970721265076147,0.013413411923437348
neural_random_n3_s3,52,0.001230429878701252,0.0037004234596912573
neural_random_n3_s3,53,0.0013220376340185656,0.00603964358687105
neural_random_n3_s3,54,0.0013419344073834878,0.002536620335537552
neural_random_n3_s3,55,0.0017329058339974504,0.008750283785228737
neural_random_n3_s3,56,0.001602039485087789,0.015214495851875365
neural_random_n3_s3,57,0.0008610698167503245,0.0017083272761829948
neural_random_n3_s3,58,0.0013868913418808736,0.001541144180347788
neural_random_n3_s3,59,0.0012315118616171865,0.004927722401052732
neural_random_n3_s3,60,0.0014675419763520035,0.003594208207551908
neural_random_n3_s3,61,0.0017528565313579794,0.004609014137062093
neural_random_n3_s3,62,0.0018359324648299384,0.007902560770346788
neural_random_n3_s3,63,0.0008541954249312796,0.006703795000715651
neural_random_n3_s3,64,0.001764070180630627,0.010252091272187505
neural_random_n3_s3,65,0.0013877801126128586,0.005828763131762728
neural_random_n3_s3,66,0.0013544384564299328,0.0018966855494722957
neural_random_n3_s3,67,0.0012777538799016394,0.0020068557925287996
neural_random_n3_s3,68,0.0015117559980251266,0.0027951085043144987
neural_random_n3_s3,69,0.00136763837470244,0.012217187637878798
neural_random_n3_s3,70,0.0016053883047699644,0.003983489552923723
neural_random_n3_s3,71,0.0011801170533465967,0.002842711242389319
neural_random_n3_s3,72,0.0015287108385310716,0.008091077200883643
neural_random_n3_s3,73,0.001736194930111363,0.005537955022074296
neural_random_n3_s3,74,0.0011906923433711964,0.007408534645931077
neural_random_n3_s3,75,0.0015199063727578455,0.00697724026455975
neural_random_n3_s3,76,0.0015249075997150697,0.004669600014550295
neural_random_n3_s3,77,0.0016390538534043094,0.0037305931869784682
neural_random_n3_s3,78,0.0013088249613408666,0.003003936176231627
neural_random_n3_s3,79,0.0013138543930686455,0.0036066441251562634
neural_random_n3_s3,80,0.0011237917233252197,0.00607083788463767
neural_random_n3_s3,81,0.0018371714321273225,0.006024058972889674
neural_random_n3_s3,82,0.0012322198314227086,0.0028513752452083746
neural_random_n3_s3,83,0.0016767124895183015,0.002264874537351129
neural_random_n3_s3,84,0.001175306345937261,0.007647223686355327
neural_random_n3_s3,85,0.0013456163675055178,0.0031582289137434202
neural_random_n3_s3,86,0.0016849527357193862,0.0019617525836265744
neural_random_n3_s3,87,0.0012195205037296537,0.002438742297847745
neural_random_n3_s3,88,0.001383446739101829,0.010246400353856574
neural_random_n3_s3,89,0.0011111434277817538,0.00611643057245187
neural_random_n3_s3,90,0.0014414448860482864,0.003264066771005943
neural_random_n3_s3,91,0.001874553643550713,0.0028006042779056424
neural_random_n3_s3,92,0.001127784222191475,0.003153681386137728
neural_random_n3_s3,93,0.001740028786608322,0.002661133009715808
neural_random_n3_s3,94,0.0013716133048292398,0.0037849410771162344
neural_random_n3_s3,95,0.0011207113586337407,0.004443909895372853
neural_random_n3_s3,96,0.0012855240216818364,0.003945625356867259
neural_random_n3_s3,97,0.0013089341966204808,0.0027422695919537944
neural_random_n3_s3,98,0.0012807990815114838,0.0022845278783118757
neural_random_n3_s3,99,0.0012170016180065716,0.0021138923381304885
neural_random_n3_s3,100,0.0013603460888047848,0.0022808034586042007
neural_random_n3_s3,101,0.00151521026317536,0.0051454237061219765
neural_random_n3_s3,102,0.0013246674903923288,0.00730483508806426
neural_random_n3_s3,103,0.0011432139830526353,0.0032281471508016956
neural_random_n3_s3,104,0.0008711517353673403,0.003150995544668101
neural_random_n3_s3,105,0.0013170962584887137,0.0014958400524437987
neural_random_n3_s3,106,0.001280206390342932,0.002794239863284151
neural_random_n3_s3,107,0.0018150945944516107,0.0022997784181782474
neural_random_n3_s3,108,0.001558340090685486,0.003972971817217229
neural_random_n3_s3,109,0.0012315060771834142,0.006607858357423494
neural_random_n3_s3,110,0.0015833824590806066,0.004348825037969898
neural_random_n3_s3,111,0.0008645816300682682,0.004017187032674084
neural_random_n3_s3,112,0.0011906915637241665,0.00238336916953905
neural_random_n3_s3,113,0.000958933349538175,0.009150871239479568
neural_random_n3_s3,114,0.0015620728749601862,0.008002555923706757
neural_random_n3_s3,115,0.001751429591235626,0.00258240352491311
neural_random_n3_s3,116,0.0012031906914442753,0.004737589965823085
neural_random_n3_s3,117,0.0014441044861655632,0.0034263892494230874
neural_random_n3_s3,118,0.0013760276724516442,0.0038758065184349858
neural_random_n3_s3,119,0.0011409702997657336,0.004364949664382927
neural_random_n3_s3,120,0.0012497344503052264,0.007995330112255563
neural_random_n3_s3,121,0.0010242393440821674,0.003705234924224087
neural_random_n3_s3,122,0.001043487232634435,0.004719859587327556
neural_random_n3_s3,123,0.001469069738293018,0.002392639934777519
neural_random_n3_s3,124,0.0008682393945534702,0.00439100699663934
neural_random_n3_s3,125,0.0008755220277531797,0.0028542198935883846
neural_random_n3_s3,126,0.0009140144564759489,0.0020140464762493514
neural_random_n3_s3,127,0.0016543170400603088,0.007510798805723614
neural_random_n3_s3,128,0.0010406256954748633,0.004451688132590196
neural_random_n3_s3,129,0.0013262280953363398,0.0027416454248142762
neural_random_n3_s3,130,0.0009247951358318204,0.0013444827559342387
neural_random_n3_s3,131,0.0016328271097537526,0.002153658704400133
neural_random_n3_s3,132,0.0012828225754400945,0.0033487078539219633
neural_random_n3_s3,133,0.0014989084683913495,0.003198352094816978
neural_random_n3_s3,134,0.001267149551494122,0.00823205339575106
neural_random_n3_s3,135,0.0010103059651423274,0.003999841730572622
neural_random_n3_s3,136,0.0013516034300411943,0.0062559193120322425
neural_random_n3_s3,137,0.0012295105658192273,0.005214339634460507
neural_random_n3_s3,138,0.001136747118261247,0.007556083363921106
neural_random_n3_s3,139,0.0014988792400064414,0.0029231072120350842
neural_random_n3_s3,140,0.0014592125463220261,0.0020601417630439194
neural_random_n3_s3,141,0.0009988413654554334,0.0030395857723616022
neural_random_n3_s3,142,0.001076366135416362,0.007918871220748615
neural_random_n3_s3,143,0.0007711661399873564,0.003928429649793971
neural_random_n3_s3,144,0.0013531424748238297,0.007111837101068758
neural_random_n3_s3,145,0.0011645993463796607,0.006357589679294262
neural_random_n3_s3,146,0.0013616275257324212,0.004546553904422055
neural_random_n3_s3,147,0.0010145007522270528,0.006424602843696008
neural_random_n3_s3,148,0.0015372885075422519,0.00833078764519686
neural_random_n3_s3,149,0.0014560328193245341,0.005678080207936618
neural_random_n3_s3,150,0.001452624906246325,0.0026745191784269097
neural_random_n3_s3,151,0.001310351492667717,0.009719532481412581
neural_random_n3_s3,152,0.001039695287816343,0.006698994579298105
neural_random_n3_s3,153,0.0011533969083023872,0.0016075804834072864
neural_random_n3_s3,154,0.001159551986923659,0.005653953401625174
neural_random_n3_s3,155,0.001095711215413943,0.010152664572657418
neural_random_n3_s3,156,0.0012820567169681413,0.0040672369023913146
neural_random_n3_s3,157,0.0014584767203072446,0.002134511072543753
neural_random_n3_s3,158,0.0012010595296001554,0.005549489735898147
neural_random_n3_s3,159,0.0011597909307057934,0.0027892840403964114
neural_random_n3_s3,160,0.0010785123604871228,0.007413490135850602
neural_random_n3_s3,161,0.0014950181006775855,0.0027739343946299776
neural_random_n3_s3,162,0.0012625826189258016,0.004205783907686118
neural_random_n3_s3,163,0.0011284050617180492,0.0013517867102412976
neural_random_n3_s3,164,0.0012277474763580933,0.005679516646301185
neural_random_n3_s3,165,0.0014811549567255314,0.00516612766585929
neural_random_n3_s3,166,0.0012145542998663818,0.003902104812331415
neural_random_n3_s3,167,0.0011330061275138241,0.005386220520854285
neural_random_n3_s3,168,0.0010110721130894716,0.002950684398190132
neural_random_n3_s3,169,0.0011934607129633137,0.005159414500603339
neural_random_n3_s3,170,0.001356106311745654,0.0025005562208524324
neural_random_n3_s3,171,0.0009972941014705031,0.003798316416333844
neural_random_n3_s3,172,0.0013506364974816964,0.012599023218422224
neural_random_n3_s3,173,0.0008439605865189275,0.002464530210804086
neural_random_n3_s3,174,0.0016046919736514573,0.00658662777956554
neural_random_n3_s3,175,0.0008311236423569048,0.007336072057509224
neural_random_n3_s3,176,0.0012568803407961074,0.004035103453569616
neural_random_n3_s3,177,0.0013120454323812978,0.00666785887585605
neural_random_n3_s3,178,0.0009726444058861834,0.007089486747443489
neural_random_n3_s3,179,0.0010478543414774663,0.006720422358533492
neural_random_n3_s3,180,0.0011255089556079744,0.001880745113278439
neural_random_n3_s3,181,0.0014592737514573706,0.003632022476760249
neural_random_n3_s3,182,0.0012279193564987963,0.003117689525125688
neural_random_n3_s3,183,0.0008772303555137104,0.0018352338521628558
neural_random_n3_s3,184,0.0010678476318471538,0.0036222034985825373
neural_random_n3_s3,185,0.0013611502562208937,0.01023203911879733
neural_random_n3_s3,186,0.0012098671411723979,0.00762721686720035
neural_random_n3_s3,187,0.0007846399371112001,0.009585487782700595
neural_random_n3_s3,188,0.0014809708485884886,0.0029250661016920958
neural_random_n3_s3,189,0.0011548441369824568,0.0021300665290731784
neural_random_n3_s3,190,0.00131036504119851,0.002342325975775748
neural_random_n3_s3,191,0.0010649709685968888,0.005472472994732903
neural_random_n3_s3,192,0.0007233117066979404,0.0047358874684900795
neural_random_n3_s3,193,0.001040844921868404,0.008778356953291972
neural_random_n3_s3,194,0.0007380018592220463,0.004617209217775476
neural_random_n3_s3,195,0.0012794714908904083,0.003826661312530632
neural_random_n3_s3,196,0.0011008083584454998,0.003849033870972618
neural_random_n3_s3,197,0.0007024284622482851,0.004697556449040521
neural_random_n3_s3,198,0.000948473843098445,0.008837074752564206
neural_random_n3_s3,199,0.0007106784243109155,0.004258356586934117
neural_random_n3_s3,200,0.0011355416540466897,0.011907458045839786
neural_random_n3_s3,201,0.0013479625458004886,0.003946444044542674
neural_random_n3_s3,202,0.00036773916956549675,0.005799047712164025
neural_random_n3_s3,203,0.0010308980789764414,0.00444721552538674
neural_random_n3_s3,204,0.0011018765636893791,0.0040477475268334735
neural_random_n3_s3,205,0.0012092116999746533,0.0064502553004522276
neural_random_n3_s3,206,0.0012141504450682134,0.005819410881820848
neural_random_n3_s3,207,0.0010689691748969345,0.01362381076946048
neural_random_n3_s3,208,0.001193675112311606,0.006632707132665736
neural_random_n3_s3,209,0.0011906283490837198,0.006498610483279976
neural_random_n3_s3,210,0.0011786153004828162,0.003871782651911217
neural_random_n3_s3,211,0.0010267184939834182,0.005339055837385575
neural_random_n3_s3,212,0.0007039486511314045,0.0038976126815925003
neural_random_n3_s3,213,0.0010353524770941459,0.018238538954884965
neural_random_n3_s3,214,0.0008635070671476604,0.0030784968703776645
neural_random_n3_s3,215,0.0008465196866582572,0.0057043582633896864
neural_random_n3_s3,216,0.0010244772909027533,0.009399157815080567
neural_random_n3_s3,217,0.0013020310280076474,0.0037493838335416756
neural_random_n3_s3,218,0.0009026857030117508,0.008978632358691207
neural_random_n3_s3,219,0.0010175785399215078,0.012873233047451638
neural_random_n3_s3,220,0.0012820276811395172,0.018203892434792972
neural_random_n3_s3,221,0.0012093790558109004,0.0071001314564296545
neural_random_n3_s3,222,0.0009842366307641437,0.0034299699792898464
neural_random_n3_s3,223,0.0008414696458040111,0.008197421614840453
neural_random_n3_s3,224,0.0010823052727826454,0.006410039601546058
neural_random_n3_s3,225,0.0010263108541989517,0.010880866644480392
neural_random_n3_s3,226,0.0006524668421486307,0.005654619720550396
neural_random_n3_s3,227,0.0007348816396197565,0.0072065580156871825
neural_random_n3_s3,228,0.0009499698363486668,0.004939268295154278
neural_random_n3_s3,229,0.0009705957019071328,0.005883484278145798
neural_random_n3_s3,230,0.0010931675969876654,0.013601307675189618
neural_random_n3_s3,231,0.0009670199403730372,0.0026658227112159208
neural_random_n3_s3,232,0.0009636181262289982,0.0028204956597907434
neural_random_n3_s3,233,0.0008261704376461532,0.0076858175469472585
neural_random_n3_s3,234,0.000923772524587512,0.0075634763205367625
neural_random_n3_s3,235,0.0010279398039452709,0.005723906173071628
neural_random_n3_s3,236,0.0012192225714706272,0.007406909608093569
neural_random_n3_s3,237,0.0006751056624047037,0.0034677100022779328
neural_random_n3_s3,238,0.0007935296647723644,0.003362688489725069
neural_random_n3_s3,239,0.0008534875684636629,0.001485711387942784
neural_random_n3_s3,240,0.0009349346898768072,0.012455439769734969
neural_random_n3_s3,241,0.0008216600208880383,0.0027743280845143304
neural_random_n3_s3,242,0.001006748883427402,0.006189566144334108
neural_random_n3_s3,243,0.0010283722574874405,0.007704668249348569
neural_random_n3_s3,244,0.0009491217022308862,0.005289227157944711
neural_random_n3_s3,245,0.0008703671668409069,0.003800086012910393
neural_random_n3_s3,246,0.001071018744218346,0.008752910967646268
neural_random_n3_s3,247,0.0007113639081527329,0.002216252088538563
neural_random_n3_s3,248,0.0008650490064738924,0.004885675792818094
neural_random_n3_s3,249,0.0010019979321674048,0.007967534377454451
neural_random_n3_s3,250,0.000994120301859507,0.004602536823301838
neural_random_n3_s3,251,0.0008321929864553848,0.0029519140920413415
neural_random_n3_s3,252,0.001010647014212365,0.003382203862229311
neural_random_n3_s3,253,0.0006275636148467103,0.00281844973111487
neural_random_n3_s3,254,0.0010497120889485247,0.003117105287473733
neural_random_n3_s3,255,0.0010896499849453749,0.009453648095917783
neural_random_n3_s3,256,0.0009104225274292241,0.005930321000557675
neural_random_n3_s3,257,0.00048724401389871477,0.01223184270998573
neural_random_n3_s3,258,0.0008736805843211114,0.016249429534728542
neural_random_n3_s3,259,0.0009976153608497154,0.0018863302304791797
neural_random_n3_s3,260,0.000809331425837233,0.004384599554448102
neural_random_n3_s3,261,0.0007014149894807907,0.004268024801654815
neural_random_n3_s3,262,0.0006781164646289244,0.008707462191571761
neural_random_n3_s3,263,0.0009678364700166276,0.005125166821875694
neural_random_n3_s3,264,0.0007841304949568404,0.005214444238763564
neural_random_n3_s3,265,0.0008819475756998313,0.012162718237203938
neural_random_n3_s3,266,0.0009358179498617875,0.004580050205580834
neural_random_n3_s3,267,0.0008166611576985392,0.0034511516621645384
neural_random_n3_s3,268,0.0008838927847585326,0.002007218706258865
neural_random_n3_s3,269,0.0008915656326481447,0.005875675504164411
neural_random_n3_s3,270,0.0008243654113725574,0.0032336353922763805
neural_random_n3_s3,271,0.0008277050182133614,0.01340180068841205
neural_random_n3_s3,272,0.0008369368822043009,0.012068882531892327
neural_random_n3_s3,273,0.000734242787307055,0.002924851579357929
neural_random_n3_s3,274,0.0009015455890770605,0.005829285689756497
neural_random_n3_s3,275,0.0008179631684556542,0.013511372222346529
neural_random_n3_s3,276,0.0007162904672624661,0.002435619537101937
neural_random_n3_s3,277,0.0007931983303183838,0.008346519242409985
neural_random_n3_s3,278,0.0011485503918073885,0.0034457655955523374
neural_random_n3_s3,279,0.0005515465653104821,0.0018685169534406077
neural_random_n3_s3,280,0.0007599871731986704,0.011312872396023696
neural_random_n3_s3,281,0.0008881545632584628,0.012392552243560237
neural_random_n3_s3,282,0.0006064017751177025,0.0047949133361554885
neural_random_n3_s3,283,0.0006835110987270784,0.0025375973712617357
neural_random_n3_s3,284,0.0006832631218938605,0.006272592817446163
neural_random_n3_s3,285,0.00048191777342713066,0.004414778042136397
neural_random_n3_s3,286,0.0008010124507007181,0.0063240260532656314
neural_random_n3_s3,287,0.0007644575722417348,0.007948243740099106
neural_random_n3_s3,288,0.0006860466580744024,0.00618281019722116
neural_random_n3_s3,289,0.0007999441163861195,0.0022072682935189098
neural_random_n3_s3,290,0.0008159372607431658,0.0022466463550433625
neural_random_n3_s3,291,0.0006906898482621022,0.0035606255114764463
neural_random_n3_s3,292,0.0009299576897826421,0.008891050887088659
neural_random_n3_s3,293,0.0007695996887173825,0.007470606840268336
neural_random_n3_s3,294,0.0007534426174782876,0.0037013407429914904
neural_random_n3_s3,295,0.000729490330834712,0.0019290037619373397
neural_random_n3_s3,296,0.0007108606742204179,0.005670672752529125
neural_random_n3_s3,297,0.0005956167175019836,0.013562948369213334
neural_random_n3_s3,298,0.00076071401596393,0.005751812616600311
neural_random_n3_s3,299,0.0005630187230238346,0.0018133543763626835
neural_random_n3_s3,300,0.0007873138560140228,0.004869728236795105
neural_smooth_b10,1,0.7116740597286642,12.953068486802184
neural_smooth_b10,2,0.04673305599759118,0.3151391938932546
neural_smooth_b10,3,0.04858196897185925,0.5266597330439202
neural_smooth_b10,4,0.051547791668544854,0.454112596769926
neural_smooth_b10,5,0.038581327882961536,0.3200734878977221
neural_smooth_b10,6,0.034837439533429264,0.24545797832152777
neural_smooth_b10,7,0.026487880237800413,0.16621790874413137
neural_smooth_b10,8,0.02076134928001972,0.11161126762333469
neural_smooth_b10,9,0.018608803799598207,0.08130221553055966
neural_smooth_b10,10,0.01722273585450138,0.06133471482882662
neural_smooth_b10,11,0.01600783385125628,0.05701106836959584
neural_smooth_b10,12,0.017383515556874105,0.06518896873086752
neural_smooth_b10,13,0.01481001291447729,0.06700996108207175
neural_smooth_b10,14,0.015045198450729052,0.06912999648306434
neural_smooth_b10,15,0.01468987206337081,0.06884875201087384
neural_smooth_b10,16,0.01599537395693502,0.07834091076051927
neural_smooth_b10,17,0.013973670467455433,0.07196806863948478
neural_smooth_b10,18,0.011121646253245852,0.0643038576604265
neural_smooth_b10,19,0.012063747042520424,0.06078566604337269
neural_smooth_b10,20,0.0108706174770495,0.056271639891330494
neural_smooth_b10,21,0.01007855503567398,0.053556353295864716
neural_smooth_b10,22,0.009667388670645151,0.048839026168460205
neural_smooth_b10,23,0.0069449104400811975,0.034792915720979666
neural_smooth_b10,24,0.008020000278738426,0.03748619920847965
neural_smooth_b10,25,0.007629456916808563,0.03179681831284682
neural_smooth_b10,26,0.006090748020092886,0.025267878115187103
neural_smooth_b10,27,0.006110697352903254,0.027101436725615883
neural_smooth_b10,28,0.00582478280199186,0.030222034555938512
neural_smooth_b10,29,0.005651286660694868,0.030554981082355496
neural_smooth_b10,30,0.0055387124423404025,0.03250741810661257
neural_smooth_b10,31,0.005335868274953289,0.034044194550570596
neural_smooth_b10,32,0.005209592788744474,0.037855599600801294
neural_smooth_b10,33,0.005456326184556611,0.032700653663301035
neural_smooth_b10,34,0.005069240222424675,0.03883662288392214
neural_smooth_b10,35,0.0042489144191894075,0.03342179954663539
neural_smooth_b10,36,0.004258886519925588,0.026351476055082874
neural_smooth_b10,37,0.004202936217235498,0.027062395397827663
neural_smooth_b10,38,0.0038053819755233583,0.020656401397753064
neural_smooth_b10,39,0.004335798283922304,0.0167143334008694
neural_smooth_b10,40,0.00374033195682808,0.013265237842119764
neural_smooth_b10,41,0.0024877336411224704,0.00907748800602621
neural_smooth_b10,42,0.0027557167454357145,0.008735572985650133
neural_smooth_b10,43,0.0037118674112216303,0.01327468339498159
neural_smooth_b10,44,0.0035771724262455735,0.012774486212847025
neural_smooth_b10,45,0.0030477703591362125,0.007365213765350338
neural_smooth_b10,46,0.0032199008764509417,0.01509400675281017
neural_smooth_b10,47,0.003222835560076512,0.009235311741464249
neural_smooth_b10,48,0.003298799563085967,0.014375840650390192
neural_smooth_b10,49,0.003155497241163453,0.00929144672780115
neural_smooth_b10,50,0.002810652255882803,0.009874403154409253
neural_smooth_b10,51,0.0025834196298965386,0.012483095098955531
neural_smooth_b10,52,0.002562713327668721,0.0033353790135837325
neural_smooth_b10,53,0.0029919998657819335,0.004118311000669724
neural_smooth_b10,54,0.003163747646061168,0.0031907537775925847
neural_smooth_b10,55,0.0033893322002620176,0.011645782347683606
neural_smooth_b10,56,0.00290149969777356,0.017075288125849394
neural_smooth_b10,57,0.0021446899577697606,0.004104481984073219
neural_smooth_b10,58,0.0031038176156978677,0.005064818426998885
neural_smooth_b10,59,0.0026651308905832156,0.00750794526555604
neural_smooth_b10,60,0.003055574842442795,0.006402756587429114
neural_smooth_b10,61,0.003414381251103549,0.006377093185592522
neural_smooth_b10,62,0.003552197677010046,0.009481072372651358
neural_smooth_b10,63,0.0024647394463286746,0.0064947873770643885
neural_smooth_b10,64,0.0031934834263850445,0.011088980780300026
neural_smooth_b10,65,0.0030449239246801503,0.006706484734551529
neural_smooth_b10,66,0.0026210276774870935,0.002898201836867775
neural_smooth_b10,67,0.0029865294860453788,0.0032001002291946997
neural_smooth_b10,68,0.003151038632037992,0.00404658258434966
neural_smooth_b10,69,0.0025734453217016355,0.011329183360868396
neural_smooth_b10,70,0.0031694618889539826,0.00438172966745626
neural_smooth_b10,71,0.0026838349427890833,0.003572412510410234
neural_smooth_b10,72,0.0032704984423918343,0.009392619067084843
neural_smooth_b10,73,0.0029327118065482697,0.004678858024362308
neural_smooth_b10,74,0.002871543488533929,0.006752977123707508
neural_smooth_b10,75,0.0027792041240128004,0.006536448258359482
neural_smooth_b10,76,0.0029369999416943788,0.005236012518346326
neural_smooth_b10,77,0.0032367396993137074,0.002798069540988
neural_smooth_b10,78,0.003025166844502365,0.0032622187501192127
neural_smooth_b10,79,0.0031868170132217503,0.004131416171802828
neural_smooth_b10,80,0.002717792391136921,0.007105960914153499
neural_smooth_b10,81,0.003533390816293304,0.007101021626987057
neural_smooth_b10,82,0.0025096929979068414,0.0030906089472100924
neural_smooth_b10,83,0.0036081698607656823,0.003331997549851754
neural_smooth_b10,84,0.0027758177110684345,0.008459526359395852
neural_smooth_b10,85,0.0026111842974591215,0.002666516077638373
neural_smooth_b10,86,0.0033659179053572453,0.0029542863577919857
neural_smooth_b10,87,0.002628406637013695,0.0024095724041100163
neural_smooth_b10,88,0.003068801920933528,0.008655477347991608
neural_smooth_b10,89,0.0027215439040029553,0.00458076789950489
neural_smooth_b10,90,0.0027809270423921786,0.002653604767815205
neural_smooth_b10,91,0.003780144306236535,0.003515118893326014
neural_smooth_b10,92,0.00266736963778037,0.0036980643009639986
neural_smooth_b10,93,0.0030747810567343823,0.0028876791610962568
neural_smooth_b10,94,0.003080498470142862,0.00415955812894653
neural_smooth_b10,95,0.0026229456324412064,0.005643008001773192
neural_smooth_b10,96,0.0029725231337902227,0.006422416439278466
neural_smooth_b10,97,0.0026783754858474857,0.0032281512653142145
neural_smooth_b10,98,0.002574091761325946,0.003140198049360145
neural_smooth_b10,99,0.002649196960759656,0.002468488510187879
neural_smooth_b10,100,0.0027577642288023085,0.0021183450731418092
neural_smooth_b10,101,0.0029253736202258765,0.0039023906607619312
neural_smooth_b10,102,0.00272694509447301,0.006813026053518853
neural_smooth_b10,103,0.002601934636836485,0.0032892848910067874
neural_smooth_b10,104,0.0022207937498455975,0.004891213928909763
neural_smooth_b10,105,0.0029326646009166734,0.0032217650460051733
neural_smooth_b10,106,0.0025790840682667396,0.002638959170642736
neural_smooth_b10,107,0.003750330029044262,0.0029417559497181226
neural_smooth_b10,108,0.003180080991357767,0.004961597622762984
neural_smooth_b10,109,0.002799534644823578,0.004487719006835313
neural_smooth_b10,110,0.0028597711928463367,0.004624742925731112
neural_smooth_b10,111,0.002136427827147823,0.00407575603035782
neural_smooth_b10,112,0.002900454849508013,0.0025333437859693876
neural_smooth_b10,113,0.0026314782780729492,0.007051539779645996
neural_smooth_b10,114,0.0031943615169493004,0.006179576534165559
neural_smooth_b10,115,0.0033492460304076054,0.0023580015885817374
neural_smooth_b10,116,0.0029364066595983563,0.005027503642672466
neural_smooth_b10,117,0.0030285083477735487,0.003816675615740325
neural_smooth_b10,118,0.0027008557715424565,0.003307033487801168
neural_smooth_b10,119,0.002454655367994743,0.003233231710019677
neural_smooth_b10,120,0.0027679214266682953,0.007283156075265163
neural_smooth_b10,121,0.002286960400065147,0.0036901986809070426
neural_smooth_b10,122,0.0024608494231541877,0.005236154328700288
neural_smooth_b10,123,0.0032244351653826467,0.003348547465623913
neural_smooth_b10,124,0.0020835145699816494,0.004382498333499414
neural_smooth_b10,125,0.002268541409979568,0.0026193387577834715
neural_smooth_b10,126,0.002169675831242556,0.0024005253814146066
neural_smooth_b10,127,0.0030784901292215906,0.005874507393231747
neural_smooth_b10,128,0.002760508319875741,0.0035602511433228093
neural_smooth_b10,129,0.002990598149439353,0.002701465549707168
neural_smooth_b10,130,0.002480206110166291,0.002627208179212826
neural_smooth_b10,131,0.003208707276697646,0.0026802483684893953
neural_smooth_b10,132,0.002607068939293719,0.003426140792470992
neural_smooth_b10,133,0.002881645170457568,0.0033215815757467646
neural_smooth_b10,134,0.0028821201977189104,0.005750220646397878
neural_smooth_b10,135,0.0024445247286765115,0.00449848898184837
neural_smooth_b10,136,0.002729696255969611,0.004943192482382984
neural_smooth_b10,137,0.002585089348506785,0.004445715031599958
neural_smooth_b10,138,0.0023538564905982483,0.005995392395629505
neural_smooth_b10,139,0.003186930479760986,0.002861923087498452
neural_smooth_b10,140,0.002987637091266829,0.001735080672733538
neural_smooth_b10,141,0.002184652025855464,0.0037823205989225245
neural_smooth_b10,142,0.0026176057155849006,0.006258560604092466
neural_smooth_b10,143,0.0024628120944287972,0.0038252461134437696
neural_smooth_b10,144,0.002884172797342386,0.006912536907836545
neural_smooth_b10,145,0.0027121188008988268,0.00514136957666954
neural_smooth_b10,146,0.002847028731095617,0.003405663696913689
neural_smooth_b10,147,0.0026103991752321723,0.004674864334091151
neural_smooth_b10,148,0.0030838685415289745,0.007869650307978168
neural_smooth_b10,149,0.0027660198191955623,0.0035366000889572027
neural_smooth_b10,150,0.0029747034500500567,0.002291360035442625
neural_smooth_b10,151,0.002939812312864343,0.007918656739897076
neural_smooth_b10,152,0.002394332400226801,0.0054744431236229425
neural_smooth_b10,153,0.002414814181088732,0.0015329345903153197
neural_smooth_b10,154,0.0026615597891046115,0.00366417880411635
neural_smooth_b10,155,0.0028871580112331844,0.008170195023288128
neural_smooth_b10,156,0.002876266534008512,0.0029154803246316434
neural_smooth_b10,157,0.00307733756811134,0.002214119638644796
neural_smooth_b10,158,0.002811263259122191,0.004779517270536762
neural_smooth_b10,159,0.002475013582869407,0.002497539897299086
neural_smooth_b10,160,0.0025995506974848116,0.004259763479602881
neural_smooth_b10,161,0.0030912332800524345,0.002458909340743437
neural_smooth_b10,162,0.0026473968612441405,0.0028777604680597733
neural_smooth_b10,163,0.0026649852094208274,0.001895651316585806
neural_smooth_b10,164,0.00274782081033798,0.0047278572938083555
neural_smooth_b10,165,0.0033536334412773883,0.004677401031064393
neural_smooth_b10,166,0.002574199519104367,0.004294241992816313
neural_smooth_b10,167,0.0026505753779336684,0.00453595348650248
neural_smooth_b10,168,0.002620106359932481,0.0022215820444765446
neural_smooth_b10,169,0.002628386432731647,0.004167378264984802
neural_smooth_b10,170,0.003177531487257012,0.003558904930339707
neural_smooth_b10,171,0.0024513748436703147,0.003519942927485055
neural_smooth_b10,172,0.0028031051117286135,0.010385748323022784
neural_smooth_b10,173,0.002288243443427428,0.002146252695954204
neural_smooth_b10,174,0.003437176187859966,0.006563624664117958
neural_smooth_b10,175,0.0025687381977538533,0.00521888971148948
neural_smooth_b10,176,0.002998487842157612,0.002522170801036672
neural_smooth_b10,177,0.002780053539635029,0.005724662895976557
neural_smooth_b10,178,0.0023370347853686733,0.0048342959008050015
neural_smooth_b10,179,0.0026157671995219543,0.004854661323310639
neural_smooth_b10,180,0.002755305835552998,0.0019186728892701052
neural_smooth_b10,181,0.0032007933708433547,0.002612794653118828
neural_smooth_b10,182,0.0030122745520521055,0.0035395165870225577
neural_smooth_b10,183,0.0026844160483232983,0.00326076067184182
neural_smooth_b10,184,0.0027538946259418593,0.004254599056170803
neural_smooth_b10,185,0.003270336447564287,0.006715171604891784
neural_smooth_b10,186,0.0028454797195512174,0.006299520549588047
neural_smooth_b10,187,0.0022154457256843628,0.009228271942500775
neural_smooth_b10,188,0.003144622831120127,0.0017774174992376862
neural_smooth_b10,189,0.0025341622964257762,0.0018461282359015316
neural_smooth_b10,190,0.002907010985127478,0.001553637686166078
neural_smooth_b10,191,0.0026193777646605332,0.0035284764153337474
neural_smooth_b10,192,0.002300254368104745,0.005024411210034577
neural_smooth_b10,193,0.002476418841522625,0.006570349195769684
neural_smooth_b10,194,0.002778135021648564,0.004437255937666784
neural_smooth_b10,195,0.0027565370794924372,0.0023087552275671505
neural_smooth_b10,196,0.0027614284420040144,0.004693084242508324
neural_smooth_b10,197,0.002179670625490837,0.004305954082139688
neural_smooth_b10,198,0.002343173108346029,0.007607334144733514
neural_smooth_b10,199,0.0020869924650083736,0.0032180757873580077
neural_smooth_b10,200,0.002958031248518794,0.007307684369795192
neural_smooth_b10,201,0.002987249925117331,0.0023938258823650734
neural_smooth_b10,202,0.0015576551486439622,0.005285840694617507
neural_smooth_b10,203,0.0026824072494165438,0.0041834217874619295
neural_smooth_b10,204,0.0025288750419794853,0.0025448755074139605
neural_smooth_b10,205,0.0028928425550173603,0.007237442015247412
neural_smooth_b10,206,0.0027632502624435596,0.004147999465648314
neural_smooth_b10,207,0.0024628442007917643,0.008918984607955099
neural_smooth_b10,208,0.0025791401562189334,0.0035624946793464236
neural_smooth_b10,209,0.00280935593507169,0.005269903873601685
neural_smooth_b10,210,0.00282112640052263,0.003355379157543177
neural_smooth_b10,211,0.002651072482982546,0.004982163941890545
neural_smooth_b10,212,0.0020826201520246653,0.0036998721922362685
neural_smooth_b10,213,0.002588417012402167,0.014134416785482204
neural_smooth_b10,214,0.002298291510115352,0.004256928819367783
neural_smooth_b10,215,0.0021524417986557996,0.004533773387850508
neural_smooth_b10,216,0.0029257736583461254,0.009992904800895363
neural_smooth_b10,217,0.0028773618170307947,0.0032362949424416033
neural_smooth_b10,218,0.0024257559571956118,0.005003112667844696
neural_smooth_b10,219,0.002576180977000242,0.008039711553744397
neural_smooth_b10,220,0.0031445015378098384,0.012164808792034486
neural_smooth_b10,221,0.0028901889598213354,0.004603758560869639
neural_smooth_b10,222,0.002447890828406832,0.0032397287421572396
neural_smooth_b10,223,0.002327436331742679,0.0069458926160962005
neural_smooth_b10,224,0.002690832835165469,0.0026368737103740357
neural_smooth_b10,225,0.00268745690646393,0.006075421730608171
neural_smooth_b10,226,0.0018681560001491877,0.0056798713977008475
neural_smooth_b10,227,0.0019332071844343443,0.0034322656879366316
neural_smooth_b10,228,0.0025596956280907286,0.003174597523474244
neural_smooth_b10,229,0.002438680093730581,0.0044942795876099575
neural_smooth_b10,230,0.002570886483166336,0.009691427659253987
neural_smooth_b10,231,0.002465093189578444,0.004340538063803859
neural_smooth_b10,232,0.0025304682269756307,0.004594323898245458
neural_smooth_b10,233,0.002106018530455139,0.0027623740158972516
neural_smooth_b10,234,0.002687706186534295,0.0025440554563383204
neural_smooth_b10,235,0.0026448695883613607,0.0016925381324423099
neural_smooth_b10,236,0.002931478898258315,0.002978806730428637
neural_smooth_b10,237,0.0020335913687038643,0.00340304079027903
neural_smooth_b10,238,0.002309098513849331,0.001956555451603984
neural_smooth_b10,239,0.0026559603906724572,0.0025443959771945116
neural_smooth_b10,240,0.0029530972913131715,0.010743180207289475
neural_smooth_b10,241,0.002457301106981968,0.002715328406304644
neural_smooth_b10,242,0.002852003018484508,0.007145370224614308
neural_smooth_b10,243,0.0024740394782740813,0.0013805586801464694
neural_smooth_b10,244,0.002577122048198773,0.0014355611393223069
neural_smooth_b10,245,0.0027317704356455723,0.0030199229600267486
neural_smooth_b10,246,0.0028169145568815446,0.004997168038505952
neural_smooth_b10,247,0.0020030271584110773,0.0017714973601424394
neural_smooth_b10,248,0.002407006900963281,0.0054047865759752865
neural_smooth_b10,249,0.00259486071395781,0.002154019720476841
neural_smooth_b10,250,0.0024375529323230442,0.0049890695063188675
neural_smooth_b10,251,0.0021651549070278177,0.0026511928005013966
neural_smooth_b10,252,0.0027894211203796197,0.0025894678677116268
neural_smooth_b10,253,0.0021567050018964817,0.003715861481035296
neural_smooth_b10,254,0.0026383883771172838,0.002072641581960962
neural_smooth_b10,255,0.0027340249172892795,0.005190365401781511
neural_smooth_b10,256,0.0026784208949939725,0.0038972203438764758
neural_smooth_b10,257,0.0015577407763158343,0.008935181868136953
neural_smooth_b10,258,0.0025595906419365604,0.010853059245966164
neural_smooth_b10,259,0.002615285804129712,0.005562223108735626
neural_smooth_b10,260,0.0023360626478902908,0.0046603822319743315
neural_smooth_b10,261,0.002077063857999291,0.004040322435329316
neural_smooth_b10,262,0.0022967094658923326,0.002178714099849808
neural_smooth_b10,263,0.0027698194620655705,0.002757263023942261
neural_smooth_b10,264,0.0024196508047551,0.0038117967779251033
neural_smooth_b10,265,0.002535633755888736,0.009399613541440394
neural_smooth_b10,266,0.0027326849588335494,0.0041925193299400644
neural_smooth_b10,267,0.0024510449757044967,0.00522596757649382
neural_smooth_b10,268,0.0025706462334074646,0.00524370899061896
neural_smooth_b10,269,0.0023644348040499745,0.001452090065828263
neural_smooth_b10,270,0.002504714420602513,0.004088561153089468
neural_smooth_b10,271,0.0024213626276412144,0.006770475531701236
neural_smooth_b10,272,0.0023997073160795844,0.006164470864346251
neural_smooth_b10,273,0.0023574729575471555,0.0026008206661048937
neural_smooth_b10,274,0.002760161507156505,0.002381789655152719
neural_smooth_b10,275,0.0025941066865338477,0.005733151531236868
neural_smooth_b10,276,0.0024954213241216417,0.0028145257572981717
neural_smooth_b10,277,0.002798325335877077,0.0032056584968125773
neural_smooth_b10,278,0.003079813691672033,0.002904546422753653
neural_smooth_b10,279,0.001933038183607904,0.0024184053704709193
neural_smooth_b10,280,0.0021672585300589733,0.0060657969780831935
neural_smooth_b10,281,0.0028696902062964927,0.007878756624773295
neural_smooth_b10,282,0.0025487248876521376,0.00238284015324284
neural_smooth_b10,283,0.0019248233335364756,0.0016843154583619936
neural_smooth_b10,284,0.0022958155583146607,0.002100478964341005
neural_smooth_b10,285,0.0018660163406664363,0.005908374270934069
neural_smooth_b10,286,0.0024714007696158714,0.002679853392894982
neural_smooth_b10,287,0.00266168905127919,0.00576543818295746
neural_smooth_b10,288,0.0025887781218334504,0.003639302030947455
neural_smooth_b10,289,0.0027301288976497723,0.0011089371171801436
neural_smooth_b10,290,0.0026634156307640522,0.0022176515830924655
neural_smooth_b10,291,0.0022330972381804414,0.0015087274230512998
neural_smooth_b10,292,0.002869171641401203,0.006210772697318819
neural_smooth_b10,293,0.0025909930055617297,0.004993801702087254
neural_smooth_b10,294,0.0024907496254038116,0.0021833478094024344
neural_smooth_b10,295,0.002348562034879951,0.001376998139600667
neural_smooth_b10,296,0.00283308465713558,0.0037734356071748927
neural_smooth_b10,297,0.0018646597917401496,0.004675263748168583
neural_smooth_b10,298,0.002633170681981533,0.0011411581280777732
neural_smooth_b10,299,0.002258080305145137,0.0033401113134188627
neural_smooth_b10,300,0.002467949377865101,0.0010867737750181244
neural_smooth_b50,1,0.7007699065446984,12.791633849581812
neural_smooth_b50,2,0.031228333969871007,0.2560690624296885
neural_smooth_b50,3,0.0363619929647902,0.5011123868055168
neural_smooth_b50,4,0.03763922379422709,0.37255360941272003
neural_smooth_b50,5,0.032433192351235006,0.25655126143533846
neural_smooth_b50,6,0.02735171749066348,0.1696834327345411
neural_smooth_b50,7,0.022220024183435175,0.13660771322515536
neural_smooth_b50,8,0.017755900781637406,0.11595134778009383
neural_smooth_b50,9,0.015462606198988553,0.10477062526507443
neural_smooth_b50,10,0.01442613852999066,0.07025299220805359
neural_smooth_b50,11,0.01281841138916431,0.05612274655862666
neural_smooth_b50,12,0.013918051533066177,0.06819394654857466
neural_smooth_b50,13,0.011913708203459248,0.06420416181203184
neural_smooth_b50,14,0.011823222447483836,0.06635269238310641
neural_smooth_b50,15,0.010925206486642728,0.06997052496315165
neural_smooth_b50,16,0.012889997755704048,0.08038631850494929
neural_smooth_b50,17,0.011068392335148416,0.07262459805744592
neural_smooth_b50,18,0.008454675705838579,0.06314707425658458
neural_smooth_b50,19,0.008513304546142185,0.06562467275415353
neural_smooth_b50,20,0.007933992135656725,0.05704751713996726
neural_smooth_b50,21,0.007578648977811775,0.058701651937416756
neural_smooth_b50,22,0.006595733520182488,0.05336405193086409
neural_smooth_b50,23,0.0044978198852254365,0.030868306967080664
neural_smooth_b50,24,0.004991632627657665,0.03446045156019889
neural_smooth_b50,25,0.005029875787235541,0.02862656613097405
neural_smooth_b50,26,0.004173799365986655,0.023744667749695147
neural_smooth_b50,27,0.0039041554309986663,0.02534336246417868
neural_smooth_b50,28,0.0034113120957367338,0.02665379041505717
neural_smooth_b50,29,0.0034764976383201388,0.028241107562402126
neural_smooth_b50,30,0.0035630917519907735,0.029572811654831332
neural_smooth_b50,31,0.0032736776029109686,0.030536787294234792
neural_smooth_b50,32,0.0029864540399674308,0.03304644054629457
neural_smooth_b50,33,0.0033782520190403747,0.028634457454929027
neural_smooth_b50,34,0.002595421721204694,0.02951215890442986
neural_smooth_b50,35,0.00236169167566124,0.027780547236013427
neural_smooth_b50,36,0.002450859873979366,0.0228202888620516
neural_smooth_b50,37,0.0019804886831324055,0.020142532308493208
neural_smooth_b50,38,0.0021413073696820444,0.017067305324342134
neural_smooth_b50,39,0.002556466461809334,0.014293875939472891
neural_smooth_b50,40,0.0019252616097378778,0.010240605360013689
neural_smooth_b50,41,0.0011512729175084536,0.007957766010643397
neural_smooth_b50,42,0.0013996831625318119,0.0074397317274356705
neural_smooth_b50,43,0.0018542534978179899,0.01282871525272393
neural_smooth_b50,44,0.0018430968094254269,0.012288619845543119
neural_smooth_b50,45,0.0015611219635625398,0.00680566801801102
neural_smooth_b50,46,0.0014999820631383274,0.01546897603752517
neural_smooth_b50,47,0.0017329353605506693,0.008586489277616344
neural_smooth_b50,48,0.0017428953470273515,0.013697051405307234
neural_smooth_b50,49,0.0015009302083229003,0.010747047945801683
neural_smooth_b50,50,0.0014258740975251203,0.009417880596460041
neural_smooth_b50,51,0.0012236801628404989,0.01283641069092155
neural_smooth_b50,52,0.0013472163786507202,0.003515532086091997
neural_smooth_b50,53,0.0014370654863414783,0.006355067429433692
neural_smooth_b50,54,0.0014847002289158243,0.0025970672360734397
neural_smooth_b50,55,0.0017988936411155478,0.0090580909565626
neural_smooth_b50,56,0.0016418568516116242,0.016002056766505148
neural_smooth_b50,57,0.0009355302098202632,0.0018510209497327118
neural_smooth_b50,58,0.0015068080493269213,0.0015842720899358405
neural_smooth_b50,59,0.0013120496180311079,0.005550584571150979
neural_smooth_b50,60,0.0015383240895816739,0.003350199555444431
neural_smooth_b50,61,0.001843097187186285,0.004514023672895197
neural_smooth_b50,62,0.001980407879496499,0.007544924801176978
neural_smooth_b50,63,0.0010217722967189858,0.008275769451968147
neural_smooth_b50,64,0.0018222658005289589,0.011004082658652754
neural_smooth_b50,65,0.0014376785208142443,0.006645566405782133
neural_smooth_b50,66,0.0014802045475404103,0.002109528239195625
neural_smooth_b50,67,0.001388471861393281,0.0018488518152559197
neural_smooth_b50,68,0.0016001104687510595,0.0028179202907738154
neural_smooth_b50,69,0.0014466176078118142,0.012747096328049568
neural_smooth_b50,70,0.0016918597885057357,0.004138729617512692
neural_smooth_b50,71,0.0013127806440555278,0.002983481124652335
neural_smooth_b50,72,0.0016011058587402777,0.008537621217361383
neural_smooth_b50,73,0.0018406273083684276,0.005231657642818538
neural_smooth_b50,74,0.001276913885866774,0.008074937259925986
neural_smooth_b50,75,0.0015811411192831325,0.007075654602928251
neural_smooth_b50,76,0.001622237763950836,0.005235335643701851
neural_smooth_b50,77,0.0017522897707564914,0.004049790624861485
neural_smooth_b50,78,0.001409453402000774,0.00330344058540702
neural_smooth_b50,79,0.0015032947638310035,0.0029974147529767967
neural_smooth_b50,80,0.001190527347755242,0.006131946770558059
neural_smooth_b50,81,0.0019264503719160695,0.006126112723693804
neural_smooth_b50,82,0.0013450242996735427,0.0032861192833580316
neural_smooth_b50,83,0.0017685632095030062,0.002338975752111928
neural_smooth_b50,84,0.0012938491664855284,0.007016172023222839
neural_smooth_b50,85,0.0014344544719933048,0.002582019529302131
neural_smooth_b50,86,0.0017916607262525247,0.001867814767921816
neural_smooth_b50,87,0.001263718664497695,0.0016285911005795867
neural_smooth_b50,88,0.0014797336282219205,0.009971606752267728
neural_smooth_b50,89,0.001194400481612619,0.005740825974935984
neural_smooth_b50,90,0.0015377053312490045,0.0034182788566935974
neural_smooth_b50,91,0.00205798637201567,0.0027643611143290917
neural_smooth_b50,92,0.0012237974228819582,0.0031066986971915785
neural_smooth_b50,93,0.0017893239773436333,0.0027121225755645443
neural_smooth_b50,94,0.0014758065031100344,0.004019615265289913
neural_smooth_b50,95,0.001272914207153562,0.0035961598420416064
neural_smooth_b50,96,0.0013493675912839625,0.00386342148984159
neural_smooth_b50,97,0.0014406423123325045,0.002896873384150343
neural_smooth_b50,98,0.0013181586330847875,0.0021174693780582152
neural_smooth_b50,99,0.0012725999818130433,0.0021886921398965543
neural_smooth_b50,100,0.0015060272953018171,0.0019399242823637335
neural_smooth_b50,101,0.0016055963488738848,0.004603138342417274
neural_smooth_b50,102,0.0013917434142448203,0.006961025745718971
neural_smooth_b50,103,0.0011942682454970364,0.0035922376653351614
neural_smooth_b50,104,0.0009853100984952628,0.0029466188206400843
neural_smooth_b50,105,0.0013721997592973862,0.001475016463235277
neural_smooth_b50,106,0.0013377621870188357,0.0027388378835548175
neural_smooth_b50,107,0.002026030800785597,0.002282109030436057
neural_smooth_b50,108,0.001648164923301307,0.003872560942623966
neural_smooth_b50,109,0.0012913585692867122,0.0059995107875481955
neural_smooth_b50,110,0.0016344871931816462,0.004772853985008063
neural_smooth_b50,111,0.0009499232454052879,0.004037256006498595
neural_smooth_b50,112,0.0013731690832889175,0.0028515298399572606
neural_smooth_b50,113,0.0010316178619747271,0.008971377393164337
neural_smooth_b50,114,0.001637834722775457,0.007645444628768282
neural_smooth_b50,115,0.0018406491417431582,0.00251107681760562
neural_smooth_b50,116,0.0012871608156869233,0.0052599522538151295
neural_smooth_b50,117,0.0014890753394103174,0.0037223876311627694
neural_smooth_b50,118,0.0014514452632593514,0.003715932044938935
neural_smooth_b50,119,0.0012327466664527839,0.003384639931482548
neural_smooth_b50,120,0.0013376669274270058,0.008859546975720875
neural_smooth_b50,121,0.0010708786289385507,0.0038741679357841103
neural_smooth_b50,122,0.0011149756985671551,0.005504146837265459
neural_smooth_b50,123,0.0015751957995749218,0.0026672645919499586
neural_smooth_b50,124,0.000922426997054722,0.004458315260618467
neural_smooth_b50,125,0.0009664677431886269,0.0019667704247363646
neural_smooth_b50,126,0.0010121152668659203,0.002695146369160011
neural_smooth_b50,127,0.001735148710878901,0.007508541844918477
neural_smooth_b50,128,0.0012449545552071705,0.005931739880258043
neural_smooth_b50,129,0.001437579215915408,0.003377817749191903
neural_smooth_b50,130,0.0010871856436756272,0.002413261268009786
neural_smooth_b50,131,0.00170369640067773,0.00297879322671911
neural_smooth_b50,132,0.0013567444290040354,0.00449373382050394
neural_smooth_b50,133,0.001550651242589127,0.004297072255235532
neural_smooth_b50,134,0.001347941823090026,0.007707588953607447
neural_smooth_b50,135,0.001078169309710943,0.004052315822190645
neural_smooth_b50,136,0.0014326061466488254,0.005965102317370723
neural_smooth_b50,137,0.0013075717097264393,0.0052857780288502266
neural_smooth_b50,138,0.0012230659698233622,0.00823440176281446
neural_smooth_b50,139,0.0015927541091763217,0.0028543229968080275
neural_smooth_b50,140,0.0015410010378347258,0.002076742396556709
neural_smooth_b50,141,0.001102095341321739,0.003737782294115108
neural_smooth_b50,142,0.0011217699858384687,0.008300065701191586
neural_smooth_b50,143,0.0008291772306313497,0.005067001236982714
neural_smooth_b50,144,0.001459246129810272,0.008464348413429627
neural_smooth_b50,145,0.0012256504024588267,0.006291828564141663
neural_smooth_b50,146,0.0015006916307105037,0.003802856258143474
neural_smooth_b50,147,0.0010865817009989686,0.0058517343039775176
neural_smooth_b50,148,0.0016304583339055015,0.00907547996436557
neural_smooth_b50,149,0.0016408388337569627,0.005854148680989487
neural_smooth_b50,150,0.001638206352580712,0.0029711905100842
neural_smooth_b50,151,0.001423426576990828,0.00922558368541123
neural_smooth_b50,152,0.0010957825789372497,0.007603853142821533
neural_smooth_b50,153,0.0013023155721364698,0.001857306068555563
neural_smooth_b50,154,0.001232420423508842,0.004952310855889178
neural_smooth_b50,155,0.001284048398334164,0.013192267730804263
neural_smooth_b50,156,0.0014685472654864438,0.004506022630554779
neural_smooth_b50,157,0.0016488751430676506,0.0029136215928729685
neural_smooth_b50,158,0.001318321355968361,0.005315836913776487
neural_smooth_b50,159,0.0012241670236814908,0.0031544785961876497
neural_smooth_b50,160,0.001153090395206029,0.006268690083537927
neural_smooth_b50,161,0.0016328887967013192,0.0027232586750895616
neural_smooth_b50,162,0.0014162280873816551,0.0033022376261632198
neural_smooth_b50,163,0.0012308823597347767,0.0014354715676707154
neural_smooth_b50,164,0.0013646141537149087,0.006439834392446751
neural_smooth_b50,165,0.0016577165342058383,0.005128187447954189
neural_smooth_b50,166,0.0012990466951509272,0.0047267885991304085
neural_smooth_b50,167,0.001232129194823621,0.006947973580662101
neural_smooth_b50,168,0.0010939623563528682,0.002347295057516512
neural_smooth_b50,169,0.00132001002806237,0.005329449476228098
neural_smooth_b50,170,0.0014044504663903068,0.003916435258414598
neural_smooth_b50,171,0.0011112604545130771,0.004455871713236006
neural_smooth_b50,172,0.001459541970603334,0.01371748259656804
neural_smooth_b50,173,0.0008925382056970631,0.0015737344448706724
neural_smooth_b50,174,0.0017198891966060078,0.007575014207844323
neural_smooth_b50,175,0.0009229000850416872,0.0072592251450159725
neural_smooth_b50,176,0.0013287923161371085,0.004323094504256468
neural_smooth_b50,177,0.0014171320191576093,0.007354265935595673
neural_smooth_b50,178,0.0010294233992907246,0.007006879498616542
neural_smooth_b50,179,0.0011708199672085,0.0076171248069472055
neural_smooth_b50,180,0.0012557059993566903,0.002147952387286816
neural_smooth_b50,181,0.001564691399375427,0.002814636637357425
neural_smooth_b50,182,0.001315029541149576,0.0036052196043890087
neural_smooth_b50,183,0.0009859558986869273,0.002207780232643773
neural_smooth_b50,184,0.0011392330828654646,0.004204186073434607
neural_smooth_b50,185,0.0014301958804416358,0.00961424036935515
neural_smooth_b50,186,0.0012988560611058991,0.00706626078998487
neural_smooth_b50,187,0.0008771340649282229,0.014062602786811292
neural_smooth_b50,188,0.0016067378828918913,0.0024267891427407623
neural_smooth_b50,189,0.0012145137487851565,0.00207369874424227
neural_smooth_b50,190,0.0013783827375953791,0.002578819779722951
neural_smooth_b50,191,0.001116036513770072,0.005092434065615312
neural_smooth_b50,192,0.0009039614572827084,0.0064482184466969515
neural_smooth_b50,193,0.0011211415585023015,0.009840345241565268
neural_smooth_b50,194,0.0009638151743134961,0.003627096614369009
neural_smooth_b50,195,0.0014768357523487965,0.0044433273411101475
neural_smooth_b50,196,0.001167732159683192,0.0046801528674039914
neural_smooth_b50,197,0.0007930308713123569,0.004239288922316627
neural_smooth_b50,198,0.0010193704238029991,0.00939353888205795
neural_smooth_b50,199,0.0007932817975867521,0.0035286583809928784
neural_smooth_b50,200,0.0012563774553319461,0.013274544596316681
neural_smooth_b50,201,0.001476785904057301,0.007889897881201357
neural_smooth_b50,202,0.000467744414275573,0.007842643047433161
neural_smooth_b50,203,0.0011833023677260935,0.005722498912686202
neural_smooth_b50,204,0.0012358565275316067,0.004181957217111375
neural_smooth_b50,205,0.0014394262395792674,0.012179156139412216
neural_smooth_b50,206,0.001330319351953232,0.0034046276011036837
neural_smooth_b50,207,0.0011049177060980043,0.010078089703539982
neural_smooth_b50,208,0.0013080513510126137,0.01081016388572895
neural_smooth_b50,209,0.0012915915851833425,0.010398287938608867
neural_smooth_b50,210,0.001254094313572319,0.004889424189933207
neural_smooth_b50,211,0.0010827285378863351,0.0065772389317021555
neural_smooth_b50,212,0.0007403534329609635,0.0030566343329040996
neural_smooth_b50,213,0.0011152378263578492,0.01886604298321983
neural_smooth_b50,214,0.0009356923102498946,0.0024294585094773286
neural_smooth_b50,215,0.000936259913305585,0.004390073277991684
neural_smooth_b50,216,0.0012120902368915934,0.009735939483923506
neural_smooth_b50,217,0.0013980600529853986,0.005205372986683777
neural_smooth_b50,218,0.0009644573371312543,0.011604884274799249
neural_smooth_b50,219,0.0011511649913749178,0.01487297507547347
neural_smooth_b50,220,0.0013828983030041632,0.01872058249709913
neural_smooth_b50,221,0.0012357657033546705,0.0057784451914087475
neural_smooth_b50,222,0.001043699364940859,0.003799258113608428
neural_smooth_b50,223,0.0008612012679576307,0.006641881734583014
neural_smooth_b50,224,0.001195634012983946,0.007737538742686201
neural_smooth_b50,225,0.001171932177978962,0.01510276284620477
neural_smooth_b50,226,0.0007045004239647894,0.006250838556488161
neural_smooth_b50,227,0.0007780276779800238,0.0088013651257864
neural_smooth_b50,228,0.0010603088846446924,0.005552125727697743
neural_smooth_b50,229,0.001060192046189109,0.008339783086063902
neural_smooth_b50,230,0.0011690098140178793,0.012892009841309797
neural_smooth_b50,231,0.0010119168862387311,0.0025515170908093146
neural_smooth_b50,232,0.0010194248885709886,0.0021144211441496614
neural_smooth_b50,233,0.000914827815974596,0.009689082698771516
neural_smooth_b50,234,0.001054462327451592,0.011091499222950265
neural_smooth_b50,235,0.001066153675859252,0.0060849174214765225
neural_smooth_b50,236,0.0012729575659025556,0.006634812358005258
neural_smooth_b50,237,0.0007792670566842159,0.004500024933405269
neural_smooth_b50,238,0.00087240711838737,0.004617575051029698
neural_smooth_b50,239,0.001011965534901196,0.0022432470671466496
neural_smooth_b50,240,0.0010049275425622368,0.013097859051065886
neural_smooth_b50,241,0.0008721059506998725,0.002871550287654714
neural_smooth_b50,242,0.0010623169096661072,0.007905656107847001
neural_smooth_b50,243,0.0010175266248154291,0.007110121872450129
neural_smooth_b50,244,0.001036328101693972,0.005318926680506272
neural_smooth_b50,245,0.0009135508029872389,0.003807934564792673
neural_smooth_b50,246,0.001146247210484458,0.007678456489126272
neural_smooth_b50,247,0.000738597061223045,0.0017212726902607663
neural_smooth_b50,248,0.0009434990743287658,0.00624545891039715
neural_smooth_b50,249,0.001103185404988979,0.007444306597170636
neural_smooth_b50,250,0.0010113502302767357,0.005637923498076135
neural_smooth_b50,251,0.0008574929345941361,0.00337452754612001
neural_smooth_b50,252,0.0010426240313628904,0.004019518102870602
neural_smooth_b50,253,0.0006426386478626027,0.003790867015904707
neural_smooth_b50,254,0.001084328523291484,0.0037036306063379363
neural_smooth_b50,255,0.00115513467999234,0.006027917596520071
neural_smooth_b50,256,0.0010672637241979474,0.0048040019269915656
neural_smooth_b50,257,0.0005171442477771046,0.013436301807379676
neural_smooth_b50,258,0.0008846781683263518,0.015039330940939196
neural_smooth_b50,259,0.0010327137050393698,0.005802567890782424
neural_smooth_b50,260,0.0008404505417627133,0.006008586986398426
neural_smooth_b50,261,0.0007278717672474336,0.005531576848285945
neural_smooth_b50,262,0.0007409032955117031,0.00811340695119589
neural_smooth_b50,263,0.0009646800310214802,0.006459710498703897
neural_smooth_b50,264,0.0007895550724466799,0.005683953295373216
neural_smooth_b50,265,0.0009546818436026968,0.015243236015444039
neural_smooth_b50,266,0.0009734030727791339,0.003152800161934003
neural_smooth_b50,267,0.0008706288411632665,0.003409819823869432
neural_smooth_b50,268,0.0009321627984742177,0.0029017479876427004
neural_smooth_b50,269,0.0008777495931487603,0.010156680066875694
neural_smooth_b50,270,0.0009619401056144308,0.004619781163673314
neural_smooth_b50,271,0.0008195179859631854,0.01764897251585991
neural_smooth_b50,272,0.0008156158755511189,0.010067957254787804
neural_smooth_b50,273,0.0007502790417553746,0.002254282608026127
neural_smooth_b50,274,0.0009113760674658084,0.005245882886280306
neural_smooth_b50,275,0.0008746738036625697,0.01792074999148236
neural_smooth_b50,276,0.0007770600825193712,0.004666812915828089
neural_smooth_b50,277,0.0008756008394453142,0.014847544766190343
neural_smooth_b50,278,0.001147299861016557,0.0026158463466161037
neural_smooth_b50,279,0.0005213022586609893,0.0030082244360691707
neural_smooth_b50,280,0.0007485429689788543,0.013754274210123893
neural_smooth_b50,281,0.0009639731711829773,0.009309760261579272
neural_smooth_b50,282,0.000715724878108052,0.009174319278091874
neural_smooth_b50,283,0.0006701167620132677,0.004579385365249306
neural_smooth_b50,284,0.0007075336545605622,0.00958001666337597
neural_smooth_b50,285,0.0004834237047953251,0.005493444255703862
neural_smooth_b50,286,0.0007695347217796979,0.005202815202944441
neural_smooth_b50,287,0.0007825020673630565,0.011087382486587753
neural_smooth_b50,288,0.0007725665672212038,0.006124738925932449
neural_smooth_b50,289,0.0008853467035528855,0.006144743193839935
neural_smooth_b50,290,0.0008165821753725124,0.0027319825240908796
neural_smooth_b50,291,0.000602089937717537,0.0018618260250009193
neural_smooth_b50,292,0.0009737956940985766,0.014735523765064767
neural_smooth_b50,293,0.0007998079959505117,0.006631722768451153
neural_smooth_b50,294,0.0007662767039245424,0.0052456821295259635
neural_smooth_b50,295,0.0007108723136252391,0.0026114095903159266
neural_smooth_b50,296,0.0007671839411795867,0.01081034889411795
neural_smooth_b50,297,0.0004308742445493383,0.010621613525958336
neural_smooth_b50,298,0.0007497839623882517,0.0022694995931118803
neural_smooth_b50,299,0.0005756290044982767,0.0029840638497840286
neural_smooth_b50,300,0.0007455862839562312,0.00292462588042359
neural_smooth_b200,1,0.7044400462446574,12.278276855471638
neural_smooth_b200,2,0.027401881531571953,0.2614921412774139
neural_smooth_b200,3,0.03353615244006973,0.4071263213819623
neural_smooth_b200,4,0.03511830155172357,0.3713929111965369
neural_smooth_b200,5,0.030357323699808345,0.2535719807548369
neural_smooth_b200,6,0.024415479643906234,0.2898772125467732
neural_smooth_b200,7,0.019157638176686764,0.10526563936041049
neural_smooth_b200,8,0.015512984014960608,0.09297558637145752
neural_smooth_b200,9,0.013832147948555485,0.07095112109268446
neural_smooth_b200,10,0.013810855839432814,0.06879227563780044
neural_smooth_b200,11,0.012852391724451774,0.0722581396505813
neural_smooth_b200,12,0.013950984822532183,0.04693022693242037
neural_smooth_b200,13,0.0121679524800654,0.05580658717357822
neural_smooth_b200,14,0.012037027686508495,0.053665798737576195
neural_smooth_b200,15,0.010773629393027664,0.05695163494598874
neural_smooth_b200,16,0.013156439903485303,0.07075121657084707
neural_smooth_b200,17,0.011481166843175633,0.06230129912815448
neural_smooth_b200,18,0.008807784126585744,0.056184417658066164
neural_smooth_b200,19,0.00877316795778385,0.06447707322013611
neural_smooth_b200,20,0.008180190274469992,0.05890713860397106
neural_smooth_b200,21,0.007752055992824126,0.04726936706096028
neural_smooth_b200,22,0.0068627972360367,0.04360716808965119
neural_smooth_b200,23,0.004942982522883045,0.03145485866824961
neural_smooth_b200,24,0.005494521463546659,0.03416178059113823
neural_smooth_b200,25,0.0055112099781159385,0.030576522913112813
neural_smooth_b200,26,0.004587381081558966,0.025854201458901604
neural_smooth_b200,27,0.004327341711673894,0.027217049867690475
neural_smooth_b200,28,0.003827091211459502,0.028288132763244288
neural_smooth_b200,29,0.0038325661154213608,0.029579753949001707
neural_smooth_b200,30,0.003914405214922903,0.03058401895893115
neural_smooth_b200,31,0.0035959989078697837,0.030996449375381867
neural_smooth_b200,32,0.0031603766815166343,0.03271278444718028
neural_smooth_b200,33,0.0037101358484558076,0.029233755376898506
neural_smooth_b200,34,0.0027627623250801488,0.028872749081780176
neural_smooth_b200,35,0.002471507002782888,0.02674194980853852
neural_smooth_b200,36,0.00260962056249202,0.02254584550115063
neural_smooth_b200,37,0.0021105011826361565,0.01964995066411196
neural_smooth_b200,38,0.0022147018220116345,0.01653424561754494
neural_smooth_b200,39,0.002710987368195131,0.015759642851033578
neural_smooth_b200,40,0.00201174251103397,0.011219155707056686
neural_smooth_b200,41,0.0012384707241345479,0.009491911956849753
neural_smooth_b200,42,0.0014202366051945267,0.010091723975294446
neural_smooth_b200,43,0.0019165459601919047,0.014655759427322702
neural_smooth_b200,44,0.0018509296757434578,0.013294584892333363
neural_smooth_b200,45,0.0015664502307395042,0.007884721901733734
neural_smooth_b200,46,0.0015504830560150382,0.016273082182776004
neural_smooth_b200,47,0.0017069177631590653,0.008641702558033097
neural_smooth_b200,48,0.0017399081252667307,0.013502603426881397
neural_smooth_b200,49,0.001415195679682878,0.010347917679218072
neural_smooth_b200,50,0.0013907230610736047,0.008475106333542199
neural_smooth_b200,51,0.0012122131734921655,0.011713259179775518
neural_smooth_b200,52,0.0012887234954014333,0.002412190300408471
neural_smooth_b200,53,0.0013331140445911232,0.0037404883598388602
neural_smooth_b200,54,0.001416673699045496,0.0019272687057229566
neural_smooth_b200,55,0.0017495507217886405,0.010157013501003688
neural_smooth_b200,56,0.0015805048787058361,0.016974470221781796
neural_smooth_b200,57,0.0009148621516165001,0.0026112658337345052
neural_smooth_b200,58,0.001464635712995583,0.001992656108331995
neural_smooth_b200,59,0.0012796306787945784,0.0054733313983266665
neural_smooth_b200,60,0.0015111144605762475,0.00303300884523769
neural_smooth_b200,61,0.001743114294095981,0.004904233355472164
neural_smooth_b200,62,0.0019233699654339668,0.006674368120400346
neural_smooth_b200,63,0.0009492511847059536,0.007952254573167783
neural_smooth_b200,64,0.0017706109949779405,0.009765364897705577
neural_smooth_b200,65,0.0013986227937762014,0.00533015469362332
neural_smooth_b200,66,0.0014425822324012378,0.0037867700794324446
neural_smooth_b200,67,0.001339023610425331,0.002765182954065584
neural_smooth_b200,68,0.001569501132302092,0.002816992802408516
neural_smooth_b200,69,0.001396842485463651,0.012045602709798053
neural_smooth_b200,70,0.0016459968134220904,0.003841772177197803
neural_smooth_b200,71,0.0012690772635371305,0.0034562226629555395
neural_smooth_b200,72,0.001550073693861353,0.008436151970598603
neural_smooth_b200,73,0.001791611190008413,0.005536509751852878
neural_smooth_b200,74,0.0012450277026350052,0.008822860291468598
neural_smooth_b200,75,0.0015469365177122132,0.006795938705877631
neural_smooth_b200,76,0.0015692992062056447,0.005712733812214774
neural_smooth_b200,77,0.0016895824854394827,0.003497950623579302
neural_smooth_b200,78,0.0013397522857270681,0.00304447292209163
neural_smooth_b200,79,0.0014172916930167575,0.0033455822392674285
neural_smooth_b200,80,0.001153129716092439,0.0065742385176303314
neural_smooth_b200,81,0.0018601098305828967,0.0064937656487426545
neural_smooth_b200,82,0.0012413073260809876,0.002164102905505801
neural_smooth_b200,83,0.0017089076372313516,0.002205378733503709
neural_smooth_b200,84,0.0012325221091090922,0.004244672997167217
neural_smooth_b200,85,0.001361418150281646,0.0027241459064062264
neural_smooth_b200,86,0.0017385815181046255,0.0020484439858563007
neural_smooth_b200,87,0.0012254934099557295,0.00198089240427923
neural_smooth_b200,88,0.0013971932411023646,0.009462084360195865
neural_smooth_b200,89,0.0011622314079885354,0.0067857961384271874
neural_smooth_b200,90,0.0014879852424621825,0.0030774310660898127
neural_smooth_b200,91,0.001980545227632083,0.0027908739329610046
neural_smooth_b200,92,0.001159128805700893,0.003187122064315229
neural_smooth_b200,93,0.0017498422334338041,0.002641433784566036
neural_smooth_b200,94,0.0014083081150714377,0.0036539400134400005
neural_smooth_b200,95,0.0011952755391556134,0.0037383086319069648
neural_smooth_b200,96,0.001305556360638277,0.003680185737653524
neural_smooth_b200,97,0.0013626217348952558,0.0026352599485752067
neural_smooth_b200,98,0.0012735582565782974,0.0020933209731520373
neural_smooth_b200,99,0.0012376921500620505,0.0021173414198052557
neural_smooth_b200,100,0.0014712620141112782,0.00192665147047686
neural_smooth_b200,101,0.0015590870841703547,0.0043889118182481686
neural_smooth_b200,102,0.0013549360817176432,0.007404349558572025
neural_smooth_b200,103,0.001162501172947733,0.0033831186770193933
neural_smooth_b200,104,0.0008998018067078053,0.0033043760573226912
neural_smooth_b200,105,0.0013277233773538813,0.0015495797014474571
neural_smooth_b200,106,0.0012830461041207632,0.003011503793550838
neural_smooth_b200,107,0.0019462485990004413,0.0027848896306272223
neural_smooth_b200,108,0.0015876398192868916,0.003200546332523114
neural_smooth_b200,109,0.0012572805153806916,0.006271014778456189
neural_smooth_b200,110,0.001584760741097519,0.0046628994919414996
neural_smooth_b200,111,0.0009160211542516797,0.0040379593346644175
neural_smooth_b200,112,0.0012766843722644785,0.003311619272476505
neural_smooth_b200,113,0.0009525478595836467,0.008435441278506019
neural_smooth_b200,114,0.0015793887718221762,0.007724469933779698
neural_smooth_b200,115,0.0017684978327732889,0.002484774570623383
neural_smooth_b200,116,0.0012385571339686915,0.005297203082768674
neural_smooth_b200,117,0.0014448257794567223,0.003972625798280364
neural_smooth_b200,118,0.001398451903185153,0.003843963385564724
neural_smooth_b200,119,0.001175137984125683,0.0037979278378577263
neural_smooth_b200,120,0.00125683789633742,0.00837323538343505
neural_smooth_b200,121,0.0010396640023425006,0.004013602349114492
neural_smooth_b200,122,0.001058953656844814,0.00573185224566329
neural_smooth_b200,123,0.0014752814286862355,0.0024709771647723543
neural_smooth_b200,124,0.0008948664310182468,0.0040222480939772955
neural_smooth_b200,125,0.0009413702604677629,0.0014645601353379045
neural_smooth_b200,126,0.0009310874032267099,0.0021941130830449547
neural_smooth_b200,127,0.0016709412277576313,0.00804224416415829
neural_smooth_b200,128,0.001125640389263102,0.012311933780106359
neural_smooth_b200,129,0.001313850484310515,0.0028316642920160396
neural_smooth_b200,130,0.000982485078885044,0.0030108222679560057
neural_smooth_b200,131,0.0016469350489126742,0.00312341812775341
neural_smooth_b200,132,0.0013120836904877934,0.0049342920854208655
neural_smooth_b200,133,0.001499596179726266,0.004718352441607341
neural_smooth_b200,134,0.001283986971183036,0.0070146107231250174
neural_smooth_b200,135,0.0010405431509456586,0.00455647090713255
neural_smooth_b200,136,0.0013727085098792075,0.006027687783001726
neural_smooth_b200,137,0.0012590173986682623,0.005436142052178871
neural_smooth_b200,138,0.0011672816909140571,0.008679576711525902
neural_smooth_b200,139,0.0015074079008020901,0.003679510543878513
neural_smooth_b200,140,0.0014645936416738195,0.0021615631340198903
neural_smooth_b200,141,0.0010411323390508815,0.004487484931995699
neural_smooth_b200,142,0.0010555219818246685,0.008323317516694071
neural_smooth_b200,143,0.0007702682085949633,0.005596784872690973
neural_smooth_b200,144,0.0013535020375927834,0.008555465020251948
neural_smooth_b200,145,0.0011463673361376953,0.006459656834133519
neural_smooth_b200,146,0.0014225470701554987,0.003464932813019126
neural_smooth_b200,147,0.0010304218384264152,0.006444974810989458
neural_smooth_b200,148,0.0015159075249661892,0.009213116395691636
neural_smooth_b200,149,0.0015664350818336435,0.005884218907851823
neural_smooth_b200,150,0.0015495628914821314,0.004502192566980485
neural_smooth_b200,151,0.001311257537994576,0.009866257318087214
neural_smooth_b200,152,0.0010408854777453715,0.007729104491914063
neural_smooth_b200,153,0.0012229727800530175,0.0022120848847684573
neural_smooth_b200,154,0.0011704770892109247,0.004867493805881918
neural_smooth_b200,155,0.001132489158062754,0.010570682808187922
neural_smooth_b200,156,0.0013888761581945307,0.00997303891221959
neural_smooth_b200,157,0.0015686330328139725,0.0030526691263713206
neural_smooth_b200,158,0.0011878756855153265,0.006472220381796667
neural_smooth_b200,159,0.001141924512838824,0.003422547466370621
neural_smooth_b200,160,0.0010861023338930662,0.006844774187804302
neural_smooth_b200,161,0.001537111804456724,0.0025144642176039796
neural_smooth_b200,162,0.001309322113523826,0.004540119098808774
neural_smooth_b200,163,0.0011480388023349672,0.001853179039927447
neural_smooth_b200,164,0.0012992593644398866,0.005908408071290715
neural_smooth_b200,165,0.0014806720207312077,0.005996839718645343
neural_smooth_b200,166,0.0012060420856692695,0.004820080863304468
neural_smooth_b200,167,0.001152570569130774,0.0056983016222889845
neural_smooth_b200,168,0.0009673966414640014,0.0031539689949422033
neural_smooth_b200,169,0.0012307793098621958,0.0032528016869002225
neural_smooth_b200,170,0.0013296169201425518,0.0030362176917247607
neural_smooth_b200,171,0.0010634629855751164,0.005895315725803014
neural_smooth_b200,172,0.0013648205148360693,0.012972144860766224
neural_smooth_b200,173,0.000835140653914616,0.0018728429893640358
neural_smooth_b200,174,0.0015957881135628597,0.007735855137188679
neural_smooth_b200,175,0.0008613261232999387,0.006984357012746462
neural_smooth_b200,176,0.0012455698423682123,0.005077471557411438
neural_smooth_b200,177,0.0013034953548972613,0.006670070913739907
neural_smooth_b200,178,0.0009772167285337218,0.007524420855174871
neural_smooth_b200,179,0.0010423542155436633,0.007886102358108304
neural_smooth_b200,180,0.0011593514061911357,0.0022616501463824552
neural_smooth_b200,181,0.0014626385854035271,0.0033002790067588146
neural_smooth_b200,182,0.0012201253445565177,0.0039356852273726185
neural_smooth_b200,183,0.0008774041471430008,0.004008838559433448
neural_smooth_b200,184,0.001047546678580936,0.00383860533955661
neural_smooth_b200,185,0.0013272506765720454,0.010032503357130441
neural_smooth_b200,186,0.0011876105276273584,0.007665650883765958
neural_smooth_b200,187,0.0007891797447751525,0.011815832032924719
neural_smooth_b200,188,0.001483056513540026,0.0031556737160800628
neural_smooth_b200,189,0.0011323335773106482,0.002324942483415537
neural_smooth_b200,190,0.0012662044445237903,0.00234759338697408
neural_smooth_b200,191,0.0010511846217337638,0.006265275935744844
neural_smooth_b200,192,0.000776566519710114,0.008954043820119485
neural_smooth_b200,193,0.001024187739112269,0.008957226803419132
neural_smooth_b200,194,0.0007329007798748057,0.006280291301470124
neural_smooth_b200,195,0.0013527141569388923,0.0047736419604412685
neural_smooth_b200,196,0.0010614848220980011,0.004571084952961072
neural_smooth_b200,197,0.0006845244995454088,0.004686764288092686
neural_smooth_b200,198,0.0009324079505818212,0.00868237117759748
neural_smooth_b200,199,0.0006646589754329633,0.004014009284514252
neural_smooth_b200,200,0.0011159558303046868,0.013059130196074102
neural_smooth_b200,201,0.0013349135814152099,0.005756326802051098
neural_smooth_b200,202,0.00044186639105937993,0.008981515059022581
neural_smooth_b200,203,0.0010600758656044726,0.00630411578360017
neural_smooth_b200,204,0.0011130646211138164,0.0027348784046712497
neural_smooth_b200,205,0.0012406597444442186,0.008731912351327063
neural_smooth_b200,206,0.001161824024792342,0.003761188443740956
neural_smooth_b200,207,0.0010467347729599113,0.01229897504159919
neural_smooth_b200,208,0.0011680094180282275,0.011061099045526794
neural_smooth_b200,209,0.0011739021807564717,0.010294941109175436
neural_smooth_b200,210,0.0011635652659923942,0.004927677285496717
neural_smooth_b200,211,0.000995775711541279,0.005795945005662258
neural_smooth_b200,212,0.0006562401478018161,0.00342409044333162
neural_smooth_b200,213,0.0009821968193580593,0.01700552911205935
neural_smooth_b200,214,0.0008163996057511474,0.0014945610072818686
neural_smooth_b200,215,0.0008313813191993816,0.0030792560812959065
neural_smooth_b200,216,0.0010105703247302803,0.007091522931027415
neural_smooth_b200,217,0.0012807135321502249,0.005580274054981573
neural_smooth_b200,218,0.000854497016750092,0.011235058598225319
neural_smooth_b200,219,0.0010300157924853692,0.015757587908513275
neural_smooth_b200,220,0.0012390196290820537,0.017931289738914707
neural_smooth_b200,221,0.0011084903722699086,0.003963087178323413
neural_smooth_b200,222,0.0009587624204577061,0.007343645215856778
neural_smooth_b200,223,0.0007693283658675945,0.00485299586583262
neural_smooth_b200,224,0.001043547407780578,0.01135892708136457
neural_smooth_b200,225,0.000980181822418314,0.014963711196723385
neural_smooth_b200,226,0.0006118986051209872,0.006622502870430172
neural_smooth_b200,227,0.0006904531135723463,0.007718319747938224
neural_smooth_b200,228,0.0009401026921201271,0.006417788268241748
neural_smooth_b200,229,0.0009788065075603193,0.012448997687651685
neural_smooth_b200,230,0.001005029348112141,0.010908967964811975
neural_smooth_b200,231,0.0008853164074186607,0.002917260542310818
neural_smooth_b200,232,0.0008713210498170023,0.002730379787543214
neural_smooth_b200,233,0.0007835855548102463,0.010043660510118745
neural_smooth_b200,234,0.000884761147208742,0.008420132311449334
neural_smooth_b200,235,0.0009568494882667643,0.005147051253898456
neural_smooth_b200,236,0.00112271219747923,0.004623552171460794
neural_smooth_b200,237,0.000634276825721423,0.006699782132270846
neural_smooth_b200,238,0.0007305872674119795,0.006645417356094213
neural_smooth_b200,239,0.0008209062779760128,0.0027943955936002747
neural_smooth_b200,240,0.0008575035844561575,0.010895124483991913
neural_smooth_b200,241,0.0007406837044675347,0.0037537901661439765
neural_smooth_b200,242,0.0008875951490767331,0.005555976918818964
neural_smooth_b200,243,0.0008963763478695331,0.005220765870381136
neural_smooth_b200,244,0.0008387822764361072,0.006379194955689567
neural_smooth_b200,245,0.0007866931051338989,0.0020734894683995123
neural_smooth_b200,246,0.0010161921618528674,0.005805157303080144
neural_smooth_b200,247,0.0006353352363313633,0.0043964826656695
neural_smooth_b200,248,0.0007967922603826986,0.003081454157423877
neural_smooth_b200,249,0.0009244909388590116,0.009689473141680793
neural_smooth_b200,250,0.0008629004574432917,0.005182651741101533
neural_smooth_b200,251,0.0007425390450625008,0.0023971519254150334
neural_smooth_b200,252,0.0008802280890957536,0.003879506860457325
neural_smooth_b200,253,0.000528235888611614,0.0029047091804926036
neural_smooth_b200,254,0.0009428383648953102,0.002504023567822175
neural_smooth_b200,255,0.0009860204511157418,0.007132519756268829
neural_smooth_b200,256,0.000820065680128116,0.006063995131548592
neural_smooth_b200,257,0.00046913371814278043,0.012584429571040069
neural_smooth_b200,258,0.0007692851353651094,0.017684706027427832
neural_smooth_b200,259,0.0009517433442923967,0.007250405763362848
neural_smooth_b200,260,0.0007277988541677268,0.004424320453746959
neural_smooth_b200,261,0.0006998717907583923,0.004378607389917284
neural_smooth_b200,262,0.0006111461745902193,0.012411667304840132
neural_smooth_b200,263,0.0008355804711961045,0.005325552653162617
neural_smooth_b200,264,0.0006671012761373614,0.004514816149845053
neural_smooth_b200,265,0.000772125902607904,0.012640710939652897
neural_smooth_b200,266,0.0008293623235666842,0.005367873194958374
neural_smooth_b200,267,0.0007054770103543483,0.0024146275548333333
neural_smooth_b200,268,0.000759451687229467,0.0035829520111228526
neural_smooth_b200,269,0.0007759480576644564,0.006002808068192568
neural_smooth_b200,270,0.000771386532729754,0.004209227483173354
neural_smooth_b200,271,0.0006814697611238205,0.012767786089363053
neural_smooth_b200,272,0.0007515414653654065,0.010961889355862798
neural_smooth_b200,273,0.0006200451089862481,0.00214804444504791
neural_smooth_b200,274,0.0008145345996327288,0.009322342105260884
neural_smooth_b200,275,0.0007220780777357274,0.016648283245835498
neural_smooth_b200,276,0.0006118368528685385,0.0032746923576001045
neural_smooth_b200,277,0.0006445505979222613,0.010879090185000983
neural_smooth_b200,278,0.0009619030847649546,0.005073434789353368
neural_smooth_b200,279,0.00044819822573480115,0.005811331444443658
neural_smooth_b200,280,0.0006496612560234402,0.01657981746123405
neural_smooth_b200,281,0.0007559488327415363,0.008570017406010813
neural_smooth_b200,282,0.0005441574743687881,0.005046271537444055
neural_smooth_b200,283,0.0005612927442930553,0.002851197117556666
neural_smooth_b200,284,0.000604400998076704,0.00558860174445014
neural_smooth_b200,285,0.00040474014518711255,0.005123066082647575
neural_smooth_b200,286,0.0006631440606569989,0.00448600638220228
neural_smooth_b200,287,0.0006091228061864125,0.012258087483913698
neural_smooth_b200,288,0.0006015254895938386,0.004573985438852162
neural_smooth_b200,289,0.0007680955389672694,0.002349044002743715
neural_smooth_b200,290,0.000650679265774572,0.0027587840360576445
neural_smooth_b200,291,0.00048232789790884835,0.0028462296446962183
neural_smooth_b200,292,0.000801187648263159,0.01341657719413166
neural_smooth_b200,293,0.000647719034095743,0.008003241523033753
neural_smooth_b200,294,0.0006218935272760528,0.004153713497667485
neural_smooth_b200,295,0.0006444021559791945,0.006134964916846734
neural_smooth_b200,296,0.0006354875498610773,0.011104656821362665
neural_smooth_b200,297,0.000527495062550963,0.01288871980114772
neural_smooth_b200,298,0.0006603800150234048,0.0024115962590894663
neural_smooth_b200,299,0.0004561235954819963,0.002878906483187113
neural_smooth_b200,300,0.0006223544658508235,0.004892797959364296
