rho,population,family,scaling,factor,norm,certificate,all_states,terminal_denominator,switches,rate,guard_entries,nonterminal_exits,raw_violations
0.25,unmodified,sensor_normal,own_certificate,0.25,0.01072453807006581,0.04289815228026324,2092,26,0,0.0,14,14,0
0.25,unmodified,sensor_normal,own_certificate,0.5,0.02144907614013162,0.04289815228026324,2092,26,0,0.0,26,26,0
0.25,unmodified,sensor_normal,own_certificate,0.75,0.03217361421019743,0.04289815228026324,2092,26,0,0.0,26,26,0
0.25,unmodified,sensor_normal,own_certificate,0.9,0.038608337052236916,0.04289815228026324,2092,26,0,0.0,26,26,0
0.25,unmodified,sensor_normal,own_certificate,0.99,0.04246917075746061,0.04289815228026324,2092,26,0,0.0,26,26,0
0.25,unmodified,sensor_normal,own_certificate,1.01,0.04332713380306587,0.04289815228026324,2092,26,2,0.07692307692307693,24,24,0
0.25,unmodified,sensor_normal,own_certificate,1.1,0.04718796750828957,0.04289815228026324,2092,26,5,0.19230769230769232,21,21,0
0.25,unmodified,sensor_normal,own_certificate,1.25,0.053622690350329044,0.04289815228026324,2092,26,14,0.5384615384615384,12,12,0
0.25,unmodified,sensor_normal,own_certificate,1.5,0.06434722842039486,0.04289815228026324,2092,26,25,0.9615384615384616,1,1,0
0.25,unmodified,sensor_normal,own_certificate,2.0,0.08579630456052648,0.04289815228026324,2092,26,0,0.0,15,26,0
0.25,unmodified,sensor_normal,absolute_middle_third_certificate,0.25,0.012710563638596515,0.04289815228026324,2092,26,0,0.0,15,15,0
0.25,unmodified,sensor_normal,absolute_middle_third_certificate,0.5,0.02542112727719303,0.04289815228026324,2092,26,0,0.0,26,26,0
0.25,unmodified,sensor_normal,absolute_middle_third_certificate,0.75,0.038131690915789544,0.04289815228026324,2092,26,0,0.0,26,26,0
0.25,unmodified,sensor_normal,absolute_middle_third_certificate,0.9,0.04575802909894745,0.04289815228026324,2092,26,5,0.19230769230769232,21,21,0
0.25,unmodified,sensor_normal,absolute_middle_third_certificate,0.99,0.0503338320088422,0.04289815228026324,2092,26,6,0.23076923076923078,20,20,0
0.25,unmodified,sensor_normal,absolute_middle_third_certificate,1.01,0.05135067709992992,0.04289815228026324,2092,26,9,0.34615384615384615,17,17,0
0.25,unmodified,sensor_normal,absolute_middle_third_certificate,1.1,0.05592648000982467,0.04289815228026324,2092,26,15,0.5769230769230769,11,11,0
0.25,unmodified,sensor_normal,absolute_middle_third_certificate,1.25,0.06355281819298257,0.04289815228026324,2092,26,25,0.9615384615384616,1,1,0
0.25,unmodified,sensor_normal,absolute_middle_third_certificate,1.5,0.07626338183157909,0.04289815228026324,2092,26,12,0.46153846153846156,8,14,0
0.25,unmodified,sensor_normal,absolute_middle_third_certificate,2.0,0.10168450910877212,0.04289815228026324,2092,26,0,0.0,15,26,0
0.25,unmodified,actuator,own_certificate,0.25,0.01072453807006581,0.04289815228026324,2092,26,0,0.0,5,5,0
0.25,unmodified,actuator,own_certificate,0.5,0.02144907614013162,0.04289815228026324,2092,26,0,0.0,6,6,0
0.25,unmodified,actuator,own_certificate,0.75,0.03217361421019743,0.04289815228026324,2092,26,0,0.0,14,14,0
0.25,unmodified,actuator,own_certificate,0.9,0.038608337052236916,0.04289815228026324,2092,26,0,0.0,14,14,0
0.25,unmodified,actuator,own_certificate,0.99,0.04246917075746061,0.04289815228026324,2092,26,0,0.0,15,15,0
0.25,unmodified,actuator,own_certificate,1.01,0.04332713380306587,0.04289815228026324,2092,26,0,0.0,15,15,0
0.25,unmodified,actuator,own_certificate,1.1,0.04718796750828957,0.04289815228026324,2092,26,0,0.0,17,17,0
0.25,unmodified,actuator,own_certificate,1.25,0.053622690350329044,0.04289815228026324,2092,26,0,0.0,19,19,0
0.25,unmodified,actuator,own_certificate,1.5,0.06434722842039486,0.04289815228026324,2092,26,0,0.0,25,25,0
0.25,unmodified,actuator,own_certificate,2.0,0.08579630456052648,0.04289815228026324,2092,26,0,0.0,26,26,0
0.25,unmodified,actuator,absolute_middle_third_certificate,0.25,0.012710563638596515,0.04289815228026324,2092,26,0,0.0,5,5,0
0.25,unmodified,actuator,absolute_middle_third_certificate,0.5,0.02542112727719303,0.04289815228026324,2092,26,0,0.0,7,7,0
0.25,unmodified,actuator,absolute_middle_third_certificate,0.75,0.038131690915789544,0.04289815228026324,2092,26,0,0.0,14,14,0
0.25,unmodified,actuator,absolute_middle_third_certificate,0.9,0.04575802909894745,0.04289815228026324,2092,26,0,0.0,16,16,0
0.25,unmodified,actuator,absolute_middle_third_certificate,0.99,0.0503338320088422,0.04289815228026324,2092,26,0,0.0,17,17,0
0.25,unmodified,actuator,absolute_middle_third_certificate,1.01,0.05135067709992992,0.04289815228026324,2092,26,0,0.0,18,18,0
0.25,unmodified,actuator,absolute_middle_third_certificate,1.1,0.05592648000982467,0.04289815228026324,2092,26,0,0.0,20,20,0
0.25,unmodified,actuator,absolute_middle_third_certificate,1.25,0.06355281819298257,0.04289815228026324,2092,26,0,0.0,25,25,0
0.25,unmodified,actuator,absolute_middle_third_certificate,1.5,0.07626338183157909,0.04289815228026324,2092,26,0,0.0,26,26,0
0.25,unmodified,actuator,absolute_middle_third_certificate,2.0,0.10168450910877212,0.04289815228026324,2092,26,0,0.0,26,26,0
0.25,unmodified,random_isotropic,own_certificate,0.25,0.01072453807006581,0.04289815228026324,2092,26,0,0.0,2,2,0
0.25,unmodified,random_isotropic,own_certificate,0.5,0.02144907614013162,0.04289815228026324,2092,26,0,0.0,2,2,0
0.25,unmodified,random_isotropic,own_certificate,0.75,0.03217361421019743,0.04289815228026324,2092,26,0,0.0,3,3,0
0.25,unmodified,random_isotropic,own_certificate,0.9,0.038608337052236916,0.04289815228026324,2092,26,0,0.0,4,4,0
0.25,unmodified,random_isotropic,own_certificate,0.99,0.04246917075746061,0.04289815228026324,2092,26,0,0.0,4,4,0
0.25,unmodified,random_isotropic,own_certificate,1.01,0.04332713380306587,0.04289815228026324,2092,26,0,0.0,4,5,0
0.25,unmodified,random_isotropic,own_certificate,1.1,0.04718796750828957,0.04289815228026324,2092,26,0,0.0,5,6,0
0.25,unmodified,random_isotropic,own_certificate,1.25,0.053622690350329044,0.04289815228026324,2092,26,0,0.0,5,6,0
0.25,unmodified,random_isotropic,own_certificate,1.5,0.06434722842039486,0.04289815228026324,2092,26,0,0.0,5,6,0
0.25,unmodified,random_isotropic,own_certificate,2.0,0.08579630456052648,0.04289815228026324,2092,26,0,0.0,5,6,0
0.25,unmodified,random_isotropic,absolute_middle_third_certificate,0.25,0.012710563638596515,0.04289815228026324,2092,26,0,0.0,2,2,0
0.25,unmodified,random_isotropic,absolute_middle_third_certificate,0.5,0.02542112727719303,0.04289815228026324,2092,26,0,0.0,2,2,0
0.25,unmodified,random_isotropic,absolute_middle_third_certificate,0.75,0.038131690915789544,0.04289815228026324,2092,26,0,0.0,4,4,0
0.25,unmodified,random_isotropic,absolute_middle_third_certificate,0.9,0.04575802909894745,0.04289815228026324,2092,26,0,0.0,5,6,0
0.25,unmodified,random_isotropic,absolute_middle_third_certificate,0.99,0.0503338320088422,0.04289815228026324,2092,26,0,0.0,5,6,0
0.25,unmodified,random_isotropic,absolute_middle_third_certificate,1.01,0.05135067709992992,0.04289815228026324,2092,26,0,0.0,5,6,0
0.25,unmodified,random_isotropic,absolute_middle_third_certificate,1.1,0.05592648000982467,0.04289815228026324,2092,26,0,0.0,5,6,0
0.25,unmodified,random_isotropic,absolute_middle_third_certificate,1.25,0.06355281819298257,0.04289815228026324,2092,26,0,0.0,5,6,0
0.25,unmodified,random_isotropic,absolute_middle_third_certificate,1.5,0.07626338183157909,0.04289815228026324,2092,26,0,0.0,5,6,0
0.25,unmodified,random_isotropic,absolute_middle_third_certificate,2.0,0.10168450910877212,0.04289815228026324,2092,26,0,0.0,5,6,0
0.25,unmodified,sensor_orthogonal,own_certificate,0.25,0.01072453807006581,0.04289815228026324,2092,26,0,0.0,0,0,0
0.25,unmodified,sensor_orthogonal,own_certificate,0.5,0.02144907614013162,0.04289815228026324,2092,26,0,0.0,0,0,0
0.25,unmodified,sensor_orthogonal,own_certificate,0.75,0.03217361421019743,0.04289815228026324,2092,26,0,0.0,0,0,0
0.25,unmodified,sensor_orthogonal,own_certificate,0.9,0.038608337052236916,0.04289815228026324,2092,26,0,0.0,0,0,0
0.25,unmodified,sensor_orthogonal,own_certificate,0.99,0.04246917075746061,0.04289815228026324,2092,26,0,0.0,0,0,0
0.25,unmodified,sensor_orthogonal,own_certificate,1.01,0.04332713380306587,0.04289815228026324,2092,26,0,0.0,0,0,0
0.25,unmodified,sensor_orthogonal,own_certificate,1.1,0.04718796750828957,0.04289815228026324,2092,26,0,0.0,0,0,0
0.25,unmodified,sensor_orthogonal,own_certificate,1.25,0.053622690350329044,0.04289815228026324,2092,26,0,0.0,0,0,0
0.25,unmodified,sensor_orthogonal,own_certificate,1.5,0.06434722842039486,0.04289815228026324,2092,26,0,0.0,0,0,0
0.25,unmodified,sensor_orthogonal,own_certificate,2.0,0.08579630456052648,0.04289815228026324,2092,26,0,0.0,0,0,0
0.25,unmodified,sensor_orthogonal,absolute_middle_third_certificate,0.25,0.012710563638596515,0.04289815228026324,2092,26,0,0.0,0,0,0
0.25,unmodified,sensor_orthogonal,absolute_middle_third_certificate,0.5,0.02542112727719303,0.04289815228026324,2092,26,0,0.0,0,0,0
0.25,unmodified,sensor_orthogonal,absolute_middle_third_certificate,0.75,0.038131690915789544,0.04289815228026324,2092,26,0,0.0,0,0,0
0.25,unmodified,sensor_orthogonal,absolute_middle_third_certificate,0.9,0.04575802909894745,0.04289815228026324,2092,26,0,0.0,0,0,0
0.25,unmodified,sensor_orthogonal,absolute_middle_third_certificate,0.99,0.0503338320088422,0.04289815228026324,2092,26,0,0.0,0,0,0
0.25,unmodified,sensor_orthogonal,absolute_middle_third_certificate,1.01,0.05135067709992992,0.04289815228026324,2092,26,0,0.0,0,0,0
0.25,unmodified,sensor_orthogonal,absolute_middle_third_certificate,1.1,0.05592648000982467,0.04289815228026324,2092,26,0,0.0,0,0,0
0.25,unmodified,sensor_orthogonal,absolute_middle_third_certificate,1.25,0.06355281819298257,0.04289815228026324,2092,26,0,0.0,0,0,0
0.25,unmodified,sensor_orthogonal,absolute_middle_third_certificate,1.5,0.07626338183157909,0.04289815228026324,2092,26,0,0.0,0,0,0
0.25,unmodified,sensor_orthogonal,absolute_middle_third_certificate,2.0,0.10168450910877212,0.04289815228026324,2092,26,0,0.0,0,0,0
0.25,unmodified,mixed_sensor_actuator,own_certificate,0.25,0.01072453807006581,0.04289815228026324,2092,26,0,0.0,10,10,0
0.25,unmodified,mixed_sensor_actuator,own_certificate,0.5,0.02144907614013162,0.04289815228026324,2092,26,0,0.0,20,20,0
0.25,unmodified,mixed_sensor_actuator,own_certificate,0.75,0.03217361421019743,0.04289815228026324,2092,26,0,0.0,26,26,0
0.25,unmodified,mixed_sensor_actuator,own_certificate,0.9,0.038608337052236916,0.04289815228026324,2092,26,0,0.0,26,26,0
0.25,unmodified,mixed_sensor_actuator,own_certificate,0.99,0.04246917075746061,0.04289815228026324,2092,26,0,0.0,26,26,0
0.25,unmodified,mixed_sensor_actuator,own_certificate,1.01,0.04332713380306587,0.04289815228026324,2092,26,0,0.0,26,26,0
0.25,unmodified,mixed_sensor_actuator,own_certificate,1.1,0.04718796750828957,0.04289815228026324,2092,26,0,0.0,26,26,0
0.25,unmodified,mixed_sensor_actuator,own_certificate,1.25,0.053622690350329044,0.04289815228026324,2092,26,2,0.07692307692307693,24,24,0
0.25,unmodified,mixed_sensor_actuator,own_certificate,1.5,0.06434722842039486,0.04289815228026324,2092,26,13,0.5,13,13,0
0.25,unmodified,mixed_sensor_actuator,own_certificate,2.0,0.08579630456052648,0.04289815228026324,2092,26,21,0.8076923076923077,3,5,0
0.25,unmodified,mixed_sensor_actuator,absolute_middle_third_certificate,0.25,0.012710563638596515,0.04289815228026324,2092,26,0,0.0,14,14,0
0.25,unmodified,mixed_sensor_actuator,absolute_middle_third_certificate,0.5,0.02542112727719303,0.04289815228026324,2092,26,0,0.0,25,25,0
0.25,unmodified,mixed_sensor_actuator,absolute_middle_third_certificate,0.75,0.038131690915789544,0.04289815228026324,2092,26,0,0.0,26,26,0
0.25,unmodified,mixed_sensor_actuator,absolute_middle_third_certificate,0.9,0.04575802909894745,0.04289815228026324,2092,26,0,0.0,26,26,0
0.25,unmodified,mixed_sensor_actuator,absolute_middle_third_certificate,0.99,0.0503338320088422,0.04289815228026324,2092,26,0,0.0,26,26,0
0.25,unmodified,mixed_sensor_actuator,absolute_middle_third_certificate,1.01,0.05135067709992992,0.04289815228026324,2092,26,0,0.0,26,26,0
0.25,unmodified,mixed_sensor_actuator,absolute_middle_third_certificate,1.1,0.05592648000982467,0.04289815228026324,2092,26,5,0.19230769230769232,21,21,0
0.25,unmodified,mixed_sensor_actuator,absolute_middle_third_certificate,1.25,0.06355281819298257,0.04289815228026324,2092,26,10,0.38461538461538464,16,16,0
0.25,unmodified,mixed_sensor_actuator,absolute_middle_third_certificate,1.5,0.07626338183157909,0.04289815228026324,2092,26,22,0.8461538461538461,4,4,0
0.25,unmodified,mixed_sensor_actuator,absolute_middle_third_certificate,2.0,0.10168450910877212,0.04289815228026324,2092,26,6,0.23076923076923078,9,20,0
0.25,projected,sensor_normal,own_certificate,0.25,0.01072453807006581,0.04289815228026324,16000,16000,0,0.0,8070,8070,0
0.25,projected,sensor_normal,own_certificate,0.5,0.02144907614013162,0.04289815228026324,16000,16000,0,0.0,16000,16000,0
0.25,projected,sensor_normal,own_certificate,0.75,0.03217361421019743,0.04289815228026324,16000,16000,0,0.0,16000,16000,0
0.25,projected,sensor_normal,own_certificate,0.9,0.038608337052236916,0.04289815228026324,16000,16000,0,0.0,16000,16000,0
0.25,projected,sensor_normal,own_certificate,0.99,0.04246917075746061,0.04289815228026324,16000,16000,0,0.0,16000,16000,0
0.25,projected,sensor_normal,own_certificate,1.01,0.04332713380306587,0.04289815228026324,16000,16000,4000,0.25,12000,12000,0
0.25,projected,sensor_normal,own_certificate,1.1,0.04718796750828957,0.04289815228026324,16000,16000,5600,0.35,10400,10400,0
0.25,projected,sensor_normal,own_certificate,1.25,0.053622690350329044,0.04289815228026324,16000,16000,7804,0.48775,8196,8196,0
0.25,projected,sensor_normal,own_certificate,1.5,0.06434722842039486,0.04289815228026324,16000,16000,16000,1.0,0,0,0
0.25,projected,sensor_normal,own_certificate,2.0,0.08579630456052648,0.04289815228026324,16000,16000,0,0.0,12000,16000,0
0.25,projected,sensor_normal,absolute_middle_third_certificate,0.25,0.012710563638596515,0.04289815228026324,16000,16000,0,0.0,8800,8800,0
0.25,projected,sensor_normal,absolute_middle_third_certificate,0.5,0.02542112727719303,0.04289815228026324,16000,16000,0,0.0,16000,16000,0
0.25,projected,sensor_normal,absolute_middle_third_certificate,0.75,0.038131690915789544,0.04289815228026324,16000,16000,0,0.0,16000,16000,0
0.25,projected,sensor_normal,absolute_middle_third_certificate,0.9,0.04575802909894745,0.04289815228026324,16000,16000,5600,0.35,10400,10400,0
0.25,projected,sensor_normal,absolute_middle_third_certificate,0.99,0.0503338320088422,0.04289815228026324,16000,16000,7200,0.45,8800,8800,0
0.25,projected,sensor_normal,absolute_middle_third_certificate,1.01,0.05135067709992992,0.04289815228026324,16000,16000,7200,0.45,8800,8800,0
0.25,projected,sensor_normal,absolute_middle_third_certificate,1.1,0.05592648000982467,0.04289815228026324,16000,16000,8800,0.55,7200,7200,0
0.25,projected,sensor_normal,absolute_middle_third_certificate,1.25,0.06355281819298257,0.04289815228026324,16000,16000,12000,0.75,4000,4000,0
0.25,projected,sensor_normal,absolute_middle_third_certificate,1.5,0.07626338183157909,0.04289815228026324,16000,16000,7200,0.45,6600,8800,0
0.25,projected,sensor_normal,absolute_middle_third_certificate,2.0,0.10168450910877212,0.04289815228026324,16000,16000,0,0.0,12000,16000,0
0.25,projected,actuator,own_certificate,0.25,0.01072453807006581,0.04289815228026324,16000,16000,0,0.0,5600,5600,0
0.25,projected,actuator,own_certificate,0.5,0.02144907614013162,0.04289815228026324,16000,16000,0,0.0,7200,7200,0
0.25,projected,actuator,own_certificate,0.75,0.03217361421019743,0.04289815228026324,16000,16000,0,0.0,7200,7200,0
0.25,projected,actuator,own_certificate,0.9,0.038608337052236916,0.04289815228026324,16000,16000,0,0.0,8800,8800,0
0.25,projected,actuator,own_certificate,0.99,0.04246917075746061,0.04289815228026324,16000,16000,0,0.0,8800,8800,0
0.25,projected,actuator,own_certificate,1.01,0.04332713380306587,0.04289815228026324,16000,16000,0,0.0,8800,8800,0
0.25,projected,actuator,own_certificate,1.1,0.04718796750828957,0.04289815228026324,16000,16000,0,0.0,8800,8800,0
0.25,projected,actuator,own_certificate,1.25,0.053622690350329044,0.04289815228026324,16000,16000,0,0.0,10400,10400,0
0.25,projected,actuator,own_certificate,1.5,0.06434722842039486,0.04289815228026324,16000,16000,0,0.0,12000,12000,0
0.25,projected,actuator,own_certificate,2.0,0.08579630456052648,0.04289815228026324,16000,16000,0,0.0,16000,16000,0
0.25,projected,actuator,absolute_middle_third_certificate,0.25,0.012710563638596515,0.04289815228026324,16000,16000,0,0.0,5600,5600,0
0.25,projected,actuator,absolute_middle_third_certificate,0.5,0.02542112727719303,0.04289815228026324,16000,16000,0,0.0,7200,7200,0
0.25,projected,actuator,absolute_middle_third_certificate,0.75,0.038131690915789544,0.04289815228026324,16000,16000,0,0.0,8800,8800,0
0.25,projected,actuator,absolute_middle_third_certificate,0.9,0.04575802909894745,0.04289815228026324,16000,16000,0,0.0,8800,8800,0
0.25,projected,actuator,absolute_middle_third_certificate,0.99,0.0503338320088422,0.04289815228026324,16000,16000,0,0.0,8800,8800,0
0.25,projected,actuator,absolute_middle_third_certificate,1.01,0.05135067709992992,0.04289815228026324,16000,16000,0,0.0,8800,8800,0
0.25,projected,actuator,absolute_middle_third_certificate,1.1,0.05592648000982467,0.04289815228026324,16000,16000,0,0.0,10400,10400,0
0.25,projected,actuator,absolute_middle_third_certificate,1.25,0.06355281819298257,0.04289815228026324,16000,16000,0,0.0,12000,12000,0
0.25,projected,actuator,absolute_middle_third_certificate,1.5,0.07626338183157909,0.04289815228026324,16000,16000,0,0.0,16000,16000,0
0.25,projected,actuator,absolute_middle_third_certificate,2.0,0.10168450910877212,0.04289815228026324,16000,16000,0,0.0,16000,16000,0
0.25,projected,random_isotropic,own_certificate,0.25,0.01072453807006581,0.04289815228026324,16000,16000,0,0.0,2793,3192,0
0.25,projected,random_isotropic,own_certificate,0.5,0.02144907614013162,0.04289815228026324,16000,16000,0,0.0,3080,3520,0
0.25,projected,random_isotropic,own_certificate,0.75,0.03217361421019743,0.04289815228026324,16000,16000,0,0.0,3248,3712,0
0.25,projected,random_isotropic,own_certificate,0.9,0.038608337052236916,0.04289815228026324,16000,16000,0,0.0,3388,3872,0
0.25,projected,random_isotropic,own_certificate,0.99,0.04246917075746061,0.04289815228026324,16000,16000,0,0.0,3472,3968,0
0.25,projected,random_isotropic,own_certificate,1.01,0.04332713380306587,0.04289815228026324,16000,16000,0,0.0,3500,4000,0
0.25,projected,random_isotropic,own_certificate,1.1,0.04718796750828957,0.04289815228026324,16000,16000,0,0.0,3619,4136,0
0.25,projected,random_isotropic,own_certificate,1.25,0.053622690350329044,0.04289815228026324,16000,16000,0,0.0,3717,4248,0
0.25,projected,random_isotropic,own_certificate,1.5,0.06434722842039486,0.04289815228026324,16000,16000,0,0.0,3885,4440,0
0.25,projected,random_isotropic,own_certificate,2.0,0.08579630456052648,0.04289815228026324,16000,16000,0,0.0,4144,4736,0
0.25,projected,random_isotropic,absolute_middle_third_certificate,0.25,0.012710563638596515,0.04289815228026324,16000,16000,0,0.0,2863,3272,0
0.25,projected,random_isotropic,absolute_middle_third_certificate,0.5,0.02542112727719303,0.04289815228026324,16000,16000,0,0.0,3122,3568,0
0.25,projected,random_isotropic,absolute_middle_third_certificate,0.75,0.038131690915789544,0.04289815228026324,16000,16000,0,0.0,3388,3872,0
0.25,projected,random_isotropic,absolute_middle_third_certificate,0.9,0.04575802909894745,0.04289815228026324,16000,16000,0,0.0,3598,4112,0
0.25,projected,random_isotropic,absolute_middle_third_certificate,0.99,0.0503338320088422,0.04289815228026324,16000,16000,0,0.0,3689,4216,0
0.25,projected,random_isotropic,absolute_middle_third_certificate,1.01,0.05135067709992992,0.04289815228026324,16000,16000,0,0.0,3696,4224,0
0.25,projected,random_isotropic,absolute_middle_third_certificate,1.1,0.05592648000982467,0.04289815228026324,16000,16000,0,0.0,3780,4320,0
0.25,projected,random_isotropic,absolute_middle_third_certificate,1.25,0.06355281819298257,0.04289815228026324,16000,16000,0,0.0,3878,4432,0
0.25,projected,random_isotropic,absolute_middle_third_certificate,1.5,0.07626338183157909,0.04289815228026324,16000,16000,0,0.0,4053,4632,0
0.25,projected,random_isotropic,absolute_middle_third_certificate,2.0,0.10168450910877212,0.04289815228026324,16000,16000,0,0.0,4312,4928,0
0.25,projected,sensor_orthogonal,own_certificate,0.25,0.01072453807006581,0.04289815228026324,16000,16000,0,0.0,0,0,0
0.25,projected,sensor_orthogonal,own_certificate,0.5,0.02144907614013162,0.04289815228026324,16000,16000,0,0.0,0,0,0
0.25,projected,sensor_orthogonal,own_certificate,0.75,0.03217361421019743,0.04289815228026324,16000,16000,0,0.0,0,0,0
0.25,projected,sensor_orthogonal,own_certificate,0.9,0.038608337052236916,0.04289815228026324,16000,16000,0,0.0,0,0,0
0.25,projected,sensor_orthogonal,own_certificate,0.99,0.04246917075746061,0.04289815228026324,16000,16000,0,0.0,0,0,0
0.25,projected,sensor_orthogonal,own_certificate,1.01,0.04332713380306587,0.04289815228026324,16000,16000,0,0.0,0,0,0
0.25,projected,sensor_orthogonal,own_certificate,1.1,0.04718796750828957,0.04289815228026324,16000,16000,0,0.0,0,0,0
0.25,projected,sensor_orthogonal,own_certificate,1.25,0.053622690350329044,0.04289815228026324,16000,16000,0,0.0,0,0,0
0.25,projected,sensor_orthogonal,own_certificate,1.5,0.06434722842039486,0.04289815228026324,16000,16000,0,0.0,0,0,0
0.25,projected,sensor_orthogonal,own_certificate,2.0,0.08579630456052648,0.04289815228026324,16000,16000,0,0.0,0,0,0
0.25,projected,sensor_orthogonal,absolute_middle_third_certificate,0.25,0.012710563638596515,0.04289815228026324,16000,16000,0,0.0,0,0,0
0.25,projected,sensor_orthogonal,absolute_middle_third_certificate,0.5,0.02542112727719303,0.04289815228026324,16000,16000,0,0.0,0,0,0
0.25,projected,sensor_orthogonal,absolute_middle_third_certificate,0.75,0.038131690915789544,0.04289815228026324,16000,16000,0,0.0,0,0,0
0.25,projected,sensor_orthogonal,absolute_middle_third_certificate,0.9,0.04575802909894745,0.04289815228026324,16000,16000,0,0.0,0,0,0
0.25,projected,sensor_orthogonal,absolute_middle_third_certificate,0.99,0.0503338320088422,0.04289815228026324,16000,16000,0,0.0,0,0,0
0.25,projected,sensor_orthogonal,absolute_middle_third_certificate,1.01,0.05135067709992992,0.04289815228026324,16000,16000,0,0.0,0,0,0
0.25,projected,sensor_orthogonal,absolute_middle_third_certificate,1.1,0.05592648000982467,0.04289815228026324,16000,16000,0,0.0,0,0,0
0.25,projected,sensor_orthogonal,absolute_middle_third_certificate,1.25,0.06355281819298257,0.04289815228026324,16000,16000,0,0.0,0,0,0
0.25,projected,sensor_orthogonal,absolute_middle_third_certificate,1.5,0.07626338183157909,0.04289815228026324,16000,16000,0,0.0,0,0,0
0.25,projected,sensor_orthogonal,absolute_middle_third_certificate,2.0,0.10168450910877212,0.04289815228026324,16000,16000,0,0.0,0,0,0
0.25,projected,mixed_sensor_actuator,own_certificate,0.25,0.01072453807006581,0.04289815228026324,16000,16000,0,0.0,7200,7200,0
0.25,projected,mixed_sensor_actuator,own_certificate,0.5,0.02144907614013162,0.04289815228026324,16000,16000,0,0.0,10400,10400,0
0.25,projected,mixed_sensor_actuator,own_certificate,0.75,0.03217361421019743,0.04289815228026324,16000,16000,0,0.0,16000,16000,0
0.25,projected,mixed_sensor_actuator,own_certificate,0.9,0.038608337052236916,0.04289815228026324,16000,16000,0,0.0,16000,16000,0
0.25,projected,mixed_sensor_actuator,own_certificate,0.99,0.04246917075746061,0.04289815228026324,16000,16000,0,0.0,16000,16000,0
0.25,projected,mixed_sensor_actuator,own_certificate,1.01,0.04332713380306587,0.04289815228026324,16000,16000,0,0.0,16000,16000,0
0.25,projected,mixed_sensor_actuator,own_certificate,1.1,0.04718796750828957,0.04289815228026324,16000,16000,0,0.0,16000,16000,0
0.25,projected,mixed_sensor_actuator,own_certificate,1.25,0.053622690350329044,0.04289815228026324,16000,16000,4000,0.25,12000,12000,0
0.25,projected,mixed_sensor_actuator,own_certificate,1.5,0.06434722842039486,0.04289815228026324,16000,16000,7200,0.45,8800,8800,0
0.25,projected,mixed_sensor_actuator,own_certificate,2.0,0.08579630456052648,0.04289815228026324,16000,16000,10400,0.65,4200,5600,0
0.25,projected,mixed_sensor_actuator,absolute_middle_third_certificate,0.25,0.012710563638596515,0.04289815228026324,16000,16000,0,0.0,7200,7200,0
0.25,projected,mixed_sensor_actuator,absolute_middle_third_certificate,0.5,0.02542112727719303,0.04289815228026324,16000,16000,0,0.0,12000,12000,0
0.25,projected,mixed_sensor_actuator,absolute_middle_third_certificate,0.75,0.038131690915789544,0.04289815228026324,16000,16000,0,0.0,16000,16000,0
0.25,projected,mixed_sensor_actuator,absolute_middle_third_certificate,0.9,0.04575802909894745,0.04289815228026324,16000,16000,0,0.0,16000,16000,0
0.25,projected,mixed_sensor_actuator,absolute_middle_third_certificate,0.99,0.0503338320088422,0.04289815228026324,16000,16000,0,0.0,16000,16000,0
0.25,projected,mixed_sensor_actuator,absolute_middle_third_certificate,1.01,0.05135067709992992,0.04289815228026324,16000,16000,0,0.0,16000,16000,0
0.25,projected,mixed_sensor_actuator,absolute_middle_third_certificate,1.1,0.05592648000982467,0.04289815228026324,16000,16000,5600,0.35,10400,10400,0
0.25,projected,mixed_sensor_actuator,absolute_middle_third_certificate,1.25,0.06355281819298257,0.04289815228026324,16000,16000,7200,0.45,8800,8800,0
0.25,projected,mixed_sensor_actuator,absolute_middle_third_certificate,1.5,0.07626338183157909,0.04289815228026324,16000,16000,10400,0.65,5600,5600,0
0.25,projected,mixed_sensor_actuator,absolute_middle_third_certificate,2.0,0.10168450910877212,0.04289815228026324,16000,16000,5600,0.35,7800,10400,0
0.28,unmodified,sensor_normal,own_certificate,0.25,0.011838517288479684,0.04735406915391874,2092,40,0,0.0,15,15,0
0.28,unmodified,sensor_normal,own_certificate,0.5,0.02367703457695937,0.04735406915391874,2092,40,0,0.0,29,29,0
0.28,unmodified,sensor_normal,own_certificate,0.75,0.03551555186543905,0.04735406915391874,2092,40,0,0.0,40,40,0
0.28,unmodified,sensor_normal,own_certificate,0.9,0.042618662238526867,0.04735406915391874,2092,40,0,0.0,40,40,0
0.28,unmodified,sensor_normal,own_certificate,0.99,0.04688052846237955,0.04735406915391874,2092,40,0,0.0,40,40,0
0.28,unmodified,sensor_normal,own_certificate,1.01,0.047827609845457926,0.04735406915391874,2092,40,0,0.0,40,40,0
0.28,unmodified,sensor_normal,own_certificate,1.1,0.052089476069310615,0.04735406915391874,2092,40,11,0.275,29,29,0
0.28,unmodified,sensor_normal,own_certificate,1.25,0.05919258644239842,0.04735406915391874,2092,40,15,0.375,25,25,0
0.28,unmodified,sensor_normal,own_certificate,1.5,0.0710311037308781,0.04735406915391874,2092,40,29,0.725,11,11,0
0.28,unmodified,sensor_normal,own_certificate,2.0,0.09470813830783748,0.04735406915391874,2092,40,19,0.475,14,21,0
0.28,unmodified,sensor_normal,absolute_middle_third_certificate,0.25,0.012710563638596515,0.04735406915391874,2092,40,0,0.0,15,15,0
0.28,unmodified,sensor_normal,absolute_middle_third_certificate,0.5,0.02542112727719303,0.04735406915391874,2092,40,0,0.0,30,30,0
0.28,unmodified,sensor_normal,absolute_middle_third_certificate,0.75,0.038131690915789544,0.04735406915391874,2092,40,0,0.0,40,40,0
0.28,unmodified,sensor_normal,absolute_middle_third_certificate,0.9,0.04575802909894745,0.04735406915391874,2092,40,0,0.0,40,40,0
0.28,unmodified,sensor_normal,absolute_middle_third_certificate,0.99,0.0503338320088422,0.04735406915391874,2092,40,7,0.175,33,33,0
0.28,unmodified,sensor_normal,absolute_middle_third_certificate,1.01,0.05135067709992992,0.04735406915391874,2092,40,10,0.25,30,30,0
0.28,unmodified,sensor_normal,absolute_middle_third_certificate,1.1,0.05592648000982467,0.04735406915391874,2092,40,12,0.3,28,28,0
0.28,unmodified,sensor_normal,absolute_middle_third_certificate,1.25,0.06355281819298257,0.04735406915391874,2092,40,21,0.525,19,19,0
0.28,unmodified,sensor_normal,absolute_middle_third_certificate,1.5,0.07626338183157909,0.04735406915391874,2092,40,39,0.975,1,1,0
0.28,unmodified,sensor_normal,absolute_middle_third_certificate,2.0,0.10168450910877212,0.04735406915391874,2092,40,11,0.275,19,29,0
0.28,unmodified,actuator,own_certificate,0.25,0.011838517288479684,0.04735406915391874,2092,40,0,0.0,9,9,0
0.28,unmodified,actuator,own_certificate,0.5,0.02367703457695937,0.04735406915391874,2092,40,0,0.0,11,11,0
0.28,unmodified,actuator,own_certificate,0.75,0.03551555186543905,0.04735406915391874,2092,40,0,0.0,14,14,0
0.28,unmodified,actuator,own_certificate,0.9,0.042618662238526867,0.04735406915391874,2092,40,0,0.0,15,15,0
0.28,unmodified,actuator,own_certificate,0.99,0.04688052846237955,0.04735406915391874,2092,40,0,0.0,19,19,0
0.28,unmodified,actuator,own_certificate,1.01,0.047827609845457926,0.04735406915391874,2092,40,0,0.0,19,19,0
0.28,unmodified,actuator,own_certificate,1.1,0.052089476069310615,0.04735406915391874,2092,40,0,0.0,21,21,0
0.28,unmodified,actuator,own_certificate,1.25,0.05919258644239842,0.04735406915391874,2092,40,0,0.0,24,24,0
0.28,unmodified,actuator,own_certificate,1.5,0.0710311037308781,0.04735406915391874,2092,40,0,0.0,29,29,0
0.28,unmodified,actuator,own_certificate,2.0,0.09470813830783748,0.04735406915391874,2092,40,0,0.0,39,39,0
0.28,unmodified,actuator,absolute_middle_third_certificate,0.25,0.012710563638596515,0.04735406915391874,2092,40,0,0.0,10,10,0
0.28,unmodified,actuator,absolute_middle_third_certificate,0.5,0.02542112727719303,0.04735406915391874,2092,40,0,0.0,12,12,0
0.28,unmodified,actuator,absolute_middle_third_certificate,0.75,0.038131690915789544,0.04735406915391874,2092,40,0,0.0,15,15,0
0.28,unmodified,actuator,absolute_middle_third_certificate,0.9,0.04575802909894745,0.04735406915391874,2092,40,0,0.0,19,19,0
0.28,unmodified,actuator,absolute_middle_third_certificate,0.99,0.0503338320088422,0.04735406915391874,2092,40,0,0.0,20,20,0
0.28,unmodified,actuator,absolute_middle_third_certificate,1.01,0.05135067709992992,0.04735406915391874,2092,40,0,0.0,21,21,0
0.28,unmodified,actuator,absolute_middle_third_certificate,1.1,0.05592648000982467,0.04735406915391874,2092,40,0,0.0,22,22,0
0.28,unmodified,actuator,absolute_middle_third_certificate,1.25,0.06355281819298257,0.04735406915391874,2092,40,0,0.0,25,25,0
0.28,unmodified,actuator,absolute_middle_third_certificate,1.5,0.07626338183157909,0.04735406915391874,2092,40,0,0.0,29,29,0
0.28,unmodified,actuator,absolute_middle_third_certificate,2.0,0.10168450910877212,0.04735406915391874,2092,40,0,0.0,40,40,0
0.28,unmodified,random_isotropic,own_certificate,0.25,0.011838517288479684,0.04735406915391874,2092,40,0,0.0,0,0,0
0.28,unmodified,random_isotropic,own_certificate,0.5,0.02367703457695937,0.04735406915391874,2092,40,0,0.0,0,0,0
0.28,unmodified,random_isotropic,own_certificate,0.75,0.03551555186543905,0.04735406915391874,2092,40,0,0.0,0,0,0
0.28,unmodified,random_isotropic,own_certificate,0.9,0.042618662238526867,0.04735406915391874,2092,40,0,0.0,0,0,0
0.28,unmodified,random_isotropic,own_certificate,0.99,0.04688052846237955,0.04735406915391874,2092,40,0,0.0,0,1,0
0.28,unmodified,random_isotropic,own_certificate,1.01,0.047827609845457926,0.04735406915391874,2092,40,0,0.0,0,1,0
0.28,unmodified,random_isotropic,own_certificate,1.1,0.052089476069310615,0.04735406915391874,2092,40,0,0.0,0,1,0
0.28,unmodified,random_isotropic,own_certificate,1.25,0.05919258644239842,0.04735406915391874,2092,40,0,0.0,0,1,0
0.28,unmodified,random_isotropic,own_certificate,1.5,0.0710311037308781,0.04735406915391874,2092,40,0,0.0,1,2,0
0.28,unmodified,random_isotropic,own_certificate,2.0,0.09470813830783748,0.04735406915391874,2092,40,0,0.0,2,3,0
0.28,unmodified,random_isotropic,absolute_middle_third_certificate,0.25,0.012710563638596515,0.04735406915391874,2092,40,0,0.0,0,0,0
0.28,unmodified,random_isotropic,absolute_middle_third_certificate,0.5,0.02542112727719303,0.04735406915391874,2092,40,0,0.0,0,0,0
0.28,unmodified,random_isotropic,absolute_middle_third_certificate,0.75,0.038131690915789544,0.04735406915391874,2092,40,0,0.0,0,0,0
0.28,unmodified,random_isotropic,absolute_middle_third_certificate,0.9,0.04575802909894745,0.04735406915391874,2092,40,0,0.0,0,1,0
0.28,unmodified,random_isotropic,absolute_middle_third_certificate,0.99,0.0503338320088422,0.04735406915391874,2092,40,0,0.0,0,1,0
0.28,unmodified,random_isotropic,absolute_middle_third_certificate,1.01,0.05135067709992992,0.04735406915391874,2092,40,0,0.0,0,1,0
0.28,unmodified,random_isotropic,absolute_middle_third_certificate,1.1,0.05592648000982467,0.04735406915391874,2092,40,0,0.0,0,1,0
0.28,unmodified,random_isotropic,absolute_middle_third_certificate,1.25,0.06355281819298257,0.04735406915391874,2092,40,0,0.0,0,1,0
0.28,unmodified,random_isotropic,absolute_middle_third_certificate,1.5,0.07626338183157909,0.04735406915391874,2092,40,0,0.0,2,3,0
0.28,unmodified,random_isotropic,absolute_middle_third_certificate,2.0,0.10168450910877212,0.04735406915391874,2092,40,0,0.0,2,3,0
0.28,unmodified,sensor_orthogonal,own_certificate,0.25,0.011838517288479684,0.04735406915391874,2092,40,0,0.0,0,0,0
0.28,unmodified,sensor_orthogonal,own_certificate,0.5,0.02367703457695937,0.04735406915391874,2092,40,0,0.0,0,0,0
0.28,unmodified,sensor_orthogonal,own_certificate,0.75,0.03551555186543905,0.04735406915391874,2092,40,0,0.0,0,0,0
0.28,unmodified,sensor_orthogonal,own_certificate,0.9,0.042618662238526867,0.04735406915391874,2092,40,0,0.0,0,0,0
0.28,unmodified,sensor_orthogonal,own_certificate,0.99,0.04688052846237955,0.04735406915391874,2092,40,0,0.0,0,0,0
0.28,unmodified,sensor_orthogonal,own_certificate,1.01,0.047827609845457926,0.04735406915391874,2092,40,0,0.0,0,0,0
0.28,unmodified,sensor_orthogonal,own_certificate,1.1,0.052089476069310615,0.04735406915391874,2092,40,0,0.0,0,0,0
0.28,unmodified,sensor_orthogonal,own_certificate,1.25,0.05919258644239842,0.04735406915391874,2092,40,0,0.0,0,0,0
0.28,unmodified,sensor_orthogonal,own_certificate,1.5,0.0710311037308781,0.04735406915391874,2092,40,0,0.0,0,0,0
0.28,unmodified,sensor_orthogonal,own_certificate,2.0,0.09470813830783748,0.04735406915391874,2092,40,0,0.0,0,0,0
0.28,unmodified,sensor_orthogonal,absolute_middle_third_certificate,0.25,0.012710563638596515,0.04735406915391874,2092,40,0,0.0,0,0,0
0.28,unmodified,sensor_orthogonal,absolute_middle_third_certificate,0.5,0.02542112727719303,0.04735406915391874,2092,40,0,0.0,0,0,0
0.28,unmodified,sensor_orthogonal,absolute_middle_third_certificate,0.75,0.038131690915789544,0.04735406915391874,2092,40,0,0.0,0,0,0
0.28,unmodified,sensor_orthogonal,absolute_middle_third_certificate,0.9,0.04575802909894745,0.04735406915391874,2092,40,0,0.0,0,0,0
0.28,unmodified,sensor_orthogonal,absolute_middle_third_certificate,0.99,0.0503338320088422,0.04735406915391874,2092,40,0,0.0,0,0,0
0.28,unmodified,sensor_orthogonal,absolute_middle_third_certificate,1.01,0.05135067709992992,0.04735406915391874,2092,40,0,0.0,0,0,0
0.28,unmodified,sensor_orthogonal,absolute_middle_third_certificate,1.1,0.05592648000982467,0.04735406915391874,2092,40,0,0.0,0,0,0
0.28,unmodified,sensor_orthogonal,absolute_middle_third_certificate,1.25,0.06355281819298257,0.04735406915391874,2092,40,0,0.0,0,0,0
0.28,unmodified,sensor_orthogonal,absolute_middle_third_certificate,1.5,0.07626338183157909,0.04735406915391874,2092,40,0,0.0,0,0,0
0.28,unmodified,sensor_orthogonal,absolute_middle_third_certificate,2.0,0.10168450910877212,0.04735406915391874,2092,40,0,0.0,0,0,0
0.28,unmodified,mixed_sensor_actuator,own_certificate,0.25,0.011838517288479684,0.04735406915391874,2092,40,0,0.0,13,13,0
0.28,unmodified,mixed_sensor_actuator,own_certificate,0.5,0.02367703457695937,0.04735406915391874,2092,40,0,0.0,25,25,0
0.28,unmodified,mixed_sensor_actuator,own_certificate,0.75,0.03551555186543905,0.04735406915391874,2092,40,0,0.0,39,39,0
0.28,unmodified,mixed_sensor_actuator,own_certificate,0.9,0.042618662238526867,0.04735406915391874,2092,40,0,0.0,40,40,0
0.28,unmodified,mixed_sensor_actuator,own_certificate,0.99,0.04688052846237955,0.04735406915391874,2092,40,0,0.0,40,40,0
0.28,unmodified,mixed_sensor_actuator,own_certificate,1.01,0.047827609845457926,0.04735406915391874,2092,40,0,0.0,40,40,0
0.28,unmodified,mixed_sensor_actuator,own_certificate,1.1,0.052089476069310615,0.04735406915391874,2092,40,0,0.0,40,40,0
0.28,unmodified,mixed_sensor_actuator,own_certificate,1.25,0.05919258644239842,0.04735406915391874,2092,40,0,0.0,40,40,0
0.28,unmodified,mixed_sensor_actuator,own_certificate,1.5,0.0710311037308781,0.04735406915391874,2092,40,13,0.325,27,27,0
0.28,unmodified,mixed_sensor_actuator,own_certificate,2.0,0.09470813830783748,0.04735406915391874,2092,40,39,0.975,1,1,0
0.28,unmodified,mixed_sensor_actuator,absolute_middle_third_certificate,0.25,0.012710563638596515,0.04735406915391874,2092,40,0,0.0,13,13,0
0.28,unmodified,mixed_sensor_actuator,absolute_middle_third_certificate,0.5,0.02542112727719303,0.04735406915391874,2092,40,0,0.0,26,26,0
0.28,unmodified,mixed_sensor_actuator,absolute_middle_third_certificate,0.75,0.038131690915789544,0.04735406915391874,2092,40,0,0.0,40,40,0
0.28,unmodified,mixed_sensor_actuator,absolute_middle_third_certificate,0.9,0.04575802909894745,0.04735406915391874,2092,40,0,0.0,40,40,0
0.28,unmodified,mixed_sensor_actuator,absolute_middle_third_certificate,0.99,0.0503338320088422,0.04735406915391874,2092,40,0,0.0,40,40,0
0.28,unmodified,mixed_sensor_actuator,absolute_middle_third_certificate,1.01,0.05135067709992992,0.04735406915391874,2092,40,0,0.0,40,40,0
0.28,unmodified,mixed_sensor_actuator,absolute_middle_third_certificate,1.1,0.05592648000982467,0.04735406915391874,2092,40,0,0.0,40,40,0
0.28,unmodified,mixed_sensor_actuator,absolute_middle_third_certificate,1.25,0.06355281819298257,0.04735406915391874,2092,40,11,0.275,29,29,0
0.28,unmodified,mixed_sensor_actuator,absolute_middle_third_certificate,1.5,0.07626338183157909,0.04735406915391874,2092,40,19,0.475,21,21,0
0.28,unmodified,mixed_sensor_actuator,absolute_middle_third_certificate,2.0,0.10168450910877212,0.04735406915391874,2092,40,29,0.725,6,11,0
0.28,projected,sensor_normal,own_certificate,0.25,0.011838517288479684,0.04735406915391874,16000,16000,0,0.0,7200,7200,0
0.28,projected,sensor_normal,own_certificate,0.5,0.02367703457695937,0.04735406915391874,16000,16000,0,0.0,10400,10400,0
0.28,projected,sensor_normal,own_certificate,0.75,0.03551555186543905,0.04735406915391874,16000,16000,0,0.0,16000,16000,0
0.28,projected,sensor_normal,own_certificate,0.9,0.042618662238526867,0.04735406915391874,16000,16000,0,0.0,16000,16000,0
0.28,projected,sensor_normal,own_certificate,0.99,0.04688052846237955,0.04735406915391874,16000,16000,0,0.0,16000,16000,0
0.28,projected,sensor_normal,own_certificate,1.01,0.047827609845457926,0.04735406915391874,16000,16000,4000,0.25,12000,12000,0
0.28,projected,sensor_normal,own_certificate,1.1,0.052089476069310615,0.04735406915391874,16000,16000,5600,0.35,10400,10400,0
0.28,projected,sensor_normal,own_certificate,1.25,0.05919258644239842,0.04735406915391874,16000,16000,7200,0.45,8800,8800,0
0.28,projected,sensor_normal,own_certificate,1.5,0.0710311037308781,0.04735406915391874,16000,16000,10400,0.65,5600,5600,0
0.28,projected,sensor_normal,own_certificate,2.0,0.09470813830783748,0.04735406915391874,16000,16000,7200,0.45,6600,8800,0
0.28,projected,sensor_normal,absolute_middle_third_certificate,0.25,0.012710563638596515,0.04735406915391874,16000,16000,0,0.0,7200,7200,0
0.28,projected,sensor_normal,absolute_middle_third_certificate,0.5,0.02542112727719303,0.04735406915391874,16000,16000,0,0.0,10400,10400,0
0.28,projected,sensor_normal,absolute_middle_third_certificate,0.75,0.038131690915789544,0.04735406915391874,16000,16000,0,0.0,16000,16000,0
0.28,projected,sensor_normal,absolute_middle_third_certificate,0.9,0.04575802909894745,0.04735406915391874,16000,16000,0,0.0,16000,16000,0
0.28,projected,sensor_normal,absolute_middle_third_certificate,0.99,0.0503338320088422,0.04735406915391874,16000,16000,4000,0.25,12000,12000,0
0.28,projected,sensor_normal,absolute_middle_third_certificate,1.01,0.05135067709992992,0.04735406915391874,16000,16000,5600,0.35,10400,10400,0
0.28,projected,sensor_normal,absolute_middle_third_certificate,1.1,0.05592648000982467,0.04735406915391874,16000,16000,7200,0.45,8800,8800,0
0.28,projected,sensor_normal,absolute_middle_third_certificate,1.25,0.06355281819298257,0.04735406915391874,16000,16000,8800,0.55,7200,7200,0
0.28,projected,sensor_normal,absolute_middle_third_certificate,1.5,0.07626338183157909,0.04735406915391874,16000,16000,12000,0.75,4000,4000,0
0.28,projected,sensor_normal,absolute_middle_third_certificate,2.0,0.10168450910877212,0.04735406915391874,16000,16000,5600,0.35,7800,10400,0
0.28,projected,actuator,own_certificate,0.25,0.011838517288479684,0.04735406915391874,16000,16000,0,0.0,5600,5600,0
0.28,projected,actuator,own_certificate,0.5,0.02367703457695937,0.04735406915391874,16000,16000,0,0.0,5600,5600,0
0.28,projected,actuator,own_certificate,0.75,0.03551555186543905,0.04735406915391874,16000,16000,0,0.0,7200,7200,0
0.28,projected,actuator,own_certificate,0.9,0.042618662238526867,0.04735406915391874,16000,16000,0,0.0,7200,7200,0
0.28,projected,actuator,own_certificate,0.99,0.04688052846237955,0.04735406915391874,16000,16000,0,0.0,7200,7200,0
0.28,projected,actuator,own_certificate,1.01,0.047827609845457926,0.04735406915391874,16000,16000,0,0.0,7200,7200,0
0.28,projected,actuator,own_certificate,1.1,0.052089476069310615,0.04735406915391874,16000,16000,0,0.0,8800,8800,0
0.28,projected,actuator,own_certificate,1.25,0.05919258644239842,0.04735406915391874,16000,16000,0,0.0,8800,8800,0
0.28,projected,actuator,own_certificate,1.5,0.0710311037308781,0.04735406915391874,16000,16000,0,0.0,8800,8800,0
0.28,projected,actuator,own_certificate,2.0,0.09470813830783748,0.04735406915391874,16000,16000,0,0.0,12000,12000,0
0.28,projected,actuator,absolute_middle_third_certificate,0.25,0.012710563638596515,0.04735406915391874,16000,16000,0,0.0,5600,5600,0
0.28,projected,actuator,absolute_middle_third_certificate,0.5,0.02542112727719303,0.04735406915391874,16000,16000,0,0.0,7200,7200,0
0.28,projected,actuator,absolute_middle_third_certificate,0.75,0.038131690915789544,0.04735406915391874,16000,16000,0,0.0,7200,7200,0
0.28,projected,actuator,absolute_middle_third_certificate,0.9,0.04575802909894745,0.04735406915391874,16000,16000,0,0.0,7200,7200,0
0.28,projected,actuator,absolute_middle_third_certificate,0.99,0.0503338320088422,0.04735406915391874,16000,16000,0,0.0,8800,8800,0
0.28,projected,actuator,absolute_middle_third_certificate,1.01,0.05135067709992992,0.04735406915391874,16000,16000,0,0.0,8800,8800,0
0.28,projected,actuator,absolute_middle_third_certificate,1.1,0.05592648000982467,0.04735406915391874,16000,16000,0,0.0,8800,8800,0
0.28,projected,actuator,absolute_middle_third_certificate,1.25,0.06355281819298257,0.04735406915391874,16000,16000,0,0.0,8800,8800,0
0.28,projected,actuator,absolute_middle_third_certificate,1.5,0.07626338183157909,0.04735406915391874,16000,16000,0,0.0,10400,10400,0
0.28,projected,actuator,absolute_middle_third_certificate,2.0,0.10168450910877212,0.04735406915391874,16000,16000,0,0.0,16000,16000,0
0.28,projected,random_isotropic,own_certificate,0.25,0.011838517288479684,0.04735406915391874,16000,16000,0,0.0,2681,3064,0
0.28,projected,random_isotropic,own_certificate,0.5,0.02367703457695937,0.04735406915391874,16000,16000,0,0.0,2982,3408,0
0.28,projected,random_isotropic,own_certificate,0.75,0.03551555186543905,0.04735406915391874,16000,16000,0,0.0,3122,3568,0
0.28,projected,random_isotropic,own_certificate,0.9,0.042618662238526867,0.04735406915391874,16000,16000,0,0.0,3227,3688,0
0.28,projected,random_isotropic,own_certificate,0.99,0.04688052846237955,0.04735406915391874,16000,16000,0,0.0,3283,3752,0
0.28,projected,random_isotropic,own_certificate,1.01,0.047827609845457926,0.04735406915391874,16000,16000,0,0.0,3297,3768,0
0.28,projected,random_isotropic,own_certificate,1.1,0.052089476069310615,0.04735406915391874,16000,16000,0,0.0,3388,3872,0
0.28,projected,random_isotropic,own_certificate,1.25,0.05919258644239842,0.04735406915391874,16000,16000,0,0.0,3458,3952,0
0.28,projected,random_isotropic,own_certificate,1.5,0.0710311037308781,0.04735406915391874,16000,16000,0,0.0,3696,4224,0
0.28,projected,random_isotropic,own_certificate,2.0,0.09470813830783748,0.04735406915391874,16000,16000,0,0.0,3920,4480,0
0.28,projected,random_isotropic,absolute_middle_third_certificate,0.25,0.012710563638596515,0.04735406915391874,16000,16000,0,0.0,2716,3104,0
0.28,projected,random_isotropic,absolute_middle_third_certificate,0.5,0.02542112727719303,0.04735406915391874,16000,16000,0,0.0,3045,3480,0
0.28,projected,random_isotropic,absolute_middle_third_certificate,0.75,0.038131690915789544,0.04735406915391874,16000,16000,0,0.0,3150,3600,0
0.28,projected,random_isotropic,absolute_middle_third_certificate,0.9,0.04575802909894745,0.04735406915391874,16000,16000,0,0.0,3262,3728,0
0.28,projected,random_isotropic,absolute_middle_third_certificate,0.99,0.0503338320088422,0.04735406915391874,16000,16000,0,0.0,3346,3824,0
0.28,projected,random_isotropic,absolute_middle_third_certificate,1.01,0.05135067709992992,0.04735406915391874,16000,16000,0,0.0,3381,3864,0
0.28,projected,random_isotropic,absolute_middle_third_certificate,1.1,0.05592648000982467,0.04735406915391874,16000,16000,0,0.0,3402,3888,0
0.28,projected,random_isotropic,absolute_middle_third_certificate,1.25,0.06355281819298257,0.04735406915391874,16000,16000,0,0.0,3584,4096,0
0.28,projected,random_isotropic,absolute_middle_third_certificate,1.5,0.07626338183157909,0.04735406915391874,16000,16000,0,0.0,3738,4272,0
0.28,projected,random_isotropic,absolute_middle_third_certificate,2.0,0.10168450910877212,0.04735406915391874,16000,16000,0,0.0,3990,4560,0
0.28,projected,sensor_orthogonal,own_certificate,0.25,0.011838517288479684,0.04735406915391874,16000,16000,0,0.0,0,0,0
0.28,projected,sensor_orthogonal,own_certificate,0.5,0.02367703457695937,0.04735406915391874,16000,16000,0,0.0,0,0,0
0.28,projected,sensor_orthogonal,own_certificate,0.75,0.03551555186543905,0.04735406915391874,16000,16000,0,0.0,0,0,0
0.28,projected,sensor_orthogonal,own_certificate,0.9,0.042618662238526867,0.04735406915391874,16000,16000,0,0.0,0,0,0
0.28,projected,sensor_orthogonal,own_certificate,0.99,0.04688052846237955,0.04735406915391874,16000,16000,0,0.0,0,0,0
0.28,projected,sensor_orthogonal,own_certificate,1.01,0.047827609845457926,0.04735406915391874,16000,16000,0,0.0,0,0,0
0.28,projected,sensor_orthogonal,own_certificate,1.1,0.052089476069310615,0.04735406915391874,16000,16000,0,0.0,0,0,0
0.28,projected,sensor_orthogonal,own_certificate,1.25,0.05919258644239842,0.04735406915391874,16000,16000,0,0.0,0,0,0
0.28,projected,sensor_orthogonal,own_certificate,1.5,0.0710311037308781,0.04735406915391874,16000,16000,0,0.0,0,0,0
0.28,projected,sensor_orthogonal,own_certificate,2.0,0.09470813830783748,0.04735406915391874,16000,16000,0,0.0,0,0,0
0.28,projected,sensor_orthogonal,absolute_middle_third_certificate,0.25,0.012710563638596515,0.04735406915391874,16000,16000,0,0.0,0,0,0
0.28,projected,sensor_orthogonal,absolute_middle_third_certificate,0.5,0.02542112727719303,0.04735406915391874,16000,16000,0,0.0,0,0,0
0.28,projected,sensor_orthogonal,absolute_middle_third_certificate,0.75,0.038131690915789544,0.04735406915391874,16000,16000,0,0.0,0,0,0
0.28,projected,sensor_orthogonal,absolute_middle_third_certificate,0.9,0.04575802909894745,0.04735406915391874,16000,16000,0,0.0,0,0,0
0.28,projected,sensor_orthogonal,absolute_middle_third_certificate,0.99,0.0503338320088422,0.04735406915391874,16000,16000,0,0.0,0,0,0
0.28,projected,sensor_orthogonal,absolute_middle_third_certificate,1.01,0.05135067709992992,0.04735406915391874,16000,16000,0,0.0,0,0,0
0.28,projected,sensor_orthogonal,absolute_middle_third_certificate,1.1,0.05592648000982467,0.04735406915391874,16000,16000,0,0.0,0,0,0
0.28,projected,sensor_orthogonal,absolute_middle_third_certificate,1.25,0.06355281819298257,0.04735406915391874,16000,16000,0,0.0,0,0,0
0.28,projected,sensor_orthogonal,absolute_middle_third_certificate,1.5,0.07626338183157909,0.04735406915391874,16000,16000,0,0.0,0,0,0
0.28,projected,sensor_orthogonal,absolute_middle_third_certificate,2.0,0.10168450910877212,0.04735406915391874,16000,16000,0,0.0,0,0,0
0.28,projected,mixed_sensor_actuator,own_certificate,0.25,0.011838517288479684,0.04735406915391874,16000,16000,0,0.0,7200,7200,0
0.28,projected,mixed_sensor_actuator,own_certificate,0.5,0.02367703457695937,0.04735406915391874,16000,16000,0,0.0,8800,8800,0
0.28,projected,mixed_sensor_actuator,own_certificate,0.75,0.03551555186543905,0.04735406915391874,16000,16000,0,0.0,12000,12000,0
0.28,projected,mixed_sensor_actuator,own_certificate,0.9,0.042618662238526867,0.04735406915391874,16000,16000,0,0.0,16000,16000,0
0.28,projected,mixed_sensor_actuator,own_certificate,0.99,0.04688052846237955,0.04735406915391874,16000,16000,0,0.0,16000,16000,0
0.28,projected,mixed_sensor_actuator,own_certificate,1.01,0.047827609845457926,0.04735406915391874,16000,16000,0,0.0,16000,16000,0
0.28,projected,mixed_sensor_actuator,own_certificate,1.1,0.052089476069310615,0.04735406915391874,16000,16000,0,0.0,16000,16000,0
0.28,projected,mixed_sensor_actuator,own_certificate,1.25,0.05919258644239842,0.04735406915391874,16000,16000,4000,0.25,12000,12000,0
0.28,projected,mixed_sensor_actuator,own_certificate,1.5,0.0710311037308781,0.04735406915391874,16000,16000,7200,0.45,8800,8800,0
0.28,projected,mixed_sensor_actuator,own_certificate,2.0,0.09470813830783748,0.04735406915391874,16000,16000,12000,0.75,4000,4000,0
0.28,projected,mixed_sensor_actuator,absolute_middle_third_certificate,0.25,0.012710563638596515,0.04735406915391874,16000,16000,0,0.0,7200,7200,0
0.28,projected,mixed_sensor_actuator,absolute_middle_third_certificate,0.5,0.02542112727719303,0.04735406915391874,16000,16000,0,0.0,8800,8800,0
0.28,projected,mixed_sensor_actuator,absolute_middle_third_certificate,0.75,0.038131690915789544,0.04735406915391874,16000,16000,0,0.0,16000,16000,0
0.28,projected,mixed_sensor_actuator,absolute_middle_third_certificate,0.9,0.04575802909894745,0.04735406915391874,16000,16000,0,0.0,16000,16000,0
0.28,projected,mixed_sensor_actuator,absolute_middle_third_certificate,0.99,0.0503338320088422,0.04735406915391874,16000,16000,0,0.0,16000,16000,0
0.28,projected,mixed_sensor_actuator,absolute_middle_third_certificate,1.01,0.05135067709992992,0.04735406915391874,16000,16000,0,0.0,16000,16000,0
0.28,projected,mixed_sensor_actuator,absolute_middle_third_certificate,1.1,0.05592648000982467,0.04735406915391874,16000,16000,0,0.0,16000,16000,0
0.28,projected,mixed_sensor_actuator,absolute_middle_third_certificate,1.25,0.06355281819298257,0.04735406915391874,16000,16000,5600,0.35,10400,10400,0
0.28,projected,mixed_sensor_actuator,absolute_middle_third_certificate,1.5,0.07626338183157909,0.04735406915391874,16000,16000,7200,0.45,8800,8800,0
0.28,projected,mixed_sensor_actuator,absolute_middle_third_certificate,2.0,0.10168450910877212,0.04735406915391874,16000,16000,10400,0.65,4200,5600,0
0.3,unmodified,sensor_normal,own_certificate,0.25,0.012354667856715811,0.049418671426863243,2092,45,0,0.0,15,15,0
0.3,unmodified,sensor_normal,own_certificate,0.5,0.024709335713431622,0.049418671426863243,2092,45,0,0.0,26,26,0
0.3,unmodified,sensor_normal,own_certificate,0.75,0.037064003570147434,0.049418671426863243,2092,45,0,0.0,45,45,0
0.3,unmodified,sensor_normal,own_certificate,0.9,0.04447680428417692,0.049418671426863243,2092,45,0,0.0,45,45,0
0.3,unmodified,sensor_normal,own_certificate,0.99,0.04892448471259461,0.049418671426863243,2092,45,0,0.0,45,45,0
0.3,unmodified,sensor_normal,own_certificate,1.01,0.049912858141131874,0.049418671426863243,2092,45,0,0.0,45,45,0
0.3,unmodified,sensor_normal,own_certificate,1.1,0.054360538569549574,0.049418671426863243,2092,45,5,0.1111111111111111,40,40,0
0.3,unmodified,sensor_normal,own_certificate,1.25,0.06177333928357905,0.049418671426863243,2092,45,15,0.3333333333333333,30,30,0
0.3,unmodified,sensor_normal,own_certificate,1.5,0.07412800714029487,0.049418671426863243,2092,45,26,0.5777777777777777,19,19,0
0.3,unmodified,sensor_normal,own_certificate,2.0,0.09883734285372649,0.049418671426863243,2092,45,30,0.6666666666666666,10,15,0
0.3,unmodified,sensor_normal,absolute_middle_third_certificate,0.25,0.012710563638596515,0.049418671426863243,2092,45,0,0.0,15,15,0
0.3,unmodified,sensor_normal,absolute_middle_third_certificate,0.5,0.02542112727719303,0.049418671426863243,2092,45,0,0.0,28,28,0
0.3,unmodified,sensor_normal,absolute_middle_third_certificate,0.75,0.038131690915789544,0.049418671426863243,2092,45,0,0.0,45,45,0
0.3,unmodified,sensor_normal,absolute_middle_third_certificate,0.9,0.04575802909894745,0.049418671426863243,2092,45,0,0.0,45,45,0
0.3,unmodified,sensor_normal,absolute_middle_third_certificate,0.99,0.0503338320088422,0.049418671426863243,2092,45,0,0.0,45,45,0
0.3,unmodified,sensor_normal,absolute_middle_third_certificate,1.01,0.05135067709992992,0.049418671426863243,2092,45,1,0.022222222222222223,44,44,0
0.3,unmodified,sensor_normal,absolute_middle_third_certificate,1.1,0.05592648000982467,0.049418671426863243,2092,45,6,0.13333333333333333,39,39,0
0.3,unmodified,sensor_normal,absolute_middle_third_certificate,1.25,0.06355281819298257,0.049418671426863243,2092,45,15,0.3333333333333333,30,30,0
0.3,unmodified,sensor_normal,absolute_middle_third_certificate,1.5,0.07626338183157909,0.049418671426863243,2092,45,28,0.6222222222222222,17,17,0
0.3,unmodified,sensor_normal,absolute_middle_third_certificate,2.0,0.10168450910877212,0.049418671426863243,2092,45,29,0.6444444444444445,11,16,0
0.3,unmodified,actuator,own_certificate,0.25,0.012354667856715811,0.049418671426863243,2092,45,0,0.0,4,4,0
0.3,unmodified,actuator,own_certificate,0.5,0.024709335713431622,0.049418671426863243,2092,45,0,0.0,7,7,0
0.3,unmodified,actuator,own_certificate,0.75,0.037064003570147434,0.049418671426863243,2092,45,0,0.0,13,13,0
0.3,unmodified,actuator,own_certificate,0.9,0.04447680428417692,0.049418671426863243,2092,45,0,0.0,15,15,0
0.3,unmodified,actuator,own_certificate,0.99,0.04892448471259461,0.049418671426863243,2092,45,0,0.0,16,16,0
0.3,unmodified,actuator,own_certificate,1.01,0.049912858141131874,0.049418671426863243,2092,45,0,0.0,17,17,0
0.3,unmodified,actuator,own_certificate,1.1,0.054360538569549574,0.049418671426863243,2092,45,0,0.0,18,18,0
0.3,unmodified,actuator,own_certificate,1.25,0.06177333928357905,0.049418671426863243,2092,45,0,0.0,21,21,0
0.3,unmodified,actuator,own_certificate,1.5,0.07412800714029487,0.049418671426863243,2092,45,0,0.0,25,25,0
0.3,unmodified,actuator,own_certificate,2.0,0.09883734285372649,0.049418671426863243,2092,45,0,0.0,31,31,0
0.3,unmodified,actuator,absolute_middle_third_certificate,0.25,0.012710563638596515,0.049418671426863243,2092,45,0,0.0,4,4,0
0.3,unmodified,actuator,absolute_middle_third_certificate,0.5,0.02542112727719303,0.049418671426863243,2092,45,0,0.0,7,7,0
0.3,unmodified,actuator,absolute_middle_third_certificate,0.75,0.038131690915789544,0.049418671426863243,2092,45,0,0.0,14,14,0
0.3,unmodified,actuator,absolute_middle_third_certificate,0.9,0.04575802909894745,0.049418671426863243,2092,45,0,0.0,15,15,0
0.3,unmodified,actuator,absolute_middle_third_certificate,0.99,0.0503338320088422,0.049418671426863243,2092,45,0,0.0,17,17,0
0.3,unmodified,actuator,absolute_middle_third_certificate,1.01,0.05135067709992992,0.049418671426863243,2092,45,0,0.0,17,17,0
0.3,unmodified,actuator,absolute_middle_third_certificate,1.1,0.05592648000982467,0.049418671426863243,2092,45,0,0.0,18,18,0
0.3,unmodified,actuator,absolute_middle_third_certificate,1.25,0.06355281819298257,0.049418671426863243,2092,45,0,0.0,21,21,0
0.3,unmodified,actuator,absolute_middle_third_certificate,1.5,0.07626338183157909,0.049418671426863243,2092,45,0,0.0,25,25,0
0.3,unmodified,actuator,absolute_middle_third_certificate,2.0,0.10168450910877212,0.049418671426863243,2092,45,0,0.0,32,32,0
0.3,unmodified,random_isotropic,own_certificate,0.25,0.012354667856715811,0.049418671426863243,2092,45,0,0.0,0,0,0
0.3,unmodified,random_isotropic,own_certificate,0.5,0.024709335713431622,0.049418671426863243,2092,45,0,0.0,0,0,0
0.3,unmodified,random_isotropic,own_certificate,0.75,0.037064003570147434,0.049418671426863243,2092,45,0,0.0,0,0,0
0.3,unmodified,random_isotropic,own_certificate,0.9,0.04447680428417692,0.049418671426863243,2092,45,0,0.0,1,2,0
0.3,unmodified,random_isotropic,own_certificate,0.99,0.04892448471259461,0.049418671426863243,2092,45,0,0.0,1,2,0
0.3,unmodified,random_isotropic,own_certificate,1.01,0.049912858141131874,0.049418671426863243,2092,45,0,0.0,1,2,0
0.3,unmodified,random_isotropic,own_certificate,1.1,0.054360538569549574,0.049418671426863243,2092,45,0,0.0,1,2,0
0.3,unmodified,random_isotropic,own_certificate,1.25,0.06177333928357905,0.049418671426863243,2092,45,0,0.0,1,2,0
0.3,unmodified,random_isotropic,own_certificate,1.5,0.07412800714029487,0.049418671426863243,2092,45,0,0.0,2,3,0
0.3,unmodified,random_isotropic,own_certificate,2.0,0.09883734285372649,0.049418671426863243,2092,45,0,0.0,3,4,0
0.3,unmodified,random_isotropic,absolute_middle_third_certificate,0.25,0.012710563638596515,0.049418671426863243,2092,45,0,0.0,0,0,0
0.3,unmodified,random_isotropic,absolute_middle_third_certificate,0.5,0.02542112727719303,0.049418671426863243,2092,45,0,0.0,0,0,0
0.3,unmodified,random_isotropic,absolute_middle_third_certificate,0.75,0.038131690915789544,0.049418671426863243,2092,45,0,0.0,0,0,0
0.3,unmodified,random_isotropic,absolute_middle_third_certificate,0.9,0.04575802909894745,0.049418671426863243,2092,45,0,0.0,1,2,0
0.3,unmodified,random_isotropic,absolute_middle_third_certificate,0.99,0.0503338320088422,0.049418671426863243,2092,45,0,0.0,1,2,0
0.3,unmodified,random_isotropic,absolute_middle_third_certificate,1.01,0.05135067709992992,0.049418671426863243,2092,45,0,0.0,1,2,0
0.3,unmodified,random_isotropic,absolute_middle_third_certificate,1.1,0.05592648000982467,0.049418671426863243,2092,45,0,0.0,1,2,0
0.3,unmodified,random_isotropic,absolute_middle_third_certificate,1.25,0.06355281819298257,0.049418671426863243,2092,45,0,0.0,1,2,0
0.3,unmodified,random_isotropic,absolute_middle_third_certificate,1.5,0.07626338183157909,0.049418671426863243,2092,45,0,0.0,2,3,0
0.3,unmodified,random_isotropic,absolute_middle_third_certificate,2.0,0.10168450910877212,0.049418671426863243,2092,45,0,0.0,3,4,0
0.3,unmodified,sensor_orthogonal,own_certificate,0.25,0.012354667856715811,0.049418671426863243,2092,45,0,0.0,0,0,0
0.3,unmodified,sensor_orthogonal,own_certificate,0.5,0.024709335713431622,0.049418671426863243,2092,45,0,0.0,0,0,0
0.3,unmodified,sensor_orthogonal,own_certificate,0.75,0.037064003570147434,0.049418671426863243,2092,45,0,0.0,0,0,0
0.3,unmodified,sensor_orthogonal,own_certificate,0.9,0.04447680428417692,0.049418671426863243,2092,45,0,0.0,0,0,0
0.3,unmodified,sensor_orthogonal,own_certificate,0.99,0.04892448471259461,0.049418671426863243,2092,45,0,0.0,0,0,0
0.3,unmodified,sensor_orthogonal,own_certificate,1.01,0.049912858141131874,0.049418671426863243,2092,45,0,0.0,0,0,0
0.3,unmodified,sensor_orthogonal,own_certificate,1.1,0.054360538569549574,0.049418671426863243,2092,45,0,0.0,0,0,0
0.3,unmodified,sensor_orthogonal,own_certificate,1.25,0.06177333928357905,0.049418671426863243,2092,45,0,0.0,0,0,0
0.3,unmodified,sensor_orthogonal,own_certificate,1.5,0.07412800714029487,0.049418671426863243,2092,45,0,0.0,0,0,0
0.3,unmodified,sensor_orthogonal,own_certificate,2.0,0.09883734285372649,0.049418671426863243,2092,45,0,0.0,0,0,0
0.3,unmodified,sensor_orthogonal,absolute_middle_third_certificate,0.25,0.012710563638596515,0.049418671426863243,2092,45,0,0.0,0,0,0
0.3,unmodified,sensor_orthogonal,absolute_middle_third_certificate,0.5,0.02542112727719303,0.049418671426863243,2092,45,0,0.0,0,0,0
0.3,unmodified,sensor_orthogonal,absolute_middle_third_certificate,0.75,0.038131690915789544,0.049418671426863243,2092,45,0,0.0,0,0,0
0.3,unmodified,sensor_orthogonal,absolute_middle_third_certificate,0.9,0.04575802909894745,0.049418671426863243,2092,45,0,0.0,0,0,0
0.3,unmodified,sensor_orthogonal,absolute_middle_third_certificate,0.99,0.0503338320088422,0.049418671426863243,2092,45,0,0.0,0,0,0
0.3,unmodified,sensor_orthogonal,absolute_middle_third_certificate,1.01,0.05135067709992992,0.049418671426863243,2092,45,0,0.0,0,0,0
0.3,unmodified,sensor_orthogonal,absolute_middle_third_certificate,1.1,0.05592648000982467,0.049418671426863243,2092,45,0,0.0,0,0,0
0.3,unmodified,sensor_orthogonal,absolute_middle_third_certificate,1.25,0.06355281819298257,0.049418671426863243,2092,45,0,0.0,0,0,0
0.3,unmodified,sensor_orthogonal,absolute_middle_third_certificate,1.5,0.07626338183157909,0.049418671426863243,2092,45,0,0.0,0,0,0
0.3,unmodified,sensor_orthogonal,absolute_middle_third_certificate,2.0,0.10168450910877212,0.049418671426863243,2092,45,0,0.0,0,0,0
0.3,unmodified,mixed_sensor_actuator,own_certificate,0.25,0.012354667856715811,0.049418671426863243,2092,45,0,0.0,11,11,0
0.3,unmodified,mixed_sensor_actuator,own_certificate,0.5,0.024709335713431622,0.049418671426863243,2092,45,0,0.0,21,21,0
0.3,unmodified,mixed_sensor_actuator,own_certificate,0.75,0.037064003570147434,0.049418671426863243,2092,45,0,0.0,31,31,0
0.3,unmodified,mixed_sensor_actuator,own_certificate,0.9,0.04447680428417692,0.049418671426863243,2092,45,0,0.0,43,43,0
0.3,unmodified,mixed_sensor_actuator,own_certificate,0.99,0.04892448471259461,0.049418671426863243,2092,45,0,0.0,45,45,0
0.3,unmodified,mixed_sensor_actuator,own_certificate,1.01,0.049912858141131874,0.049418671426863243,2092,45,0,0.0,45,45,0
0.3,unmodified,mixed_sensor_actuator,own_certificate,1.1,0.054360538569549574,0.049418671426863243,2092,45,0,0.0,45,45,0
0.3,unmodified,mixed_sensor_actuator,own_certificate,1.25,0.06177333928357905,0.049418671426863243,2092,45,0,0.0,45,45,0
0.3,unmodified,mixed_sensor_actuator,own_certificate,1.5,0.07412800714029487,0.049418671426863243,2092,45,11,0.24444444444444444,34,34,0
0.3,unmodified,mixed_sensor_actuator,own_certificate,2.0,0.09883734285372649,0.049418671426863243,2092,45,31,0.6888888888888889,14,14,0
0.3,unmodified,mixed_sensor_actuator,absolute_middle_third_certificate,0.25,0.012710563638596515,0.049418671426863243,2092,45,0,0.0,11,11,0
0.3,unmodified,mixed_sensor_actuator,absolute_middle_third_certificate,0.5,0.02542112727719303,0.049418671426863243,2092,45,0,0.0,21,21,0
0.3,unmodified,mixed_sensor_actuator,absolute_middle_third_certificate,0.75,0.038131690915789544,0.049418671426863243,2092,45,0,0.0,31,31,0
0.3,unmodified,mixed_sensor_actuator,absolute_middle_third_certificate,0.9,0.04575802909894745,0.049418671426863243,2092,45,0,0.0,44,44,0
0.3,unmodified,mixed_sensor_actuator,absolute_middle_third_certificate,0.99,0.0503338320088422,0.049418671426863243,2092,45,0,0.0,45,45,0
0.3,unmodified,mixed_sensor_actuator,absolute_middle_third_certificate,1.01,0.05135067709992992,0.049418671426863243,2092,45,0,0.0,45,45,0
0.3,unmodified,mixed_sensor_actuator,absolute_middle_third_certificate,1.1,0.05592648000982467,0.049418671426863243,2092,45,0,0.0,45,45,0
0.3,unmodified,mixed_sensor_actuator,absolute_middle_third_certificate,1.25,0.06355281819298257,0.049418671426863243,2092,45,1,0.022222222222222223,44,44,0
0.3,unmodified,mixed_sensor_actuator,absolute_middle_third_certificate,1.5,0.07626338183157909,0.049418671426863243,2092,45,15,0.3333333333333333,30,30,0
0.3,unmodified,mixed_sensor_actuator,absolute_middle_third_certificate,2.0,0.10168450910877212,0.049418671426863243,2092,45,34,0.7555555555555555,11,11,0
0.3,projected,sensor_normal,own_certificate,0.25,0.012354667856715811,0.049418671426863243,16000,16000,0,0.0,7200,7200,0
0.3,projected,sensor_normal,own_certificate,0.5,0.024709335713431622,0.049418671426863243,16000,16000,0,0.0,8800,8800,0
0.3,projected,sensor_normal,own_certificate,0.75,0.037064003570147434,0.049418671426863243,16000,16000,0,0.0,16000,16000,0
0.3,projected,sensor_normal,own_certificate,0.9,0.04447680428417692,0.049418671426863243,16000,16000,0,0.0,16000,16000,0
0.3,projected,sensor_normal,own_certificate,0.99,0.04892448471259461,0.049418671426863243,16000,16000,0,0.0,16000,16000,0
0.3,projected,sensor_normal,own_certificate,1.01,0.049912858141131874,0.049418671426863243,16000,16000,4000,0.25,12000,12000,0
0.3,projected,sensor_normal,own_certificate,1.1,0.054360538569549574,0.049418671426863243,16000,16000,5600,0.35,10400,10400,0
0.3,projected,sensor_normal,own_certificate,1.25,0.06177333928357905,0.049418671426863243,16000,16000,7200,0.45,8800,8800,0
0.3,projected,sensor_normal,own_certificate,1.5,0.07412800714029487,0.049418671426863243,16000,16000,8800,0.55,7200,7200,0
0.3,projected,sensor_normal,own_certificate,2.0,0.09883734285372649,0.049418671426863243,16000,16000,8800,0.55,5400,7200,0
0.3,projected,sensor_normal,absolute_middle_third_certificate,0.25,0.012710563638596515,0.049418671426863243,16000,16000,0,0.0,7200,7200,0
0.3,projected,sensor_normal,absolute_middle_third_certificate,0.5,0.02542112727719303,0.049418671426863243,16000,16000,0,0.0,8800,8800,0
0.3,projected,sensor_normal,absolute_middle_third_certificate,0.75,0.038131690915789544,0.049418671426863243,16000,16000,0,0.0,16000,16000,0
0.3,projected,sensor_normal,absolute_middle_third_certificate,0.9,0.04575802909894745,0.049418671426863243,16000,16000,0,0.0,16000,16000,0
0.3,projected,sensor_normal,absolute_middle_third_certificate,0.99,0.0503338320088422,0.049418671426863243,16000,16000,4000,0.25,12000,12000,0
0.3,projected,sensor_normal,absolute_middle_third_certificate,1.01,0.05135067709992992,0.049418671426863243,16000,16000,4000,0.25,12000,12000,0
0.3,projected,sensor_normal,absolute_middle_third_certificate,1.1,0.05592648000982467,0.049418671426863243,16000,16000,5600,0.35,10400,10400,0
0.3,projected,sensor_normal,absolute_middle_third_certificate,1.25,0.06355281819298257,0.049418671426863243,16000,16000,7200,0.45,8800,8800,0
0.3,projected,sensor_normal,absolute_middle_third_certificate,1.5,0.07626338183157909,0.049418671426863243,16000,16000,8800,0.55,7200,7200,0
0.3,projected,sensor_normal,absolute_middle_third_certificate,2.0,0.10168450910877212,0.049418671426863243,16000,16000,8800,0.55,5400,7200,0
0.3,projected,actuator,own_certificate,0.25,0.012354667856715811,0.049418671426863243,16000,16000,0,0.0,5600,5600,0
0.3,projected,actuator,own_certificate,0.5,0.024709335713431622,0.049418671426863243,16000,16000,0,0.0,5600,5600,0
0.3,projected,actuator,own_certificate,0.75,0.037064003570147434,0.049418671426863243,16000,16000,0,0.0,7200,7200,0
0.3,projected,actuator,own_certificate,0.9,0.04447680428417692,0.049418671426863243,16000,16000,0,0.0,7200,7200,0
0.3,projected,actuator,own_certificate,0.99,0.04892448471259461,0.049418671426863243,16000,16000,0,0.0,7200,7200,0
0.3,projected,actuator,own_certificate,1.01,0.049912858141131874,0.049418671426863243,16000,16000,0,0.0,7200,7200,0
0.3,projected,actuator,own_certificate,1.1,0.054360538569549574,0.049418671426863243,16000,16000,0,0.0,7200,7200,0
0.3,projected,actuator,own_certificate,1.25,0.06177333928357905,0.049418671426863243,16000,16000,0,0.0,8800,8800,0
0.3,projected,actuator,own_certificate,1.5,0.07412800714029487,0.049418671426863243,16000,16000,0,0.0,8800,8800,0
0.3,projected,actuator,own_certificate,2.0,0.09883734285372649,0.049418671426863243,16000,16000,0,0.0,10400,10400,0
0.3,projected,actuator,absolute_middle_third_certificate,0.25,0.012710563638596515,0.049418671426863243,16000,16000,0,0.0,5600,5600,0
0.3,projected,actuator,absolute_middle_third_certificate,0.5,0.02542112727719303,0.049418671426863243,16000,16000,0,0.0,5600,5600,0
0.3,projected,actuator,absolute_middle_third_certificate,0.75,0.038131690915789544,0.049418671426863243,16000,16000,0,0.0,7200,7200,0
0.3,projected,actuator,absolute_middle_third_certificate,0.9,0.04575802909894745,0.049418671426863243,16000,16000,0,0.0,7200,7200,0
0.3,projected,actuator,absolute_middle_third_certificate,0.99,0.0503338320088422,0.049418671426863243,16000,16000,0,0.0,7200,7200,0
0.3,projected,actuator,absolute_middle_third_certificate,1.01,0.05135067709992992,0.049418671426863243,16000,16000,0,0.0,7200,7200,0
0.3,projected,actuator,absolute_middle_third_certificate,1.1,0.05592648000982467,0.049418671426863243,16000,16000,0,0.0,7200,7200,0
0.3,projected,actuator,absolute_middle_third_certificate,1.25,0.06355281819298257,0.049418671426863243,16000,16000,0,0.0,8800,8800,0
0.3,projected,actuator,absolute_middle_third_certificate,1.5,0.07626338183157909,0.049418671426863243,16000,16000,0,0.0,8800,8800,0
0.3,projected,actuator,absolute_middle_third_certificate,2.0,0.10168450910877212,0.049418671426863243,16000,16000,0,0.0,10400,10400,0
0.3,projected,random_isotropic,own_certificate,0.25,0.012354667856715811,0.049418671426863243,16000,16000,0,0.0,2569,2936,0
0.3,projected,random_isotropic,own_certificate,0.5,0.024709335713431622,0.049418671426863243,16000,16000,0,0.0,2933,3352,0
0.3,projected,random_isotropic,own_certificate,0.75,0.037064003570147434,0.049418671426863243,16000,16000,0,0.0,3080,3520,0
0.3,projected,random_isotropic,own_certificate,0.9,0.04447680428417692,0.049418671426863243,16000,16000,0,0.0,3129,3576,0
0.3,projected,random_isotropic,own_certificate,0.99,0.04892448471259461,0.049418671426863243,16000,16000,0,0.0,3178,3632,0
0.3,projected,random_isotropic,own_certificate,1.01,0.049912858141131874,0.049418671426863243,16000,16000,0,0.0,3178,3632,0
0.3,projected,random_isotropic,own_certificate,1.1,0.054360538569549574,0.049418671426863243,16000,16000,0,0.0,3241,3704,0
0.3,projected,random_isotropic,own_certificate,1.25,0.06177333928357905,0.049418671426863243,16000,16000,0,0.0,3332,3808,0
0.3,projected,random_isotropic,own_certificate,1.5,0.07412800714029487,0.049418671426863243,16000,16000,0,0.0,3472,3968,0
0.3,projected,random_isotropic,own_certificate,2.0,0.09883734285372649,0.049418671426863243,16000,16000,0,0.0,3794,4336,0
0.3,projected,random_isotropic,absolute_middle_third_certificate,0.25,0.012710563638596515,0.049418671426863243,16000,16000,0,0.0,2604,2976,0
0.3,projected,random_isotropic,absolute_middle_third_certificate,0.5,0.02542112727719303,0.049418671426863243,16000,16000,0,0.0,2933,3352,0
0.3,projected,random_isotropic,absolute_middle_third_certificate,0.75,0.038131690915789544,0.049418671426863243,16000,16000,0,0.0,3087,3528,0
0.3,projected,random_isotropic,absolute_middle_third_certificate,0.9,0.04575802909894745,0.049418671426863243,16000,16000,0,0.0,3143,3592,0
0.3,projected,random_isotropic,absolute_middle_third_certificate,0.99,0.0503338320088422,0.049418671426863243,16000,16000,0,0.0,3178,3632,0
0.3,projected,random_isotropic,absolute_middle_third_certificate,1.01,0.05135067709992992,0.049418671426863243,16000,16000,0,0.0,3199,3656,0
0.3,projected,random_isotropic,absolute_middle_third_certificate,1.1,0.05592648000982467,0.049418671426863243,16000,16000,0,0.0,3255,3720,0
0.3,projected,random_isotropic,absolute_middle_third_certificate,1.25,0.06355281819298257,0.049418671426863243,16000,16000,0,0.0,3388,3872,0
0.3,projected,random_isotropic,absolute_middle_third_certificate,1.5,0.07626338183157909,0.049418671426863243,16000,16000,0,0.0,3514,4016,0
0.3,projected,random_isotropic,absolute_middle_third_certificate,2.0,0.10168450910877212,0.049418671426863243,16000,16000,0,0.0,3808,4352,0
0.3,projected,sensor_orthogonal,own_certificate,0.25,0.012354667856715811,0.049418671426863243,16000,16000,0,0.0,0,0,0
0.3,projected,sensor_orthogonal,own_certificate,0.5,0.024709335713431622,0.049418671426863243,16000,16000,0,0.0,0,0,0
0.3,projected,sensor_orthogonal,own_certificate,0.75,0.037064003570147434,0.049418671426863243,16000,16000,0,0.0,0,0,0
0.3,projected,sensor_orthogonal,own_certificate,0.9,0.04447680428417692,0.049418671426863243,16000,16000,0,0.0,0,0,0
0.3,projected,sensor_orthogonal,own_certificate,0.99,0.04892448471259461,0.049418671426863243,16000,16000,0,0.0,0,0,0
0.3,projected,sensor_orthogonal,own_certificate,1.01,0.049912858141131874,0.049418671426863243,16000,16000,0,0.0,0,0,0
0.3,projected,sensor_orthogonal,own_certificate,1.1,0.054360538569549574,0.049418671426863243,16000,16000,0,0.0,0,0,0
0.3,projected,sensor_orthogonal,own_certificate,1.25,0.06177333928357905,0.049418671426863243,16000,16000,0,0.0,0,0,0
0.3,projected,sensor_orthogonal,own_certificate,1.5,0.07412800714029487,0.049418671426863243,16000,16000,0,0.0,0,0,0
0.3,projected,sensor_orthogonal,own_certificate,2.0,0.09883734285372649,0.049418671426863243,16000,16000,0,0.0,0,0,0
0.3,projected,sensor_orthogonal,absolute_middle_third_certificate,0.25,0.012710563638596515,0.049418671426863243,16000,16000,0,0.0,0,0,0
0.3,projected,sensor_orthogonal,absolute_middle_third_certificate,0.5,0.02542112727719303,0.049418671426863243,16000,16000,0,0.0,0,0,0
0.3,projected,sensor_orthogonal,absolute_middle_third_certificate,0.75,0.038131690915789544,0.049418671426863243,16000,16000,0,0.0,0,0,0
0.3,projected,sensor_orthogonal,absolute_middle_third_certificate,0.9,0.04575802909894745,0.049418671426863243,16000,16000,0,0.0,0,0,0
0.3,projected,sensor_orthogonal,absolute_middle_third_certificate,0.99,0.0503338320088422,0.049418671426863243,16000,16000,0,0.0,0,0,0
0.3,projected,sensor_orthogonal,absolute_middle_third_certificate,1.01,0.05135067709992992,0.049418671426863243,16000,16000,0,0.0,0,0,0
0.3,projected,sensor_orthogonal,absolute_middle_third_certificate,1.1,0.05592648000982467,0.049418671426863243,16000,16000,0,0.0,0,0,0
0.3,projected,sensor_orthogonal,absolute_middle_third_certificate,1.25,0.06355281819298257,0.049418671426863243,16000,16000,0,0.0,0,0,0
0.3,projected,sensor_orthogonal,absolute_middle_third_certificate,1.5,0.07626338183157909,0.049418671426863243,16000,16000,0,0.0,0,0,0
0.3,projected,sensor_orthogonal,absolute_middle_third_certificate,2.0,0.10168450910877212,0.049418671426863243,16000,16000,0,0.0,0,0,0
0.3,projected,mixed_sensor_actuator,own_certificate,0.25,0.012354667856715811,0.049418671426863243,16000,16000,0,0.0,7200,7200,0
0.3,projected,mixed_sensor_actuator,own_certificate,0.5,0.024709335713431622,0.049418671426863243,16000,16000,0,0.0,8800,8800,0
0.3,projected,mixed_sensor_actuator,own_certificate,0.75,0.037064003570147434,0.049418671426863243,16000,16000,0,0.0,10400,10400,0
0.3,projected,mixed_sensor_actuator,own_certificate,0.9,0.04447680428417692,0.049418671426863243,16000,16000,0,0.0,12000,12000,0
0.3,projected,mixed_sensor_actuator,own_certificate,0.99,0.04892448471259461,0.049418671426863243,16000,16000,0,0.0,16000,16000,0
0.3,projected,mixed_sensor_actuator,own_certificate,1.01,0.049912858141131874,0.049418671426863243,16000,16000,0,0.0,16000,16000,0
0.3,projected,mixed_sensor_actuator,own_certificate,1.1,0.054360538569549574,0.049418671426863243,16000,16000,0,0.0,16000,16000,0
0.3,projected,mixed_sensor_actuator,own_certificate,1.25,0.06177333928357905,0.049418671426863243,16000,16000,4000,0.25,12000,12000,0
0.3,projected,mixed_sensor_actuator,own_certificate,1.5,0.07412800714029487,0.049418671426863243,16000,16000,7200,0.45,8800,8800,0
0.3,projected,mixed_sensor_actuator,own_certificate,2.0,0.09883734285372649,0.049418671426863243,16000,16000,10400,0.65,5600,5600,0
0.3,projected,mixed_sensor_actuator,absolute_middle_third_certificate,0.25,0.012710563638596515,0.049418671426863243,16000,16000,0,0.0,7200,7200,0
0.3,projected,mixed_sensor_actuator,absolute_middle_third_certificate,0.5,0.02542112727719303,0.049418671426863243,16000,16000,0,0.0,8800,8800,0
0.3,projected,mixed_sensor_actuator,absolute_middle_third_certificate,0.75,0.038131690915789544,0.049418671426863243,16000,16000,0,0.0,10400,10400,0
0.3,projected,mixed_sensor_actuator,absolute_middle_third_certificate,0.9,0.04575802909894745,0.049418671426863243,16000,16000,0,0.0,14400,14400,0
0.3,projected,mixed_sensor_actuator,absolute_middle_third_certificate,0.99,0.0503338320088422,0.049418671426863243,16000,16000,0,0.0,16000,16000,0
0.3,projected,mixed_sensor_actuator,absolute_middle_third_certificate,1.01,0.05135067709992992,0.049418671426863243,16000,16000,0,0.0,16000,16000,0
0.3,projected,mixed_sensor_actuator,absolute_middle_third_certificate,1.1,0.05592648000982467,0.049418671426863243,16000,16000,0,0.0,16000,16000,0
0.3,projected,mixed_sensor_actuator,absolute_middle_third_certificate,1.25,0.06355281819298257,0.049418671426863243,16000,16000,4000,0.25,12000,12000,0
0.3,projected,mixed_sensor_actuator,absolute_middle_third_certificate,1.5,0.07626338183157909,0.049418671426863243,16000,16000,7200,0.45,8800,8800,0
0.3,projected,mixed_sensor_actuator,absolute_middle_third_certificate,2.0,0.10168450910877212,0.049418671426863243,16000,16000,10400,0.65,5600,5600,0
0.3333333333333333,unmodified,sensor_normal,own_certificate,0.25,0.012710563638596517,0.05084225455438607,2092,79,0,0.0,27,27,0
0.3333333333333333,unmodified,sensor_normal,own_certificate,0.5,0.025421127277193034,0.05084225455438607,2092,79,0,0.0,42,42,0
0.3333333333333333,unmodified,sensor_normal,own_certificate,0.75,0.03813169091578955,0.05084225455438607,2092,79,0,0.0,57,57,0
0.3333333333333333,unmodified,sensor_normal,own_certificate,0.9,0.04575802909894746,0.05084225455438607,2092,79,0,0.0,70,70,0
0.3333333333333333,unmodified,sensor_normal,own_certificate,0.99,0.05033383200884221,0.05084225455438607,2092,79,0,0.0,77,77,0
0.3333333333333333,unmodified,sensor_normal,own_certificate,1.01,0.05135067709992993,0.05084225455438607,2092,79,1,0.012658227848101266,78,78,0
0.3333333333333333,unmodified,sensor_normal,own_certificate,1.1,0.055926480009824676,0.05084225455438607,2092,79,10,0.12658227848101267,69,69,0
0.3333333333333333,unmodified,sensor_normal,own_certificate,1.25,0.06355281819298259,0.05084225455438607,2092,79,27,0.34177215189873417,52,52,0
0.3333333333333333,unmodified,sensor_normal,own_certificate,1.5,0.0762633818315791,0.05084225455438607,2092,79,42,0.5316455696202531,37,37,0
0.3333333333333333,unmodified,sensor_normal,own_certificate,2.0,0.10168450910877214,0.05084225455438607,2092,79,78,0.9873417721518988,1,1,0
0.3333333333333333,unmodified,sensor_normal,absolute_middle_third_certificate,0.25,0.012710563638596515,0.05084225455438607,2092,79,0,0.0,27,27,0
0.3333333333333333,unmodified,sensor_normal,absolute_middle_third_certificate,0.5,0.02542112727719303,0.05084225455438607,2092,79,0,0.0,42,42,0
0.3333333333333333,unmodified,sensor_normal,absolute_middle_third_certificate,0.75,0.038131690915789544,0.05084225455438607,2092,79,0,0.0,57,57,0
0.3333333333333333,unmodified,sensor_normal,absolute_middle_third_certificate,0.9,0.04575802909894745,0.05084225455438607,2092,79,0,0.0,70,70,0
0.3333333333333333,unmodified,sensor_normal,absolute_middle_third_certificate,0.99,0.0503338320088422,0.05084225455438607,2092,79,0,0.0,77,77,0
0.3333333333333333,unmodified,sensor_normal,absolute_middle_third_certificate,1.01,0.05135067709992992,0.05084225455438607,2092,79,1,0.012658227848101266,78,78,0
0.3333333333333333,unmodified,sensor_normal,absolute_middle_third_certificate,1.1,0.05592648000982467,0.05084225455438607,2092,79,10,0.12658227848101267,69,69,0
0.3333333333333333,unmodified,sensor_normal,absolute_middle_third_certificate,1.25,0.06355281819298257,0.05084225455438607,2092,79,27,0.34177215189873417,52,52,0
0.3333333333333333,unmodified,sensor_normal,absolute_middle_third_certificate,1.5,0.07626338183157909,0.05084225455438607,2092,79,42,0.5316455696202531,37,37,0
0.3333333333333333,unmodified,sensor_normal,absolute_middle_third_certificate,2.0,0.10168450910877212,0.05084225455438607,2092,79,78,0.9873417721518988,1,1,0
0.3333333333333333,unmodified,actuator,own_certificate,0.25,0.012710563638596517,0.05084225455438607,2092,79,0,0.0,9,9,0
0.3333333333333333,unmodified,actuator,own_certificate,0.5,0.025421127277193034,0.05084225455438607,2092,79,0,0.0,14,14,0
0.3333333333333333,unmodified,actuator,own_certificate,0.75,0.03813169091578955,0.05084225455438607,2092,79,0,0.0,24,24,0
0.3333333333333333,unmodified,actuator,own_certificate,0.9,0.04575802909894746,0.05084225455438607,2092,79,0,0.0,29,29,0
0.3333333333333333,unmodified,actuator,own_certificate,0.99,0.05033383200884221,0.05084225455438607,2092,79,0,0.0,30,30,0
0.3333333333333333,unmodified,actuator,own_certificate,1.01,0.05135067709992993,0.05084225455438607,2092,79,0,0.0,30,30,0
0.3333333333333333,unmodified,actuator,own_certificate,1.1,0.055926480009824676,0.05084225455438607,2092,79,0,0.0,33,33,0
0.3333333333333333,unmodified,actuator,own_certificate,1.25,0.06355281819298259,0.05084225455438607,2092,79,0,0.0,36,36,0
0.3333333333333333,unmodified,actuator,own_certificate,1.5,0.0762633818315791,0.05084225455438607,2092,79,0,0.0,41,41,0
0.3333333333333333,unmodified,actuator,own_certificate,2.0,0.10168450910877214,0.05084225455438607,2092,79,0,0.0,50,50,0
0.3333333333333333,unmodified,actuator,absolute_middle_third_certificate,0.25,0.012710563638596515,0.05084225455438607,2092,79,0,0.0,9,9,0
0.3333333333333333,unmodified,actuator,absolute_middle_third_certificate,0.5,0.02542112727719303,0.05084225455438607,2092,79,0,0.0,14,14,0
0.3333333333333333,unmodified,actuator,absolute_middle_third_certificate,0.75,0.038131690915789544,0.05084225455438607,2092,79,0,0.0,24,24,0
0.3333333333333333,unmodified,actuator,absolute_middle_third_certificate,0.9,0.04575802909894745,0.05084225455438607,2092,79,0,0.0,29,29,0
0.3333333333333333,unmodified,actuator,absolute_middle_third_certificate,0.99,0.0503338320088422,0.05084225455438607,2092,79,0,0.0,30,30,0
0.3333333333333333,unmodified,actuator,absolute_middle_third_certificate,1.01,0.05135067709992992,0.05084225455438607,2092,79,0,0.0,30,30,0
0.3333333333333333,unmodified,actuator,absolute_middle_third_certificate,1.1,0.05592648000982467,0.05084225455438607,2092,79,0,0.0,33,33,0
0.3333333333333333,unmodified,actuator,absolute_middle_third_certificate,1.25,0.06355281819298257,0.05084225455438607,2092,79,0,0.0,36,36,0
0.3333333333333333,unmodified,actuator,absolute_middle_third_certificate,1.5,0.07626338183157909,0.05084225455438607,2092,79,0,0.0,41,41,0
0.3333333333333333,unmodified,actuator,absolute_middle_third_certificate,2.0,0.10168450910877212,0.05084225455438607,2092,79,0,0.0,50,50,0
0.3333333333333333,unmodified,random_isotropic,own_certificate,0.25,0.012710563638596517,0.05084225455438607,2092,79,0,0.0,0,0,0
0.3333333333333333,unmodified,random_isotropic,own_certificate,0.5,0.025421127277193034,0.05084225455438607,2092,79,0,0.0,1,1,0
0.3333333333333333,unmodified,random_isotropic,own_certificate,0.75,0.03813169091578955,0.05084225455438607,2092,79,0,0.0,1,1,0
0.3333333333333333,unmodified,random_isotropic,own_certificate,0.9,0.04575802909894746,0.05084225455438607,2092,79,0,0.0,1,2,0
0.3333333333333333,unmodified,random_isotropic,own_certificate,0.99,0.05033383200884221,0.05084225455438607,2092,79,0,0.0,1,2,0
0.3333333333333333,unmodified,random_isotropic,own_certificate,1.01,0.05135067709992993,0.05084225455438607,2092,79,0,0.0,1,2,0
0.3333333333333333,unmodified,random_isotropic,own_certificate,1.1,0.055926480009824676,0.05084225455438607,2092,79,0,0.0,1,2,0
0.3333333333333333,unmodified,random_isotropic,own_certificate,1.25,0.06355281819298259,0.05084225455438607,2092,79,0,0.0,2,3,0
0.3333333333333333,unmodified,random_isotropic,own_certificate,1.5,0.0762633818315791,0.05084225455438607,2092,79,0,0.0,3,4,0
0.3333333333333333,unmodified,random_isotropic,own_certificate,2.0,0.10168450910877214,0.05084225455438607,2092,79,0,0.0,3,4,0
0.3333333333333333,unmodified,random_isotropic,absolute_middle_third_certificate,0.25,0.012710563638596515,0.05084225455438607,2092,79,0,0.0,0,0,0
0.3333333333333333,unmodified,random_isotropic,absolute_middle_third_certificate,0.5,0.02542112727719303,0.05084225455438607,2092,79,0,0.0,1,1,0
0.3333333333333333,unmodified,random_isotropic,absolute_middle_third_certificate,0.75,0.038131690915789544,0.05084225455438607,2092,79,0,0.0,1,1,0
0.3333333333333333,unmodified,random_isotropic,absolute_middle_third_certificate,0.9,0.04575802909894745,0.05084225455438607,2092,79,0,0.0,1,2,0
0.3333333333333333,unmodified,random_isotropic,absolute_middle_third_certificate,0.99,0.0503338320088422,0.05084225455438607,2092,79,0,0.0,1,2,0
0.3333333333333333,unmodified,random_isotropic,absolute_middle_third_certificate,1.01,0.05135067709992992,0.05084225455438607,2092,79,0,0.0,1,2,0
0.3333333333333333,unmodified,random_isotropic,absolute_middle_third_certificate,1.1,0.05592648000982467,0.05084225455438607,2092,79,0,0.0,1,2,0
0.3333333333333333,unmodified,random_isotropic,absolute_middle_third_certificate,1.25,0.06355281819298257,0.05084225455438607,2092,79,0,0.0,2,3,0
0.3333333333333333,unmodified,random_isotropic,absolute_middle_third_certificate,1.5,0.07626338183157909,0.05084225455438607,2092,79,0,0.0,3,4,0
0.3333333333333333,unmodified,random_isotropic,absolute_middle_third_certificate,2.0,0.10168450910877212,0.05084225455438607,2092,79,0,0.0,3,4,0
0.3333333333333333,unmodified,sensor_orthogonal,own_certificate,0.25,0.012710563638596517,0.05084225455438607,2092,79,0,0.0,0,0,0
0.3333333333333333,unmodified,sensor_orthogonal,own_certificate,0.5,0.025421127277193034,0.05084225455438607,2092,79,0,0.0,0,0,0
0.3333333333333333,unmodified,sensor_orthogonal,own_certificate,0.75,0.03813169091578955,0.05084225455438607,2092,79,0,0.0,0,0,0
0.3333333333333333,unmodified,sensor_orthogonal,own_certificate,0.9,0.04575802909894746,0.05084225455438607,2092,79,0,0.0,0,0,0
0.3333333333333333,unmodified,sensor_orthogonal,own_certificate,0.99,0.05033383200884221,0.05084225455438607,2092,79,0,0.0,0,0,0
0.3333333333333333,unmodified,sensor_orthogonal,own_certificate,1.01,0.05135067709992993,0.05084225455438607,2092,79,0,0.0,0,0,0
0.3333333333333333,unmodified,sensor_orthogonal,own_certificate,1.1,0.055926480009824676,0.05084225455438607,2092,79,0,0.0,0,0,0
0.3333333333333333,unmodified,sensor_orthogonal,own_certificate,1.25,0.06355281819298259,0.05084225455438607,2092,79,0,0.0,0,0,0
0.3333333333333333,unmodified,sensor_orthogonal,own_certificate,1.5,0.0762633818315791,0.05084225455438607,2092,79,0,0.0,0,0,0
0.3333333333333333,unmodified,sensor_orthogonal,own_certificate,2.0,0.10168450910877214,0.05084225455438607,2092,79,0,0.0,0,0,0
0.3333333333333333,unmodified,sensor_orthogonal,absolute_middle_third_certificate,0.25,0.012710563638596515,0.05084225455438607,2092,79,0,0.0,0,0,0
0.3333333333333333,unmodified,sensor_orthogonal,absolute_middle_third_certificate,0.5,0.02542112727719303,0.05084225455438607,2092,79,0,0.0,0,0,0
0.3333333333333333,unmodified,sensor_orthogonal,absolute_middle_third_certificate,0.75,0.038131690915789544,0.05084225455438607,2092,79,0,0.0,0,0,0
0.3333333333333333,unmodified,sensor_orthogonal,absolute_middle_third_certificate,0.9,0.04575802909894745,0.05084225455438607,2092,79,0,0.0,0,0,0
0.3333333333333333,unmodified,sensor_orthogonal,absolute_middle_third_certificate,0.99,0.0503338320088422,0.05084225455438607,2092,79,0,0.0,0,0,0
0.3333333333333333,unmodified,sensor_orthogonal,absolute_middle_third_certificate,1.01,0.05135067709992992,0.05084225455438607,2092,79,0,0.0,0,0,0
0.3333333333333333,unmodified,sensor_orthogonal,absolute_middle_third_certificate,1.1,0.05592648000982467,0.05084225455438607,2092,79,0,0.0,0,0,0
0.3333333333333333,unmodified,sensor_orthogonal,absolute_middle_third_certificate,1.25,0.06355281819298257,0.05084225455438607,2092,79,0,0.0,0,0,0
0.3333333333333333,unmodified,sensor_orthogonal,absolute_middle_third_certificate,1.5,0.07626338183157909,0.05084225455438607,2092,79,0,0.0,0,0,0
0.3333333333333333,unmodified,sensor_orthogonal,absolute_middle_third_certificate,2.0,0.10168450910877212,0.05084225455438607,2092,79,0,0.0,0,0,0
0.3333333333333333,unmodified,mixed_sensor_actuator,own_certificate,0.25,0.012710563638596517,0.05084225455438607,2092,79,0,0.0,22,22,0
0.3333333333333333,unmodified,mixed_sensor_actuator,own_certificate,0.5,0.025421127277193034,0.05084225455438607,2092,79,0,0.0,38,38,0
0.3333333333333333,unmodified,mixed_sensor_actuator,own_certificate,0.75,0.03813169091578955,0.05084225455438607,2092,79,0,0.0,49,49,0
0.3333333333333333,unmodified,mixed_sensor_actuator,own_certificate,0.9,0.04575802909894746,0.05084225455438607,2092,79,0,0.0,57,57,0
0.3333333333333333,unmodified,mixed_sensor_actuator,own_certificate,0.99,0.05033383200884221,0.05084225455438607,2092,79,0,0.0,64,64,0
0.3333333333333333,unmodified,mixed_sensor_actuator,own_certificate,1.01,0.05135067709992993,0.05084225455438607,2092,79,0,0.0,65,65,0
0.3333333333333333,unmodified,mixed_sensor_actuator,own_certificate,1.1,0.055926480009824676,0.05084225455438607,2092,79,0,0.0,70,70,0
0.3333333333333333,unmodified,mixed_sensor_actuator,own_certificate,1.25,0.06355281819298259,0.05084225455438607,2092,79,1,0.012658227848101266,78,78,0
0.3333333333333333,unmodified,mixed_sensor_actuator,own_certificate,1.5,0.0762633818315791,0.05084225455438607,2092,79,22,0.27848101265822783,57,57,0
0.3333333333333333,unmodified,mixed_sensor_actuator,own_certificate,2.0,0.10168450910877214,0.05084225455438607,2092,79,49,0.620253164556962,30,30,0
0.3333333333333333,unmodified,mixed_sensor_actuator,absolute_middle_third_certificate,0.25,0.012710563638596515,0.05084225455438607,2092,79,0,0.0,22,22,0
0.3333333333333333,unmodified,mixed_sensor_actuator,absolute_middle_third_certificate,0.5,0.02542112727719303,0.05084225455438607,2092,79,0,0.0,38,38,0
0.3333333333333333,unmodified,mixed_sensor_actuator,absolute_middle_third_certificate,0.75,0.038131690915789544,0.05084225455438607,2092,79,0,0.0,49,49,0
0.3333333333333333,unmodified,mixed_sensor_actuator,absolute_middle_third_certificate,0.9,0.04575802909894745,0.05084225455438607,2092,79,0,0.0,57,57,0
0.3333333333333333,unmodified,mixed_sensor_actuator,absolute_middle_third_certificate,0.99,0.0503338320088422,0.05084225455438607,2092,79,0,0.0,64,64,0
0.3333333333333333,unmodified,mixed_sensor_actuator,absolute_middle_third_certificate,1.01,0.05135067709992992,0.05084225455438607,2092,79,0,0.0,65,65,0
0.3333333333333333,unmodified,mixed_sensor_actuator,absolute_middle_third_certificate,1.1,0.05592648000982467,0.05084225455438607,2092,79,0,0.0,70,70,0
0.3333333333333333,unmodified,mixed_sensor_actuator,absolute_middle_third_certificate,1.25,0.06355281819298257,0.05084225455438607,2092,79,1,0.012658227848101266,78,78,0
0.3333333333333333,unmodified,mixed_sensor_actuator,absolute_middle_third_certificate,1.5,0.07626338183157909,0.05084225455438607,2092,79,22,0.27848101265822783,57,57,0
0.3333333333333333,unmodified,mixed_sensor_actuator,absolute_middle_third_certificate,2.0,0.10168450910877212,0.05084225455438607,2092,79,49,0.620253164556962,30,30,0
0.3333333333333333,projected,sensor_normal,own_certificate,0.25,0.012710563638596517,0.05084225455438607,16000,16000,0,0.0,6446,6446,0
0.3333333333333333,projected,sensor_normal,own_certificate,0.5,0.025421127277193034,0.05084225455438607,16000,16000,0,0.0,8225,8225,0
0.3333333333333333,projected,sensor_normal,own_certificate,0.75,0.03813169091578955,0.05084225455438607,16000,16000,0,0.0,9869,9869,0
0.3333333333333333,projected,sensor_normal,own_certificate,0.9,0.04575802909894746,0.05084225455438607,16000,16000,0,0.0,11371,11371,0
0.3333333333333333,projected,sensor_normal,own_certificate,0.99,0.05033383200884221,0.05084225455438607,16000,16000,0,0.0,13057,13057,0
0.3333333333333333,projected,sensor_normal,own_certificate,1.01,0.05135067709992993,0.05084225455438607,16000,16000,3022,0.188875,12978,12978,0
0.3333333333333333,projected,sensor_normal,own_certificate,1.1,0.055926480009824676,0.05084225455438607,16000,16000,4855,0.3034375,11145,11145,0
0.3333333333333333,projected,sensor_normal,own_certificate,1.25,0.06355281819298259,0.05084225455438607,16000,16000,6209,0.3880625,9791,9791,0
0.3333333333333333,projected,sensor_normal,own_certificate,1.5,0.0762633818315791,0.05084225455438607,16000,16000,7848,0.4905,8152,8152,0
0.3333333333333333,projected,sensor_normal,own_certificate,2.0,0.10168450910877214,0.05084225455438607,16000,16000,16000,1.0,0,0,0
0.3333333333333333,projected,sensor_normal,absolute_middle_third_certificate,0.25,0.012710563638596515,0.05084225455438607,16000,16000,0,0.0,6446,6446,0
0.3333333333333333,projected,sensor_normal,absolute_middle_third_certificate,0.5,0.02542112727719303,0.05084225455438607,16000,16000,0,0.0,8146,8146,0
0.3333333333333333,projected,sensor_normal,absolute_middle_third_certificate,0.75,0.038131690915789544,0.05084225455438607,16000,16000,0,0.0,9869,9869,0
0.3333333333333333,projected,sensor_normal,absolute_middle_third_certificate,0.9,0.04575802909894745,0.05084225455438607,16000,16000,0,0.0,11371,11371,0
0.3333333333333333,projected,sensor_normal,absolute_middle_third_certificate,0.99,0.0503338320088422,0.05084225455438607,16000,16000,0,0.0,13057,13057,0
0.3333333333333333,projected,sensor_normal,absolute_middle_third_certificate,1.01,0.05135067709992992,0.05084225455438607,16000,16000,2971,0.1856875,13029,13029,0
0.3333333333333333,projected,sensor_normal,absolute_middle_third_certificate,1.1,0.05592648000982467,0.05084225455438607,16000,16000,4768,0.298,11232,11232,0
0.3333333333333333,projected,sensor_normal,absolute_middle_third_certificate,1.25,0.06355281819298257,0.05084225455438607,16000,16000,6209,0.3880625,9791,9791,0
0.3333333333333333,projected,sensor_normal,absolute_middle_third_certificate,1.5,0.07626338183157909,0.05084225455438607,16000,16000,7789,0.4868125,8211,8211,0
0.3333333333333333,projected,sensor_normal,absolute_middle_third_certificate,2.0,0.10168450910877212,0.05084225455438607,16000,16000,16000,1.0,0,0,0
0.3333333333333333,projected,actuator,own_certificate,0.25,0.012710563638596517,0.05084225455438607,16000,16000,0,0.0,4000,4000,0
0.3333333333333333,projected,actuator,own_certificate,0.5,0.025421127277193034,0.05084225455438607,16000,16000,0,0.0,5600,5600,0
0.3333333333333333,projected,actuator,own_certificate,0.75,0.03813169091578955,0.05084225455438607,16000,16000,0,0.0,5600,5600,0
0.3333333333333333,projected,actuator,own_certificate,0.9,0.04575802909894746,0.05084225455438607,16000,16000,0,0.0,7200,7200,0
0.3333333333333333,projected,actuator,own_certificate,0.99,0.05033383200884221,0.05084225455438607,16000,16000,0,0.0,7200,7200,0
0.3333333333333333,projected,actuator,own_certificate,1.01,0.05135067709992993,0.05084225455438607,16000,16000,0,0.0,7200,7200,0
0.3333333333333333,projected,actuator,own_certificate,1.1,0.055926480009824676,0.05084225455438607,16000,16000,0,0.0,7200,7200,0
0.3333333333333333,projected,actuator,own_certificate,1.25,0.06355281819298259,0.05084225455438607,16000,16000,0,0.0,7200,7200,0
0.3333333333333333,projected,actuator,own_certificate,1.5,0.0762633818315791,0.05084225455438607,16000,16000,0,0.0,7200,7200,0
0.3333333333333333,projected,actuator,own_certificate,2.0,0.10168450910877214,0.05084225455438607,16000,16000,0,0.0,8800,8800,0
0.3333333333333333,projected,actuator,absolute_middle_third_certificate,0.25,0.012710563638596515,0.05084225455438607,16000,16000,0,0.0,4000,4000,0
0.3333333333333333,projected,actuator,absolute_middle_third_certificate,0.5,0.02542112727719303,0.05084225455438607,16000,16000,0,0.0,5600,5600,0
0.3333333333333333,projected,actuator,absolute_middle_third_certificate,0.75,0.038131690915789544,0.05084225455438607,16000,16000,0,0.0,5600,5600,0
0.3333333333333333,projected,actuator,absolute_middle_third_certificate,0.9,0.04575802909894745,0.05084225455438607,16000,16000,0,0.0,7200,7200,0
0.3333333333333333,projected,actuator,absolute_middle_third_certificate,0.99,0.0503338320088422,0.05084225455438607,16000,16000,0,0.0,7200,7200,0
0.3333333333333333,projected,actuator,absolute_middle_third_certificate,1.01,0.05135067709992992,0.05084225455438607,16000,16000,0,0.0,7200,7200,0
0.3333333333333333,projected,actuator,absolute_middle_third_certificate,1.1,0.05592648000982467,0.05084225455438607,16000,16000,0,0.0,7200,7200,0
0.3333333333333333,projected,actuator,absolute_middle_third_certificate,1.25,0.06355281819298257,0.05084225455438607,16000,16000,0,0.0,7200,7200,0
0.3333333333333333,projected,actuator,absolute_middle_third_certificate,1.5,0.07626338183157909,0.05084225455438607,16000,16000,0,0.0,7200,7200,0
0.3333333333333333,projected,actuator,absolute_middle_third_certificate,2.0,0.10168450910877212,0.05084225455438607,16000,16000,0,0.0,8800,8800,0
0.3333333333333333,projected,random_isotropic,own_certificate,0.25,0.012710563638596517,0.05084225455438607,16000,16000,0,0.0,2366,2704,0
0.3333333333333333,projected,random_isotropic,own_certificate,0.5,0.025421127277193034,0.05084225455438607,16000,16000,0,0.0,2793,3192,0
0.3333333333333333,projected,random_isotropic,own_certificate,0.75,0.03813169091578955,0.05084225455438607,16000,16000,0,0.0,2954,3376,0
0.3333333333333333,projected,random_isotropic,own_certificate,0.9,0.04575802909894746,0.05084225455438607,16000,16000,0,0.0,3059,3496,0
0.3333333333333333,projected,random_isotropic,own_certificate,0.99,0.05033383200884221,0.05084225455438607,16000,16000,0,0.0,3073,3512,0
0.3333333333333333,projected,random_isotropic,own_certificate,1.01,0.05135067709992993,0.05084225455438607,16000,16000,0,0.0,3080,3520,0
0.3333333333333333,projected,random_isotropic,own_certificate,1.1,0.055926480009824676,0.05084225455438607,16000,16000,0,0.0,3108,3552,0
0.3333333333333333,projected,random_isotropic,own_certificate,1.25,0.06355281819298259,0.05084225455438607,16000,16000,0,0.0,3143,3592,0
0.3333333333333333,projected,random_isotropic,own_certificate,1.5,0.0762633818315791,0.05084225455438607,16000,16000,0,0.0,3248,3712,0
0.3333333333333333,projected,random_isotropic,own_certificate,2.0,0.10168450910877214,0.05084225455438607,16000,16000,0,0.0,3472,3968,0
0.3333333333333333,projected,random_isotropic,absolute_middle_third_certificate,0.25,0.012710563638596515,0.05084225455438607,16000,16000,0,0.0,2366,2704,0
0.3333333333333333,projected,random_isotropic,absolute_middle_third_certificate,0.5,0.02542112727719303,0.05084225455438607,16000,16000,0,0.0,2793,3192,0
0.3333333333333333,projected,random_isotropic,absolute_middle_third_certificate,0.75,0.038131690915789544,0.05084225455438607,16000,16000,0,0.0,2954,3376,0
0.3333333333333333,projected,random_isotropic,absolute_middle_third_certificate,0.9,0.04575802909894745,0.05084225455438607,16000,16000,0,0.0,3059,3496,0
0.3333333333333333,projected,random_isotropic,absolute_middle_third_certificate,0.99,0.0503338320088422,0.05084225455438607,16000,16000,0,0.0,3073,3512,0
0.3333333333333333,projected,random_isotropic,absolute_middle_third_certificate,1.01,0.05135067709992992,0.05084225455438607,16000,16000,0,0.0,3080,3520,0
0.3333333333333333,projected,random_isotropic,absolute_middle_third_certificate,1.1,0.05592648000982467,0.05084225455438607,16000,16000,0,0.0,3108,3552,0
0.3333333333333333,projected,random_isotropic,absolute_middle_third_certificate,1.25,0.06355281819298257,0.05084225455438607,16000,16000,0,0.0,3143,3592,0
0.3333333333333333,projected,random_isotropic,absolute_middle_third_certificate,1.5,0.07626338183157909,0.05084225455438607,16000,16000,0,0.0,3248,3712,0
0.3333333333333333,projected,random_isotropic,absolute_middle_third_certificate,2.0,0.10168450910877212,0.05084225455438607,16000,16000,0,0.0,3472,3968,0
0.3333333333333333,projected,sensor_orthogonal,own_certificate,0.25,0.012710563638596517,0.05084225455438607,16000,16000,0,0.0,0,0,0
0.3333333333333333,projected,sensor_orthogonal,own_certificate,0.5,0.025421127277193034,0.05084225455438607,16000,16000,0,0.0,0,0,0
0.3333333333333333,projected,sensor_orthogonal,own_certificate,0.75,0.03813169091578955,0.05084225455438607,16000,16000,0,0.0,0,0,0
0.3333333333333333,projected,sensor_orthogonal,own_certificate,0.9,0.04575802909894746,0.05084225455438607,16000,16000,0,0.0,0,0,0
0.3333333333333333,projected,sensor_orthogonal,own_certificate,0.99,0.05033383200884221,0.05084225455438607,16000,16000,0,0.0,0,0,0
0.3333333333333333,projected,sensor_orthogonal,own_certificate,1.01,0.05135067709992993,0.05084225455438607,16000,16000,0,0.0,0,0,0
0.3333333333333333,projected,sensor_orthogonal,own_certificate,1.1,0.055926480009824676,0.05084225455438607,16000,16000,0,0.0,0,0,0
0.3333333333333333,projected,sensor_orthogonal,own_certificate,1.25,0.06355281819298259,0.05084225455438607,16000,16000,0,0.0,0,0,0
0.3333333333333333,projected,sensor_orthogonal,own_certificate,1.5,0.0762633818315791,0.05084225455438607,16000,16000,0,0.0,0,0,0
0.3333333333333333,projected,sensor_orthogonal,own_certificate,2.0,0.10168450910877214,0.05084225455438607,16000,16000,0,0.0,0,0,0
0.3333333333333333,projected,sensor_orthogonal,absolute_middle_third_certificate,0.25,0.012710563638596515,0.05084225455438607,16000,16000,0,0.0,0,0,0
0.3333333333333333,projected,sensor_orthogonal,absolute_middle_third_certificate,0.5,0.02542112727719303,0.05084225455438607,16000,16000,0,0.0,0,0,0
0.3333333333333333,projected,sensor_orthogonal,absolute_middle_third_certificate,0.75,0.038131690915789544,0.05084225455438607,16000,16000,0,0.0,0,0,0
0.3333333333333333,projected,sensor_orthogonal,absolute_middle_third_certificate,0.9,0.04575802909894745,0.05084225455438607,16000,16000,0,0.0,0,0,0
0.3333333333333333,projected,sensor_orthogonal,absolute_middle_third_certificate,0.99,0.0503338320088422,0.05084225455438607,16000,16000,0,0.0,0,0,0
0.3333333333333333,projected,sensor_orthogonal,absolute_middle_third_certificate,1.01,0.05135067709992992,0.05084225455438607,16000,16000,0,0.0,0,0,0
0.3333333333333333,projected,sensor_orthogonal,absolute_middle_third_certificate,1.1,0.05592648000982467,0.05084225455438607,16000,16000,0,0.0,0,0,0
0.3333333333333333,projected,sensor_orthogonal,absolute_middle_third_certificate,1.25,0.06355281819298257,0.05084225455438607,16000,16000,0,0.0,0,0,0
0.3333333333333333,projected,sensor_orthogonal,absolute_middle_third_certificate,1.5,0.07626338183157909,0.05084225455438607,16000,16000,0,0.0,0,0,0
0.3333333333333333,projected,sensor_orthogonal,absolute_middle_third_certificate,2.0,0.10168450910877212,0.05084225455438607,16000,16000,0,0.0,0,0,0
0.3333333333333333,projected,mixed_sensor_actuator,own_certificate,0.25,0.012710563638596517,0.05084225455438607,16000,16000,0,0.0,5600,5600,0
0.3333333333333333,projected,mixed_sensor_actuator,own_certificate,0.5,0.025421127277193034,0.05084225455438607,16000,16000,0,0.0,7200,7200,0
0.3333333333333333,projected,mixed_sensor_actuator,own_certificate,0.75,0.03813169091578955,0.05084225455438607,16000,16000,0,0.0,8800,8800,0
0.3333333333333333,projected,mixed_sensor_actuator,own_certificate,0.9,0.04575802909894746,0.05084225455438607,16000,16000,0,0.0,8800,8800,0
0.3333333333333333,projected,mixed_sensor_actuator,own_certificate,0.99,0.05033383200884221,0.05084225455438607,16000,16000,0,0.0,10400,10400,0
0.3333333333333333,projected,mixed_sensor_actuator,own_certificate,1.01,0.05135067709992993,0.05084225455438607,16000,16000,0,0.0,10400,10400,0
0.3333333333333333,projected,mixed_sensor_actuator,own_certificate,1.1,0.055926480009824676,0.05084225455438607,16000,16000,0,0.0,10400,10400,0
0.3333333333333333,projected,mixed_sensor_actuator,own_certificate,1.25,0.06355281819298259,0.05084225455438607,16000,16000,4000,0.25,12000,12000,0
0.3333333333333333,projected,mixed_sensor_actuator,own_certificate,1.5,0.0762633818315791,0.05084225455438607,16000,16000,5600,0.35,10400,10400,0
0.3333333333333333,projected,mixed_sensor_actuator,own_certificate,2.0,0.10168450910877214,0.05084225455438607,16000,16000,8800,0.55,7200,7200,0
0.3333333333333333,projected,mixed_sensor_actuator,absolute_middle_third_certificate,0.25,0.012710563638596515,0.05084225455438607,16000,16000,0,0.0,5600,5600,0
0.3333333333333333,projected,mixed_sensor_actuator,absolute_middle_third_certificate,0.5,0.02542112727719303,0.05084225455438607,16000,16000,0,0.0,7200,7200,0
0.3333333333333333,projected,mixed_sensor_actuator,absolute_middle_third_certificate,0.75,0.038131690915789544,0.05084225455438607,16000,16000,0,0.0,8800,8800,0
0.3333333333333333,projected,mixed_sensor_actuator,absolute_middle_third_certificate,0.9,0.04575802909894745,0.05084225455438607,16000,16000,0,0.0,8800,8800,0
0.3333333333333333,projected,mixed_sensor_actuator,absolute_middle_third_certificate,0.99,0.0503338320088422,0.05084225455438607,16000,16000,0,0.0,10400,10400,0
0.3333333333333333,projected,mixed_sensor_actuator,absolute_middle_third_certificate,1.01,0.05135067709992992,0.05084225455438607,16000,16000,0,0.0,10400,10400,0
0.3333333333333333,projected,mixed_sensor_actuator,absolute_middle_third_certificate,1.1,0.05592648000982467,0.05084225455438607,16000,16000,0,0.0,10400,10400,0
0.3333333333333333,projected,mixed_sensor_actuator,absolute_middle_third_certificate,1.25,0.06355281819298257,0.05084225455438607,16000,16000,4000,0.25,12000,12000,0
0.3333333333333333,projected,mixed_sensor_actuator,absolute_middle_third_certificate,1.5,0.07626338183157909,0.05084225455438607,16000,16000,5600,0.35,10400,10400,0
0.3333333333333333,projected,mixed_sensor_actuator,absolute_middle_third_certificate,2.0,0.10168450910877212,0.05084225455438607,16000,16000,8800,0.55,7200,7200,0
0.36,unmodified,sensor_normal,own_certificate,0.25,0.01245350519956954,0.04981402079827816,2092,97,0,0.0,18,18,0
0.36,unmodified,sensor_normal,own_certificate,0.5,0.02490701039913908,0.04981402079827816,2092,97,0,0.0,38,38,0
0.36,unmodified,sensor_normal,own_certificate,0.75,0.03736051559870862,0.04981402079827816,2092,97,0,0.0,60,60,0
0.36,unmodified,sensor_normal,own_certificate,0.9,0.044832618718450346,0.04981402079827816,2092,97,0,0.0,76,76,0
0.36,unmodified,sensor_normal,own_certificate,0.99,0.049315880590295375,0.04981402079827816,2092,97,0,0.0,78,78,0
0.36,unmodified,sensor_normal,own_certificate,1.01,0.050312161006260944,0.04981402079827816,2092,97,0,0.0,78,78,0
0.36,unmodified,sensor_normal,own_certificate,1.1,0.05479542287810598,0.04981402079827816,2092,97,6,0.061855670103092786,79,79,0
0.36,unmodified,sensor_normal,own_certificate,1.25,0.0622675259978477,0.04981402079827816,2092,97,18,0.18556701030927836,75,75,0
0.36,unmodified,sensor_normal,own_certificate,1.5,0.07472103119741724,0.04981402079827816,2092,97,38,0.3917525773195876,59,59,0
0.36,unmodified,sensor_normal,own_certificate,2.0,0.09962804159655632,0.04981402079827816,2092,97,78,0.8041237113402062,19,19,0
0.36,unmodified,sensor_normal,absolute_middle_third_certificate,0.25,0.012710563638596515,0.04981402079827816,2092,97,0,0.0,18,18,0
0.36,unmodified,sensor_normal,absolute_middle_third_certificate,0.5,0.02542112727719303,0.04981402079827816,2092,97,0,0.0,38,38,0
0.36,unmodified,sensor_normal,absolute_middle_third_certificate,0.75,0.038131690915789544,0.04981402079827816,2092,97,0,0.0,60,60,0
0.36,unmodified,sensor_normal,absolute_middle_third_certificate,0.9,0.04575802909894745,0.04981402079827816,2092,97,0,0.0,76,76,0
0.36,unmodified,sensor_normal,absolute_middle_third_certificate,0.99,0.0503338320088422,0.04981402079827816,2092,97,0,0.0,78,78,0
0.36,unmodified,sensor_normal,absolute_middle_third_certificate,1.01,0.05135067709992992,0.04981402079827816,2092,97,2,0.020618556701030927,78,78,0
0.36,unmodified,sensor_normal,absolute_middle_third_certificate,1.1,0.05592648000982467,0.04981402079827816,2092,97,8,0.08247422680412371,78,78,0
0.36,unmodified,sensor_normal,absolute_middle_third_certificate,1.25,0.06355281819298257,0.04981402079827816,2092,97,19,0.1958762886597938,75,75,0
0.36,unmodified,sensor_normal,absolute_middle_third_certificate,1.5,0.07626338183157909,0.04981402079827816,2092,97,40,0.41237113402061853,57,57,0
0.36,unmodified,sensor_normal,absolute_middle_third_certificate,2.0,0.10168450910877212,0.04981402079827816,2092,97,83,0.8556701030927835,14,14,0
0.36,unmodified,actuator,own_certificate,0.25,0.01245350519956954,0.04981402079827816,2092,97,0,0.0,4,4,0
0.36,unmodified,actuator,own_certificate,0.5,0.02490701039913908,0.04981402079827816,2092,97,0,0.0,11,11,0
0.36,unmodified,actuator,own_certificate,0.75,0.03736051559870862,0.04981402079827816,2092,97,0,0.0,17,17,0
0.36,unmodified,actuator,own_certificate,0.9,0.044832618718450346,0.04981402079827816,2092,97,0,0.0,19,19,0
0.36,unmodified,actuator,own_certificate,0.99,0.049315880590295375,0.04981402079827816,2092,97,0,0.0,23,23,0
0.36,unmodified,actuator,own_certificate,1.01,0.050312161006260944,0.04981402079827816,2092,97,0,0.0,26,26,0
0.36,unmodified,actuator,own_certificate,1.1,0.05479542287810598,0.04981402079827816,2092,97,0,0.0,26,26,0
0.36,unmodified,actuator,own_certificate,1.25,0.0622675259978477,0.04981402079827816,2092,97,0,0.0,29,29,0
0.36,unmodified,actuator,own_certificate,1.5,0.07472103119741724,0.04981402079827816,2092,97,0,0.0,37,37,0
0.36,unmodified,actuator,own_certificate,2.0,0.09962804159655632,0.04981402079827816,2092,97,0,0.0,45,45,0
0.36,unmodified,actuator,absolute_middle_third_certificate,0.25,0.012710563638596515,0.04981402079827816,2092,97,0,0.0,4,4,0
0.36,unmodified,actuator,absolute_middle_third_certificate,0.5,0.02542112727719303,0.04981402079827816,2092,97,0,0.0,11,11,0
0.36,unmodified,actuator,absolute_middle_third_certificate,0.75,0.038131690915789544,0.04981402079827816,2092,97,0,0.0,17,17,0
0.36,unmodified,actuator,absolute_middle_third_certificate,0.9,0.04575802909894745,0.04981402079827816,2092,97,0,0.0,19,19,0
0.36,unmodified,actuator,absolute_middle_third_certificate,0.99,0.0503338320088422,0.04981402079827816,2092,97,0,0.0,26,26,0
0.36,unmodified,actuator,absolute_middle_third_certificate,1.01,0.05135067709992992,0.04981402079827816,2092,97,0,0.0,26,26,0
0.36,unmodified,actuator,absolute_middle_third_certificate,1.1,0.05592648000982467,0.04981402079827816,2092,97,0,0.0,28,28,0
0.36,unmodified,actuator,absolute_middle_third_certificate,1.25,0.06355281819298257,0.04981402079827816,2092,97,0,0.0,29,29,0
0.36,unmodified,actuator,absolute_middle_third_certificate,1.5,0.07626338183157909,0.04981402079827816,2092,97,0,0.0,37,37,0
0.36,unmodified,actuator,absolute_middle_third_certificate,2.0,0.10168450910877212,0.04981402079827816,2092,97,0,0.0,45,45,0
0.36,unmodified,random_isotropic,own_certificate,0.25,0.01245350519956954,0.04981402079827816,2092,97,0,0.0,1,1,0
0.36,unmodified,random_isotropic,own_certificate,0.5,0.02490701039913908,0.04981402079827816,2092,97,0,0.0,1,1,0
0.36,unmodified,random_isotropic,own_certificate,0.75,0.03736051559870862,0.04981402079827816,2092,97,0,0.0,1,1,0
0.36,unmodified,random_isotropic,own_certificate,0.9,0.044832618718450346,0.04981402079827816,2092,97,0,0.0,1,2,0
0.36,unmodified,random_isotropic,own_certificate,0.99,0.049315880590295375,0.04981402079827816,2092,97,0,0.0,1,2,0
0.36,unmodified,random_isotropic,own_certificate,1.01,0.050312161006260944,0.04981402079827816,2092,97,0,0.0,1,2,0
0.36,unmodified,random_isotropic,own_certificate,1.1,0.05479542287810598,0.04981402079827816,2092,97,0,0.0,1,2,0
0.36,unmodified,random_isotropic,own_certificate,1.25,0.0622675259978477,0.04981402079827816,2092,97,0,0.0,1,2,0
0.36,unmodified,random_isotropic,own_certificate,1.5,0.07472103119741724,0.04981402079827816,2092,97,0,0.0,1,2,0
0.36,unmodified,random_isotropic,own_certificate,2.0,0.09962804159655632,0.04981402079827816,2092,97,0,0.0,1,2,0
0.36,unmodified,random_isotropic,absolute_middle_third_certificate,0.25,0.012710563638596515,0.04981402079827816,2092,97,0,0.0,1,1,0
0.36,unmodified,random_isotropic,absolute_middle_third_certificate,0.5,0.02542112727719303,0.04981402079827816,2092,97,0,0.0,1,1,0
0.36,unmodified,random_isotropic,absolute_middle_third_certificate,0.75,0.038131690915789544,0.04981402079827816,2092,97,0,0.0,1,1,0
0.36,unmodified,random_isotropic,absolute_middle_third_certificate,0.9,0.04575802909894745,0.04981402079827816,2092,97,0,0.0,1,2,0
0.36,unmodified,random_isotropic,absolute_middle_third_certificate,0.99,0.0503338320088422,0.04981402079827816,2092,97,0,0.0,1,2,0
0.36,unmodified,random_isotropic,absolute_middle_third_certificate,1.01,0.05135067709992992,0.04981402079827816,2092,97,0,0.0,1,2,0
0.36,unmodified,random_isotropic,absolute_middle_third_certificate,1.1,0.05592648000982467,0.04981402079827816,2092,97,0,0.0,1,2,0
0.36,unmodified,random_isotropic,absolute_middle_third_certificate,1.25,0.06355281819298257,0.04981402079827816,2092,97,0,0.0,1,2,0
0.36,unmodified,random_isotropic,absolute_middle_third_certificate,1.5,0.07626338183157909,0.04981402079827816,2092,97,0,0.0,1,2,0
0.36,unmodified,random_isotropic,absolute_middle_third_certificate,2.0,0.10168450910877212,0.04981402079827816,2092,97,0,0.0,1,2,0
0.36,unmodified,sensor_orthogonal,own_certificate,0.25,0.01245350519956954,0.04981402079827816,2092,97,0,0.0,0,0,0
0.36,unmodified,sensor_orthogonal,own_certificate,0.5,0.02490701039913908,0.04981402079827816,2092,97,0,0.0,0,0,0
0.36,unmodified,sensor_orthogonal,own_certificate,0.75,0.03736051559870862,0.04981402079827816,2092,97,0,0.0,0,0,0
0.36,unmodified,sensor_orthogonal,own_certificate,0.9,0.044832618718450346,0.04981402079827816,2092,97,0,0.0,0,0,0
0.36,unmodified,sensor_orthogonal,own_certificate,0.99,0.049315880590295375,0.04981402079827816,2092,97,0,0.0,0,0,0
0.36,unmodified,sensor_orthogonal,own_certificate,1.01,0.050312161006260944,0.04981402079827816,2092,97,0,0.0,0,0,0
0.36,unmodified,sensor_orthogonal,own_certificate,1.1,0.05479542287810598,0.04981402079827816,2092,97,0,0.0,0,0,0
0.36,unmodified,sensor_orthogonal,own_certificate,1.25,0.0622675259978477,0.04981402079827816,2092,97,0,0.0,0,0,0
0.36,unmodified,sensor_orthogonal,own_certificate,1.5,0.07472103119741724,0.04981402079827816,2092,97,0,0.0,0,0,0
0.36,unmodified,sensor_orthogonal,own_certificate,2.0,0.09962804159655632,0.04981402079827816,2092,97,0,0.0,0,0,0
0.36,unmodified,sensor_orthogonal,absolute_middle_third_certificate,0.25,0.012710563638596515,0.04981402079827816,2092,97,0,0.0,0,0,0
0.36,unmodified,sensor_orthogonal,absolute_middle_third_certificate,0.5,0.02542112727719303,0.04981402079827816,2092,97,0,0.0,0,0,0
0.36,unmodified,sensor_orthogonal,absolute_middle_third_certificate,0.75,0.038131690915789544,0.04981402079827816,2092,97,0,0.0,0,0,0
0.36,unmodified,sensor_orthogonal,absolute_middle_third_certificate,0.9,0.04575802909894745,0.04981402079827816,2092,97,0,0.0,0,0,0
0.36,unmodified,sensor_orthogonal,absolute_middle_third_certificate,0.99,0.0503338320088422,0.04981402079827816,2092,97,0,0.0,0,0,0
0.36,unmodified,sensor_orthogonal,absolute_middle_third_certificate,1.01,0.05135067709992992,0.04981402079827816,2092,97,0,0.0,0,0,0
0.36,unmodified,sensor_orthogonal,absolute_middle_third_certificate,1.1,0.05592648000982467,0.04981402079827816,2092,97,0,0.0,0,0,0
0.36,unmodified,sensor_orthogonal,absolute_middle_third_certificate,1.25,0.06355281819298257,0.04981402079827816,2092,97,0,0.0,0,0,0
0.36,unmodified,sensor_orthogonal,absolute_middle_third_certificate,1.5,0.07626338183157909,0.04981402079827816,2092,97,0,0.0,0,0,0
0.36,unmodified,sensor_orthogonal,absolute_middle_third_certificate,2.0,0.10168450910877212,0.04981402079827816,2092,97,0,0.0,0,0,0
0.36,unmodified,mixed_sensor_actuator,own_certificate,0.25,0.01245350519956954,0.04981402079827816,2092,97,0,0.0,16,16,0
0.36,unmodified,mixed_sensor_actuator,own_certificate,0.5,0.02490701039913908,0.04981402079827816,2092,97,0,0.0,29,29,0
0.36,unmodified,mixed_sensor_actuator,own_certificate,0.75,0.03736051559870862,0.04981402079827816,2092,97,0,0.0,44,44,0
0.36,unmodified,mixed_sensor_actuator,own_certificate,0.9,0.044832618718450346,0.04981402079827816,2092,97,0,0.0,58,58,0
0.36,unmodified,mixed_sensor_actuator,own_certificate,0.99,0.049315880590295375,0.04981402079827816,2092,97,0,0.0,62,62,0
0.36,unmodified,mixed_sensor_actuator,own_certificate,1.01,0.050312161006260944,0.04981402079827816,2092,97,0,0.0,66,66,0
0.36,unmodified,mixed_sensor_actuator,own_certificate,1.1,0.05479542287810598,0.04981402079827816,2092,97,0,0.0,73,73,0
0.36,unmodified,mixed_sensor_actuator,own_certificate,1.25,0.0622675259978477,0.04981402079827816,2092,97,0,0.0,78,78,0
0.36,unmodified,mixed_sensor_actuator,own_certificate,1.5,0.07472103119741724,0.04981402079827816,2092,97,17,0.17525773195876287,72,72,0
0.36,unmodified,mixed_sensor_actuator,own_certificate,2.0,0.09962804159655632,0.04981402079827816,2092,97,45,0.4639175257731959,52,52,0
0.36,unmodified,mixed_sensor_actuator,absolute_middle_third_certificate,0.25,0.012710563638596515,0.04981402079827816,2092,97,0,0.0,17,17,0
0.36,unmodified,mixed_sensor_actuator,absolute_middle_third_certificate,0.5,0.02542112727719303,0.04981402079827816,2092,97,0,0.0,30,30,0
0.36,unmodified,mixed_sensor_actuator,absolute_middle_third_certificate,0.75,0.038131690915789544,0.04981402079827816,2092,97,0,0.0,45,45,0
0.36,unmodified,mixed_sensor_actuator,absolute_middle_third_certificate,0.9,0.04575802909894745,0.04981402079827816,2092,97,0,0.0,60,60,0
0.36,unmodified,mixed_sensor_actuator,absolute_middle_third_certificate,0.99,0.0503338320088422,0.04981402079827816,2092,97,0,0.0,67,67,0
0.36,unmodified,mixed_sensor_actuator,absolute_middle_third_certificate,1.01,0.05135067709992992,0.04981402079827816,2092,97,0,0.0,67,67,0
0.36,unmodified,mixed_sensor_actuator,absolute_middle_third_certificate,1.1,0.05592648000982467,0.04981402079827816,2092,97,0,0.0,76,76,0
0.36,unmodified,mixed_sensor_actuator,absolute_middle_third_certificate,1.25,0.06355281819298257,0.04981402079827816,2092,97,3,0.030927835051546393,78,78,0
0.36,unmodified,mixed_sensor_actuator,absolute_middle_third_certificate,1.5,0.07626338183157909,0.04981402079827816,2092,97,17,0.17525773195876287,74,74,0
0.36,unmodified,mixed_sensor_actuator,absolute_middle_third_certificate,2.0,0.10168450910877212,0.04981402079827816,2092,97,48,0.4948453608247423,49,49,0
0.36,projected,sensor_normal,own_certificate,0.25,0.01245350519956954,0.04981402079827816,16000,16000,0,0.0,5600,5600,0
0.36,projected,sensor_normal,own_certificate,0.5,0.02490701039913908,0.04981402079827816,16000,16000,0,0.0,7200,7200,0
0.36,projected,sensor_normal,own_certificate,0.75,0.03736051559870862,0.04981402079827816,16000,16000,0,0.0,8800,8800,0
0.36,projected,sensor_normal,own_certificate,0.9,0.044832618718450346,0.04981402079827816,16000,16000,0,0.0,8800,8800,0
0.36,projected,sensor_normal,own_certificate,0.99,0.049315880590295375,0.04981402079827816,16000,16000,0,0.0,10400,10400,0
0.36,projected,sensor_normal,own_certificate,1.01,0.050312161006260944,0.04981402079827816,16000,16000,2400,0.15,8000,8000,0
0.36,projected,sensor_normal,own_certificate,1.1,0.05479542287810598,0.04981402079827816,16000,16000,4000,0.25,6400,6400,0
0.36,projected,sensor_normal,own_certificate,1.25,0.0622675259978477,0.04981402079827816,16000,16000,5600,0.35,6400,6400,0
0.36,projected,sensor_normal,own_certificate,1.5,0.07472103119741724,0.04981402079827816,16000,16000,7200,0.45,8800,8800,0
0.36,projected,sensor_normal,own_certificate,2.0,0.09962804159655632,0.04981402079827816,16000,16000,10400,0.65,5600,5600,0
0.36,projected,sensor_normal,absolute_middle_third_certificate,0.25,0.012710563638596515,0.04981402079827816,16000,16000,0,0.0,5600,5600,0
0.36,projected,sensor_normal,absolute_middle_third_certificate,0.5,0.02542112727719303,0.04981402079827816,16000,16000,0,0.0,7200,7200,0
0.36,projected,sensor_normal,absolute_middle_third_certificate,0.75,0.038131690915789544,0.04981402079827816,16000,16000,0,0.0,8800,8800,0
0.36,projected,sensor_normal,absolute_middle_third_certificate,0.9,0.04575802909894745,0.04981402079827816,16000,16000,0,0.0,8800,8800,0
0.36,projected,sensor_normal,absolute_middle_third_certificate,0.99,0.0503338320088422,0.04981402079827816,16000,16000,2400,0.15,8000,8000,0
0.36,projected,sensor_normal,absolute_middle_third_certificate,1.01,0.05135067709992992,0.04981402079827816,16000,16000,4000,0.25,6400,6400,0
0.36,projected,sensor_normal,absolute_middle_third_certificate,1.1,0.05592648000982467,0.04981402079827816,16000,16000,4000,0.25,6400,6400,0
0.36,projected,sensor_normal,absolute_middle_third_certificate,1.25,0.06355281819298257,0.04981402079827816,16000,16000,5600,0.35,8000,8000,0
0.36,projected,sensor_normal,absolute_middle_third_certificate,1.5,0.07626338183157909,0.04981402079827816,16000,16000,7200,0.45,8800,8800,0
0.36,projected,sensor_normal,absolute_middle_third_certificate,2.0,0.10168450910877212,0.04981402079827816,16000,16000,10400,0.65,5600,5600,0
0.36,projected,actuator,own_certificate,0.25,0.01245350519956954,0.04981402079827816,16000,16000,0,0.0,4000,4000,0
0.36,projected,actuator,own_certificate,0.5,0.02490701039913908,0.04981402079827816,16000,16000,0,0.0,5600,5600,0
0.36,projected,actuator,own_certificate,0.75,0.03736051559870862,0.04981402079827816,16000,16000,0,0.0,5600,5600,0
0.36,projected,actuator,own_certificate,0.9,0.044832618718450346,0.04981402079827816,16000,16000,0,0.0,5600,5600,0
0.36,projected,actuator,own_certificate,0.99,0.049315880590295375,0.04981402079827816,16000,16000,0,0.0,5600,5600,0
0.36,projected,actuator,own_certificate,1.01,0.050312161006260944,0.04981402079827816,16000,16000,0,0.0,5600,5600,0
0.36,projected,actuator,own_certificate,1.1,0.05479542287810598,0.04981402079827816,16000,16000,0,0.0,7200,7200,0
0.36,projected,actuator,own_certificate,1.25,0.0622675259978477,0.04981402079827816,16000,16000,0,0.0,7200,7200,0
0.36,projected,actuator,own_certificate,1.5,0.07472103119741724,0.04981402079827816,16000,16000,0,0.0,7200,7200,0
0.36,projected,actuator,own_certificate,2.0,0.09962804159655632,0.04981402079827816,16000,16000,0,0.0,7200,7200,0
0.36,projected,actuator,absolute_middle_third_certificate,0.25,0.012710563638596515,0.04981402079827816,16000,16000,0,0.0,4000,4000,0
0.36,projected,actuator,absolute_middle_third_certificate,0.5,0.02542112727719303,0.04981402079827816,16000,16000,0,0.0,5600,5600,0
0.36,projected,actuator,absolute_middle_third_certificate,0.75,0.038131690915789544,0.04981402079827816,16000,16000,0,0.0,5600,5600,0
0.36,projected,actuator,absolute_middle_third_certificate,0.9,0.04575802909894745,0.04981402079827816,16000,16000,0,0.0,5600,5600,0
0.36,projected,actuator,absolute_middle_third_certificate,0.99,0.0503338320088422,0.04981402079827816,16000,16000,0,0.0,5600,5600,0
0.36,projected,actuator,absolute_middle_third_certificate,1.01,0.05135067709992992,0.04981402079827816,16000,16000,0,0.0,5600,5600,0
0.36,projected,actuator,absolute_middle_third_certificate,1.1,0.05592648000982467,0.04981402079827816,16000,16000,0,0.0,7200,7200,0
0.36,projected,actuator,absolute_middle_third_certificate,1.25,0.06355281819298257,0.04981402079827816,16000,16000,0,0.0,7200,7200,0
0.36,projected,actuator,absolute_middle_third_certificate,1.5,0.07626338183157909,0.04981402079827816,16000,16000,0,0.0,7200,7200,0
0.36,projected,actuator,absolute_middle_third_certificate,2.0,0.10168450910877212,0.04981402079827816,16000,16000,0,0.0,7200,7200,0
0.36,projected,random_isotropic,own_certificate,0.25,0.01245350519956954,0.04981402079827816,16000,16000,0,0.0,2121,2424,0
0.36,projected,random_isotropic,own_certificate,0.5,0.02490701039913908,0.04981402079827816,16000,16000,0,0.0,2667,3048,0
0.36,projected,random_isotropic,own_certificate,0.75,0.03736051559870862,0.04981402079827816,16000,16000,0,0.0,2849,3256,0
0.36,projected,random_isotropic,own_certificate,0.9,0.044832618718450346,0.04981402079827816,16000,16000,0,0.0,2940,3360,0
0.36,projected,random_isotropic,own_certificate,0.99,0.049315880590295375,0.04981402079827816,16000,16000,0,0.0,2968,3392,0
0.36,projected,random_isotropic,own_certificate,1.01,0.050312161006260944,0.04981402079827816,16000,16000,0,0.0,2982,3408,0
0.36,projected,random_isotropic,own_certificate,1.1,0.05479542287810598,0.04981402079827816,16000,16000,0,0.0,3045,3480,0
0.36,projected,random_isotropic,own_certificate,1.25,0.0622675259978477,0.04981402079827816,16000,16000,0,0.0,3073,3512,0
0.36,projected,random_isotropic,own_certificate,1.5,0.07472103119741724,0.04981402079827816,16000,16000,0,0.0,3115,3560,0
0.36,projected,random_isotropic,own_certificate,2.0,0.09962804159655632,0.04981402079827816,16000,16000,0,0.0,3283,3752,0
0.36,projected,random_isotropic,absolute_middle_third_certificate,0.25,0.012710563638596515,0.04981402079827816,16000,16000,0,0.0,2142,2448,0
0.36,projected,random_isotropic,absolute_middle_third_certificate,0.5,0.02542112727719303,0.04981402079827816,16000,16000,0,0.0,2695,3080,0
0.36,projected,random_isotropic,absolute_middle_third_certificate,0.75,0.038131690915789544,0.04981402079827816,16000,16000,0,0.0,2877,3288,0
0.36,projected,random_isotropic,absolute_middle_third_certificate,0.9,0.04575802909894745,0.04981402079827816,16000,16000,0,0.0,2940,3360,0
0.36,projected,random_isotropic,absolute_middle_third_certificate,0.99,0.0503338320088422,0.04981402079827816,16000,16000,0,0.0,2982,3408,0
0.36,projected,random_isotropic,absolute_middle_third_certificate,1.01,0.05135067709992992,0.04981402079827816,16000,16000,0,0.0,3010,3440,0
0.36,projected,random_isotropic,absolute_middle_third_certificate,1.1,0.05592648000982467,0.04981402079827816,16000,16000,0,0.0,3059,3496,0
0.36,projected,random_isotropic,absolute_middle_third_certificate,1.25,0.06355281819298257,0.04981402079827816,16000,16000,0,0.0,3073,3512,0
0.36,projected,random_isotropic,absolute_middle_third_certificate,1.5,0.07626338183157909,0.04981402079827816,16000,16000,0,0.0,3122,3568,0
0.36,projected,random_isotropic,absolute_middle_third_certificate,2.0,0.10168450910877212,0.04981402079827816,16000,16000,0,0.0,3297,3768,0
0.36,projected,sensor_orthogonal,own_certificate,0.25,0.01245350519956954,0.04981402079827816,16000,16000,0,0.0,0,0,0
0.36,projected,sensor_orthogonal,own_certificate,0.5,0.02490701039913908,0.04981402079827816,16000,16000,0,0.0,0,0,0
0.36,projected,sensor_orthogonal,own_certificate,0.75,0.03736051559870862,0.04981402079827816,16000,16000,0,0.0,0,0,0
0.36,projected,sensor_orthogonal,own_certificate,0.9,0.044832618718450346,0.04981402079827816,16000,16000,0,0.0,0,0,0
0.36,projected,sensor_orthogonal,own_certificate,0.99,0.049315880590295375,0.04981402079827816,16000,16000,0,0.0,0,0,0
0.36,projected,sensor_orthogonal,own_certificate,1.01,0.050312161006260944,0.04981402079827816,16000,16000,0,0.0,0,0,0
0.36,projected,sensor_orthogonal,own_certificate,1.1,0.05479542287810598,0.04981402079827816,16000,16000,0,0.0,0,0,0
0.36,projected,sensor_orthogonal,own_certificate,1.25,0.0622675259978477,0.04981402079827816,16000,16000,0,0.0,0,0,0
0.36,projected,sensor_orthogonal,own_certificate,1.5,0.07472103119741724,0.04981402079827816,16000,16000,0,0.0,0,0,0
0.36,projected,sensor_orthogonal,own_certificate,2.0,0.09962804159655632,0.04981402079827816,16000,16000,0,0.0,0,0,0
0.36,projected,sensor_orthogonal,absolute_middle_third_certificate,0.25,0.012710563638596515,0.04981402079827816,16000,16000,0,0.0,0,0,0
0.36,projected,sensor_orthogonal,absolute_middle_third_certificate,0.5,0.02542112727719303,0.04981402079827816,16000,16000,0,0.0,0,0,0
0.36,projected,sensor_orthogonal,absolute_middle_third_certificate,0.75,0.038131690915789544,0.04981402079827816,16000,16000,0,0.0,0,0,0
0.36,projected,sensor_orthogonal,absolute_middle_third_certificate,0.9,0.04575802909894745,0.04981402079827816,16000,16000,0,0.0,0,0,0
0.36,projected,sensor_orthogonal,absolute_middle_third_certificate,0.99,0.0503338320088422,0.04981402079827816,16000,16000,0,0.0,0,0,0
0.36,projected,sensor_orthogonal,absolute_middle_third_certificate,1.01,0.05135067709992992,0.04981402079827816,16000,16000,0,0.0,0,0,0
0.36,projected,sensor_orthogonal,absolute_middle_third_certificate,1.1,0.05592648000982467,0.04981402079827816,16000,16000,0,0.0,0,0,0
0.36,projected,sensor_orthogonal,absolute_middle_third_certificate,1.25,0.06355281819298257,0.04981402079827816,16000,16000,0,0.0,0,0,0
0.36,projected,sensor_orthogonal,absolute_middle_third_certificate,1.5,0.07626338183157909,0.04981402079827816,16000,16000,0,0.0,0,0,0
0.36,projected,sensor_orthogonal,absolute_middle_third_certificate,2.0,0.10168450910877212,0.04981402079827816,16000,16000,0,0.0,0,0,0
0.36,projected,mixed_sensor_actuator,own_certificate,0.25,0.01245350519956954,0.04981402079827816,16000,16000,0,0.0,5600,5600,0
0.36,projected,mixed_sensor_actuator,own_certificate,0.5,0.02490701039913908,0.04981402079827816,16000,16000,0,0.0,7200,7200,0
0.36,projected,mixed_sensor_actuator,own_certificate,0.75,0.03736051559870862,0.04981402079827816,16000,16000,0,0.0,7200,7200,0
0.36,projected,mixed_sensor_actuator,own_certificate,0.9,0.044832618718450346,0.04981402079827816,16000,16000,0,0.0,8800,8800,0
0.36,projected,mixed_sensor_actuator,own_certificate,0.99,0.049315880590295375,0.04981402079827816,16000,16000,0,0.0,8800,8800,0
0.36,projected,mixed_sensor_actuator,own_certificate,1.01,0.050312161006260944,0.04981402079827816,16000,16000,0,0.0,8800,8800,0
0.36,projected,mixed_sensor_actuator,own_certificate,1.1,0.05479542287810598,0.04981402079827816,16000,16000,0,0.0,8800,8800,0
0.36,projected,mixed_sensor_actuator,own_certificate,1.25,0.0622675259978477,0.04981402079827816,16000,16000,2400,0.15,8000,8000,0
0.36,projected,mixed_sensor_actuator,own_certificate,1.5,0.07472103119741724,0.04981402079827816,16000,16000,5600,0.35,6400,6400,0
0.36,projected,mixed_sensor_actuator,own_certificate,2.0,0.09962804159655632,0.04981402079827816,16000,16000,7200,0.45,8800,8800,0
0.36,projected,mixed_sensor_actuator,absolute_middle_third_certificate,0.25,0.012710563638596515,0.04981402079827816,16000,16000,0,0.0,5600,5600,0
0.36,projected,mixed_sensor_actuator,absolute_middle_third_certificate,0.5,0.02542112727719303,0.04981402079827816,16000,16000,0,0.0,7200,7200,0
0.36,projected,mixed_sensor_actuator,absolute_middle_third_certificate,0.75,0.038131690915789544,0.04981402079827816,16000,16000,0,0.0,7200,7200,0
0.36,projected,mixed_sensor_actuator,absolute_middle_third_certificate,0.9,0.04575802909894745,0.04981402079827816,16000,16000,0,0.0,8800,8800,0
0.36,projected,mixed_sensor_actuator,absolute_middle_third_certificate,0.99,0.0503338320088422,0.04981402079827816,16000,16000,0,0.0,8800,8800,0
0.36,projected,mixed_sensor_actuator,absolute_middle_third_certificate,1.01,0.05135067709992992,0.04981402079827816,16000,16000,0,0.0,8800,8800,0
0.36,projected,mixed_sensor_actuator,absolute_middle_third_certificate,1.1,0.05592648000982467,0.04981402079827816,16000,16000,0,0.0,8800,8800,0
0.36,projected,mixed_sensor_actuator,absolute_middle_third_certificate,1.25,0.06355281819298257,0.04981402079827816,16000,16000,4000,0.25,6400,6400,0
0.36,projected,mixed_sensor_actuator,absolute_middle_third_certificate,1.5,0.07626338183157909,0.04981402079827816,16000,16000,5600,0.35,6400,6400,0
0.36,projected,mixed_sensor_actuator,absolute_middle_third_certificate,2.0,0.10168450910877212,0.04981402079827816,16000,16000,8800,0.55,7200,7200,0
0.4,unmodified,sensor_normal,own_certificate,0.25,0.010981926983747389,0.043927707934989554,2092,117,0,0.0,21,21,0
0.4,unmodified,sensor_normal,own_certificate,0.5,0.021963853967494777,0.043927707934989554,2092,117,0,0.0,38,38,0
0.4,unmodified,sensor_normal,own_certificate,0.75,0.03294578095124216,0.043927707934989554,2092,117,0,0.0,51,51,0
0.4,unmodified,sensor_normal,own_certificate,0.9,0.0395349371414906,0.043927707934989554,2092,117,0,0.0,60,60,0
0.4,unmodified,sensor_normal,own_certificate,0.99,0.04348843085563966,0.043927707934989554,2092,117,0,0.0,65,65,0
0.4,unmodified,sensor_normal,own_certificate,1.01,0.04436698501433945,0.043927707934989554,2092,117,0,0.0,66,66,0
0.4,unmodified,sensor_normal,own_certificate,1.1,0.04832047872848851,0.043927707934989554,2092,117,5,0.042735042735042736,64,64,0
0.4,unmodified,sensor_normal,own_certificate,1.25,0.054909634918736946,0.043927707934989554,2092,117,16,0.13675213675213677,61,61,0
0.4,unmodified,sensor_normal,own_certificate,1.5,0.06589156190248432,0.043927707934989554,2092,117,33,0.28205128205128205,57,57,0
0.4,unmodified,sensor_normal,own_certificate,2.0,0.08785541586997911,0.043927707934989554,2092,117,60,0.5128205128205128,57,57,0
0.4,unmodified,sensor_normal,absolute_middle_third_certificate,0.25,0.012710563638596515,0.043927707934989554,2092,117,0,0.0,23,23,0
0.4,unmodified,sensor_normal,absolute_middle_third_certificate,0.5,0.02542112727719303,0.043927707934989554,2092,117,0,0.0,46,46,0
0.4,unmodified,sensor_normal,absolute_middle_third_certificate,0.75,0.038131690915789544,0.043927707934989554,2092,117,0,0.0,58,58,0
0.4,unmodified,sensor_normal,absolute_middle_third_certificate,0.9,0.04575802909894745,0.043927707934989554,2092,117,1,0.008547008547008548,65,65,0
0.4,unmodified,sensor_normal,absolute_middle_third_certificate,0.99,0.0503338320088422,0.043927707934989554,2092,117,6,0.05128205128205128,68,68,0
0.4,unmodified,sensor_normal,absolute_middle_third_certificate,1.01,0.05135067709992992,0.043927707934989554,2092,117,8,0.06837606837606838,67,67,0
0.4,unmodified,sensor_normal,absolute_middle_third_certificate,1.1,0.05592648000982467,0.043927707934989554,2092,117,17,0.1452991452991453,60,60,0
0.4,unmodified,sensor_normal,absolute_middle_third_certificate,1.25,0.06355281819298257,0.043927707934989554,2092,117,31,0.26495726495726496,57,57,0
0.4,unmodified,sensor_normal,absolute_middle_third_certificate,1.5,0.07626338183157909,0.043927707934989554,2092,117,45,0.38461538461538464,64,64,0
0.4,unmodified,sensor_normal,absolute_middle_third_certificate,2.0,0.10168450910877212,0.043927707934989554,2092,117,74,0.6324786324786325,43,43,0
0.4,unmodified,actuator,own_certificate,0.25,0.010981926983747389,0.043927707934989554,2092,117,0,0.0,6,6,0
0.4,unmodified,actuator,own_certificate,0.5,0.021963853967494777,0.043927707934989554,2092,117,0,0.0,10,10,0
0.4,unmodified,actuator,own_certificate,0.75,0.03294578095124216,0.043927707934989554,2092,117,0,0.0,20,20,0
0.4,unmodified,actuator,own_certificate,0.9,0.0395349371414906,0.043927707934989554,2092,117,0,0.0,22,22,0
0.4,unmodified,actuator,own_certificate,0.99,0.04348843085563966,0.043927707934989554,2092,117,0,0.0,24,24,0
0.4,unmodified,actuator,own_certificate,1.01,0.04436698501433945,0.043927707934989554,2092,117,0,0.0,27,27,0
0.4,unmodified,actuator,own_certificate,1.1,0.04832047872848851,0.043927707934989554,2092,117,0,0.0,30,30,0
0.4,unmodified,actuator,own_certificate,1.25,0.054909634918736946,0.043927707934989554,2092,117,0,0.0,31,31,0
0.4,unmodified,actuator,own_certificate,1.5,0.06589156190248432,0.043927707934989554,2092,117,0,0.0,37,37,0
0.4,unmodified,actuator,own_certificate,2.0,0.08785541586997911,0.043927707934989554,2092,117,0,0.0,46,46,0
0.4,unmodified,actuator,absolute_middle_third_certificate,0.25,0.012710563638596515,0.043927707934989554,2092,117,0,0.0,6,6,0
0.4,unmodified,actuator,absolute_middle_third_certificate,0.5,0.02542112727719303,0.043927707934989554,2092,117,0,0.0,13,13,0
0.4,unmodified,actuator,absolute_middle_third_certificate,0.75,0.038131690915789544,0.043927707934989554,2092,117,0,0.0,22,22,0
0.4,unmodified,actuator,absolute_middle_third_certificate,0.9,0.04575802909894745,0.043927707934989554,2092,117,0,0.0,28,28,0
0.4,unmodified,actuator,absolute_middle_third_certificate,0.99,0.0503338320088422,0.043927707934989554,2092,117,0,0.0,31,31,0
0.4,unmodified,actuator,absolute_middle_third_certificate,1.01,0.05135067709992992,0.043927707934989554,2092,117,0,0.0,31,31,0
0.4,unmodified,actuator,absolute_middle_third_certificate,1.1,0.05592648000982467,0.043927707934989554,2092,117,0,0.0,32,32,0
0.4,unmodified,actuator,absolute_middle_third_certificate,1.25,0.06355281819298257,0.043927707934989554,2092,117,0,0.0,37,37,0
0.4,unmodified,actuator,absolute_middle_third_certificate,1.5,0.07626338183157909,0.043927707934989554,2092,117,0,0.0,43,43,0
0.4,unmodified,actuator,absolute_middle_third_certificate,2.0,0.10168450910877212,0.043927707934989554,2092,117,0,0.0,50,50,0
0.4,unmodified,random_isotropic,own_certificate,0.25,0.010981926983747389,0.043927707934989554,2092,117,0,0.0,1,1,0
0.4,unmodified,random_isotropic,own_certificate,0.5,0.021963853967494777,0.043927707934989554,2092,117,0,0.0,1,1,0
0.4,unmodified,random_isotropic,own_certificate,0.75,0.03294578095124216,0.043927707934989554,2092,117,0,0.0,1,1,0
0.4,unmodified,random_isotropic,own_certificate,0.9,0.0395349371414906,0.043927707934989554,2092,117,0,0.0,2,2,0
0.4,unmodified,random_isotropic,own_certificate,0.99,0.04348843085563966,0.043927707934989554,2092,117,0,0.0,2,3,0
0.4,unmodified,random_isotropic,own_certificate,1.01,0.04436698501433945,0.043927707934989554,2092,117,0,0.0,2,3,0
0.4,unmodified,random_isotropic,own_certificate,1.1,0.04832047872848851,0.043927707934989554,2092,117,0,0.0,2,3,0
0.4,unmodified,random_isotropic,own_certificate,1.25,0.054909634918736946,0.043927707934989554,2092,117,0,0.0,2,3,0
0.4,unmodified,random_isotropic,own_certificate,1.5,0.06589156190248432,0.043927707934989554,2092,117,0,0.0,3,4,0
0.4,unmodified,random_isotropic,own_certificate,2.0,0.08785541586997911,0.043927707934989554,2092,117,0,0.0,3,4,0
0.4,unmodified,random_isotropic,absolute_middle_third_certificate,0.25,0.012710563638596515,0.043927707934989554,2092,117,0,0.0,1,1,0
0.4,unmodified,random_isotropic,absolute_middle_third_certificate,0.5,0.02542112727719303,0.043927707934989554,2092,117,0,0.0,1,1,0
0.4,unmodified,random_isotropic,absolute_middle_third_certificate,0.75,0.038131690915789544,0.043927707934989554,2092,117,0,0.0,2,2,0
0.4,unmodified,random_isotropic,absolute_middle_third_certificate,0.9,0.04575802909894745,0.043927707934989554,2092,117,0,0.0,2,3,0
0.4,unmodified,random_isotropic,absolute_middle_third_certificate,0.99,0.0503338320088422,0.043927707934989554,2092,117,0,0.0,2,3,0
0.4,unmodified,random_isotropic,absolute_middle_third_certificate,1.01,0.05135067709992992,0.043927707934989554,2092,117,0,0.0,2,3,0
0.4,unmodified,random_isotropic,absolute_middle_third_certificate,1.1,0.05592648000982467,0.043927707934989554,2092,117,0,0.0,2,3,0
0.4,unmodified,random_isotropic,absolute_middle_third_certificate,1.25,0.06355281819298257,0.043927707934989554,2092,117,0,0.0,3,4,0
0.4,unmodified,random_isotropic,absolute_middle_third_certificate,1.5,0.07626338183157909,0.043927707934989554,2092,117,0,0.0,3,4,0
0.4,unmodified,random_isotropic,absolute_middle_third_certificate,2.0,0.10168450910877212,0.043927707934989554,2092,117,0,0.0,4,5,0
0.4,unmodified,sensor_orthogonal,own_certificate,0.25,0.010981926983747389,0.043927707934989554,2092,117,0,0.0,0,0,0
0.4,unmodified,sensor_orthogonal,own_certificate,0.5,0.021963853967494777,0.043927707934989554,2092,117,0,0.0,0,0,0
0.4,unmodified,sensor_orthogonal,own_certificate,0.75,0.03294578095124216,0.043927707934989554,2092,117,0,0.0,0,0,0
0.4,unmodified,sensor_orthogonal,own_certificate,0.9,0.0395349371414906,0.043927707934989554,2092,117,0,0.0,0,0,0
0.4,unmodified,sensor_orthogonal,own_certificate,0.99,0.04348843085563966,0.043927707934989554,2092,117,0,0.0,0,0,0
0.4,unmodified,sensor_orthogonal,own_certificate,1.01,0.04436698501433945,0.043927707934989554,2092,117,0,0.0,0,0,0
0.4,unmodified,sensor_orthogonal,own_certificate,1.1,0.04832047872848851,0.043927707934989554,2092,117,0,0.0,0,0,0
0.4,unmodified,sensor_orthogonal,own_certificate,1.25,0.054909634918736946,0.043927707934989554,2092,117,0,0.0,0,0,0
0.4,unmodified,sensor_orthogonal,own_certificate,1.5,0.06589156190248432,0.043927707934989554,2092,117,0,0.0,0,0,0
0.4,unmodified,sensor_orthogonal,own_certificate,2.0,0.08785541586997911,0.043927707934989554,2092,117,0,0.0,0,0,0
0.4,unmodified,sensor_orthogonal,absolute_middle_third_certificate,0.25,0.012710563638596515,0.043927707934989554,2092,117,0,0.0,0,0,0
0.4,unmodified,sensor_orthogonal,absolute_middle_third_certificate,0.5,0.02542112727719303,0.043927707934989554,2092,117,0,0.0,0,0,0
0.4,unmodified,sensor_orthogonal,absolute_middle_third_certificate,0.75,0.038131690915789544,0.043927707934989554,2092,117,0,0.0,0,0,0
0.4,unmodified,sensor_orthogonal,absolute_middle_third_certificate,0.9,0.04575802909894745,0.043927707934989554,2092,117,0,0.0,0,0,0
0.4,unmodified,sensor_orthogonal,absolute_middle_third_certificate,0.99,0.0503338320088422,0.043927707934989554,2092,117,0,0.0,0,0,0
0.4,unmodified,sensor_orthogonal,absolute_middle_third_certificate,1.01,0.05135067709992992,0.043927707934989554,2092,117,0,0.0,0,0,0
0.4,unmodified,sensor_orthogonal,absolute_middle_third_certificate,1.1,0.05592648000982467,0.043927707934989554,2092,117,0,0.0,0,0,0
0.4,unmodified,sensor_orthogonal,absolute_middle_third_certificate,1.25,0.06355281819298257,0.043927707934989554,2092,117,0,0.0,0,0,0
0.4,unmodified,sensor_orthogonal,absolute_middle_third_certificate,1.5,0.07626338183157909,0.043927707934989554,2092,117,0,0.0,0,0,0
0.4,unmodified,sensor_orthogonal,absolute_middle_third_certificate,2.0,0.10168450910877212,0.043927707934989554,2092,117,0,0.0,0,0,0
0.4,unmodified,mixed_sensor_actuator,own_certificate,0.25,0.010981926983747389,0.043927707934989554,2092,117,0,0.0,15,15,0
0.4,unmodified,mixed_sensor_actuator,own_certificate,0.5,0.021963853967494777,0.043927707934989554,2092,117,0,0.0,33,33,0
0.4,unmodified,mixed_sensor_actuator,own_certificate,0.75,0.03294578095124216,0.043927707934989554,2092,117,0,0.0,46,46,0
0.4,unmodified,mixed_sensor_actuator,own_certificate,0.9,0.0395349371414906,0.043927707934989554,2092,117,0,0.0,50,50,0
0.4,unmodified,mixed_sensor_actuator,own_certificate,0.99,0.04348843085563966,0.043927707934989554,2092,117,0,0.0,55,55,0
0.4,unmodified,mixed_sensor_actuator,own_certificate,1.01,0.04436698501433945,0.043927707934989554,2092,117,0,0.0,55,55,0
0.4,unmodified,mixed_sensor_actuator,own_certificate,1.1,0.04832047872848851,0.043927707934989554,2092,117,0,0.0,59,59,0
0.4,unmodified,mixed_sensor_actuator,own_certificate,1.25,0.054909634918736946,0.043927707934989554,2092,117,0,0.0,66,66,0
0.4,unmodified,mixed_sensor_actuator,own_certificate,1.5,0.06589156190248432,0.043927707934989554,2092,117,15,0.1282051282051282,60,60,0
0.4,unmodified,mixed_sensor_actuator,own_certificate,2.0,0.08785541586997911,0.043927707934989554,2092,117,41,0.3504273504273504,60,60,0
0.4,unmodified,mixed_sensor_actuator,absolute_middle_third_certificate,0.25,0.012710563638596515,0.043927707934989554,2092,117,0,0.0,20,20,0
0.4,unmodified,mixed_sensor_actuator,absolute_middle_third_certificate,0.5,0.02542112727719303,0.043927707934989554,2092,117,0,0.0,38,38,0
0.4,unmodified,mixed_sensor_actuator,absolute_middle_third_certificate,0.75,0.038131690915789544,0.043927707934989554,2092,117,0,0.0,50,50,0
0.4,unmodified,mixed_sensor_actuator,absolute_middle_third_certificate,0.9,0.04575802909894745,0.043927707934989554,2092,117,0,0.0,55,55,0
0.4,unmodified,mixed_sensor_actuator,absolute_middle_third_certificate,0.99,0.0503338320088422,0.043927707934989554,2092,117,0,0.0,60,60,0
0.4,unmodified,mixed_sensor_actuator,absolute_middle_third_certificate,1.01,0.05135067709992992,0.043927707934989554,2092,117,0,0.0,62,62,0
0.4,unmodified,mixed_sensor_actuator,absolute_middle_third_certificate,1.1,0.05592648000982467,0.043927707934989554,2092,117,0,0.0,66,66,0
0.4,unmodified,mixed_sensor_actuator,absolute_middle_third_certificate,1.25,0.06355281819298257,0.043927707934989554,2092,117,8,0.06837606837606838,67,67,0
0.4,unmodified,mixed_sensor_actuator,absolute_middle_third_certificate,1.5,0.07626338183157909,0.043927707934989554,2092,117,29,0.24786324786324787,59,59,0
0.4,unmodified,mixed_sensor_actuator,absolute_middle_third_certificate,2.0,0.10168450910877212,0.043927707934989554,2092,117,54,0.46153846153846156,58,58,0
0.4,projected,sensor_normal,own_certificate,0.25,0.010981926983747389,0.043927707934989554,16000,16000,0,0.0,8400,8400,0
0.4,projected,sensor_normal,own_certificate,0.5,0.021963853967494777,0.043927707934989554,16000,16000,0,0.0,9260,9260,0
0.4,projected,sensor_normal,own_certificate,0.75,0.03294578095124216,0.043927707934989554,16000,16000,0,0.0,10000,10000,0
0.4,projected,sensor_normal,own_certificate,0.9,0.0395349371414906,0.043927707934989554,16000,16000,0,0.0,10000,10000,0
0.4,projected,sensor_normal,own_certificate,0.99,0.04348843085563966,0.043927707934989554,16000,16000,0,0.0,10000,10000,0
0.4,projected,sensor_normal,own_certificate,1.01,0.04436698501433945,0.043927707934989554,16000,16000,2400,0.15,9200,9200,0
0.4,projected,sensor_normal,own_certificate,1.1,0.04832047872848851,0.043927707934989554,16000,16000,4000,0.25,7600,7600,0
0.4,projected,sensor_normal,own_certificate,1.25,0.054909634918736946,0.043927707934989554,16000,16000,5600,0.35,6000,6000,0
0.4,projected,sensor_normal,own_certificate,1.5,0.06589156190248432,0.043927707934989554,16000,16000,6193,0.3870625,6299,6299,0
0.4,projected,sensor_normal,own_certificate,2.0,0.08785541586997911,0.043927707934989554,16000,16000,7936,0.496,8064,8064,0
0.4,projected,sensor_normal,absolute_middle_third_certificate,0.25,0.012710563638596515,0.043927707934989554,16000,16000,0,0.0,8400,8400,0
0.4,projected,sensor_normal,absolute_middle_third_certificate,0.5,0.02542112727719303,0.043927707934989554,16000,16000,0,0.0,10000,10000,0
0.4,projected,sensor_normal,absolute_middle_third_certificate,0.75,0.038131690915789544,0.043927707934989554,16000,16000,0,0.0,10000,10000,0
0.4,projected,sensor_normal,absolute_middle_third_certificate,0.9,0.04575802909894745,0.043927707934989554,16000,16000,4000,0.25,7600,7600,0
0.4,projected,sensor_normal,absolute_middle_third_certificate,0.99,0.0503338320088422,0.043927707934989554,16000,16000,4000,0.25,7600,7600,0
0.4,projected,sensor_normal,absolute_middle_third_certificate,1.01,0.05135067709992992,0.043927707934989554,16000,16000,4000,0.25,7600,7600,0
0.4,projected,sensor_normal,absolute_middle_third_certificate,1.1,0.05592648000982467,0.043927707934989554,16000,16000,5600,0.35,6000,6000,0
0.4,projected,sensor_normal,absolute_middle_third_certificate,1.25,0.06355281819298257,0.043927707934989554,16000,16000,5600,0.35,6000,6000,0
0.4,projected,sensor_normal,absolute_middle_third_certificate,1.5,0.07626338183157909,0.043927707934989554,16000,16000,7200,0.45,6000,6000,0
0.4,projected,sensor_normal,absolute_middle_third_certificate,2.0,0.10168450910877212,0.043927707934989554,16000,16000,8800,0.55,7200,7200,0
0.4,projected,actuator,own_certificate,0.25,0.010981926983747389,0.043927707934989554,16000,16000,0,0.0,6000,6000,0
0.4,projected,actuator,own_certificate,0.5,0.021963853967494777,0.043927707934989554,16000,16000,0,0.0,6000,6000,0
0.4,projected,actuator,own_certificate,0.75,0.03294578095124216,0.043927707934989554,16000,16000,0,0.0,8400,8400,0
0.4,projected,actuator,own_certificate,0.9,0.0395349371414906,0.043927707934989554,16000,16000,0,0.0,8400,8400,0
0.4,projected,actuator,own_certificate,0.99,0.04348843085563966,0.043927707934989554,16000,16000,0,0.0,8400,8400,0
0.4,projected,actuator,own_certificate,1.01,0.04436698501433945,0.043927707934989554,16000,16000,0,0.0,8400,8400,0
0.4,projected,actuator,own_certificate,1.1,0.04832047872848851,0.043927707934989554,16000,16000,0,0.0,8400,8400,0
0.4,projected,actuator,own_certificate,1.25,0.054909634918736946,0.043927707934989554,16000,16000,0,0.0,8400,8400,0
0.4,projected,actuator,own_certificate,1.5,0.06589156190248432,0.043927707934989554,16000,16000,0,0.0,8400,8400,0
0.4,projected,actuator,own_certificate,2.0,0.08785541586997911,0.043927707934989554,16000,16000,0,0.0,10000,10000,0
0.4,projected,actuator,absolute_middle_third_certificate,0.25,0.012710563638596515,0.043927707934989554,16000,16000,0,0.0,6000,6000,0
0.4,projected,actuator,absolute_middle_third_certificate,0.5,0.02542112727719303,0.043927707934989554,16000,16000,0,0.0,6000,6000,0
0.4,projected,actuator,absolute_middle_third_certificate,0.75,0.038131690915789544,0.043927707934989554,16000,16000,0,0.0,8400,8400,0
0.4,projected,actuator,absolute_middle_third_certificate,0.9,0.04575802909894745,0.043927707934989554,16000,16000,0,0.0,8400,8400,0
0.4,projected,actuator,absolute_middle_third_certificate,0.99,0.0503338320088422,0.043927707934989554,16000,16000,0,0.0,8400,8400,0
0.4,projected,actuator,absolute_middle_third_certificate,1.01,0.05135067709992992,0.043927707934989554,16000,16000,0,0.0,8400,8400,0
0.4,projected,actuator,absolute_middle_third_certificate,1.1,0.05592648000982467,0.043927707934989554,16000,16000,0,0.0,8400,8400,0
0.4,projected,actuator,absolute_middle_third_certificate,1.25,0.06355281819298257,0.043927707934989554,16000,16000,0,0.0,8400,8400,0
0.4,projected,actuator,absolute_middle_third_certificate,1.5,0.07626338183157909,0.043927707934989554,16000,16000,0,0.0,10000,10000,0
0.4,projected,actuator,absolute_middle_third_certificate,2.0,0.10168450910877212,0.043927707934989554,16000,16000,0,0.0,10000,10000,0
0.4,projected,random_isotropic,own_certificate,0.25,0.010981926983747389,0.043927707934989554,16000,16000,0,0.0,1869,2136,0
0.4,projected,random_isotropic,own_certificate,0.5,0.021963853967494777,0.043927707934989554,16000,16000,0,0.0,2366,2704,0
0.4,projected,random_isotropic,own_certificate,0.75,0.03294578095124216,0.043927707934989554,16000,16000,0,0.0,2660,3040,0
0.4,projected,random_isotropic,own_certificate,0.9,0.0395349371414906,0.043927707934989554,16000,16000,0,0.0,2751,3144,0
0.4,projected,random_isotropic,own_certificate,0.99,0.04348843085563966,0.043927707934989554,16000,16000,0,0.0,2779,3176,0
0.4,projected,random_isotropic,own_certificate,1.01,0.04436698501433945,0.043927707934989554,16000,16000,0,0.0,2793,3192,0
0.4,projected,random_isotropic,own_certificate,1.1,0.04832047872848851,0.043927707934989554,16000,16000,0,0.0,2821,3224,0
0.4,projected,random_isotropic,own_certificate,1.25,0.054909634918736946,0.043927707934989554,16000,16000,0,0.0,2905,3320,0
0.4,projected,random_isotropic,own_certificate,1.5,0.06589156190248432,0.043927707934989554,16000,16000,0,0.0,2954,3376,0
0.4,projected,random_isotropic,own_certificate,2.0,0.08785541586997911,0.043927707934989554,16000,16000,0,0.0,3080,3520,0
0.4,projected,random_isotropic,absolute_middle_third_certificate,0.25,0.012710563638596515,0.043927707934989554,16000,16000,0,0.0,1939,2216,0
0.4,projected,random_isotropic,absolute_middle_third_certificate,0.5,0.02542112727719303,0.043927707934989554,16000,16000,0,0.0,2485,2840,0
0.4,projected,random_isotropic,absolute_middle_third_certificate,0.75,0.038131690915789544,0.043927707934989554,16000,16000,0,0.0,2723,3112,0
0.4,projected,random_isotropic,absolute_middle_third_certificate,0.9,0.04575802909894745,0.043927707934989554,16000,16000,0,0.0,2793,3192,0
0.4,projected,random_isotropic,absolute_middle_third_certificate,0.99,0.0503338320088422,0.043927707934989554,16000,16000,0,0.0,2849,3256,0
0.4,projected,random_isotropic,absolute_middle_third_certificate,1.01,0.05135067709992992,0.043927707934989554,16000,16000,0,0.0,2849,3256,0
0.4,projected,random_isotropic,absolute_middle_third_certificate,1.1,0.05592648000982467,0.043927707934989554,16000,16000,0,0.0,2905,3320,0
0.4,projected,random_isotropic,absolute_middle_third_certificate,1.25,0.06355281819298257,0.043927707934989554,16000,16000,0,0.0,2947,3368,0
0.4,projected,random_isotropic,absolute_middle_third_certificate,1.5,0.07626338183157909,0.043927707934989554,16000,16000,0,0.0,3059,3496,0
0.4,projected,random_isotropic,absolute_middle_third_certificate,2.0,0.10168450910877212,0.043927707934989554,16000,16000,0,0.0,3115,3560,0
0.4,projected,sensor_orthogonal,own_certificate,0.25,0.010981926983747389,0.043927707934989554,16000,16000,0,0.0,0,0,0
0.4,projected,sensor_orthogonal,own_certificate,0.5,0.021963853967494777,0.043927707934989554,16000,16000,0,0.0,0,0,0
0.4,projected,sensor_orthogonal,own_certificate,0.75,0.03294578095124216,0.043927707934989554,16000,16000,0,0.0,0,0,0
0.4,projected,sensor_orthogonal,own_certificate,0.9,0.0395349371414906,0.043927707934989554,16000,16000,0,0.0,0,0,0
0.4,projected,sensor_orthogonal,own_certificate,0.99,0.04348843085563966,0.043927707934989554,16000,16000,0,0.0,0,0,0
0.4,projected,sensor_orthogonal,own_certificate,1.01,0.04436698501433945,0.043927707934989554,16000,16000,0,0.0,0,0,0
0.4,projected,sensor_orthogonal,own_certificate,1.1,0.04832047872848851,0.043927707934989554,16000,16000,0,0.0,0,0,0
0.4,projected,sensor_orthogonal,own_certificate,1.25,0.054909634918736946,0.043927707934989554,16000,16000,0,0.0,0,0,0
0.4,projected,sensor_orthogonal,own_certificate,1.5,0.06589156190248432,0.043927707934989554,16000,16000,0,0.0,0,0,0
0.4,projected,sensor_orthogonal,own_certificate,2.0,0.08785541586997911,0.043927707934989554,16000,16000,0,0.0,0,0,0
0.4,projected,sensor_orthogonal,absolute_middle_third_certificate,0.25,0.012710563638596515,0.043927707934989554,16000,16000,0,0.0,0,0,0
0.4,projected,sensor_orthogonal,absolute_middle_third_certificate,0.5,0.02542112727719303,0.043927707934989554,16000,16000,0,0.0,0,0,0
0.4,projected,sensor_orthogonal,absolute_middle_third_certificate,0.75,0.038131690915789544,0.043927707934989554,16000,16000,0,0.0,0,0,0
0.4,projected,sensor_orthogonal,absolute_middle_third_certificate,0.9,0.04575802909894745,0.043927707934989554,16000,16000,0,0.0,0,0,0
0.4,projected,sensor_orthogonal,absolute_middle_third_certificate,0.99,0.0503338320088422,0.043927707934989554,16000,16000,0,0.0,0,0,0
0.4,projected,sensor_orthogonal,absolute_middle_third_certificate,1.01,0.05135067709992992,0.043927707934989554,16000,16000,0,0.0,0,0,0
0.4,projected,sensor_orthogonal,absolute_middle_third_certificate,1.1,0.05592648000982467,0.043927707934989554,16000,16000,0,0.0,0,0,0
0.4,projected,sensor_orthogonal,absolute_middle_third_certificate,1.25,0.06355281819298257,0.043927707934989554,16000,16000,0,0.0,0,0,0
0.4,projected,sensor_orthogonal,absolute_middle_third_certificate,1.5,0.07626338183157909,0.043927707934989554,16000,16000,0,0.0,0,0,0
0.4,projected,sensor_orthogonal,absolute_middle_third_certificate,2.0,0.10168450910877212,0.043927707934989554,16000,16000,0,0.0,0,0,0
0.4,projected,mixed_sensor_actuator,own_certificate,0.25,0.010981926983747389,0.043927707934989554,16000,16000,0,0.0,8400,8400,0
0.4,projected,mixed_sensor_actuator,own_certificate,0.5,0.021963853967494777,0.043927707934989554,16000,16000,0,0.0,8400,8400,0
0.4,projected,mixed_sensor_actuator,own_certificate,0.75,0.03294578095124216,0.043927707934989554,16000,16000,0,0.0,10000,10000,0
0.4,projected,mixed_sensor_actuator,own_certificate,0.9,0.0395349371414906,0.043927707934989554,16000,16000,0,0.0,10000,10000,0
0.4,projected,mixed_sensor_actuator,own_certificate,0.99,0.04348843085563966,0.043927707934989554,16000,16000,0,0.0,10000,10000,0
0.4,projected,mixed_sensor_actuator,own_certificate,1.01,0.04436698501433945,0.043927707934989554,16000,16000,0,0.0,10000,10000,0
0.4,projected,mixed_sensor_actuator,own_certificate,1.1,0.04832047872848851,0.043927707934989554,16000,16000,0,0.0,10000,10000,0
0.4,projected,mixed_sensor_actuator,own_certificate,1.25,0.054909634918736946,0.043927707934989554,16000,16000,2400,0.15,9200,9200,0
0.4,projected,mixed_sensor_actuator,own_certificate,1.5,0.06589156190248432,0.043927707934989554,16000,16000,5600,0.35,6000,6000,0
0.4,projected,mixed_sensor_actuator,own_certificate,2.0,0.08785541586997911,0.043927707934989554,16000,16000,7200,0.45,6000,6000,0
0.4,projected,mixed_sensor_actuator,absolute_middle_third_certificate,0.25,0.012710563638596515,0.043927707934989554,16000,16000,0,0.0,8400,8400,0
0.4,projected,mixed_sensor_actuator,absolute_middle_third_certificate,0.5,0.02542112727719303,0.043927707934989554,16000,16000,0,0.0,8400,8400,0
0.4,projected,mixed_sensor_actuator,absolute_middle_third_certificate,0.75,0.038131690915789544,0.043927707934989554,16000,16000,0,0.0,10000,10000,0
0.4,projected,mixed_sensor_actuator,absolute_middle_third_certificate,0.9,0.04575802909894745,0.043927707934989554,16000,16000,0,0.0,10000,10000,0
0.4,projected,mixed_sensor_actuator,absolute_middle_third_certificate,0.99,0.0503338320088422,0.043927707934989554,16000,16000,0,0.0,10000,10000,0
0.4,projected,mixed_sensor_actuator,absolute_middle_third_certificate,1.01,0.05135067709992992,0.043927707934989554,16000,16000,0,0.0,10000,10000,0
0.4,projected,mixed_sensor_actuator,absolute_middle_third_certificate,1.1,0.05592648000982467,0.043927707934989554,16000,16000,4000,0.25,7600,7600,0
0.4,projected,mixed_sensor_actuator,absolute_middle_third_certificate,1.25,0.06355281819298257,0.043927707934989554,16000,16000,4000,0.25,7600,7600,0
0.4,projected,mixed_sensor_actuator,absolute_middle_third_certificate,1.5,0.07626338183157909,0.043927707934989554,16000,16000,5600,0.35,6000,6000,0
0.4,projected,mixed_sensor_actuator,absolute_middle_third_certificate,2.0,0.10168450910877212,0.043927707934989554,16000,16000,7200,0.45,6800,6800,0
0.44,unmodified,sensor_normal,own_certificate,0.25,0.007972878990200605,0.03189151596080242,2092,160,0,0.0,17,17,0
0.44,unmodified,sensor_normal,own_certificate,0.5,0.01594575798040121,0.03189151596080242,2092,160,0,0.0,36,36,0
0.44,unmodified,sensor_normal,own_certificate,0.75,0.023918636970601814,0.03189151596080242,2092,160,0,0.0,55,55,0
0.44,unmodified,sensor_normal,own_certificate,0.9,0.028702364364722177,0.03189151596080242,2092,160,0,0.0,63,63,0
0.44,unmodified,sensor_normal,own_certificate,0.99,0.031572600801194395,0.03189151596080242,2092,160,0,0.0,69,69,0
0.44,unmodified,sensor_normal,own_certificate,1.01,0.03221043112041044,0.03189151596080242,2092,160,1,0.00625,70,70,0
0.44,unmodified,sensor_normal,own_certificate,1.1,0.03508066755688266,0.03189151596080242,2092,160,6,0.0375,71,71,0
0.44,unmodified,sensor_normal,own_certificate,1.25,0.039864394951003024,0.03189151596080242,2092,160,14,0.0875,75,75,0
0.44,unmodified,sensor_normal,own_certificate,1.5,0.04783727394120363,0.03189151596080242,2092,160,25,0.15625,77,77,0
0.44,unmodified,sensor_normal,own_certificate,2.0,0.06378303192160484,0.03189151596080242,2092,160,44,0.275,72,72,0
0.44,unmodified,sensor_normal,absolute_middle_third_certificate,0.25,0.012710563638596515,0.03189151596080242,2092,160,0,0.0,35,35,0
0.44,unmodified,sensor_normal,absolute_middle_third_certificate,0.5,0.02542112727719303,0.03189151596080242,2092,160,0,0.0,59,59,0
0.44,unmodified,sensor_normal,absolute_middle_third_certificate,0.75,0.038131690915789544,0.03189151596080242,2092,160,9,0.05625,75,75,0
0.44,unmodified,sensor_normal,absolute_middle_third_certificate,0.9,0.04575802909894745,0.03189151596080242,2092,160,24,0.15,75,75,0
0.44,unmodified,sensor_normal,absolute_middle_third_certificate,0.99,0.0503338320088422,0.03189151596080242,2092,160,31,0.19375,72,72,0
0.44,unmodified,sensor_normal,absolute_middle_third_certificate,1.01,0.05135067709992992,0.03189151596080242,2092,160,33,0.20625,70,70,0
0.44,unmodified,sensor_normal,absolute_middle_third_certificate,1.1,0.05592648000982467,0.03189151596080242,2092,160,37,0.23125,73,73,0
0.44,unmodified,sensor_normal,absolute_middle_third_certificate,1.25,0.06355281819298257,0.03189151596080242,2092,160,44,0.275,72,72,0
0.44,unmodified,sensor_normal,absolute_middle_third_certificate,1.5,0.07626338183157909,0.03189151596080242,2092,160,67,0.41875,66,66,0
0.44,unmodified,sensor_normal,absolute_middle_third_certificate,2.0,0.10168450910877212,0.03189151596080242,2092,160,114,0.7125,37,37,0
0.44,unmodified,actuator,own_certificate,0.25,0.007972878990200605,0.03189151596080242,2092,160,0,0.0,7,7,0
0.44,unmodified,actuator,own_certificate,0.5,0.01594575798040121,0.03189151596080242,2092,160,0,0.0,9,9,0
0.44,unmodified,actuator,own_certificate,0.75,0.023918636970601814,0.03189151596080242,2092,160,0,0.0,14,14,0
0.44,unmodified,actuator,own_certificate,0.9,0.028702364364722177,0.03189151596080242,2092,160,0,0.0,21,21,0
0.44,unmodified,actuator,own_certificate,0.99,0.031572600801194395,0.03189151596080242,2092,160,0,0.0,26,26,0
0.44,unmodified,actuator,own_certificate,1.01,0.03221043112041044,0.03189151596080242,2092,160,0,0.0,26,26,0
0.44,unmodified,actuator,own_certificate,1.1,0.03508066755688266,0.03189151596080242,2092,160,0,0.0,26,26,0
0.44,unmodified,actuator,own_certificate,1.25,0.039864394951003024,0.03189151596080242,2092,160,0,0.0,33,33,0
0.44,unmodified,actuator,own_certificate,1.5,0.04783727394120363,0.03189151596080242,2092,160,0,0.0,35,35,0
0.44,unmodified,actuator,own_certificate,2.0,0.06378303192160484,0.03189151596080242,2092,160,0,0.0,46,46,0
0.44,unmodified,actuator,absolute_middle_third_certificate,0.25,0.012710563638596515,0.03189151596080242,2092,160,0,0.0,9,9,0
0.44,unmodified,actuator,absolute_middle_third_certificate,0.5,0.02542112727719303,0.03189151596080242,2092,160,0,0.0,17,17,0
0.44,unmodified,actuator,absolute_middle_third_certificate,0.75,0.038131690915789544,0.03189151596080242,2092,160,0,0.0,31,31,0
0.44,unmodified,actuator,absolute_middle_third_certificate,0.9,0.04575802909894745,0.03189151596080242,2092,160,0,0.0,35,35,0
0.44,unmodified,actuator,absolute_middle_third_certificate,0.99,0.0503338320088422,0.03189151596080242,2092,160,0,0.0,36,36,0
0.44,unmodified,actuator,absolute_middle_third_certificate,1.01,0.05135067709992992,0.03189151596080242,2092,160,0,0.0,36,36,0
0.44,unmodified,actuator,absolute_middle_third_certificate,1.1,0.05592648000982467,0.03189151596080242,2092,160,0,0.0,42,42,0
0.44,unmodified,actuator,absolute_middle_third_certificate,1.25,0.06355281819298257,0.03189151596080242,2092,160,0,0.0,46,46,0
0.44,unmodified,actuator,absolute_middle_third_certificate,1.5,0.07626338183157909,0.03189151596080242,2092,160,0,0.0,55,55,0
0.44,unmodified,actuator,absolute_middle_third_certificate,2.0,0.10168450910877212,0.03189151596080242,2092,160,0,0.0,69,69,0
0.44,unmodified,random_isotropic,own_certificate,0.25,0.007972878990200605,0.03189151596080242,2092,160,0,0.0,1,1,0
0.44,unmodified,random_isotropic,own_certificate,0.5,0.01594575798040121,0.03189151596080242,2092,160,0,0.0,2,2,0
0.44,unmodified,random_isotropic,own_certificate,0.75,0.023918636970601814,0.03189151596080242,2092,160,0,0.0,2,2,0
0.44,unmodified,random_isotropic,own_certificate,0.9,0.028702364364722177,0.03189151596080242,2092,160,0,0.0,2,2,0
0.44,unmodified,random_isotropic,own_certificate,0.99,0.031572600801194395,0.03189151596080242,2092,160,0,0.0,2,2,0
0.44,unmodified,random_isotropic,own_certificate,1.01,0.03221043112041044,0.03189151596080242,2092,160,0,0.0,2,2,0
0.44,unmodified,random_isotropic,own_certificate,1.1,0.03508066755688266,0.03189151596080242,2092,160,0,0.0,2,2,0
0.44,unmodified,random_isotropic,own_certificate,1.25,0.039864394951003024,0.03189151596080242,2092,160,0,0.0,2,2,0
0.44,unmodified,random_isotropic,own_certificate,1.5,0.04783727394120363,0.03189151596080242,2092,160,0,0.0,2,3,0
0.44,unmodified,random_isotropic,own_certificate,2.0,0.06378303192160484,0.03189151596080242,2092,160,0,0.0,2,3,0
0.44,unmodified,random_isotropic,absolute_middle_third_certificate,0.25,0.012710563638596515,0.03189151596080242,2092,160,0,0.0,1,1,0
0.44,unmodified,random_isotropic,absolute_middle_third_certificate,0.5,0.02542112727719303,0.03189151596080242,2092,160,0,0.0,2,2,0
0.44,unmodified,random_isotropic,absolute_middle_third_certificate,0.75,0.038131690915789544,0.03189151596080242,2092,160,0,0.0,2,2,0
0.44,unmodified,random_isotropic,absolute_middle_third_certificate,0.9,0.04575802909894745,0.03189151596080242,2092,160,0,0.0,2,3,0
0.44,unmodified,random_isotropic,absolute_middle_third_certificate,0.99,0.0503338320088422,0.03189151596080242,2092,160,0,0.0,2,3,0
0.44,unmodified,random_isotropic,absolute_middle_third_certificate,1.01,0.05135067709992992,0.03189151596080242,2092,160,0,0.0,2,3,0
0.44,unmodified,random_isotropic,absolute_middle_third_certificate,1.1,0.05592648000982467,0.03189151596080242,2092,160,0,0.0,2,3,0
0.44,unmodified,random_isotropic,absolute_middle_third_certificate,1.25,0.06355281819298257,0.03189151596080242,2092,160,0,0.0,2,3,0
0.44,unmodified,random_isotropic,absolute_middle_third_certificate,1.5,0.07626338183157909,0.03189151596080242,2092,160,0,0.0,2,3,0
0.44,unmodified,random_isotropic,absolute_middle_third_certificate,2.0,0.10168450910877212,0.03189151596080242,2092,160,0,0.0,3,4,0
0.44,unmodified,sensor_orthogonal,own_certificate,0.25,0.007972878990200605,0.03189151596080242,2092,160,0,0.0,0,0,0
0.44,unmodified,sensor_orthogonal,own_certificate,0.5,0.01594575798040121,0.03189151596080242,2092,160,0,0.0,0,0,0
0.44,unmodified,sensor_orthogonal,own_certificate,0.75,0.023918636970601814,0.03189151596080242,2092,160,0,0.0,0,0,0
0.44,unmodified,sensor_orthogonal,own_certificate,0.9,0.028702364364722177,0.03189151596080242,2092,160,0,0.0,0,0,0
0.44,unmodified,sensor_orthogonal,own_certificate,0.99,0.031572600801194395,0.03189151596080242,2092,160,0,0.0,0,0,0
0.44,unmodified,sensor_orthogonal,own_certificate,1.01,0.03221043112041044,0.03189151596080242,2092,160,0,0.0,0,0,0
0.44,unmodified,sensor_orthogonal,own_certificate,1.1,0.03508066755688266,0.03189151596080242,2092,160,0,0.0,0,0,0
0.44,unmodified,sensor_orthogonal,own_certificate,1.25,0.039864394951003024,0.03189151596080242,2092,160,0,0.0,0,0,0
0.44,unmodified,sensor_orthogonal,own_certificate,1.5,0.04783727394120363,0.03189151596080242,2092,160,0,0.0,0,0,0
0.44,unmodified,sensor_orthogonal,own_certificate,2.0,0.06378303192160484,0.03189151596080242,2092,160,0,0.0,0,0,0
0.44,unmodified,sensor_orthogonal,absolute_middle_third_certificate,0.25,0.012710563638596515,0.03189151596080242,2092,160,0,0.0,0,0,0
0.44,unmodified,sensor_orthogonal,absolute_middle_third_certificate,0.5,0.02542112727719303,0.03189151596080242,2092,160,0,0.0,0,0,0
0.44,unmodified,sensor_orthogonal,absolute_middle_third_certificate,0.75,0.038131690915789544,0.03189151596080242,2092,160,0,0.0,0,0,0
0.44,unmodified,sensor_orthogonal,absolute_middle_third_certificate,0.9,0.04575802909894745,0.03189151596080242,2092,160,0,0.0,0,0,0
0.44,unmodified,sensor_orthogonal,absolute_middle_third_certificate,0.99,0.0503338320088422,0.03189151596080242,2092,160,0,0.0,0,0,0
0.44,unmodified,sensor_orthogonal,absolute_middle_third_certificate,1.01,0.05135067709992992,0.03189151596080242,2092,160,0,0.0,0,0,0
0.44,unmodified,sensor_orthogonal,absolute_middle_third_certificate,1.1,0.05592648000982467,0.03189151596080242,2092,160,0,0.0,0,0,0
0.44,unmodified,sensor_orthogonal,absolute_middle_third_certificate,1.25,0.06355281819298257,0.03189151596080242,2092,160,0,0.0,0,0,0
0.44,unmodified,sensor_orthogonal,absolute_middle_third_certificate,1.5,0.07626338183157909,0.03189151596080242,2092,160,0,0.0,0,0,0
0.44,unmodified,sensor_orthogonal,absolute_middle_third_certificate,2.0,0.10168450910877212,0.03189151596080242,2092,160,0,0.0,0,0,0
0.44,unmodified,mixed_sensor_actuator,own_certificate,0.25,0.007972878990200605,0.03189151596080242,2092,160,0,0.0,12,12,0
0.44,unmodified,mixed_sensor_actuator,own_certificate,0.5,0.01594575798040121,0.03189151596080242,2092,160,0,0.0,35,35,0
0.44,unmodified,mixed_sensor_actuator,own_certificate,0.75,0.023918636970601814,0.03189151596080242,2092,160,0,0.0,46,46,0
0.44,unmodified,mixed_sensor_actuator,own_certificate,0.9,0.028702364364722177,0.03189151596080242,2092,160,0,0.0,54,54,0
0.44,unmodified,mixed_sensor_actuator,own_certificate,0.99,0.031572600801194395,0.03189151596080242,2092,160,0,0.0,59,59,0
0.44,unmodified,mixed_sensor_actuator,own_certificate,1.01,0.03221043112041044,0.03189151596080242,2092,160,0,0.0,61,61,0
0.44,unmodified,mixed_sensor_actuator,own_certificate,1.1,0.03508066755688266,0.03189151596080242,2092,160,0,0.0,63,63,0
0.44,unmodified,mixed_sensor_actuator,own_certificate,1.25,0.039864394951003024,0.03189151596080242,2092,160,1,0.00625,70,70,0
0.44,unmodified,mixed_sensor_actuator,own_certificate,1.5,0.04783727394120363,0.03189151596080242,2092,160,9,0.05625,77,77,0
0.44,unmodified,mixed_sensor_actuator,own_certificate,2.0,0.06378303192160484,0.03189151596080242,2092,160,33,0.20625,71,71,0
0.44,unmodified,mixed_sensor_actuator,absolute_middle_third_certificate,0.25,0.012710563638596515,0.03189151596080242,2092,160,0,0.0,26,26,0
0.44,unmodified,mixed_sensor_actuator,absolute_middle_third_certificate,0.5,0.02542112727719303,0.03189151596080242,2092,160,0,0.0,49,49,0
0.44,unmodified,mixed_sensor_actuator,absolute_middle_third_certificate,0.75,0.038131690915789544,0.03189151596080242,2092,160,0,0.0,68,68,0
0.44,unmodified,mixed_sensor_actuator,absolute_middle_third_certificate,0.9,0.04575802909894745,0.03189151596080242,2092,160,7,0.04375,76,76,0
0.44,unmodified,mixed_sensor_actuator,absolute_middle_third_certificate,0.99,0.0503338320088422,0.03189151596080242,2092,160,14,0.0875,75,75,0
0.44,unmodified,mixed_sensor_actuator,absolute_middle_third_certificate,1.01,0.05135067709992992,0.03189151596080242,2092,160,16,0.1,77,77,0
0.44,unmodified,mixed_sensor_actuator,absolute_middle_third_certificate,1.1,0.05592648000982467,0.03189151596080242,2092,160,24,0.15,74,74,0
0.44,unmodified,mixed_sensor_actuator,absolute_middle_third_certificate,1.25,0.06355281819298257,0.03189151596080242,2092,160,33,0.20625,70,70,0
0.44,unmodified,mixed_sensor_actuator,absolute_middle_third_certificate,1.5,0.07626338183157909,0.03189151596080242,2092,160,43,0.26875,72,72,0
0.44,unmodified,mixed_sensor_actuator,absolute_middle_third_certificate,2.0,0.10168450910877212,0.03189151596080242,2092,160,81,0.50625,58,58,0
0.44,projected,sensor_normal,own_certificate,0.25,0.007972878990200605,0.03189151596080242,16000,16000,0,0.0,6000,6000,0
0.44,projected,sensor_normal,own_certificate,0.5,0.01594575798040121,0.03189151596080242,16000,16000,0,0.0,8400,8400,0
0.44,projected,sensor_normal,own_certificate,0.75,0.023918636970601814,0.03189151596080242,16000,16000,0,0.0,8400,8400,0
0.44,projected,sensor_normal,own_certificate,0.9,0.028702364364722177,0.03189151596080242,16000,16000,0,0.0,8400,8400,0
0.44,projected,sensor_normal,own_certificate,0.99,0.031572600801194395,0.03189151596080242,16000,16000,0,0.0,10800,10800,0
0.44,projected,sensor_normal,own_certificate,1.01,0.03221043112041044,0.03189151596080242,16000,16000,2400,0.15,8400,8400,0
0.44,projected,sensor_normal,own_certificate,1.1,0.03508066755688266,0.03189151596080242,16000,16000,4000,0.25,6800,6800,0
0.44,projected,sensor_normal,own_certificate,1.25,0.039864394951003024,0.03189151596080242,16000,16000,4000,0.25,6800,6800,0
0.44,projected,sensor_normal,own_certificate,1.5,0.04783727394120363,0.03189151596080242,16000,16000,5600,0.35,5200,5200,0
0.44,projected,sensor_normal,own_certificate,2.0,0.06378303192160484,0.03189151596080242,16000,16000,7200,0.45,5200,5200,0
0.44,projected,sensor_normal,absolute_middle_third_certificate,0.25,0.012710563638596515,0.03189151596080242,16000,16000,0,0.0,8400,8400,0
0.44,projected,sensor_normal,absolute_middle_third_certificate,0.5,0.02542112727719303,0.03189151596080242,16000,16000,0,0.0,8400,8400,0
0.44,projected,sensor_normal,absolute_middle_third_certificate,0.75,0.038131690915789544,0.03189151596080242,16000,16000,4000,0.25,6800,6800,0
0.44,projected,sensor_normal,absolute_middle_third_certificate,0.9,0.04575802909894745,0.03189151596080242,16000,16000,5600,0.35,5200,5200,0
0.44,projected,sensor_normal,absolute_middle_third_certificate,0.99,0.0503338320088422,0.03189151596080242,16000,16000,5600,0.35,5200,5200,0
0.44,projected,sensor_normal,absolute_middle_third_certificate,1.01,0.05135067709992992,0.03189151596080242,16000,16000,5600,0.35,5200,5200,0
0.44,projected,sensor_normal,absolute_middle_third_certificate,1.1,0.05592648000982467,0.03189151596080242,16000,16000,5600,0.35,5200,5200,0
0.44,projected,sensor_normal,absolute_middle_third_certificate,1.25,0.06355281819298257,0.03189151596080242,16000,16000,7200,0.45,5200,5200,0
0.44,projected,sensor_normal,absolute_middle_third_certificate,1.5,0.07626338183157909,0.03189151596080242,16000,16000,9200,0.575,3200,3200,0
0.44,projected,sensor_normal,absolute_middle_third_certificate,2.0,0.10168450910877212,0.03189151596080242,16000,16000,11600,0.725,1600,1600,0
0.44,projected,actuator,own_certificate,0.25,0.007972878990200605,0.03189151596080242,16000,16000,0,0.0,6000,6000,0
0.44,projected,actuator,own_certificate,0.5,0.01594575798040121,0.03189151596080242,16000,16000,0,0.0,6000,6000,0
0.44,projected,actuator,own_certificate,0.75,0.023918636970601814,0.03189151596080242,16000,16000,0,0.0,6000,6000,0
0.44,projected,actuator,own_certificate,0.9,0.028702364364722177,0.03189151596080242,16000,16000,0,0.0,6000,6000,0
0.44,projected,actuator,own_certificate,0.99,0.031572600801194395,0.03189151596080242,16000,16000,0,0.0,6000,6000,0
0.44,projected,actuator,own_certificate,1.01,0.03221043112041044,0.03189151596080242,16000,16000,0,0.0,6000,6000,0
0.44,projected,actuator,own_certificate,1.1,0.03508066755688266,0.03189151596080242,16000,16000,0,0.0,6000,6000,0
0.44,projected,actuator,own_certificate,1.25,0.039864394951003024,0.03189151596080242,16000,16000,0,0.0,8400,8400,0
0.44,projected,actuator,own_certificate,1.5,0.04783727394120363,0.03189151596080242,16000,16000,0,0.0,8400,8400,0
0.44,projected,actuator,own_certificate,2.0,0.06378303192160484,0.03189151596080242,16000,16000,0,0.0,8400,8400,0
0.44,projected,actuator,absolute_middle_third_certificate,0.25,0.012710563638596515,0.03189151596080242,16000,16000,0,0.0,6000,6000,0
0.44,projected,actuator,absolute_middle_third_certificate,0.5,0.02542112727719303,0.03189151596080242,16000,16000,0,0.0,6000,6000,0
0.44,projected,actuator,absolute_middle_third_certificate,0.75,0.038131690915789544,0.03189151596080242,16000,16000,0,0.0,8400,8400,0
0.44,projected,actuator,absolute_middle_third_certificate,0.9,0.04575802909894745,0.03189151596080242,16000,16000,0,0.0,8400,8400,0
0.44,projected,actuator,absolute_middle_third_certificate,0.99,0.0503338320088422,0.03189151596080242,16000,16000,0,0.0,8400,8400,0
0.44,projected,actuator,absolute_middle_third_certificate,1.01,0.05135067709992992,0.03189151596080242,16000,16000,0,0.0,8400,8400,0
0.44,projected,actuator,absolute_middle_third_certificate,1.1,0.05592648000982467,0.03189151596080242,16000,16000,0,0.0,8400,8400,0
0.44,projected,actuator,absolute_middle_third_certificate,1.25,0.06355281819298257,0.03189151596080242,16000,16000,0,0.0,8400,8400,0
0.44,projected,actuator,absolute_middle_third_certificate,1.5,0.07626338183157909,0.03189151596080242,16000,16000,0,0.0,8400,8400,0
0.44,projected,actuator,absolute_middle_third_certificate,2.0,0.10168450910877212,0.03189151596080242,16000,16000,0,0.0,10800,10800,0
0.44,projected,random_isotropic,own_certificate,0.25,0.007972878990200605,0.03189151596080242,16000,16000,0,0.0,1736,1984,0
0.44,projected,random_isotropic,own_certificate,0.5,0.01594575798040121,0.03189151596080242,16000,16000,0,0.0,1890,2160,0
0.44,projected,random_isotropic,own_certificate,0.75,0.023918636970601814,0.03189151596080242,16000,16000,0,0.0,2170,2480,0
0.44,projected,random_isotropic,own_certificate,0.9,0.028702364364722177,0.03189151596080242,16000,16000,0,0.0,2366,2704,0
0.44,projected,random_isotropic,own_certificate,0.99,0.031572600801194395,0.03189151596080242,16000,16000,0,0.0,2450,2800,0
0.44,projected,random_isotropic,own_certificate,1.01,0.03221043112041044,0.03189151596080242,16000,16000,0,0.0,2450,2800,0
0.44,projected,random_isotropic,own_certificate,1.1,0.03508066755688266,0.03189151596080242,16000,16000,0,0.0,2513,2872,0
0.44,projected,random_isotropic,own_certificate,1.25,0.039864394951003024,0.03189151596080242,16000,16000,0,0.0,2597,2968,0
0.44,projected,random_isotropic,own_certificate,1.5,0.04783727394120363,0.03189151596080242,16000,16000,0,0.0,2702,3088,0
0.44,projected,random_isotropic,own_certificate,2.0,0.06378303192160484,0.03189151596080242,16000,16000,0,0.0,2807,3208,0
0.44,projected,random_isotropic,absolute_middle_third_certificate,0.25,0.012710563638596515,0.03189151596080242,16000,16000,0,0.0,1827,2088,0
0.44,projected,random_isotropic,absolute_middle_third_certificate,0.5,0.02542112727719303,0.03189151596080242,16000,16000,0,0.0,2275,2600,0
0.44,projected,random_isotropic,absolute_middle_third_certificate,0.75,0.038131690915789544,0.03189151596080242,16000,16000,0,0.0,2562,2928,0
0.44,projected,random_isotropic,absolute_middle_third_certificate,0.9,0.04575802909894745,0.03189151596080242,16000,16000,0,0.0,2681,3064,0
0.44,projected,random_isotropic,absolute_middle_third_certificate,0.99,0.0503338320088422,0.03189151596080242,16000,16000,0,0.0,2716,3104,0
0.44,projected,random_isotropic,absolute_middle_third_certificate,1.01,0.05135067709992992,0.03189151596080242,16000,16000,0,0.0,2730,3120,0
0.44,projected,random_isotropic,absolute_middle_third_certificate,1.1,0.05592648000982467,0.03189151596080242,16000,16000,0,0.0,2772,3168,0
0.44,projected,random_isotropic,absolute_middle_third_certificate,1.25,0.06355281819298257,0.03189151596080242,16000,16000,0,0.0,2807,3208,0
0.44,projected,random_isotropic,absolute_middle_third_certificate,1.5,0.07626338183157909,0.03189151596080242,16000,16000,0,0.0,2926,3344,0
0.44,projected,random_isotropic,absolute_middle_third_certificate,2.0,0.10168450910877212,0.03189151596080242,16000,16000,0,0.0,3059,3496,0
0.44,projected,sensor_orthogonal,own_certificate,0.25,0.007972878990200605,0.03189151596080242,16000,16000,0,0.0,0,0,0
0.44,projected,sensor_orthogonal,own_certificate,0.5,0.01594575798040121,0.03189151596080242,16000,16000,0,0.0,0,0,0
0.44,projected,sensor_orthogonal,own_certificate,0.75,0.023918636970601814,0.03189151596080242,16000,16000,0,0.0,0,0,0
0.44,projected,sensor_orthogonal,own_certificate,0.9,0.028702364364722177,0.03189151596080242,16000,16000,0,0.0,0,0,0
0.44,projected,sensor_orthogonal,own_certificate,0.99,0.031572600801194395,0.03189151596080242,16000,16000,0,0.0,0,0,0
0.44,projected,sensor_orthogonal,own_certificate,1.01,0.03221043112041044,0.03189151596080242,16000,16000,0,0.0,0,0,0
0.44,projected,sensor_orthogonal,own_certificate,1.1,0.03508066755688266,0.03189151596080242,16000,16000,0,0.0,0,0,0
0.44,projected,sensor_orthogonal,own_certificate,1.25,0.039864394951003024,0.03189151596080242,16000,16000,0,0.0,0,0,0
0.44,projected,sensor_orthogonal,own_certificate,1.5,0.04783727394120363,0.03189151596080242,16000,16000,0,0.0,0,0,0
0.44,projected,sensor_orthogonal,own_certificate,2.0,0.06378303192160484,0.03189151596080242,16000,16000,0,0.0,0,0,0
0.44,projected,sensor_orthogonal,absolute_middle_third_certificate,0.25,0.012710563638596515,0.03189151596080242,16000,16000,0,0.0,0,0,0
0.44,projected,sensor_orthogonal,absolute_middle_third_certificate,0.5,0.02542112727719303,0.03189151596080242,16000,16000,0,0.0,0,0,0
0.44,projected,sensor_orthogonal,absolute_middle_third_certificate,0.75,0.038131690915789544,0.03189151596080242,16000,16000,0,0.0,0,0,0
0.44,projected,sensor_orthogonal,absolute_middle_third_certificate,0.9,0.04575802909894745,0.03189151596080242,16000,16000,0,0.0,0,0,0
0.44,projected,sensor_orthogonal,absolute_middle_third_certificate,0.99,0.0503338320088422,0.03189151596080242,16000,16000,0,0.0,0,0,0
0.44,projected,sensor_orthogonal,absolute_middle_third_certificate,1.01,0.05135067709992992,0.03189151596080242,16000,16000,0,0.0,0,0,0
0.44,projected,sensor_orthogonal,absolute_middle_third_certificate,1.1,0.05592648000982467,0.03189151596080242,16000,16000,0,0.0,0,0,0
0.44,projected,sensor_orthogonal,absolute_middle_third_certificate,1.25,0.06355281819298257,0.03189151596080242,16000,16000,0,0.0,0,0,0
0.44,projected,sensor_orthogonal,absolute_middle_third_certificate,1.5,0.07626338183157909,0.03189151596080242,16000,16000,0,0.0,0,0,0
0.44,projected,sensor_orthogonal,absolute_middle_third_certificate,2.0,0.10168450910877212,0.03189151596080242,16000,16000,0,0.0,0,0,0
0.44,projected,mixed_sensor_actuator,own_certificate,0.25,0.007972878990200605,0.03189151596080242,16000,16000,0,0.0,6000,6000,0
0.44,projected,mixed_sensor_actuator,own_certificate,0.5,0.01594575798040121,0.03189151596080242,16000,16000,0,0.0,8400,8400,0
0.44,projected,mixed_sensor_actuator,own_certificate,0.75,0.023918636970601814,0.03189151596080242,16000,16000,0,0.0,8400,8400,0
0.44,projected,mixed_sensor_actuator,own_certificate,0.9,0.028702364364722177,0.03189151596080242,16000,16000,0,0.0,8400,8400,0
0.44,projected,mixed_sensor_actuator,own_certificate,0.99,0.031572600801194395,0.03189151596080242,16000,16000,0,0.0,8400,8400,0
0.44,projected,mixed_sensor_actuator,own_certificate,1.01,0.03221043112041044,0.03189151596080242,16000,16000,0,0.0,8400,8400,0
0.44,projected,mixed_sensor_actuator,own_certificate,1.1,0.03508066755688266,0.03189151596080242,16000,16000,0,0.0,8400,8400,0
0.44,projected,mixed_sensor_actuator,own_certificate,1.25,0.039864394951003024,0.03189151596080242,16000,16000,2400,0.15,8400,8400,0
0.44,projected,mixed_sensor_actuator,own_certificate,1.5,0.04783727394120363,0.03189151596080242,16000,16000,4000,0.25,6800,6800,0
0.44,projected,mixed_sensor_actuator,own_certificate,2.0,0.06378303192160484,0.03189151596080242,16000,16000,5600,0.35,5200,5200,0
0.44,projected,mixed_sensor_actuator,absolute_middle_third_certificate,0.25,0.012710563638596515,0.03189151596080242,16000,16000,0,0.0,6000,6000,0
0.44,projected,mixed_sensor_actuator,absolute_middle_third_certificate,0.5,0.02542112727719303,0.03189151596080242,16000,16000,0,0.0,8400,8400,0
0.44,projected,mixed_sensor_actuator,absolute_middle_third_certificate,0.75,0.038131690915789544,0.03189151596080242,16000,16000,0,0.0,10800,10800,0
0.44,projected,mixed_sensor_actuator,absolute_middle_third_certificate,0.9,0.04575802909894745,0.03189151596080242,16000,16000,4000,0.25,6800,6800,0
0.44,projected,mixed_sensor_actuator,absolute_middle_third_certificate,0.99,0.0503338320088422,0.03189151596080242,16000,16000,4000,0.25,6800,6800,0
0.44,projected,mixed_sensor_actuator,absolute_middle_third_certificate,1.01,0.05135067709992992,0.03189151596080242,16000,16000,4000,0.25,6800,6800,0
0.44,projected,mixed_sensor_actuator,absolute_middle_third_certificate,1.1,0.05592648000982467,0.03189151596080242,16000,16000,5600,0.35,5200,5200,0
0.44,projected,mixed_sensor_actuator,absolute_middle_third_certificate,1.25,0.06355281819298257,0.03189151596080242,16000,16000,5600,0.35,5200,5200,0
0.44,projected,mixed_sensor_actuator,absolute_middle_third_certificate,1.5,0.07626338183157909,0.03189151596080242,16000,16000,7200,0.45,5200,5200,0
0.44,projected,mixed_sensor_actuator,absolute_middle_third_certificate,2.0,0.10168450910877212,0.03189151596080242,16000,16000,9200,0.575,3200,3200,0
