n,rho,beta,delta,perturbation,is_cantor,regression_rate,over_intervention_rate,guard_activation_rate,guard_caught_rate,leaf_width,guard_measure,rho_star_pred,rho_star_pred_two_sided
3,0.2,0.25,0.0020000000000000005,uniform,False,0.0,0.007115,0.935945,0.92883,0.008000000000000002,0.9359999999999999,0.4444444444444444,0.4
3,0.2,0.25,0.0020000000000000005,worst_case,False,0.0,0.013735,0.935445,0.92171,0.008000000000000002,0.9359999999999999,0.4444444444444444,0.4
3,0.2,0.375,0.003000000000000001,uniform,False,0.0,0.010535,0.93572,0.925185,0.008000000000000002,0.9359999999999999,0.42105263157894735,0.36363636363636365
3,0.2,0.375,0.003000000000000001,worst_case,False,0.0,0.020495,0.9354,0.914905,0.008000000000000002,0.9359999999999999,0.42105263157894735,0.36363636363636365
3,0.2,0.5,0.004000000000000001,uniform,False,0.0,0.013955,0.935675,0.92172,0.008000000000000002,0.9359999999999999,0.4,0.3333333333333333
3,0.2,0.5,0.004000000000000001,worst_case,False,0.0,0.027375,0.93518,0.907805,0.008000000000000002,0.9359999999999999,0.4,0.3333333333333333
3,0.2,0.625,0.005000000000000001,uniform,False,0.0,0.017545,0.935805,0.91826,0.008000000000000002,0.9359999999999999,0.38095238095238093,0.3076923076923077
3,0.2,0.625,0.005000000000000001,worst_case,False,0.0,0.034665,0.935475,0.90081,0.008000000000000002,0.9359999999999999,0.38095238095238093,0.3076923076923077
3,0.2,0.75,0.006000000000000002,uniform,False,0.0,0.02135,0.936135,0.914785,0.008000000000000002,0.9359999999999999,0.36363636363636365,0.2857142857142857
3,0.2,0.75,0.006000000000000002,worst_case,False,0.0,0.04176,0.935415,0.893655,0.008000000000000002,0.9359999999999999,0.36363636363636365,0.2857142857142857
3,0.2,1.0,0.008000000000000002,uniform,False,0.0,0.02831,0.936235,0.907925,0.008000000000000002,0.9359999999999999,0.3333333333333333,0.25
3,0.2,1.0,0.008000000000000002,worst_case,False,0.0,0.05625,0.9362,0.87995,0.008000000000000002,0.9359999999999999,0.3333333333333333,0.25
3,0.2,1.5,0.012000000000000004,uniform,False,0.0,0.03781,0.935695,0.897885,0.008000000000000002,0.9359999999999999,0.2857142857142857,0.2
3,0.2,1.5,0.012000000000000004,worst_case,False,0.0,0.05625,0.932105,0.875855,0.008000000000000002,0.9359999999999999,0.2857142857142857,0.2
3,0.22,0.25,0.002662,uniform,False,0.0,0.009365,0.91579,0.906425,0.010648,0.9148160000000001,0.4444444444444444,0.4
3,0.22,0.25,0.002662,worst_case,False,0.0,0.018775,0.915365,0.89659,0.010648,0.9148160000000001,0.4444444444444444,0.4
3,0.22,0.375,0.003993,uniform,False,0.0,0.01394,0.915425,0.901485,0.010648,0.9148160000000001,0.42105263157894735,0.36363636363636365
3,0.22,0.375,0.003993,worst_case,False,0.0,0.027885,0.91537,0.887485,0.010648,0.9148160000000001,0.42105263157894735,0.36363636363636365
3,0.22,0.5,0.005324,uniform,False,0.0,0.01844,0.915005,0.896565,0.010648,0.9148160000000001,0.4,0.3333333333333333
3,0.22,0.5,0.005324,worst_case,False,0.0,0.036755,0.91497,0.878215,0.010648,0.9148160000000001,0.4,0.3333333333333333
3,0.22,0.625,0.0066549999999999995,uniform,False,0.0,0.02306,0.914795,0.891735,0.010648,0.9148160000000001,0.38095238095238093,0.3076923076923077
3,0.22,0.625,0.0066549999999999995,worst_case,False,0.0,0.046,0.9148,0.8688,0.010648,0.9148160000000001,0.38095238095238093,0.3076923076923077
3,0.22,0.75,0.007986,uniform,False,0.0,0.027485,0.91451,0.887025,0.010648,0.9148160000000001,0.36363636363636365,0.2857142857142857
3,0.22,0.75,0.007986,worst_case,False,0.0,0.05525,0.91482,0.85957,0.010648,0.9148160000000001,0.36363636363636365,0.2857142857142857
3,0.22,1.0,0.010648,uniform,False,0.0,0.03661,0.91467,0.87806,0.010648,0.9148160000000001,0.3333333333333333,0.25
3,0.22,1.0,0.010648,worst_case,False,0.0,0.073835,0.91485,0.841015,0.010648,0.9148160000000001,0.3333333333333333,0.25
3,0.22,1.5,0.015972,uniform,False,0.0,0.049265,0.91443,0.865165,0.010648,0.9148160000000001,0.2857142857142857,0.2
3,0.22,1.5,0.015972,worst_case,False,0.0,0.073835,0.90949,0.835655,0.010648,0.9148160000000001,0.2857142857142857,0.2
3,0.24,0.25,0.0034559999999999994,uniform,False,0.0,0.01205,0.88914,0.87709,0.013823999999999998,0.8894080000000001,0.4444444444444444,0.4
3,0.24,0.25,0.0034559999999999994,worst_case,False,0.0,0.02427,0.889455,0.865185,0.013823999999999998,0.8894080000000001,0.4444444444444444,0.4
3,0.24,0.375,0.005183999999999999,uniform,False,0.0,0.018115,0.889065,0.87095,0.013823999999999998,0.8894080000000001,0.42105263157894735,0.36363636363636365
3,0.24,0.375,0.005183999999999999,worst_case,False,0.0,0.03623,0.88959,0.85336,0.013823999999999998,0.8894080000000001,0.42105263157894735,0.36363636363636365
3,0.24,0.5,0.006911999999999999,uniform,False,0.0,0.024425,0.889175,0.86475,0.013823999999999998,0.8894080000000001,0.4,0.3333333333333333
3,0.24,0.5,0.006911999999999999,worst_case,False,0.0,0.048365,0.88984,0.841475,0.013823999999999998,0.8894080000000001,0.4,0.3333333333333333
3,0.24,0.625,0.008639999999999998,uniform,False,0.0,0.03056,0.88957,0.85901,0.013823999999999998,0.8894080000000001,0.38095238095238093,0.3076923076923077
3,0.24,0.625,0.008639999999999998,worst_case,False,0.0,0.06033,0.889645,0.829315,0.013823999999999998,0.8894080000000001,0.38095238095238093,0.3076923076923077
3,0.24,0.75,0.010367999999999999,uniform,False,0.0,0.0364,0.88953,0.85313,0.013823999999999998,0.8894080000000001,0.36363636363636365,0.2857142857142857
3,0.24,0.75,0.010367999999999999,worst_case,False,0.0,0.07252,0.88949,0.81697,0.013823999999999998,0.8894080000000001,0.36363636363636365,0.2857142857142857
3,0.24,1.0,0.013823999999999998,uniform,False,0.0,0.048335,0.88952,0.841185,0.013823999999999998,0.8894080000000001,0.3333333333333333,0.25
3,0.24,1.0,0.013823999999999998,worst_case,False,0.0,0.096735,0.889955,0.79322,0.013823999999999998,0.8894080000000001,0.3333333333333333,0.25
3,0.24,1.5,0.020735999999999997,uniform,False,0.0,0.06473,0.888545,0.823815,0.013823999999999998,0.8894080000000001,0.2857142857142857,0.2
3,0.24,1.5,0.020735999999999997,worst_case,False,0.0,0.096735,0.88266,0.785925,0.013823999999999998,0.8894080000000001,0.2857142857142857,0.2
3,0.26,0.25,0.004394,uniform,False,0.0,0.015535,0.85917,0.843635,0.017576,0.859392,0.4444444444444444,0.4
3,0.26,0.25,0.004394,worst_case,False,0.0,0.030755,0.85883,0.828075,0.017576,0.859392,0.4444444444444444,0.4
3,0.26,0.375,0.0065910000000000005,uniform,False,0.0,0.0231,0.858735,0.835635,0.017576,0.859392,0.42105263157894735,0.36363636363636365
3,0.26,0.375,0.0065910000000000005,worst_case,False,0.0,0.0457,0.858205,0.812505,0.017576,0.859392,0.42105263157894735,0.36363636363636365
3,0.26,0.5,0.008788,uniform,False,0.0,0.030535,0.858575,0.82804,0.017576,0.859392,0.4,0.3333333333333333
3,0.26,0.5,0.008788,worst_case,False,0.0,0.06121,0.858865,0.797655,0.017576,0.859392,0.4,0.3333333333333333
3,0.26,0.625,0.010985000000000002,uniform,False,0.0,0.03824,0.85855,0.82031,0.017576,0.859392,0.38095238095238093,0.3076923076923077
3,0.26,0.625,0.010985000000000002,worst_case,False,0.0,0.07665,0.859365,0.782715,0.017576,0.859392,0.38095238095238093,0.3076923076923077
3,0.26,0.75,0.013182000000000001,uniform,False,0.0,0.046215,0.858775,0.81256,0.017576,0.859392,0.36363636363636365,0.2857142857142857
3,0.26,0.75,0.013182000000000001,worst_case,False,0.0,0.09207,0.85952,0.76745,0.017576,0.859392,0.36363636363636365,0.2857142857142857
3,0.26,1.0,0.017576,uniform,False,0.0,0.06167,0.858765,0.797095,0.017576,0.859392,0.3333333333333333,0.25
3,0.26,1.0,0.017576,worst_case,False,0.0,0.123515,0.86044,0.736925,0.017576,0.859392,0.3333333333333333,0.25
3,0.26,1.5,0.026364000000000002,uniform,False,0.0,0.082075,0.857085,0.77501,0.017576,0.859392,0.2857142857142857,0.2
3,0.26,1.5,0.026364000000000002,worst_case,False,0.0,0.123515,0.85092,0.727405,0.017576,0.859392,0.2857142857142857,0.2
3,0.28,0.25,0.0054880000000000016,uniform,False,0.0,0.01953,0.824265,0.804735,0.021952000000000006,0.8243839999999999,0.4444444444444444,0.4
3,0.28,0.25,0.0054880000000000016,worst_case,False,0.0,0.039055,0.82502,0.785965,0.021952000000000006,0.8243839999999999,0.4444444444444444,0.4
3,0.28,0.375,0.008232000000000003,uniform,False,0.0,0.02915,0.824585,0.795435,0.021952000000000006,0.8243839999999999,0.42105263157894735,0.36363636363636365
3,0.28,0.375,0.008232000000000003,worst_case,False,0.0,0.058505,0.82497,0.766465,0.021952000000000006,0.8243839999999999,0.42105263157894735,0.36363636363636365
3,0.28,0.5,0.010976000000000003,uniform,False,0.0,0.03844,0.82432,0.78588,0.021952000000000006,0.8243839999999999,0.4,0.3333333333333333
3,0.28,0.5,0.010976000000000003,worst_case,False,0.0,0.076925,0.824295,0.74737,0.021952000000000006,0.8243839999999999,0.4,0.3333333333333333
3,0.28,0.625,0.013720000000000003,uniform,False,0.0,0.04803,0.82435,0.77632,0.021952000000000006,0.8243839999999999,0.38095238095238093,0.3076923076923077
3,0.28,0.625,0.013720000000000003,worst_case,False,0.0,0.09625,0.824255,0.728005,0.021952000000000006,0.8243839999999999,0.38095238095238093,0.3076923076923077
3,0.28,0.75,0.016464000000000006,uniform,False,0.0,0.05756,0.82428,0.76672,0.021952000000000006,0.8243839999999999,0.36363636363636365,0.2857142857142857
3,0.28,0.75,0.016464000000000006,worst_case,False,0.0,0.11536,0.824605,0.709245,0.021952000000000006,0.8243839999999999,0.36363636363636365,0.2857142857142857
3,0.28,1.0,0.021952000000000006,uniform,False,0.0,0.07693,0.824355,0.747425,0.021952000000000006,0.8243839999999999,0.3333333333333333,0.25
3,0.28,1.0,0.021952000000000006,worst_case,False,0.0,0.15368,0.82477,0.67109,0.021952000000000006,0.8243839999999999,0.3333333333333333,0.25
3,0.28,1.5,0.03292800000000001,uniform,False,0.0,0.102995,0.822675,0.71968,0.021952000000000006,0.8243839999999999,0.2857142857142857,0.2
3,0.28,1.5,0.03292800000000001,worst_case,False,0.0,0.15368,0.812945,0.659265,0.021952000000000006,0.8243839999999999,0.2857142857142857,0.2
3,0.3,0.25,0.006749999999999999,uniform,False,0.0,0.0233,0.78388,0.76058,0.026999999999999996,0.784,0.4444444444444444,0.4
3,0.3,0.25,0.006749999999999999,worst_case,False,0.0,0.047225,0.784425,0.7372,0.026999999999999996,0.784,0.4444444444444444,0.4
3,0.3,0.375,0.010124999999999999,uniform,False,0.0,0.034845,0.784055,0.74921,0.026999999999999996,0.784,0.42105263157894735,0.36363636363636365
3,0.3,0.375,0.010124999999999999,worst_case,False,0.0,0.070495,0.784295,0.7138,0.026999999999999996,0.784,0.42105263157894735,0.36363636363636365
3,0.3,0.5,0.013499999999999998,uniform,False,0.0,0.04652,0.78411,0.73759,0.026999999999999996,0.784,0.4,0.3333333333333333
3,0.3,0.5,0.013499999999999998,worst_case,False,0.0,0.09431,0.78394,0.68963,0.026999999999999996,0.784,0.4,0.3333333333333333
3,0.3,0.625,0.016874999999999998,uniform,False,0.0,0.058305,0.783855,0.72555,0.026999999999999996,0.784,0.38095238095238093,0.3076923076923077
3,0.3,0.625,0.016874999999999998,worst_case,False,0.0,0.11751,0.78321,0.6657,0.026999999999999996,0.784,0.38095238095238093,0.3076923076923077
3,0.3,0.75,0.020249999999999997,uniform,False,0.0,0.070405,0.783835,0.71343,0.026999999999999996,0.784,0.36363636363636365,0.2857142857142857
3,0.3,0.75,0.020249999999999997,worst_case,False,0.0,0.14146,0.783435,0.641975,0.026999999999999996,0.784,0.36363636363636365,0.2857142857142857
3,0.3,1.0,0.026999999999999996,uniform,False,0.0,0.09376,0.78413,0.69037,0.026999999999999996,0.784,0.3333333333333333,0.25
3,0.3,1.0,0.026999999999999996,worst_case,False,0.0,0.188025,0.782685,0.59466,0.026999999999999996,0.784,0.3333333333333333,0.25
3,0.3,1.5,0.040499999999999994,uniform,False,0.000915,0.12403,0.781525,0.657495,0.026999999999999996,0.784,0.2857142857142857,0.2
3,0.3,1.5,0.040499999999999994,worst_case,False,0.01807,0.169955,0.770105,0.60015,0.026999999999999996,0.784,0.2857142857142857,0.2
3,0.31,0.25,0.0074477499999999995,uniform,False,0.0,0.025875,0.7621,0.736225,0.029790999999999998,0.761672,0.4444444444444444,0.4
3,0.31,0.25,0.0074477499999999995,worst_case,False,0.0,0.05187,0.76181,0.70994,0.029790999999999998,0.761672,0.4444444444444444,0.4
3,0.31,0.375,0.011171625,uniform,False,0.0,0.03911,0.762055,0.722945,0.029790999999999998,0.761672,0.42105263157894735,0.36363636363636365
3,0.31,0.375,0.011171625,worst_case,False,0.0,0.07778,0.76139,0.68361,0.029790999999999998,0.761672,0.42105263157894735,0.36363636363636365
3,0.31,0.5,0.014895499999999999,uniform,False,0.0,0.05226,0.76229,0.71003,0.029790999999999998,0.761672,0.4,0.3333333333333333
3,0.31,0.5,0.014895499999999999,worst_case,False,0.0,0.10346,0.76105,0.65759,0.029790999999999998,0.761672,0.4,0.3333333333333333
3,0.31,0.625,0.018619375,uniform,False,0.0,0.065405,0.7626,0.697195,0.029790999999999998,0.761672,0.38095238095238093,0.3076923076923077
3,0.31,0.625,0.018619375,worst_case,False,0.0,0.12938,0.760315,0.630935,0.029790999999999998,0.761672,0.38095238095238093,0.3076923076923077
3,0.31,0.75,0.02234325,uniform,False,0.0,0.078045,0.762175,0.68413,0.029790999999999998,0.761672,0.36363636363636365,0.2857142857142857
3,0.31,0.75,0.02234325,worst_case,False,0.0,0.15583,0.760495,0.604665,0.029790999999999998,0.761672,0.36363636363636365,0.2857142857142857
3,0.31,1.0,0.029790999999999998,uniform,False,0.0,0.10368,0.761355,0.657675,0.029790999999999998,0.761672,0.3333333333333333,0.25
3,0.31,1.0,0.029790999999999998,worst_case,False,0.0,0.207795,0.761335,0.55354,0.029790999999999998,0.761672,0.3333333333333333,0.25
3,0.31,1.5,0.0446865,uniform,False,0.00281,0.13524,0.758895,0.623655,0.029790999999999998,0.761672,0.2857142857142857,0.2
3,0.31,1.5,0.0446865,worst_case,False,0.03292,0.174875,0.74674,0.571865,0.029790999999999998,0.761672,0.2857142857142857,0.2
3,0.32,0.25,0.008192000000000001,uniform,False,0.0,0.028785,0.73787,0.709085,0.032768000000000005,0.7378560000000001,0.4444444444444444,0.4
3,0.32,0.25,0.008192000000000001,worst_case,False,0.0,0.05715,0.737595,0.680445,0.032768000000000005,0.7378560000000001,0.4444444444444444,0.4
3,0.32,0.375,0.012288000000000002,uniform,False,0.0,0.04298,0.737655,0.694675,0.032768000000000005,0.7378560000000001,0.42105263157894735,0.36363636363636365
3,0.32,0.375,0.012288000000000002,worst_case,False,0.0,0.08531,0.73685,0.65154,0.032768000000000005,0.7378560000000001,0.42105263157894735,0.36363636363636365
3,0.32,0.5,0.016384000000000003,uniform,False,0.0,0.05776,0.737865,0.680105,0.032768000000000005,0.7378560000000001,0.4,0.3333333333333333
3,0.32,0.5,0.016384000000000003,worst_case,False,0.0,0.11412,0.73712,0.623,0.032768000000000005,0.7378560000000001,0.4,0.3333333333333333
3,0.32,0.625,0.020480000000000005,uniform,False,0.0,0.07147,0.73712,0.66565,0.032768000000000005,0.7378560000000001,0.38095238095238093,0.3076923076923077
3,0.32,0.625,0.020480000000000005,worst_case,False,0.0,0.142555,0.737505,0.59495,0.032768000000000005,0.7378560000000001,0.38095238095238093,0.3076923076923077
3,0.32,0.75,0.024576000000000004,uniform,False,0.0,0.08566,0.737315,0.651655,0.032768000000000005,0.7378560000000001,0.36363636363636365,0.2857142857142857
3,0.32,0.75,0.024576000000000004,worst_case,False,0.0,0.171825,0.73754,0.565715,0.032768000000000005,0.7378560000000001,0.36363636363636365,0.2857142857142857
3,0.32,1.0,0.032768000000000005,uniform,False,0.0,0.11406,0.73678,0.62272,0.032768000000000005,0.7378560000000001,0.3333333333333333,0.25
3,0.32,1.0,0.032768000000000005,worst_case,False,0.0,0.229,0.73785,0.50885,0.032768000000000005,0.7378560000000001,0.3333333333333333,0.25
3,0.32,1.5,0.04915200000000001,uniform,False,0.00587,0.14667,0.735365,0.588695,0.032768000000000005,0.7378560000000001,0.2857142857142857,0.2
3,0.32,1.5,0.04915200000000001,worst_case,False,0.048785,0.180215,0.722215,0.542,0.032768000000000005,0.7378560000000001,0.2857142857142857,0.2
3,0.3333333333333333,0.25,0.009259259259259257,uniform,True,0.0,0.03219,0.70237,0.67018,0.03703703703703703,0.7037037037037037,0.4444444444444444,0.4
3,0.3333333333333333,0.25,0.009259259259259257,worst_case,True,0.0,0.064995,0.70313,0.638135,0.03703703703703703,0.7037037037037037,0.4444444444444444,0.4
3,0.3333333333333333,0.375,0.013888888888888885,uniform,True,0.0,0.048315,0.702695,0.65438,0.03703703703703703,0.7037037037037037,0.42105263157894735,0.36363636363636365
3,0.3333333333333333,0.375,0.013888888888888885,worst_case,True,0.0,0.09751,0.703735,0.606225,0.03703703703703703,0.7037037037037037,0.42105263157894735,0.36363636363636365
3,0.3333333333333333,0.5,0.018518518518518514,uniform,True,0.0,0.063985,0.702325,0.63834,0.03703703703703703,0.7037037037037037,0.4,0.3333333333333333
3,0.3333333333333333,0.5,0.018518518518518514,worst_case,True,0.0,0.130405,0.703895,0.57349,0.03703703703703703,0.7037037037037037,0.4,0.3333333333333333
3,0.3333333333333333,0.625,0.023148148148148143,uniform,True,0.0,0.08042,0.70233,0.62191,0.03703703703703703,0.7037037037037037,0.38095238095238093,0.3076923076923077
3,0.3333333333333333,0.625,0.023148148148148143,worst_case,True,0.0,0.16326,0.70428,0.54102,0.03703703703703703,0.7037037037037037,0.38095238095238093,0.3076923076923077
3,0.3333333333333333,0.75,0.02777777777777777,uniform,True,0.0,0.09707,0.703085,0.606015,0.03703703703703703,0.7037037037037037,0.36363636363636365,0.2857142857142857
3,0.3333333333333333,0.75,0.02777777777777777,worst_case,True,0.0,0.195195,0.703985,0.50879,0.03703703703703703,0.7037037037037037,0.36363636363636365,0.2857142857142857
3,0.3333333333333333,1.0,0.03703703703703703,uniform,True,0.0,0.12937,0.70331,0.57394,0.03703703703703703,0.7037037037037037,0.3333333333333333,0.25
3,0.3333333333333333,1.0,0.03703703703703703,worst_case,True,0.0,0.26092,0.70456,0.44364,0.03703703703703703,0.7037037037037037,0.3333333333333333,0.25
3,0.3333333333333333,1.5,0.05555555555555554,uniform,True,0.01234,0.161075,0.70097,0.539895,0.03703703703703703,0.7037037037037037,0.2857142857142857,0.2
3,0.3333333333333333,1.5,0.05555555555555554,worst_case,True,0.074435,0.186485,0.68537,0.498885,0.03703703703703703,0.7037037037037037,0.2857142857142857,0.2
3,0.34,0.25,0.009826000000000001,uniform,False,0.0,0.034225,0.684015,0.64979,0.039304000000000006,0.685568,0.4444444444444444,0.4
3,0.34,0.25,0.009826000000000001,worst_case,False,0.0,0.068995,0.68452,0.615525,0.039304000000000006,0.685568,0.4444444444444444,0.4
3,0.34,0.375,0.014739000000000002,uniform,False,0.0,0.051015,0.6841,0.633085,0.039304000000000006,0.685568,0.42105263157894735,0.36363636363636365
3,0.34,0.375,0.014739000000000002,worst_case,False,0.0,0.10432,0.68624,0.58192,0.039304000000000006,0.685568,0.42105263157894735,0.36363636363636365
3,0.34,0.5,0.019652000000000003,uniform,False,0.0,0.067725,0.68329,0.615565,0.039304000000000006,0.685568,0.4,0.3333333333333333
3,0.34,0.5,0.019652000000000003,worst_case,False,0.0,0.139195,0.686155,0.54696,0.039304000000000006,0.685568,0.4,0.3333333333333333
3,0.34,0.625,0.024565000000000003,uniform,False,0.0,0.085385,0.68404,0.598655,0.039304000000000006,0.685568,0.38095238095238093,0.3076923076923077
3,0.34,0.625,0.024565000000000003,worst_case,False,0.0,0.173175,0.685765,0.51259,0.039304000000000006,0.685568,0.38095238095238093,0.3076923076923077
3,0.34,0.75,0.029478000000000004,uniform,False,0.0,0.10251,0.684185,0.581675,0.039304000000000006,0.685568,0.36363636363636365,0.2857142857142857
3,0.34,0.75,0.029478000000000004,worst_case,False,0.0,0.20806,0.685415,0.477355,0.039304000000000006,0.685568,0.36363636363636365,0.2857142857142857
3,0.34,1.0,0.039304000000000006,uniform,False,0.00022,0.137465,0.68537,0.547905,0.039304000000000006,0.685568,0.3333333333333333,0.25
3,0.34,1.0,0.039304000000000006,worst_case,False,0.009485,0.267585,0.686785,0.4192,0.039304000000000006,0.685568,0.3333333333333333,0.25
3,0.34,1.5,0.05895600000000001,uniform,False,0.016425,0.16753,0.68252,0.51499,0.039304000000000006,0.685568,0.2857142857142857,0.2
3,0.34,1.5,0.05895600000000001,worst_case,False,0.0889,0.18817,0.6659,0.47773,0.039304000000000006,0.685568,0.2857142857142857,0.2
3,0.35,0.25,0.010718749999999997,uniform,False,0.0,0.03702,0.655505,0.618485,0.04287499999999999,0.657,0.4444444444444444,0.4
3,0.35,0.25,0.010718749999999997,worst_case,False,0.0,0.07488,0.656195,0.581315,0.04287499999999999,0.657,0.4444444444444444,0.4
3,0.35,0.375,0.016078124999999995,uniform,False,0.0,0.056205,0.655715,0.59951,0.04287499999999999,0.657,0.42105263157894735,0.36363636363636365
3,0.35,0.375,0.016078124999999995,worst_case,False,0.0,0.11287,0.656905,0.544035,0.04287499999999999,0.657,0.42105263157894735,0.36363636363636365
3,0.35,0.5,0.021437499999999995,uniform,False,0.0,0.074345,0.6554,0.581055,0.04287499999999999,0.657,0.4,0.3333333333333333
3,0.35,0.5,0.021437499999999995,worst_case,False,0.0,0.150615,0.65695,0.506335,0.04287499999999999,0.657,0.4,0.3333333333333333
3,0.35,0.625,0.026796874999999994,uniform,False,0.0,0.093185,0.65559,0.562405,0.04287499999999999,0.657,0.38095238095238093,0.3076923076923077
3,0.35,0.625,0.026796874999999994,worst_case,False,0.0,0.18864,0.657525,0.468885,0.04287499999999999,0.657,0.38095238095238093,0.3076923076923077
3,0.35,0.75,0.03215624999999999,uniform,False,0.0,0.11219,0.655635,0.543445,0.04287499999999999,0.657,0.36363636363636365,0.2857142857142857
3,0.35,0.75,0.03215624999999999,worst_case,False,0.0,0.22667,0.658,0.43133,0.04287499999999999,0.657,0.36363636363636365,0.2857142857142857
3,0.35,1.0,0.04287499999999999,uniform,False,0.001875,0.148395,0.65602,0.507625,0.04287499999999999,0.657,0.3333333333333333,0.25
3,0.35,1.0,0.04287499999999999,worst_case,False,0.024655,0.277045,0.658085,0.38104,0.04287499999999999,0.657,0.3333333333333333,0.25
3,0.35,1.5,0.06431249999999998,uniform,False,0.023365,0.17728,0.653185,0.475905,0.04287499999999999,0.657,0.2857142857142857,0.2
3,0.35,1.5,0.06431249999999998,worst_case,False,0.111345,0.190355,0.63527,0.444915,0.04287499999999999,0.657,0.2857142857142857,0.2
3,0.36,0.25,0.011663999999999999,uniform,False,0.0,0.04013,0.62453,0.5844,0.046655999999999996,0.626752,0.4444444444444444,0.4
3,0.36,0.25,0.011663999999999999,worst_case,False,0.0,0.081805,0.625805,0.544,0.046655999999999996,0.626752,0.4444444444444444,0.4
3,0.36,0.375,0.017495999999999998,uniform,False,0.0,0.060565,0.62469,0.564125,0.046655999999999996,0.626752,0.42105263157894735,0.36363636363636365
3,0.36,0.375,0.017495999999999998,worst_case,False,0.0,0.122145,0.625945,0.5038,0.046655999999999996,0.626752,0.42105263157894735,0.36363636363636365
3,0.36,0.5,0.023327999999999998,uniform,False,0.0,0.08169,0.62554,0.54385,0.046655999999999996,0.626752,0.4,0.3333333333333333
3,0.36,0.5,0.023327999999999998,worst_case,False,0.0,0.163095,0.626215,0.46312,0.046655999999999996,0.626752,0.4,0.3333333333333333
3,0.36,0.625,0.02916,uniform,False,0.0,0.102535,0.62581,0.523275,0.046655999999999996,0.626752,0.38095238095238093,0.3076923076923077
3,0.36,0.625,0.02916,worst_case,False,0.0,0.205045,0.62805,0.423005,0.046655999999999996,0.626752,0.38095238095238093,0.3076923076923077
3,0.36,0.75,0.034991999999999995,uniform,False,0.0,0.12268,0.625465,0.502785,0.046655999999999996,0.626752,0.36363636363636365,0.2857142857142857
3,0.36,0.75,0.034991999999999995,worst_case,False,0.0,0.246285,0.62796,0.381675,0.046655999999999996,0.626752,0.36363636363636365,0.2857142857142857
3,0.36,1.0,0.046655999999999996,uniform,False,0.00455,0.15898,0.62576,0.46678,0.046655999999999996,0.626752,0.3333333333333333,0.25
3,0.36,1.0,0.046655999999999996,worst_case,False,0.040925,0.28677,0.62801,0.34124,0.046655999999999996,0.626752,0.3333333333333333,0.25
3,0.36,1.5,0.06998399999999999,uniform,False,0.032285,0.185235,0.62256,0.437325,0.046655999999999996,0.626752,0.2857142857142857,0.2
3,0.36,1.5,0.06998399999999999,worst_case,False,0.13551,0.192185,0.60233,0.410145,0.046655999999999996,0.626752,0.2857142857142857,0.2
3,0.38,0.25,0.013718000000000001,uniform,False,0.0,0.048905,0.560495,0.51159,0.054872000000000004,0.561024,0.4444444444444444,0.4
3,0.38,0.25,0.013718000000000001,worst_case,False,0.0,0.096865,0.559955,0.46309,0.054872000000000004,0.561024,0.4444444444444444,0.4
3,0.38,0.375,0.020577,uniform,False,0.0,0.07271,0.55972,0.48701,0.054872000000000004,0.561024,0.42105263157894735,0.36363636363636365
3,0.38,0.375,0.020577,worst_case,False,0.0,0.14482,0.560565,0.415745,0.054872000000000004,0.561024,0.42105263157894735,0.36363636363636365
3,0.38,0.5,0.027436000000000002,uniform,False,0.0,0.096845,0.56058,0.463735,0.054872000000000004,0.561024,0.4,0.3333333333333333
3,0.38,0.5,0.027436000000000002,worst_case,False,0.0,0.1942,0.5624,0.3682,0.054872000000000004,0.561024,0.4,0.3333333333333333
3,0.38,0.625,0.034295000000000006,uniform,False,0.0,0.12084,0.560275,0.439435,0.054872000000000004,0.561024,0.38095238095238093,0.3076923076923077
3,0.38,0.625,0.034295000000000006,worst_case,False,0.0,0.24178,0.56144,0.31966,0.054872000000000004,0.561024,0.38095238095238093,0.3076923076923077
3,0.38,0.75,0.041154,uniform,False,0.00215,0.14295,0.56109,0.41814,0.054872000000000004,0.561024,0.36363636363636365,0.2857142857142857
3,0.38,0.75,0.041154,worst_case,False,0.02611,0.2633,0.56095,0.29765,0.054872000000000004,0.561024,0.36363636363636365,0.2857142857142857
3,0.38,1.0,0.054872000000000004,uniform,False,0.01517,0.177515,0.560145,0.38263,0.054872000000000004,0.561024,0.3333333333333333,0.25
3,0.38,1.0,0.054872000000000004,worst_case,False,0.081105,0.30522,0.561455,0.256235,0.054872000000000004,0.561024,0.3333333333333333,0.25
3,0.38,1.5,0.082308,uniform,False,0.05529,0.201135,0.555365,0.35423,0.054872000000000004,0.561024,0.2857142857142857,0.2
3,0.38,1.5,0.082308,worst_case,False,0.191575,0.19475,0.53352,0.33877,0.054872000000000004,0.561024,0.2857142857142857,0.2
3,0.4,0.25,0.016000000000000004,uniform,False,0.0,0.05586,0.488425,0.432565,0.06400000000000002,0.48799999999999993,0.4444444444444444,0.4
3,0.4,0.25,0.016000000000000004,worst_case,False,0.0,0.112165,0.487085,0.37492,0.06400000000000002,0.48799999999999993,0.4444444444444444,0.4
3,0.4,0.375,0.024000000000000007,uniform,False,0.0,0.083825,0.488145,0.40432,0.06400000000000002,0.48799999999999993,0.42105263157894735,0.36363636363636365
3,0.4,0.375,0.024000000000000007,worst_case,False,0.0,0.16821,0.48675,0.31854,0.06400000000000002,0.48799999999999993,0.42105263157894735,0.36363636363636365
3,0.4,0.5,0.03200000000000001,uniform,False,0.0,0.112005,0.48838,0.376375,0.06400000000000002,0.48799999999999993,0.4,0.3333333333333333
3,0.4,0.5,0.03200000000000001,worst_case,False,0.0,0.224455,0.487605,0.26315,0.06400000000000002,0.48799999999999993,0.4,0.3333333333333333
3,0.4,0.625,0.04000000000000001,uniform,False,0.003405,0.136115,0.487005,0.35089,0.06400000000000002,0.48799999999999993,0.38095238095238093,0.3076923076923077
3,0.4,0.625,0.04000000000000001,worst_case,False,0.03207,0.24856,0.48744,0.23888,0.06400000000000002,0.48799999999999993,0.38095238095238093,0.3076923076923077
3,0.4,0.75,0.048000000000000015,uniform,False,0.010965,0.15601,0.48613,0.33012,0.06400000000000002,0.48799999999999993,0.36363636363636365,0.2857142857142857
3,0.4,0.75,0.048000000000000015,worst_case,False,0.06443,0.273085,0.487845,0.21476,0.06400000000000002,0.48799999999999993,0.36363636363636365,0.2857142857142857
3,0.4,1.0,0.06400000000000002,uniform,False,0.0319,0.191535,0.486875,0.29534,0.06400000000000002,0.48799999999999993,0.3333333333333333,0.25
3,0.4,1.0,0.06400000000000002,worst_case,False,0.12804,0.320305,0.48825,0.167945,0.06400000000000002,0.48799999999999993,0.3333333333333333,0.25
3,0.4,1.5,0.09600000000000003,uniform,False,0.087565,0.21059,0.48077,0.27018,0.06400000000000002,0.48799999999999993,0.2857142857142857,0.2
3,0.4,1.5,0.09600000000000003,worst_case,False,0.28778,0.160565,0.45843,0.297865,0.06400000000000002,0.48799999999999993,0.2857142857142857,0.2
3,0.42,0.25,0.018521999999999997,uniform,False,0.0,0.065545,0.40774,0.342195,0.07408799999999999,0.40729600000000005,0.4444444444444444,0.4
3,0.42,0.25,0.018521999999999997,worst_case,False,0.0,0.129425,0.406775,0.27735,0.07408799999999999,0.40729600000000005,0.4444444444444444,0.4
3,0.42,0.375,0.027782999999999995,uniform,False,0.0,0.09786,0.40725,0.30939,0.07408799999999999,0.40729600000000005,0.42105263157894735,0.36363636363636365
3,0.42,0.375,0.027782999999999995,worst_case,False,0.0,0.194355,0.40609,0.211735,0.07408799999999999,0.40729600000000005,0.42105263157894735,0.36363636363636365
3,0.42,0.5,0.037043999999999994,uniform,False,0.00411,0.12565,0.40649,0.28084,0.07408799999999999,0.40729600000000005,0.4,0.3333333333333333
3,0.42,0.5,0.037043999999999994,worst_case,False,0.035295,0.223785,0.406315,0.18253,0.07408799999999999,0.40729600000000005,0.4,0.3333333333333333
3,0.42,0.625,0.04630499999999999,uniform,False,0.01425,0.14761,0.406435,0.258825,0.07408799999999999,0.40729600000000005,0.38095238095238093,0.3076923076923077
3,0.42,0.625,0.04630499999999999,worst_case,False,0.071955,0.252345,0.40812,0.155775,0.07408799999999999,0.40729600000000005,0.38095238095238093,0.3076923076923077
3,0.42,0.75,0.05556599999999999,uniform,False,0.02699,0.167905,0.40698,0.239075,0.07408799999999999,0.40729600000000005,0.36363636363636365,0.2857142857142857
3,0.42,0.75,0.05556599999999999,worst_case,False,0.1092,0.279115,0.40727,0.128155,0.07408799999999999,0.40729600000000005,0.36363636363636365,0.2857142857142857
3,0.42,1.0,0.07408799999999999,uniform,False,0.05735,0.20216,0.406325,0.204165,0.07408799999999999,0.40729600000000005,0.3333333333333333,0.25
3,0.42,1.0,0.07408799999999999,worst_case,False,0.19712,0.321845,0.408685,0.08684,0.07408799999999999,0.40729600000000005,0.3333333333333333,0.25
3,0.42,1.5,0.11113199999999998,uniform,False,0.13882,0.205795,0.39949,0.193695,0.07408799999999999,0.40729600000000005,0.2857142857142857,0.2
3,0.42,1.5,0.11113199999999998,worst_case,False,0.359225,0.15974,0.378855,0.219115,0.07408799999999999,0.40729600000000005,0.2857142857142857,0.2
3,0.44,0.25,0.021296,uniform,False,0.0,0.07436,0.316565,0.242205,0.085184,0.318528,0.4444444444444444,0.4
3,0.44,0.25,0.021296,worst_case,False,0.0,0.150345,0.3195,0.169155,0.085184,0.318528,0.4444444444444444,0.4
3,0.44,0.375,0.031944,uniform,False,0.00469,0.1077,0.317755,0.210055,0.085184,0.318528,0.42105263157894735,0.36363636363636365
3,0.44,0.375,0.031944,worst_case,False,0.035705,0.188475,0.31863,0.130155,0.085184,0.318528,0.42105263157894735,0.36363636363636365
3,0.44,0.5,0.042592,uniform,False,0.017005,0.132525,0.317955,0.18543,0.085184,0.318528,0.4,0.3333333333333333
3,0.44,0.5,0.042592,worst_case,False,0.078395,0.21977,0.3183,0.09853,0.085184,0.318528,0.4,0.3333333333333333
3,0.44,0.625,0.053239999999999996,uniform,False,0.033445,0.153765,0.318715,0.16495,0.085184,0.318528,0.38095238095238093,0.3076923076923077
3,0.44,0.625,0.053239999999999996,worst_case,False,0.12153,0.250945,0.318735,0.06779,0.085184,0.318528,0.38095238095238093,0.3076923076923077
3,0.44,0.75,0.063888,uniform,False,0.053775,0.16976,0.317515,0.147755,0.085184,0.318528,0.36363636363636365,0.2857142857142857
3,0.44,0.75,0.063888,worst_case,False,0.18513,0.26237,0.31936,0.05699,0.085184,0.318528,0.36363636363636365,0.2857142857142857
3,0.44,1.0,0.085184,uniform,False,0.102415,0.195955,0.31788,0.121925,0.085184,0.318528,0.3333333333333333,0.25
3,0.44,1.0,0.085184,worst_case,False,0.313185,0.28514,0.320345,0.035205,0.085184,0.318528,0.3333333333333333,0.25
3,0.44,1.5,0.127776,uniform,False,0.20478,0.192585,0.311955,0.11937,0.085184,0.318528,0.2857142857142857,0.2
3,0.44,1.5,0.127776,worst_case,False,0.44229,0.156035,0.293505,0.13747,0.085184,0.318528,0.2857142857142857,0.2
4,0.2,0.25,0.0004000000000000001,uniform,False,0.0,0.00306,0.974235,0.971175,0.0016000000000000003,0.9743999999999999,0.4444444444444444,0.4
4,0.2,0.25,0.0004000000000000001,worst_case,False,0.0,0.006145,0.97422,0.968075,0.0016000000000000003,0.9743999999999999,0.4444444444444444,0.4
4,0.2,0.375,0.0006000000000000001,uniform,False,0.0,0.0046,0.97425,0.96965,0.0016000000000000003,0.9743999999999999,0.42105263157894735,0.36363636363636365
4,0.2,0.375,0.0006000000000000001,worst_case,False,0.0,0.00915,0.97443,0.96528,0.0016000000000000003,0.9743999999999999,0.42105263157894735,0.36363636363636365
4,0.2,0.5,0.0008000000000000001,uniform,False,0.0,0.00614,0.974285,0.968145,0.0016000000000000003,0.9743999999999999,0.4,0.3333333333333333
4,0.2,0.5,0.0008000000000000001,worst_case,False,0.0,0.012075,0.974545,0.96247,0.0016000000000000003,0.9743999999999999,0.4,0.3333333333333333
4,0.2,0.625,0.0010000000000000002,uniform,False,0.0,0.007605,0.97436,0.966755,0.0016000000000000003,0.9743999999999999,0.38095238095238093,0.3076923076923077
4,0.2,0.625,0.0010000000000000002,worst_case,False,0.0,0.0151,0.974735,0.959635,0.0016000000000000003,0.9743999999999999,0.38095238095238093,0.3076923076923077
4,0.2,0.75,0.0012000000000000001,uniform,False,0.0,0.00904,0.974405,0.965365,0.0016000000000000003,0.9743999999999999,0.36363636363636365,0.2857142857142857
4,0.2,0.75,0.0012000000000000001,worst_case,False,0.0,0.01826,0.975045,0.956785,0.0016000000000000003,0.9743999999999999,0.36363636363636365,0.2857142857142857
4,0.2,1.0,0.0016000000000000003,uniform,False,0.0,0.012155,0.974645,0.96249,0.0016000000000000003,0.9743999999999999,0.3333333333333333,0.25
4,0.2,1.0,0.0016000000000000003,worst_case,False,0.0,0.02433,0.974875,0.950545,0.0016000000000000003,0.9743999999999999,0.3333333333333333,0.25
4,0.2,1.5,0.0024000000000000002,uniform,False,0.0,0.016225,0.97402,0.957795,0.0016000000000000003,0.9743999999999999,0.2857142857142857,0.2
4,0.2,1.5,0.0024000000000000002,worst_case,False,0.0,0.02433,0.973705,0.949375,0.0016000000000000003,0.9743999999999999,0.2857142857142857,0.2
4,0.22,0.25,0.00058564,uniform,False,0.0,0.004295,0.962415,0.95812,0.00234256,0.9625190400000001,0.4444444444444444,0.4
4,0.22,0.25,0.00058564,worst_case,False,0.0,0.00847,0.962095,0.953625,0.00234256,0.9625190400000001,0.4444444444444444,0.4
4,0.22,0.375,0.00087846,uniform,False,0.0,0.006405,0.96242,0.956015,0.00234256,0.9625190400000001,0.42105263157894735,0.36363636363636365
4,0.22,0.375,0.00087846,worst_case,False,0.0,0.01295,0.96243,0.94948,0.00234256,0.9625190400000001,0.42105263157894735,0.36363636363636365
4,0.22,0.5,0.00117128,uniform,False,0.0,0.008665,0.962535,0.95387,0.00234256,0.9625190400000001,0.4,0.3333333333333333
4,0.22,0.5,0.00117128,worst_case,False,0.0,0.017545,0.96263,0.945085,0.00234256,0.9625190400000001,0.4,0.3333333333333333
4,0.22,0.625,0.0014641,uniform,False,0.0,0.010945,0.96268,0.951735,0.00234256,0.9625190400000001,0.38095238095238093,0.3076923076923077
4,0.22,0.625,0.0014641,worst_case,False,0.0,0.022095,0.96296,0.940865,0.00234256,0.9625190400000001,0.38095238095238093,0.3076923076923077
4,0.22,0.75,0.00175692,uniform,False,0.0,0.013245,0.96291,0.949665,0.00234256,0.9625190400000001,0.36363636363636365,0.2857142857142857
4,0.22,0.75,0.00175692,worst_case,False,0.0,0.026625,0.963055,0.93643,0.00234256,0.9625190400000001,0.36363636363636365,0.2857142857142857
4,0.22,1.0,0.00234256,uniform,False,0.0,0.017725,0.963055,0.94533,0.00234256,0.9625190400000001,0.3333333333333333,0.25
4,0.22,1.0,0.00234256,worst_case,False,0.0,0.03531,0.962695,0.927385,0.00234256,0.9625190400000001,0.3333333333333333,0.25
4,0.22,1.5,0.00351384,uniform,False,0.0,0.02363,0.962895,0.939265,0.00234256,0.9625190400000001,0.2857142857142857,0.2
4,0.22,1.5,0.00351384,worst_case,False,0.0,0.03531,0.96154,0.92623,0.00234256,0.9625190400000001,0.2857142857142857,0.2
4,0.24,0.25,0.0008294399999999999,uniform,False,0.0,0.006205,0.946555,0.94035,0.0033177599999999995,0.9469158400000001,0.4444444444444444,0.4
4,0.24,0.25,0.0008294399999999999,worst_case,False,0.0,0.012275,0.946355,0.93408,0.0033177599999999995,0.9469158400000001,0.4444444444444444,0.4
4,0.24,0.375,0.0012441599999999998,uniform,False,0.0,0.00935,0.94658,0.93723,0.0033177599999999995,0.9469158400000001,0.42105263157894735,0.36363636363636365
4,0.24,0.375,0.0012441599999999998,worst_case,False,0.0,0.01854,0.94639,0.92785,0.0033177599999999995,0.9469158400000001,0.42105263157894735,0.36363636363636365
4,0.24,0.5,0.0016588799999999997,uniform,False,0.0,0.01237,0.94653,0.93416,0.0033177599999999995,0.9469158400000001,0.4,0.3333333333333333
4,0.24,0.5,0.0016588799999999997,worst_case,False,0.0,0.02471,0.94663,0.92192,0.0033177599999999995,0.9469158400000001,0.4,0.3333333333333333
4,0.24,0.625,0.0020735999999999997,uniform,False,0.0,0.015435,0.946415,0.93098,0.0033177599999999995,0.9469158400000001,0.38095238095238093,0.3076923076923077
4,0.24,0.625,0.0020735999999999997,worst_case,False,0.0,0.03082,0.94642,0.9156,0.0033177599999999995,0.9469158400000001,0.38095238095238093,0.3076923076923077
4,0.24,0.75,0.0024883199999999996,uniform,False,0.0,0.018695,0.946835,0.92814,0.0033177599999999995,0.9469158400000001,0.36363636363636365,0.2857142857142857
4,0.24,0.75,0.0024883199999999996,worst_case,False,0.0,0.03751,0.946695,0.909185,0.0033177599999999995,0.9469158400000001,0.36363636363636365,0.2857142857142857
4,0.24,1.0,0.0033177599999999995,uniform,False,0.0,0.02502,0.946785,0.921765,0.0033177599999999995,0.9469158400000001,0.3333333333333333,0.25
4,0.24,1.0,0.0033177599999999995,worst_case,False,0.0,0.05015,0.94697,0.89682,0.0033177599999999995,0.9469158400000001,0.3333333333333333,0.25
4,0.24,1.5,0.004976639999999999,uniform,False,0.0,0.033455,0.946755,0.9133,0.0033177599999999995,0.9469158400000001,0.2857142857142857,0.2
4,0.24,1.5,0.004976639999999999,worst_case,False,0.0,0.05015,0.945445,0.895295,0.0033177599999999995,0.9469158400000001,0.2857142857142857,0.2
4,0.26,0.25,0.0011424400000000002,uniform,False,0.0,0.00888,0.9264,0.91752,0.004569760000000001,0.92688384,0.4444444444444444,0.4
4,0.26,0.25,0.0011424400000000002,worst_case,False,0.0,0.01721,0.926185,0.908975,0.004569760000000001,0.92688384,0.4444444444444444,0.4
4,0.26,0.375,0.0017136600000000003,uniform,False,0.0,0.01319,0.926435,0.913245,0.004569760000000001,0.92688384,0.42105263157894735,0.36363636363636365
4,0.26,0.375,0.0017136600000000003,worst_case,False,0.0,0.025815,0.92652,0.900705,0.004569760000000001,0.92688384,0.42105263157894735,0.36363636363636365
4,0.26,0.5,0.0022848800000000004,uniform,False,0.0,0.01776,0.926825,0.909065,0.004569760000000001,0.92688384,0.4,0.3333333333333333
4,0.26,0.5,0.0022848800000000004,worst_case,False,0.0,0.03444,0.926355,0.891915,0.004569760000000001,0.92688384,0.4,0.3333333333333333
4,0.26,0.625,0.0028561000000000003,uniform,False,0.0,0.02185,0.926945,0.905095,0.004569760000000001,0.92688384,0.38095238095238093,0.3076923076923077
4,0.26,0.625,0.0028561000000000003,worst_case,False,0.0,0.04295,0.926285,0.883335,0.004569760000000001,0.92688384,0.38095238095238093,0.3076923076923077
4,0.26,0.75,0.0034273200000000006,uniform,False,0.0,0.02605,0.92696,0.90091,0.004569760000000001,0.92688384,0.36363636363636365,0.2857142857142857
4,0.26,0.75,0.0034273200000000006,worst_case,False,0.0,0.051845,0.92666,0.874815,0.004569760000000001,0.92688384,0.36363636363636365,0.2857142857142857
4,0.26,1.0,0.004569760000000001,uniform,False,0.0,0.034765,0.92734,0.892575,0.004569760000000001,0.92688384,0.3333333333333333,0.25
4,0.26,1.0,0.004569760000000001,worst_case,False,0.0,0.069435,0.927575,0.85814,0.004569760000000001,0.92688384,0.3333333333333333,0.25
4,0.26,1.5,0.006854640000000001,uniform,False,0.0,0.045885,0.9259,0.880015,0.004569760000000001,0.92688384,0.2857142857142857,0.2
4,0.26,1.5,0.006854640000000001,worst_case,False,0.0,0.069435,0.92475,0.855315,0.004569760000000001,0.92688384,0.2857142857142857,0.2
4,0.28,0.25,0.0015366400000000006,uniform,False,0.0,0.0121,0.90134,0.88924,0.006146560000000002,0.9016550399999999,0.4444444444444444,0.4
4,0.28,0.25,0.0015366400000000006,worst_case,False,0.0,0.02384,0.901315,0.877475,0.006146560000000002,0.9016550399999999,0.4444444444444444,0.4
4,0.28,0.375,0.002304960000000001,uniform,False,0.0,0.018155,0.90161,0.883455,0.006146560000000002,0.9016550399999999,0.42105263157894735,0.36363636363636365
4,0.28,0.375,0.002304960000000001,worst_case,False,0.0,0.035395,0.9015,0.866105,0.006146560000000002,0.9016550399999999,0.42105263157894735,0.36363636363636365
4,0.28,0.5,0.003073280000000001,uniform,False,0.0,0.023935,0.901455,0.87752,0.006146560000000002,0.9016550399999999,0.4,0.3333333333333333
4,0.28,0.5,0.003073280000000001,worst_case,False,0.0,0.04633,0.901385,0.855055,0.006146560000000002,0.9016550399999999,0.4,0.3333333333333333
4,0.28,0.625,0.0038416000000000014,uniform,False,0.0,0.02966,0.90151,0.87185,0.006146560000000002,0.9016550399999999,0.38095238095238093,0.3076923076923077
4,0.28,0.625,0.0038416000000000014,worst_case,False,0.0,0.057875,0.901995,0.84412,0.006146560000000002,0.9016550399999999,0.38095238095238093,0.3076923076923077
4,0.28,0.75,0.004609920000000002,uniform,False,0.0,0.03538,0.90159,0.86621,0.006146560000000002,0.9016550399999999,0.36363636363636365,0.2857142857142857
4,0.28,0.75,0.004609920000000002,worst_case,False,0.0,0.06965,0.90203,0.83238,0.006146560000000002,0.9016550399999999,0.36363636363636365,0.2857142857142857
4,0.28,1.0,0.006146560000000002,uniform,False,0.0,0.046995,0.90205,0.855055,0.006146560000000002,0.9016550399999999,0.3333333333333333,0.25
4,0.28,1.0,0.006146560000000002,worst_case,False,0.0,0.0931,0.902585,0.809485,0.006146560000000002,0.9016550399999999,0.3333333333333333,0.25
4,0.28,1.5,0.009219840000000003,uniform,False,0.0,0.062455,0.9017,0.839245,0.006146560000000002,0.9016550399999999,0.2857142857142857,0.2
4,0.28,1.5,0.009219840000000003,worst_case,False,0.0,0.0931,0.898705,0.805605,0.006146560000000002,0.9016550399999999,0.2857142857142857,0.2
4,0.3,0.25,0.002025,uniform,False,0.0,0.014915,0.87097,0.856055,0.0081,0.8704000000000001,0.4444444444444444,0.4
4,0.3,0.25,0.002025,worst_case,False,0.0,0.030445,0.87168,0.841235,0.0081,0.8704000000000001,0.4444444444444444,0.4
4,0.3,0.375,0.0030375,uniform,False,0.0,0.022005,0.87064,0.848635,0.0081,0.8704000000000001,0.42105263157894735,0.36363636363636365
4,0.3,0.375,0.0030375,worst_case,False,0.0,0.045275,0.871265,0.82599,0.0081,0.8704000000000001,0.42105263157894735,0.36363636363636365
4,0.3,0.5,0.00405,uniform,False,0.0,0.02976,0.870335,0.840575,0.0081,0.8704000000000001,0.4,0.3333333333333333
4,0.3,0.5,0.00405,worst_case,False,0.0,0.059855,0.87011,0.810255,0.0081,0.8704000000000001,0.4,0.3333333333333333
4,0.3,0.625,0.005062499999999999,uniform,False,0.0,0.03723,0.87014,0.83291,0.0081,0.8704000000000001,0.38095238095238093,0.3076923076923077
4,0.3,0.625,0.005062499999999999,worst_case,False,0.0,0.074595,0.86956,0.794965,0.0081,0.8704000000000001,0.38095238095238093,0.3076923076923077
4,0.3,0.75,0.006075,uniform,False,0.0,0.045025,0.8702,0.825175,0.0081,0.8704000000000001,0.36363636363636365,0.2857142857142857
4,0.3,0.75,0.006075,worst_case,False,0.0,0.089795,0.869675,0.77988,0.0081,0.8704000000000001,0.36363636363636365,0.2857142857142857
4,0.3,1.0,0.0081,uniform,False,0.0,0.05983,0.869555,0.809725,0.0081,0.8704000000000001,0.3333333333333333,0.25
4,0.3,1.0,0.0081,worst_case,False,0.0,0.120315,0.870075,0.74976,0.0081,0.8704000000000001,0.3333333333333333,0.25
4,0.3,1.5,0.01215,uniform,False,0.00068,0.07924,0.869465,0.790225,0.0081,0.8704000000000001,0.2857142857142857,0.2
4,0.3,1.5,0.01215,worst_case,False,0.01065,0.109665,0.866145,0.75648,0.0081,0.8704000000000001,0.2857142857142857,0.2
4,0.31,0.25,0.0023088024999999997,uniform,False,0.0,0.01725,0.85176,0.83451,0.009235209999999999,0.85223664,0.4444444444444444,0.4
4,0.31,0.25,0.0023088024999999997,worst_case,False,0.0,0.034955,0.85296,0.818005,0.009235209999999999,0.85223664,0.4444444444444444,0.4
4,0.31,0.375,0.0034632037499999994,uniform,False,0.0,0.02598,0.85217,0.82619,0.009235209999999999,0.85223664,0.42105263157894735,0.36363636363636365
4,0.31,0.375,0.0034632037499999994,worst_case,False,0.0,0.05207,0.8524,0.80033,0.009235209999999999,0.85223664,0.42105263157894735,0.36363636363636365
4,0.31,0.5,0.0046176049999999995,uniform,False,0.0,0.03434,0.85206,0.81772,0.009235209999999999,0.85223664,0.4,0.3333333333333333
4,0.31,0.5,0.0046176049999999995,worst_case,False,0.0,0.0693,0.852695,0.783395,0.009235209999999999,0.85223664,0.4,0.3333333333333333
4,0.31,0.625,0.0057720062499999995,uniform,False,0.0,0.04304,0.852255,0.809215,0.009235209999999999,0.85223664,0.38095238095238093,0.3076923076923077
4,0.31,0.625,0.0057720062499999995,worst_case,False,0.0,0.086205,0.85247,0.766265,0.009235209999999999,0.85223664,0.38095238095238093,0.3076923076923077
4,0.31,0.75,0.006926407499999999,uniform,False,0.0,0.051935,0.852585,0.80065,0.009235209999999999,0.85223664,0.36363636363636365,0.2857142857142857
4,0.31,0.75,0.006926407499999999,worst_case,False,0.0,0.103735,0.85255,0.748815,0.009235209999999999,0.85223664,0.36363636363636365,0.2857142857142857
4,0.31,1.0,0.009235209999999999,uniform,False,0.0,0.069475,0.852365,0.78289,0.009235209999999999,0.85223664,0.3333333333333333,0.25
4,0.31,1.0,0.009235209999999999,worst_case,False,0.0,0.138425,0.852125,0.7137,0.009235209999999999,0.85223664,0.3333333333333333,0.25
4,0.31,1.5,0.013852814999999997,uniform,False,0.001805,0.090825,0.85228,0.761455,0.009235209999999999,0.85223664,0.2857142857142857,0.2
4,0.31,1.5,0.013852814999999997,worst_case,False,0.020475,0.11795,0.847145,0.729195,0.009235209999999999,0.85223664,0.2857142857142857,0.2
4,0.32,0.25,0.00262144,uniform,False,0.0,0.01975,0.83217,0.81242,0.01048576,0.83222784,0.4444444444444444,0.4
4,0.32,0.25,0.00262144,worst_case,False,0.0,0.040115,0.83325,0.793135,0.01048576,0.83222784,0.4444444444444444,0.4
4,0.32,0.375,0.0039321600000000005,uniform,False,0.0,0.02995,0.832365,0.802415,0.01048576,0.83222784,0.42105263157894735,0.36363636363636365
4,0.32,0.375,0.0039321600000000005,worst_case,False,0.0,0.05962,0.83349,0.77387,0.01048576,0.83222784,0.42105263157894735,0.36363636363636365
4,0.32,0.5,0.00524288,uniform,False,0.0,0.03967,0.83253,0.79286,0.01048576,0.83222784,0.4,0.3333333333333333
4,0.32,0.5,0.00524288,worst_case,False,0.0,0.07913,0.8331,0.75397,0.01048576,0.83222784,0.4,0.3333333333333333
4,0.32,0.625,0.0065536,uniform,False,0.0,0.04936,0.832325,0.782965,0.01048576,0.83222784,0.38095238095238093,0.3076923076923077
4,0.32,0.625,0.0065536,worst_case,False,0.0,0.09903,0.833325,0.734295,0.01048576,0.83222784,0.38095238095238093,0.3076923076923077
4,0.32,0.75,0.007864320000000001,uniform,False,0.0,0.059175,0.832385,0.77321,0.01048576,0.83222784,0.36363636363636365,0.2857142857142857
4,0.32,0.75,0.007864320000000001,worst_case,False,0.0,0.118325,0.832695,0.71437,0.01048576,0.83222784,0.36363636363636365,0.2857142857142857
4,0.32,1.0,0.01048576,uniform,False,0.0,0.07904,0.832855,0.753815,0.01048576,0.83222784,0.3333333333333333,0.25
4,0.32,1.0,0.01048576,worst_case,False,0.0,0.156645,0.831435,0.67479,0.01048576,0.83222784,0.3333333333333333,0.25
4,0.32,1.5,0.015728640000000002,uniform,False,0.00387,0.100935,0.831875,0.73094,0.01048576,0.83222784,0.2857142857142857,0.2
4,0.32,1.5,0.015728640000000002,worst_case,False,0.031915,0.12473,0.825585,0.700855,0.01048576,0.83222784,0.2857142857142857,0.2
4,0.3333333333333333,0.25,0.003086419753086419,uniform,True,0.0,0.02271,0.802115,0.779405,0.012345679012345677,0.8024691358024691,0.4444444444444444,0.4
4,0.3333333333333333,0.25,0.003086419753086419,worst_case,True,0.0,0.04548,0.80058,0.7551,0.012345679012345677,0.8024691358024691,0.4444444444444444,0.4
4,0.3333333333333333,0.375,0.0046296296296296285,uniform,True,0.0,0.034205,0.801615,0.76741,0.012345679012345677,0.8024691358024691,0.42105263157894735,0.36363636363636365
4,0.3333333333333333,0.375,0.0046296296296296285,worst_case,True,0.0,0.068445,0.800655,0.73221,0.012345679012345677,0.8024691358024691,0.42105263157894735,0.36363636363636365
4,0.3333333333333333,0.5,0.006172839506172838,uniform,True,0.0,0.046285,0.802135,0.75585,0.012345679012345677,0.8024691358024691,0.4,0.3333333333333333
4,0.3333333333333333,0.5,0.006172839506172838,worst_case,True,0.0,0.09171,0.800695,0.708985,0.012345679012345677,0.8024691358024691,0.4,0.3333333333333333
4,0.3333333333333333,0.625,0.007716049382716048,uniform,True,0.0,0.057735,0.80221,0.744475,0.012345679012345677,0.8024691358024691,0.38095238095238093,0.3076923076923077
4,0.3333333333333333,0.625,0.007716049382716048,worst_case,True,0.0,0.11481,0.800815,0.686005,0.012345679012345677,0.8024691358024691,0.38095238095238093,0.3076923076923077
4,0.3333333333333333,0.75,0.009259259259259257,uniform,True,0.0,0.06931,0.80244,0.73313,0.012345679012345677,0.8024691358024691,0.36363636363636365,0.2857142857142857
4,0.3333333333333333,0.75,0.009259259259259257,worst_case,True,0.0,0.13846,0.801605,0.663145,0.012345679012345677,0.8024691358024691,0.36363636363636365,0.2857142857142857
4,0.3333333333333333,1.0,0.012345679012345677,uniform,True,0.0,0.09246,0.802565,0.710105,0.012345679012345677,0.8024691358024691,0.3333333333333333,0.25
4,0.3333333333333333,1.0,0.012345679012345677,worst_case,True,0.0,0.18546,0.802375,0.616915,0.012345679012345677,0.8024691358024691,0.3333333333333333,0.25
4,0.3333333333333333,1.5,0.018518518518518514,uniform,True,0.00813,0.11566,0.801515,0.685855,0.012345679012345677,0.8024691358024691,0.2857142857142857,0.2
4,0.3333333333333333,1.5,0.018518518518518514,worst_case,True,0.04881,0.13665,0.79685,0.6602,0.012345679012345677,0.8024691358024691,0.2857142857142857,0.2
4,0.34,0.25,0.003340840000000001,uniform,False,0.0,0.02614,0.78577,0.75963,0.013363360000000005,0.7861862399999999,0.4444444444444444,0.4
4,0.34,0.25,0.003340840000000001,worst_case,False,0.0,0.050805,0.78464,0.733835,0.013363360000000005,0.7861862399999999,0.4444444444444444,0.4
4,0.34,0.375,0.005011260000000002,uniform,False,0.0,0.039005,0.7862,0.747195,0.013363360000000005,0.7861862399999999,0.42105263157894735,0.36363636363636365
4,0.34,0.375,0.005011260000000002,worst_case,False,0.0,0.075825,0.78462,0.708795,0.013363360000000005,0.7861862399999999,0.42105263157894735,0.36363636363636365
4,0.34,0.5,0.006681680000000002,uniform,False,0.0,0.052045,0.78684,0.734795,0.013363360000000005,0.7861862399999999,0.4,0.3333333333333333
4,0.34,0.5,0.006681680000000002,worst_case,False,0.0,0.100885,0.784865,0.68398,0.013363360000000005,0.7861862399999999,0.4,0.3333333333333333
4,0.34,0.625,0.008352100000000003,uniform,False,0.0,0.064605,0.78703,0.722425,0.013363360000000005,0.7861862399999999,0.38095238095238093,0.3076923076923077
4,0.34,0.625,0.008352100000000003,worst_case,False,0.0,0.125625,0.78485,0.659225,0.013363360000000005,0.7861862399999999,0.38095238095238093,0.3076923076923077
4,0.34,0.75,0.010022520000000004,uniform,False,0.0,0.076415,0.786655,0.71024,0.013363360000000005,0.7861862399999999,0.36363636363636365,0.2857142857142857
4,0.34,0.75,0.010022520000000004,worst_case,False,0.0,0.15055,0.785115,0.634565,0.013363360000000005,0.7861862399999999,0.36363636363636365,0.2857142857142857
4,0.34,1.0,0.013363360000000005,uniform,False,0.000225,0.10086,0.78626,0.6854,0.013363360000000005,0.7861862399999999,0.3333333333333333,0.25
4,0.34,1.0,0.013363360000000005,worst_case,False,0.00663,0.194975,0.786475,0.5915,0.013363360000000005,0.7861862399999999,0.3333333333333333,0.25
4,0.34,1.5,0.020045040000000007,uniform,False,0.011555,0.123085,0.78471,0.661625,0.013363360000000005,0.7861862399999999,0.2857142857142857,0.2
4,0.34,1.5,0.020045040000000007,worst_case,False,0.0602,0.141405,0.779745,0.63834,0.013363360000000005,0.7861862399999999,0.2857142857142857,0.2
4,0.35,0.25,0.0037515624999999993,uniform,False,0.0,0.02794,0.75898,0.73104,0.015006249999999997,0.7599,0.4444444444444444,0.4
4,0.35,0.25,0.0037515624999999993,worst_case,False,0.0,0.05625,0.7598,0.70355,0.015006249999999997,0.7599,0.4444444444444444,0.4
4,0.35,0.375,0.005627343749999999,uniform,False,0.0,0.04229,0.759315,0.717025,0.015006249999999997,0.7599,0.42105263157894735,0.36363636363636365
4,0.35,0.375,0.005627343749999999,worst_case,False,0.0,0.084935,0.759735,0.6748,0.015006249999999997,0.7599,0.42105263157894735,0.36363636363636365
4,0.35,0.5,0.0075031249999999985,uniform,False,0.0,0.05646,0.76011,0.70365,0.015006249999999997,0.7599,0.4,0.3333333333333333
4,0.35,0.5,0.0075031249999999985,worst_case,False,0.0,0.11321,0.759865,0.646655,0.015006249999999997,0.7599,0.4,0.3333333333333333
4,0.35,0.625,0.009378906249999997,uniform,False,0.0,0.070565,0.75974,0.689175,0.015006249999999997,0.7599,0.38095238095238093,0.3076923076923077
4,0.35,0.625,0.009378906249999997,worst_case,False,0.0,0.141465,0.759565,0.6181,0.015006249999999997,0.7599,0.38095238095238093,0.3076923076923077
4,0.35,0.75,0.011254687499999997,uniform,False,0.0,0.08472,0.75992,0.6752,0.015006249999999997,0.7599,0.36363636363636365,0.2857142857142857
4,0.35,0.75,0.011254687499999997,worst_case,False,0.0,0.169365,0.759765,0.5904,0.015006249999999997,0.7599,0.36363636363636365,0.2857142857142857
4,0.35,1.0,0.015006249999999997,uniform,False,0.001115,0.11213,0.75992,0.64779,0.015006249999999997,0.7599,0.3333333333333333,0.25
4,0.35,1.0,0.015006249999999997,worst_case,False,0.01737,0.20846,0.759755,0.551295,0.015006249999999997,0.7599,0.3333333333333333,0.25
4,0.35,1.5,0.022509374999999995,uniform,False,0.01673,0.133795,0.75757,0.623775,0.015006249999999997,0.7599,0.2857142857142857,0.2
4,0.35,1.5,0.022509374999999995,worst_case,False,0.078145,0.147685,0.75112,0.603435,0.015006249999999997,0.7599,0.2857142857142857,0.2
4,0.36,0.25,0.004199039999999999,uniform,False,0.0,0.03114,0.730355,0.699215,0.016796159999999997,0.7312614399999999,0.4444444444444444,0.4
4,0.36,0.25,0.004199039999999999,worst_case,False,0.0,0.06331,0.73146,0.66815,0.016796159999999997,0.7312614399999999,0.4444444444444444,0.4
4,0.36,0.375,0.006298559999999999,uniform,False,0.0,0.046665,0.72982,0.683155,0.016796159999999997,0.7312614399999999,0.42105263157894735,0.36363636363636365
4,0.36,0.375,0.006298559999999999,worst_case,False,0.0,0.09456,0.731395,0.636835,0.016796159999999997,0.7312614399999999,0.42105263157894735,0.36363636363636365
4,0.36,0.5,0.008398079999999999,uniform,False,0.0,0.062025,0.729535,0.66751,0.016796159999999997,0.7312614399999999,0.4,0.3333333333333333
4,0.36,0.5,0.008398079999999999,worst_case,False,0.0,0.12618,0.731395,0.605215,0.016796159999999997,0.7312614399999999,0.4,0.3333333333333333
4,0.36,0.625,0.0104976,uniform,False,0.0,0.077395,0.729105,0.65171,0.016796159999999997,0.7312614399999999,0.38095238095238093,0.3076923076923077
4,0.36,0.625,0.0104976,worst_case,False,0.0,0.157765,0.731385,0.57362,0.016796159999999997,0.7312614399999999,0.38095238095238093,0.3076923076923077
4,0.36,0.75,0.012597119999999998,uniform,False,0.0,0.093045,0.72915,0.636105,0.016796159999999997,0.7312614399999999,0.36363636363636365,0.2857142857142857
4,0.36,0.75,0.012597119999999998,worst_case,False,0.0,0.18928,0.73076,0.54148,0.016796159999999997,0.7312614399999999,0.36363636363636365,0.2857142857142857
4,0.36,1.0,0.016796159999999997,uniform,False,0.0034,0.12174,0.72969,0.60795,0.016796159999999997,0.7312614399999999,0.3333333333333333,0.25
4,0.36,1.0,0.016796159999999997,worst_case,False,0.030375,0.221165,0.729845,0.50868,0.016796159999999997,0.7312614399999999,0.3333333333333333,0.25
4,0.36,1.5,0.025194239999999996,uniform,False,0.02304,0.14414,0.728985,0.584845,0.016796159999999997,0.7312614399999999,0.2857142857142857,0.2
4,0.36,1.5,0.025194239999999996,worst_case,False,0.09719,0.15435,0.72268,0.56833,0.016796159999999997,0.7312614399999999,0.2857142857142857,0.2
4,0.38,0.25,0.00521284,uniform,False,0.0,0.0386,0.66436,0.62576,0.02085136,0.66637824,0.4444444444444444,0.4
4,0.38,0.25,0.00521284,worst_case,False,0.0,0.077985,0.664455,0.58647,0.02085136,0.66637824,0.4444444444444444,0.4
4,0.38,0.375,0.00781926,uniform,False,0.0,0.05856,0.66514,0.60658,0.02085136,0.66637824,0.42105263157894735,0.36363636363636365
4,0.38,0.375,0.00781926,worst_case,False,0.0,0.11765,0.665125,0.547475,0.02085136,0.66637824,0.42105263157894735,0.36363636363636365
4,0.38,0.5,0.01042568,uniform,False,0.0,0.078255,0.665225,0.58697,0.02085136,0.66637824,0.4,0.3333333333333333
4,0.38,0.5,0.01042568,worst_case,False,0.0,0.15688,0.665095,0.508215,0.02085136,0.66637824,0.4,0.3333333333333333
4,0.38,0.625,0.0130321,uniform,False,0.0,0.0977,0.66528,0.56758,0.02085136,0.66637824,0.38095238095238093,0.3076923076923077
4,0.38,0.625,0.0130321,worst_case,False,0.0,0.196265,0.66531,0.469045,0.02085136,0.66637824,0.38095238095238093,0.3076923076923077
4,0.38,0.75,0.01563852,uniform,False,0.00153,0.115385,0.66512,0.549735,0.02085136,0.66637824,0.36363636363636365,0.2857142857142857
4,0.38,0.75,0.01563852,worst_case,False,0.019065,0.21579,0.66556,0.44977,0.02085136,0.66637824,0.36363636363636365,0.2857142857142857
4,0.38,1.0,0.02085136,uniform,False,0.011135,0.144985,0.66505,0.520065,0.02085136,0.66637824,0.3333333333333333,0.25
4,0.38,1.0,0.02085136,worst_case,False,0.060995,0.25255,0.66633,0.41378,0.02085136,0.66637824,0.3333333333333333,0.25
4,0.38,1.5,0.03127704,uniform,False,0.04115,0.167425,0.664265,0.49684,0.02085136,0.66637824,0.2857142857142857,0.2
4,0.38,1.5,0.03127704,worst_case,False,0.14428,0.169265,0.656885,0.48762,0.02085136,0.66637824,0.2857142857142857,0.2
4,0.4,0.25,0.006400000000000001,uniform,False,0.0,0.0476,0.59039,0.54279,0.025600000000000005,0.5903999999999999,0.4444444444444444,0.4
4,0.4,0.25,0.006400000000000001,worst_case,False,0.0,0.09615,0.59048,0.49433,0.025600000000000005,0.5903999999999999,0.4444444444444444,0.4
4,0.4,0.375,0.009600000000000001,uniform,False,0.0,0.07157,0.59048,0.51891,0.025600000000000005,0.5903999999999999,0.42105263157894735,0.36363636363636365
4,0.4,0.375,0.009600000000000001,worst_case,False,0.0,0.14426,0.59022,0.44596,0.025600000000000005,0.5903999999999999,0.42105263157894735,0.36363636363636365
4,0.4,0.5,0.012800000000000002,uniform,False,0.0,0.09567,0.591085,0.495415,0.025600000000000005,0.5903999999999999,0.4,0.3333333333333333
4,0.4,0.5,0.012800000000000002,worst_case,False,0.0,0.191815,0.589735,0.39792,0.025600000000000005,0.5903999999999999,0.4,0.3333333333333333
4,0.4,0.625,0.016000000000000004,uniform,False,0.002345,0.11736,0.591165,0.473805,0.025600000000000005,0.5903999999999999,0.38095238095238093,0.3076923076923077
4,0.4,0.625,0.016000000000000004,worst_case,False,0.0256,0.214415,0.589335,0.37492,0.025600000000000005,0.5903999999999999,0.38095238095238093,0.3076923076923077
4,0.4,0.75,0.019200000000000002,uniform,False,0.008375,0.134955,0.590585,0.45563,0.025600000000000005,0.5903999999999999,0.36363636363636365,0.2857142857142857
4,0.4,0.75,0.019200000000000002,worst_case,False,0.05151,0.23582,0.587705,0.351885,0.025600000000000005,0.5903999999999999,0.36363636363636365,0.2857142857142857
4,0.4,1.0,0.025600000000000005,uniform,False,0.02549,0.16602,0.59069,0.42467,0.025600000000000005,0.5903999999999999,0.3333333333333333,0.25
4,0.4,1.0,0.025600000000000005,worst_case,False,0.10271,0.280625,0.588085,0.30746,0.025600000000000005,0.5903999999999999,0.3333333333333333,0.25
4,0.4,1.5,0.038400000000000004,uniform,False,0.069665,0.18563,0.58794,0.40231,0.025600000000000005,0.5903999999999999,0.2857142857142857,0.2
4,0.4,1.5,0.038400000000000004,worst_case,False,0.229455,0.15388,0.57799,0.42411,0.025600000000000005,0.5903999999999999,0.2857142857142857,0.2
4,0.42,0.25,0.007779239999999999,uniform,False,0.0,0.058185,0.50198,0.443795,0.031116959999999996,0.50212864,0.4444444444444444,0.4
4,0.42,0.25,0.007779239999999999,worst_case,False,0.0,0.116145,0.50213,0.385985,0.031116959999999996,0.50212864,0.4444444444444444,0.4
4,0.42,0.375,0.011668859999999998,uniform,False,0.0,0.08758,0.502145,0.414565,0.031116959999999996,0.50212864,0.42105263157894735,0.36363636363636365
4,0.42,0.375,0.011668859999999998,worst_case,False,0.0,0.173915,0.50118,0.327265,0.031116959999999996,0.50212864,0.42105263157894735,0.36363636363636365
4,0.42,0.5,0.015558479999999998,uniform,False,0.003825,0.113375,0.50237,0.388995,0.031116959999999996,0.50212864,0.4,0.3333333333333333
4,0.42,0.5,0.015558479999999998,worst_case,False,0.029675,0.202855,0.50102,0.298165,0.031116959999999996,0.50212864,0.4,0.3333333333333333
4,0.42,0.625,0.019448099999999996,uniform,False,0.01174,0.13442,0.502235,0.367815,0.031116959999999996,0.50212864,0.38095238095238093,0.3076923076923077
4,0.42,0.625,0.019448099999999996,worst_case,False,0.060505,0.23084,0.5017,0.27086,0.031116959999999996,0.50212864,0.38095238095238093,0.3076923076923077
4,0.42,0.75,0.023337719999999996,uniform,False,0.022645,0.152645,0.50207,0.349425,0.031116959999999996,0.50212864,0.36363636363636365,0.2857142857142857
4,0.42,0.75,0.023337719999999996,worst_case,False,0.09105,0.258415,0.501805,0.24339,0.031116959999999996,0.50212864,0.36363636363636365,0.2857142857142857
4,0.42,1.0,0.031116959999999996,uniform,False,0.04828,0.184325,0.500665,0.31634,0.031116959999999996,0.50212864,0.3333333333333333,0.25
4,0.42,1.0,0.031116959999999996,worst_case,False,0.16543,0.30046,0.500515,0.200055,0.031116959999999996,0.50212864,0.3333333333333333,0.25
4,0.42,1.5,0.04667543999999999,uniform,False,0.11589,0.193805,0.49828,0.304475,0.031116959999999996,0.50212864,0.2857142857142857,0.2
4,0.42,1.5,0.04667543999999999,worst_case,False,0.29631,0.16958,0.490975,0.321395,0.031116959999999996,0.50212864,0.2857142857142857,0.2
4,0.44,0.25,0.00937024,uniform,False,0.0,0.07017,0.398725,0.328555,0.03748096,0.40030464,0.4444444444444444,0.4
4,0.44,0.25,0.00937024,worst_case,False,0.0,0.141695,0.400495,0.2588,0.03748096,0.40030464,0.4444444444444444,0.4
4,0.44,0.375,0.01405536,uniform,False,0.003895,0.10111,0.39845,0.29734,0.03748096,0.40030464,0.42105263157894735,0.36363636363636365
4,0.44,0.375,0.01405536,worst_case,False,0.03039,0.182125,0.401565,0.21944,0.03748096,0.40030464,0.42105263157894735,0.36363636363636365
4,0.44,0.5,0.01874048,uniform,False,0.01528,0.12488,0.3978,0.27292,0.03748096,0.40030464,0.4,0.3333333333333333
4,0.44,0.5,0.01874048,worst_case,False,0.068115,0.215135,0.401625,0.18649,0.03748096,0.40030464,0.4,0.3333333333333333
4,0.44,0.625,0.0234256,uniform,False,0.02961,0.146175,0.39851,0.252335,0.03748096,0.40030464,0.38095238095238093,0.3076923076923077
4,0.44,0.625,0.0234256,worst_case,False,0.106795,0.247345,0.40233,0.154985,0.03748096,0.40030464,0.38095238095238093,0.3076923076923077
4,0.44,0.75,0.02811072,uniform,False,0.04717,0.16412,0.399165,0.235045,0.03748096,0.40030464,0.36363636363636365,0.2857142857142857
4,0.44,0.75,0.02811072,worst_case,False,0.16359,0.260475,0.401925,0.14145,0.03748096,0.40030464,0.36363636363636365,0.2857142857142857
4,0.44,1.0,0.03748096,uniform,False,0.089775,0.191795,0.399425,0.20763,0.03748096,0.40030464,0.3333333333333333,0.25
4,0.44,1.0,0.03748096,worst_case,False,0.27807,0.286525,0.40042,0.113895,0.03748096,0.40030464,0.3333333333333333,0.25
4,0.44,1.5,0.05622144,uniform,False,0.179855,0.196275,0.39851,0.202235,0.03748096,0.40030464,0.2857142857142857,0.2
4,0.44,1.5,0.05622144,worst_case,False,0.38107,0.183525,0.3902,0.206675,0.03748096,0.40030464,0.2857142857142857,0.2
5,0.2,0.25,8.000000000000002e-05,uniform,False,0.0,0.001295,0.989605,0.98831,0.0003200000000000001,0.98976,0.4444444444444444,0.4
5,0.2,0.25,8.000000000000002e-05,worst_case,False,0.0,0.002535,0.989565,0.98703,0.0003200000000000001,0.98976,0.4444444444444444,0.4
5,0.2,0.375,0.00012000000000000003,uniform,False,0.0,0.001935,0.98955,0.987615,0.0003200000000000001,0.98976,0.42105263157894735,0.36363636363636365
5,0.2,0.375,0.00012000000000000003,worst_case,False,0.0,0.003775,0.98951,0.985735,0.0003200000000000001,0.98976,0.42105263157894735,0.36363636363636365
5,0.2,0.5,0.00016000000000000004,uniform,False,0.0,0.002575,0.98959,0.987015,0.0003200000000000001,0.98976,0.4,0.3333333333333333
5,0.2,0.5,0.00016000000000000004,worst_case,False,0.0,0.005055,0.98954,0.984485,0.0003200000000000001,0.98976,0.4,0.3333333333333333
5,0.2,0.625,0.00020000000000000004,uniform,False,0.0,0.0031,0.989505,0.986405,0.0003200000000000001,0.98976,0.38095238095238093,0.3076923076923077
5,0.2,0.625,0.00020000000000000004,worst_case,False,0.0,0.00637,0.98965,0.98328,0.0003200000000000001,0.98976,0.38095238095238093,0.3076923076923077
5,0.2,0.75,0.00024000000000000006,uniform,False,0.0,0.00379,0.989595,0.985805,0.0003200000000000001,0.98976,0.36363636363636365,0.2857142857142857
5,0.2,0.75,0.00024000000000000006,worst_case,False,0.0,0.007735,0.989745,0.98201,0.0003200000000000001,0.98976,0.36363636363636365,0.2857142857142857
5,0.2,1.0,0.0003200000000000001,uniform,False,0.0,0.005,0.989615,0.984615,0.0003200000000000001,0.98976,0.3333333333333333,0.25
5,0.2,1.0,0.0003200000000000001,worst_case,False,0.0,0.010125,0.989725,0.9796,0.0003200000000000001,0.98976,0.3333333333333333,0.25
5,0.2,1.5,0.0004800000000000001,uniform,False,0.0,0.006605,0.989695,0.98309,0.0003200000000000001,0.98976,0.2857142857142857,0.2
5,0.2,1.5,0.0004800000000000001,worst_case,False,0.0,0.010125,0.989795,0.97967,0.0003200000000000001,0.98976,0.2857142857142857,0.2
5,0.22,0.25,0.0001288408,uniform,False,0.0,0.001835,0.98369,0.981855,0.0005153632,0.9835083776000001,0.4444444444444444,0.4
5,0.22,0.25,0.0001288408,worst_case,False,0.0,0.00385,0.98393,0.98008,0.0005153632,0.9835083776000001,0.4444444444444444,0.4
5,0.22,0.375,0.00019326119999999998,uniform,False,0.0,0.00288,0.98373,0.98085,0.0005153632,0.9835083776000001,0.42105263157894735,0.36363636363636365
5,0.22,0.375,0.00019326119999999998,worst_case,False,0.0,0.005715,0.983705,0.97799,0.0005153632,0.9835083776000001,0.42105263157894735,0.36363636363636365
5,0.22,0.5,0.0002576816,uniform,False,0.0,0.003755,0.98355,0.979795,0.0005153632,0.9835083776000001,0.4,0.3333333333333333
5,0.22,0.5,0.0002576816,worst_case,False,0.0,0.00778,0.98369,0.97591,0.0005153632,0.9835083776000001,0.4,0.3333333333333333
5,0.22,0.625,0.000322102,uniform,False,0.0,0.00468,0.98359,0.97891,0.0005153632,0.9835083776000001,0.38095238095238093,0.3076923076923077
5,0.22,0.625,0.000322102,worst_case,False,0.0,0.00998,0.98382,0.97384,0.0005153632,0.9835083776000001,0.38095238095238093,0.3076923076923077
5,0.22,0.75,0.00038652239999999996,uniform,False,0.0,0.005725,0.98366,0.977935,0.0005153632,0.9835083776000001,0.36363636363636365,0.2857142857142857
5,0.22,0.75,0.00038652239999999996,worst_case,False,0.0,0.01181,0.983655,0.971845,0.0005153632,0.9835083776000001,0.36363636363636365,0.2857142857142857
5,0.22,1.0,0.0005153632,uniform,False,0.0,0.007735,0.98371,0.975975,0.0005153632,0.9835083776000001,0.3333333333333333,0.25
5,0.22,1.0,0.0005153632,worst_case,False,0.0,0.01572,0.983435,0.967715,0.0005153632,0.9835083776000001,0.3333333333333333,0.25
5,0.22,1.5,0.0007730447999999999,uniform,False,0.0,0.01063,0.98377,0.97314,0.0005153632,0.9835083776000001,0.2857142857142857,0.2
5,0.22,1.5,0.0007730447999999999,worst_case,False,0.0,0.01572,0.983,0.96728,0.0005153632,0.9835083776000001,0.2857142857142857,0.2
5,0.24,0.25,0.00019906559999999997,uniform,False,0.0,0.002935,0.97428,0.971345,0.0007962623999999999,0.9745196032000001,0.4444444444444444,0.4
5,0.24,0.25,0.00019906559999999997,worst_case,False,0.0,0.006005,0.974215,0.96821,0.0007962623999999999,0.9745196032000001,0.4444444444444444,0.4
5,0.24,0.375,0.00029859839999999994,uniform,False,0.0,0.00449,0.974235,0.969745,0.0007962623999999999,0.9745196032000001,0.42105263157894735,0.36363636363636365
5,0.24,0.375,0.00029859839999999994,worst_case,False,0.0,0.00917,0.97425,0.96508,0.0007962623999999999,0.9745196032000001,0.42105263157894735,0.36363636363636365
5,0.24,0.5,0.00039813119999999993,uniform,False,0.0,0.006,0.974235,0.968235,0.0007962623999999999,0.9745196032000001,0.4,0.3333333333333333
5,0.24,0.5,0.00039813119999999993,worst_case,False,0.0,0.01207,0.974005,0.961935,0.0007962623999999999,0.9745196032000001,0.4,0.3333333333333333
5,0.24,0.625,0.0004976639999999999,uniform,False,0.0,0.00761,0.974245,0.966635,0.0007962623999999999,0.9745196032000001,0.38095238095238093,0.3076923076923077
5,0.24,0.625,0.0004976639999999999,worst_case,False,0.0,0.015165,0.973955,0.95879,0.0007962623999999999,0.9745196032000001,0.38095238095238093,0.3076923076923077
5,0.24,0.75,0.0005971967999999999,uniform,False,0.0,0.00922,0.97425,0.96503,0.0007962623999999999,0.9745196032000001,0.36363636363636365,0.2857142857142857
5,0.24,0.75,0.0005971967999999999,worst_case,False,0.0,0.018275,0.97375,0.955475,0.0007962623999999999,0.9745196032000001,0.36363636363636365,0.2857142857142857
5,0.24,1.0,0.0007962623999999999,uniform,False,0.0,0.01225,0.974175,0.961925,0.0007962623999999999,0.9745196032000001,0.3333333333333333,0.25
5,0.24,1.0,0.0007962623999999999,worst_case,False,0.0,0.024735,0.974445,0.94971,0.0007962623999999999,0.9745196032000001,0.3333333333333333,0.25
5,0.24,1.5,0.0011943935999999997,uniform,False,0.0,0.01669,0.97441,0.95772,0.0007962623999999999,0.9745196032000001,0.2857142857142857,0.2
5,0.24,1.5,0.0011943935999999997,worst_case,False,0.0,0.024735,0.974185,0.94945,0.0007962623999999999,0.9745196032000001,0.2857142857142857,0.2
5,0.26,0.25,0.00029703440000000003,uniform,False,0.0,0.00449,0.96122,0.95673,0.0011881376000000001,0.9619795968,0.4444444444444444,0.4
5,0.26,0.25,0.00029703440000000003,worst_case,False,0.0,0.00892,0.961405,0.952485,0.0011881376000000001,0.9619795968,0.4444444444444444,0.4
5,0.26,0.375,0.00044555160000000007,uniform,False,0.0,0.0069,0.96131,0.95441,0.0011881376000000001,0.9619795968,0.42105263157894735,0.36363636363636365
5,0.26,0.375,0.00044555160000000007,worst_case,False,0.0,0.013745,0.961595,0.94785,0.0011881376000000001,0.9619795968,0.42105263157894735,0.36363636363636365
5,0.26,0.5,0.0005940688000000001,uniform,False,0.0,0.009195,0.96125,0.952055,0.0011881376000000001,0.9619795968,0.4,0.3333333333333333
5,0.26,0.5,0.0005940688000000001,worst_case,False,0.0,0.01848,0.961655,0.943175,0.0011881376000000001,0.9619795968,0.4,0.3333333333333333
5,0.26,0.625,0.000742586,uniform,False,0.0,0.011455,0.96109,0.949635,0.0011881376000000001,0.9619795968,0.38095238095238093,0.3076923076923077
5,0.26,0.625,0.000742586,worst_case,False,0.0,0.0233,0.96184,0.93854,0.0011881376000000001,0.9619795968,0.38095238095238093,0.3076923076923077
5,0.26,0.75,0.0008911032000000001,uniform,False,0.0,0.01387,0.961115,0.947245,0.0011881376000000001,0.9619795968,0.36363636363636365,0.2857142857142857
5,0.26,0.75,0.0008911032000000001,worst_case,False,0.0,0.027975,0.961765,0.93379,0.0011881376000000001,0.9619795968,0.36363636363636365,0.2857142857142857
5,0.26,1.0,0.0011881376000000001,uniform,False,0.0,0.018675,0.961555,0.94288,0.0011881376000000001,0.9619795968,0.3333333333333333,0.25
5,0.26,1.0,0.0011881376000000001,worst_case,False,0.0,0.037485,0.962215,0.92473,0.0011881376000000001,0.9619795968,0.3333333333333333,0.25
5,0.26,1.5,0.0017822064000000003,uniform,False,0.0,0.02474,0.961465,0.936725,0.0011881376000000001,0.9619795968,0.2857142857142857,0.2
5,0.26,1.5,0.0017822064000000003,worst_case,False,0.0,0.037485,0.961555,0.92407,0.0011881376000000001,0.9619795968,0.2857142857142857,0.2
5,0.28,0.25,0.0004302592000000002,uniform,False,0.0,0.00691,0.94358,0.93667,0.0017210368000000007,0.9449268223999998,0.4444444444444444,0.4
5,0.28,0.25,0.0004302592000000002,worst_case,False,0.0,0.01377,0.943865,0.930095,0.0017210368000000007,0.9449268223999998,0.4444444444444444,0.4
5,0.28,0.375,0.0006453888000000003,uniform,False,0.0,0.010365,0.943525,0.93316,0.0017210368000000007,0.9449268223999998,0.42105263157894735,0.36363636363636365
5,0.28,0.375,0.0006453888000000003,worst_case,False,0.0,0.02079,0.944115,0.923325,0.0017210368000000007,0.9449268223999998,0.42105263157894735,0.36363636363636365
5,0.28,0.5,0.0008605184000000004,uniform,False,0.0,0.013955,0.94394,0.929985,0.0017210368000000007,0.9449268223999998,0.4,0.3333333333333333
5,0.28,0.5,0.0008605184000000004,worst_case,False,0.0,0.02781,0.944895,0.917085,0.0017210368000000007,0.9449268223999998,0.4,0.3333333333333333
5,0.28,0.625,0.0010756480000000004,uniform,False,0.0,0.0177,0.944195,0.926495,0.0017210368000000007,0.9449268223999998,0.38095238095238093,0.3076923076923077
5,0.28,0.625,0.0010756480000000004,worst_case,False,0.0,0.03458,0.94531,0.91073,0.0017210368000000007,0.9449268223999998,0.38095238095238093,0.3076923076923077
5,0.28,0.75,0.0012907776000000005,uniform,False,0.0,0.021075,0.94438,0.923305,0.0017210368000000007,0.9449268223999998,0.36363636363636365,0.2857142857142857
5,0.28,0.75,0.0012907776000000005,worst_case,False,0.0,0.0413,0.94509,0.90379,0.0017210368000000007,0.9449268223999998,0.36363636363636365,0.2857142857142857
5,0.28,1.0,0.0017210368000000007,uniform,False,0.0,0.028025,0.945,0.916975,0.0017210368000000007,0.9449268223999998,0.3333333333333333,0.25
5,0.28,1.0,0.0017210368000000007,worst_case,False,0.0,0.055005,0.945765,0.89076,0.0017210368000000007,0.9449268223999998,0.3333333333333333,0.25
5,0.28,1.5,0.002581555200000001,uniform,False,0.0,0.03716,0.944745,0.907585,0.0017210368000000007,0.9449268223999998,0.2857142857142857,0.2
5,0.28,1.5,0.002581555200000001,worst_case,False,0.0,0.055005,0.94458,0.889575,0.0017210368000000007,0.9449268223999998,0.2857142857142857,0.2
5,0.3,0.25,0.0006074999999999999,uniform,False,0.0,0.0097,0.922865,0.913165,0.0024299999999999994,0.9222400000000001,0.4444444444444444,0.4
5,0.3,0.25,0.0006074999999999999,worst_case,False,0.0,0.018915,0.922775,0.90386,0.0024299999999999994,0.9222400000000001,0.4444444444444444,0.4
5,0.3,0.375,0.0009112499999999997,uniform,False,0.0,0.014285,0.92252,0.908235,0.0024299999999999994,0.9222400000000001,0.42105263157894735,0.36363636363636365
5,0.3,0.375,0.0009112499999999997,worst_case,False,0.0,0.028495,0.92332,0.894825,0.0024299999999999994,0.9222400000000001,0.42105263157894735,0.36363636363636365
5,0.3,0.5,0.0012149999999999997,uniform,False,0.0,0.019045,0.922555,0.90351,0.0024299999999999994,0.9222400000000001,0.4,0.3333333333333333
5,0.3,0.5,0.0012149999999999997,worst_case,False,0.0,0.037835,0.92324,0.885405,0.0024299999999999994,0.9222400000000001,0.4,0.3333333333333333
5,0.3,0.625,0.0015187499999999997,uniform,False,0.0,0.02381,0.92253,0.89872,0.0024299999999999994,0.9222400000000001,0.38095238095238093,0.3076923076923077
5,0.3,0.625,0.0015187499999999997,worst_case,False,0.0,0.046995,0.92324,0.876245,0.0024299999999999994,0.9222400000000001,0.38095238095238093,0.3076923076923077
5,0.3,0.75,0.0018224999999999995,uniform,False,0.0,0.0284,0.922425,0.894025,0.0024299999999999994,0.9222400000000001,0.36363636363636365,0.2857142857142857
5,0.3,0.75,0.0018224999999999995,worst_case,False,0.0,0.05649,0.92357,0.86708,0.0024299999999999994,0.9222400000000001,0.36363636363636365,0.2857142857142857
5,0.3,1.0,0.0024299999999999994,uniform,False,0.0,0.0375,0.92207,0.88457,0.0024299999999999994,0.9222400000000001,0.3333333333333333,0.25
5,0.3,1.0,0.0024299999999999994,worst_case,False,0.0,0.075235,0.923405,0.84817,0.0024299999999999994,0.9222400000000001,0.3333333333333333,0.25
5,0.3,1.5,0.003644999999999999,uniform,False,0.000325,0.049565,0.921945,0.87238,0.0024299999999999994,0.9222400000000001,0.2857142857142857,0.2
5,0.3,1.5,0.003644999999999999,worst_case,False,0.00634,0.068895,0.921165,0.85227,0.0024299999999999994,0.9222400000000001,0.2857142857142857,0.2
5,0.31,0.25,0.0007157287749999999,uniform,False,0.0,0.011305,0.90808,0.896775,0.0028629150999999998,0.9083867167999999,0.4444444444444444,0.4
5,0.31,0.25,0.0007157287749999999,worst_case,False,0.0,0.02284,0.908565,0.885725,0.0028629150999999998,0.9083867167999999,0.4444444444444444,0.4
5,0.31,0.375,0.0010735931624999999,uniform,False,0.0,0.01678,0.908255,0.891475,0.0028629150999999998,0.9083867167999999,0.42105263157894735,0.36363636363636365
5,0.31,0.375,0.0010735931624999999,worst_case,False,0.0,0.0339,0.9082,0.8743,0.0028629150999999998,0.9083867167999999,0.42105263157894735,0.36363636363636365
5,0.31,0.5,0.0014314575499999999,uniform,False,0.0,0.02208,0.90793,0.88585,0.0028629150999999998,0.9083867167999999,0.4,0.3333333333333333
5,0.31,0.5,0.0014314575499999999,worst_case,False,0.0,0.04514,0.90849,0.86335,0.0028629150999999998,0.9083867167999999,0.4,0.3333333333333333
5,0.31,0.625,0.0017893219375,uniform,False,0.0,0.027495,0.907875,0.88038,0.0028629150999999998,0.9083867167999999,0.38095238095238093,0.3076923076923077
5,0.31,0.625,0.0017893219375,worst_case,False,0.0,0.056295,0.908685,0.85239,0.0028629150999999998,0.9083867167999999,0.38095238095238093,0.3076923076923077
5,0.31,0.75,0.0021471863249999997,uniform,False,0.0,0.0331,0.90805,0.87495,0.0028629150999999998,0.9083867167999999,0.36363636363636365,0.2857142857142857
5,0.31,0.75,0.0021471863249999997,worst_case,False,0.0,0.06736,0.909185,0.841825,0.0028629150999999998,0.9083867167999999,0.36363636363636365,0.2857142857142857
5,0.31,1.0,0.0028629150999999998,uniform,False,0.0,0.04438,0.908245,0.863865,0.0028629150999999998,0.9083867167999999,0.3333333333333333,0.25
5,0.31,1.0,0.0028629150999999998,worst_case,False,0.0,0.089135,0.908725,0.81959,0.0028629150999999998,0.9083867167999999,0.3333333333333333,0.25
5,0.31,1.5,0.004294372649999999,uniform,False,0.00103,0.05831,0.90831,0.85,0.0028629150999999998,0.9083867167999999,0.2857142857142857,0.2
5,0.31,1.5,0.004294372649999999,worst_case,False,0.012975,0.07616,0.90766,0.8315,0.0028629150999999998,0.9083867167999999,0.2857142857142857,0.2
5,0.32,0.25,0.0008388608000000001,uniform,False,0.0,0.013055,0.89274,0.879685,0.0033554432000000006,0.8926258176,0.4444444444444444,0.4
5,0.32,0.25,0.0008388608000000001,worst_case,False,0.0,0.02615,0.89306,0.86691,0.0033554432000000006,0.8926258176,0.4444444444444444,0.4
5,0.32,0.375,0.0012582912000000002,uniform,False,0.0,0.019635,0.892775,0.87314,0.0033554432000000006,0.8926258176,0.42105263157894735,0.36363636363636365
5,0.32,0.375,0.0012582912000000002,worst_case,False,0.0,0.03878,0.892605,0.853825,0.0033554432000000006,0.8926258176,0.42105263157894735,0.36363636363636365
5,0.32,0.5,0.0016777216000000003,uniform,False,0.0,0.025875,0.89228,0.866405,0.0033554432000000006,0.8926258176,0.4,0.3333333333333333
5,0.32,0.5,0.0016777216000000003,worst_case,False,0.0,0.05143,0.892425,0.840995,0.0033554432000000006,0.8926258176,0.4,0.3333333333333333
5,0.32,0.625,0.0020971520000000006,uniform,False,0.0,0.03251,0.892235,0.859725,0.0033554432000000006,0.8926258176,0.38095238095238093,0.3076923076923077
5,0.32,0.625,0.0020971520000000006,worst_case,False,0.0,0.064815,0.89287,0.828055,0.0033554432000000006,0.8926258176,0.38095238095238093,0.3076923076923077
5,0.32,0.75,0.0025165824000000004,uniform,False,0.0,0.03871,0.891835,0.853125,0.0033554432000000006,0.8926258176,0.36363636363636365,0.2857142857142857
5,0.32,0.75,0.0025165824000000004,worst_case,False,0.0,0.07786,0.8925,0.81464,0.0033554432000000006,0.8926258176,0.36363636363636365,0.2857142857142857
5,0.32,1.0,0.0033554432000000006,uniform,False,0.0,0.05196,0.891995,0.840035,0.0033554432000000006,0.8926258176,0.3333333333333333,0.25
5,0.32,1.0,0.0033554432000000006,worst_case,False,0.0,0.103785,0.8926,0.788815,0.0033554432000000006,0.8926258176,0.3333333333333333,0.25
5,0.32,1.5,0.005033164800000001,uniform,False,0.002395,0.067045,0.89231,0.825265,0.0033554432000000006,0.8926258176,0.2857142857142857,0.2
5,0.32,1.5,0.005033164800000001,worst_case,False,0.019615,0.08417,0.89166,0.80749,0.0033554432000000006,0.8926258176,0.2857142857142857,0.2
5,0.3333333333333333,0.25,0.0010288065843621396,uniform,True,0.0,0.015935,0.86803,0.852095,0.004115226337448558,0.8683127572016461,0.4444444444444444,0.4
5,0.3333333333333333,0.25,0.0010288065843621396,worst_case,True,0.0,0.03187,0.8676,0.83573,0.004115226337448558,0.8683127572016461,0.4444444444444444,0.4
5,0.3333333333333333,0.375,0.0015432098765432094,uniform,True,0.0,0.024035,0.86834,0.844305,0.004115226337448558,0.8683127572016461,0.42105263157894735,0.36363636363636365
5,0.3333333333333333,0.375,0.0015432098765432094,worst_case,True,0.0,0.0477,0.86773,0.82003,0.004115226337448558,0.8683127572016461,0.42105263157894735,0.36363636363636365
5,0.3333333333333333,0.5,0.002057613168724279,uniform,True,0.0,0.03169,0.868335,0.836645,0.004115226337448558,0.8683127572016461,0.4,0.3333333333333333
5,0.3333333333333333,0.5,0.002057613168724279,worst_case,True,0.0,0.06321,0.8673,0.80409,0.004115226337448558,0.8683127572016461,0.4,0.3333333333333333
5,0.3333333333333333,0.625,0.002572016460905349,uniform,True,0.0,0.03942,0.86813,0.82871,0.004115226337448558,0.8683127572016461,0.38095238095238093,0.3076923076923077
5,0.3333333333333333,0.625,0.002572016460905349,worst_case,True,0.0,0.079185,0.866965,0.78778,0.004115226337448558,0.8683127572016461,0.38095238095238093,0.3076923076923077
5,0.3333333333333333,0.75,0.0030864197530864187,uniform,True,0.0,0.04752,0.86833,0.82081,0.004115226337448558,0.8683127572016461,0.36363636363636365,0.2857142857142857
5,0.3333333333333333,0.75,0.0030864197530864187,worst_case,True,0.0,0.095055,0.86662,0.771565,0.004115226337448558,0.8683127572016461,0.36363636363636365,0.2857142857142857
5,0.3333333333333333,1.0,0.004115226337448558,uniform,True,0.0,0.063455,0.86805,0.804595,0.004115226337448558,0.8683127572016461,0.3333333333333333,0.25
5,0.3333333333333333,1.0,0.004115226337448558,worst_case,True,0.0,0.127775,0.86745,0.739675,0.004115226337448558,0.8683127572016461,0.3333333333333333,0.25
5,0.3333333333333333,1.5,0.006172839506172837,uniform,True,0.00549,0.079715,0.868,0.788285,0.004115226337448558,0.8683127572016461,0.2857142857142857,0.2
5,0.3333333333333333,1.5,0.006172839506172837,worst_case,True,0.03339,0.094385,0.86526,0.770875,0.004115226337448558,0.8683127572016461,0.2857142857142857,0.2
5,0.34,0.25,0.0011358856000000003,uniform,False,0.0,0.018325,0.853585,0.83526,0.004543542400000001,0.8546066431999999,0.4444444444444444,0.4
5,0.34,0.25,0.0011358856000000003,worst_case,False,0.0,0.035885,0.85254,0.816655,0.004543542400000001,0.8546066431999999,0.4444444444444444,0.4
5,0.34,0.375,0.0017038284000000005,uniform,False,0.0,0.027355,0.85362,0.826265,0.004543542400000001,0.8546066431999999,0.42105263157894735,0.36363636363636365
5,0.34,0.375,0.0017038284000000005,worst_case,False,0.0,0.053405,0.85223,0.798825,0.004543542400000001,0.8546066431999999,0.42105263157894735,0.36363636363636365
5,0.34,0.5,0.0022717712000000006,uniform,False,0.0,0.03618,0.853875,0.817695,0.004543542400000001,0.8546066431999999,0.4,0.3333333333333333
5,0.34,0.5,0.0022717712000000006,worst_case,False,0.0,0.071355,0.85266,0.781305,0.004543542400000001,0.8546066431999999,0.4,0.3333333333333333
5,0.34,0.625,0.002839714000000001,uniform,False,0.0,0.04533,0.85424,0.80891,0.004543542400000001,0.8546066431999999,0.38095238095238093,0.3076923076923077
5,0.34,0.625,0.002839714000000001,worst_case,False,0.0,0.08944,0.85299,0.76355,0.004543542400000001,0.8546066431999999,0.38095238095238093,0.3076923076923077
5,0.34,0.75,0.003407656800000001,uniform,False,0.0,0.05443,0.85472,0.80029,0.004543542400000001,0.8546066431999999,0.36363636363636365,0.2857142857142857
5,0.34,0.75,0.003407656800000001,worst_case,False,0.0,0.107525,0.85373,0.746205,0.004543542400000001,0.8546066431999999,0.36363636363636365,0.2857142857142857
5,0.34,1.0,0.004543542400000001,uniform,False,0.000165,0.07179,0.85482,0.78303,0.004543542400000001,0.8546066431999999,0.3333333333333333,0.25
5,0.34,1.0,0.004543542400000001,worst_case,False,0.004475,0.13863,0.85456,0.71593,0.004543542400000001,0.8546066431999999,0.3333333333333333,0.25
5,0.34,1.5,0.006815313600000002,uniform,False,0.007685,0.088605,0.855325,0.76672,0.004543542400000001,0.8546066431999999,0.2857142857142857,0.2
5,0.34,1.5,0.006815313600000002,worst_case,False,0.041095,0.10201,0.852905,0.750895,0.004543542400000001,0.8546066431999999,0.2857142857142857,0.2
5,0.35,0.25,0.0013130468749999995,uniform,False,0.0,0.02052,0.83124,0.81072,0.005252187499999998,0.8319300000000001,0.4444444444444444,0.4
5,0.35,0.25,0.0013130468749999995,worst_case,False,0.0,0.04047,0.831325,0.790855,0.005252187499999998,0.8319300000000001,0.4444444444444444,0.4
5,0.35,0.375,0.0019695703124999993,uniform,False,0.0,0.030705,0.831725,0.80102,0.005252187499999998,0.8319300000000001,0.42105263157894735,0.36363636363636365
5,0.35,0.375,0.0019695703124999993,worst_case,False,0.0,0.060885,0.83106,0.770175,0.005252187499999998,0.8319300000000001,0.42105263157894735,0.36363636363636365
5,0.35,0.5,0.002626093749999999,uniform,False,0.0,0.040635,0.831425,0.79079,0.005252187499999998,0.8319300000000001,0.4,0.3333333333333333
5,0.35,0.5,0.002626093749999999,worst_case,False,0.0,0.08099,0.83093,0.74994,0.005252187499999998,0.8319300000000001,0.4,0.3333333333333333
5,0.35,0.625,0.003282617187499999,uniform,False,0.0,0.05103,0.831835,0.780805,0.005252187499999998,0.8319300000000001,0.38095238095238093,0.3076923076923077
5,0.35,0.625,0.003282617187499999,worst_case,False,0.0,0.10221,0.832635,0.730425,0.005252187499999998,0.8319300000000001,0.38095238095238093,0.3076923076923077
5,0.35,0.75,0.003939140624999999,uniform,False,0.0,0.060875,0.831345,0.77047,0.005252187499999998,0.8319300000000001,0.36363636363636365,0.2857142857142857
5,0.35,0.75,0.003939140624999999,worst_case,False,0.0,0.122325,0.832,0.709675,0.005252187499999998,0.8319300000000001,0.36363636363636365,0.2857142857142857
5,0.35,1.0,0.005252187499999998,uniform,False,0.00072,0.08078,0.83188,0.7511,0.005252187499999998,0.8319300000000001,0.3333333333333333,0.25
5,0.35,1.0,0.005252187499999998,worst_case,False,0.01164,0.151745,0.83228,0.680535,0.005252187499999998,0.8319300000000001,0.3333333333333333,0.25
5,0.35,1.5,0.007878281249999997,uniform,False,0.01163,0.09676,0.831735,0.734975,0.005252187499999998,0.8319300000000001,0.2857142857142857,0.2
5,0.35,1.5,0.007878281249999997,worst_case,False,0.05436,0.109025,0.828765,0.71974,0.005252187499999998,0.8319300000000001,0.2857142857142857,0.2
5,0.36,0.25,0.0015116543999999998,uniform,False,0.0,0.022905,0.805885,0.78298,0.006046617599999999,0.8065082368,0.4444444444444444,0.4
5,0.36,0.25,0.0015116543999999998,worst_case,False,0.0,0.046635,0.80679,0.760155,0.006046617599999999,0.8065082368,0.4444444444444444,0.4
5,0.36,0.375,0.0022674815999999998,uniform,False,0.0,0.03518,0.806275,0.771095,0.006046617599999999,0.8065082368,0.42105263157894735,0.36363636363636365
5,0.36,0.375,0.0022674815999999998,worst_case,False,0.0,0.070095,0.80661,0.736515,0.006046617599999999,0.8065082368,0.42105263157894735,0.36363636363636365
5,0.36,0.5,0.0030233087999999996,uniform,False,0.0,0.04698,0.80634,0.75936,0.006046617599999999,0.8065082368,0.4,0.3333333333333333
5,0.36,0.5,0.0030233087999999996,worst_case,False,0.0,0.09398,0.80707,0.71309,0.006046617599999999,0.8065082368,0.4,0.3333333333333333
5,0.36,0.625,0.0037791359999999993,uniform,False,0.0,0.05862,0.805945,0.747325,0.006046617599999999,0.8065082368,0.38095238095238093,0.3076923076923077
5,0.36,0.625,0.0037791359999999993,worst_case,False,0.0,0.11731,0.80657,0.68926,0.006046617599999999,0.8065082368,0.38095238095238093,0.3076923076923077
5,0.36,0.75,0.0045349631999999996,uniform,False,0.0,0.070165,0.80565,0.735485,0.006046617599999999,0.8065082368,0.36363636363636365,0.2857142857142857
5,0.36,0.75,0.0045349631999999996,worst_case,False,0.0,0.140625,0.806665,0.66604,0.006046617599999999,0.8065082368,0.36363636363636365,0.2857142857142857
5,0.36,1.0,0.006046617599999999,uniform,False,0.002185,0.09117,0.805405,0.714235,0.006046617599999999,0.8065082368,0.3333333333333333,0.25
5,0.36,1.0,0.006046617599999999,worst_case,False,0.021375,0.16583,0.806635,0.640805,0.006046617599999999,0.8065082368,0.3333333333333333,0.25
5,0.36,1.5,0.009069926399999999,uniform,False,0.016715,0.107465,0.80485,0.697385,0.006046617599999999,0.8065082368,0.2857142857142857,0.2
5,0.36,1.5,0.009069926399999999,worst_case,False,0.069695,0.11751,0.80314,0.68563,0.006046617599999999,0.8065082368,0.2857142857142857,0.2
5,0.38,0.25,0.0019808792,uniform,False,0.0,0.030355,0.745275,0.71492,0.0079235168,0.7464474624,0.4444444444444444,0.4
5,0.38,0.25,0.0019808792,worst_case,False,0.0,0.06103,0.74447,0.68344,0.0079235168,0.7464474624,0.4444444444444444,0.4
5,0.38,0.375,0.0029713188,uniform,False,0.0,0.04577,0.745045,0.699275,0.0079235168,0.7464474624,0.42105263157894735,0.36363636363636365
5,0.38,0.375,0.0029713188,worst_case,False,0.0,0.091955,0.74482,0.652865,0.0079235168,0.7464474624,0.42105263157894735,0.36363636363636365
5,0.38,0.5,0.0039617584,uniform,False,0.0,0.06123,0.74475,0.68352,0.0079235168,0.7464474624,0.4,0.3333333333333333
5,0.38,0.5,0.0039617584,worst_case,False,0.0,0.12249,0.7443,0.62181,0.0079235168,0.7464474624,0.4,0.3333333333333333
5,0.38,0.625,0.0049521980000000005,uniform,False,0.0,0.07601,0.74389,0.66788,0.0079235168,0.7464474624,0.38095238095238093,0.3076923076923077
5,0.38,0.625,0.0049521980000000005,worst_case,False,0.0,0.15305,0.744275,0.591225,0.0079235168,0.7464474624,0.38095238095238093,0.3076923076923077
5,0.38,0.75,0.0059426376,uniform,False,0.00116,0.09002,0.744095,0.654075,0.0079235168,0.7464474624,0.36363636363636365,0.2857142857142857
5,0.38,0.75,0.0059426376,worst_case,False,0.015195,0.16858,0.744025,0.575445,0.0079235168,0.7464474624,0.36363636363636365,0.2857142857142857
5,0.38,1.0,0.0079235168,uniform,False,0.00844,0.114255,0.74523,0.630975,0.0079235168,0.7464474624,0.3333333333333333,0.25
5,0.38,1.0,0.0079235168,worst_case,False,0.046275,0.199755,0.74576,0.546005,0.0079235168,0.7464474624,0.3333333333333333,0.25
5,0.38,1.5,0.0118852752,uniform,False,0.03139,0.13238,0.745145,0.612765,0.0079235168,0.7464474624,0.2857142857142857,0.2
5,0.38,1.5,0.0118852752,worst_case,False,0.1101,0.13593,0.74192,0.60599,0.0079235168,0.7464474624,0.2857142857142857,0.2
5,0.4,0.25,0.0025600000000000006,uniform,False,0.0,0.03927,0.6722,0.63293,0.010240000000000003,0.6723199999999999,0.4444444444444444,0.4
5,0.4,0.25,0.0025600000000000006,worst_case,False,0.0,0.079755,0.67316,0.593405,0.010240000000000003,0.6723199999999999,0.4444444444444444,0.4
5,0.4,0.375,0.003840000000000001,uniform,False,0.0,0.05946,0.673075,0.613615,0.010240000000000003,0.6723199999999999,0.42105263157894735,0.36363636363636365
5,0.4,0.375,0.003840000000000001,worst_case,False,0.0,0.11869,0.67195,0.55326,0.010240000000000003,0.6723199999999999,0.42105263157894735,0.36363636363636365
5,0.4,0.5,0.005120000000000001,uniform,False,0.0,0.07934,0.672725,0.593385,0.010240000000000003,0.6723199999999999,0.4,0.3333333333333333
5,0.4,0.5,0.005120000000000001,worst_case,False,0.0,0.15891,0.672125,0.513215,0.010240000000000003,0.6723199999999999,0.4,0.3333333333333333
5,0.4,0.625,0.006400000000000001,uniform,False,0.00205,0.096935,0.6725,0.575565,0.010240000000000003,0.6723199999999999,0.38095238095238093,0.3076923076923077
5,0.4,0.625,0.006400000000000001,worst_case,False,0.02101,0.177265,0.671595,0.49433,0.010240000000000003,0.6723199999999999,0.38095238095238093,0.3076923076923077
5,0.4,0.75,0.007680000000000002,uniform,False,0.006855,0.112585,0.67345,0.560865,0.010240000000000003,0.6723199999999999,0.36363636363636365,0.2857142857142857
5,0.4,0.75,0.007680000000000002,worst_case,False,0.041515,0.19708,0.671955,0.474875,0.010240000000000003,0.6723199999999999,0.36363636363636365,0.2857142857142857
5,0.4,1.0,0.010240000000000003,uniform,False,0.02061,0.13813,0.672995,0.534865,0.010240000000000003,0.6723199999999999,0.3333333333333333,0.25
5,0.4,1.0,0.010240000000000003,worst_case,False,0.082115,0.23499,0.671175,0.436185,0.010240000000000003,0.6723199999999999,0.3333333333333333,0.25
5,0.4,1.5,0.015360000000000004,uniform,False,0.056935,0.154365,0.671935,0.51757,0.010240000000000003,0.6723199999999999,0.2857142857142857,0.2
5,0.4,1.5,0.015360000000000004,worst_case,False,0.18418,0.132925,0.666425,0.5335,0.010240000000000003,0.6723199999999999,0.2857142857142857,0.2
5,0.42,0.25,0.0032672807999999994,uniform,False,0.0,0.05057,0.582265,0.531695,0.013069123199999998,0.5817880576000001,0.4444444444444444,0.4
5,0.42,0.25,0.0032672807999999994,worst_case,False,0.0,0.101395,0.58216,0.480765,0.013069123199999998,0.5817880576000001,0.4444444444444444,0.4
5,0.42,0.375,0.004900921199999999,uniform,False,0.0,0.07573,0.581885,0.506155,0.013069123199999998,0.5817880576000001,0.42105263157894735,0.36363636363636365
5,0.42,0.375,0.004900921199999999,worst_case,False,0.0,0.152425,0.58269,0.430265,0.013069123199999998,0.5817880576000001,0.42105263157894735,0.36363636363636365
5,0.42,0.5,0.006534561599999999,uniform,False,0.00295,0.097855,0.58197,0.484115,0.013069123199999998,0.5817880576000001,0.4,0.3333333333333333
5,0.42,0.5,0.006534561599999999,worst_case,False,0.025375,0.177625,0.581815,0.40419,0.013069123199999998,0.5817880576000001,0.4,0.3333333333333333
5,0.42,0.625,0.008168202,uniform,False,0.00999,0.115755,0.580925,0.46517,0.013069123199999998,0.5817880576000001,0.38095238095238093,0.3076923076923077
5,0.42,0.625,0.008168202,worst_case,False,0.05108,0.20279,0.58288,0.38009,0.013069123199999998,0.5817880576000001,0.38095238095238093,0.3076923076923077
5,0.42,0.75,0.009801842399999998,uniform,False,0.01888,0.132155,0.580685,0.44853,0.013069123199999998,0.5817880576000001,0.36363636363636365,0.2857142857142857
5,0.42,0.75,0.009801842399999998,worst_case,False,0.07772,0.22647,0.58148,0.35501,0.013069123199999998,0.5817880576000001,0.36363636363636365,0.2857142857142857
5,0.42,1.0,0.013069123199999998,uniform,False,0.03953,0.16265,0.58212,0.41947,0.013069123199999998,0.5817880576000001,0.3333333333333333,0.25
5,0.42,1.0,0.013069123199999998,worst_case,False,0.1404,0.2637,0.57937,0.31567,0.013069123199999998,0.5817880576000001,0.3333333333333333,0.25
5,0.42,1.5,0.019603684799999996,uniform,False,0.096305,0.173085,0.58135,0.408265,0.013069123199999998,0.5817880576000001,0.2857142857142857,0.2
5,0.42,1.5,0.019603684799999996,worst_case,False,0.246975,0.157125,0.57632,0.419195,0.013069123199999998,0.5817880576000001,0.2857142857142857,0.2
5,0.44,0.25,0.0041229056,uniform,False,0.0,0.06346,0.47067,0.40721,0.0164916224,0.4722680832,0.4444444444444444,0.4
5,0.44,0.25,0.0041229056,worst_case,False,0.0,0.127615,0.470055,0.34244,0.0164916224,0.4722680832,0.4444444444444444,0.4
5,0.44,0.375,0.006184358399999999,uniform,False,0.00355,0.092365,0.47143,0.379065,0.0164916224,0.4722680832,0.42105263157894735,0.36363636363636365
5,0.44,0.375,0.006184358399999999,worst_case,False,0.02704,0.164355,0.470495,0.30614,0.0164916224,0.4722680832,0.42105263157894735,0.36363636363636365
5,0.44,0.5,0.0082458112,uniform,False,0.01396,0.11331,0.470715,0.357405,0.0164916224,0.4722680832,0.4,0.3333333333333333
5,0.44,0.5,0.0082458112,worst_case,False,0.059905,0.19598,0.471615,0.275635,0.0164916224,0.4722680832,0.4,0.3333333333333333
5,0.44,0.625,0.010307264,uniform,False,0.02635,0.132985,0.470845,0.33786,0.0164916224,0.4722680832,0.38095238095238093,0.3076923076923077
5,0.44,0.625,0.010307264,worst_case,False,0.09316,0.2267,0.471835,0.245135,0.0164916224,0.4722680832,0.38095238095238093,0.3076923076923077
5,0.44,0.75,0.012368716799999999,uniform,False,0.041925,0.14947,0.47058,0.32111,0.0164916224,0.4722680832,0.36363636363636365,0.2857142857142857
5,0.44,0.75,0.012368716799999999,worst_case,False,0.14231,0.241665,0.47284,0.231175,0.0164916224,0.4722680832,0.36363636363636365,0.2857142857142857
5,0.44,1.0,0.0164916224,uniform,False,0.078905,0.17658,0.471105,0.294525,0.0164916224,0.4722680832,0.3333333333333333,0.25
5,0.44,1.0,0.0164916224,worst_case,False,0.240375,0.271535,0.474255,0.20272,0.0164916224,0.4722680832,0.3333333333333333,0.25
5,0.44,1.5,0.024737433599999997,uniform,False,0.157995,0.18303,0.47019,0.28716,0.0164916224,0.4722680832,0.2857142857142857,0.2
5,0.44,1.5,0.024737433599999997,worst_case,False,0.329405,0.182505,0.46875,0.286245,0.0164916224,0.4722680832,0.2857142857142857,0.2
6,0.2,0.25,1.6000000000000006e-05,uniform,False,0.0,0.00048,0.995955,0.995475,6.400000000000002e-05,0.995904,0.4444444444444444,0.4
6,0.2,0.25,1.6000000000000006e-05,worst_case,False,0.0,0.00088,0.99578,0.9949,6.400000000000002e-05,0.995904,0.4444444444444444,0.4
6,0.2,0.375,2.4000000000000007e-05,uniform,False,0.0,0.000785,0.996005,0.99522,6.400000000000002e-05,0.995904,0.42105263157894735,0.36363636363636365
6,0.2,0.375,2.4000000000000007e-05,worst_case,False,0.0,0.001405,0.99587,0.994465,6.400000000000002e-05,0.995904,0.42105263157894735,0.36363636363636365
6,0.2,0.5,3.200000000000001e-05,uniform,False,0.0,0.001075,0.996035,0.99496,6.400000000000002e-05,0.995904,0.4,0.3333333333333333
6,0.2,0.5,3.200000000000001e-05,worst_case,False,0.0,0.00194,0.995895,0.993955,6.400000000000002e-05,0.995904,0.4,0.3333333333333333
6,0.2,0.625,4.000000000000002e-05,uniform,False,0.0,0.001335,0.996105,0.99477,6.400000000000002e-05,0.995904,0.38095238095238093,0.3076923076923077
6,0.2,0.625,4.000000000000002e-05,worst_case,False,0.0,0.002485,0.99588,0.993395,6.400000000000002e-05,0.995904,0.38095238095238093,0.3076923076923077
6,0.2,0.75,4.8000000000000015e-05,uniform,False,0.0,0.001575,0.99604,0.994465,6.400000000000002e-05,0.995904,0.36363636363636365,0.2857142857142857
6,0.2,0.75,4.8000000000000015e-05,worst_case,False,0.0,0.002985,0.99593,0.992945,6.400000000000002e-05,0.995904,0.36363636363636365,0.2857142857142857
6,0.2,1.0,6.400000000000002e-05,uniform,False,0.0,0.002045,0.99597,0.993925,6.400000000000002e-05,0.995904,0.3333333333333333,0.25
6,0.2,1.0,6.400000000000002e-05,worst_case,False,0.0,0.003985,0.995885,0.9919,6.400000000000002e-05,0.995904,0.3333333333333333,0.25
6,0.2,1.5,9.600000000000003e-05,uniform,False,0.0,0.00265,0.99576,0.99311,6.400000000000002e-05,0.995904,0.2857142857142857,0.2
6,0.2,1.5,9.600000000000003e-05,worst_case,False,0.0,0.003985,0.99567,0.991685,6.400000000000002e-05,0.995904,0.2857142857142857,0.2
6,0.22,0.25,2.8344976e-05,uniform,False,0.0,0.000855,0.992975,0.99212,0.000113379904,0.9927436861440001,0.4444444444444444,0.4
6,0.22,0.25,2.8344976e-05,worst_case,False,0.0,0.001695,0.993,0.991305,0.000113379904,0.9927436861440001,0.4444444444444444,0.4
6,0.22,0.375,4.2517464e-05,uniform,False,0.0,0.001235,0.99291,0.991675,0.000113379904,0.9927436861440001,0.42105263157894735,0.36363636363636365
6,0.22,0.375,4.2517464e-05,worst_case,False,0.0,0.002545,0.99311,0.990565,0.000113379904,0.9927436861440001,0.42105263157894735,0.36363636363636365
6,0.22,0.5,5.6689952e-05,uniform,False,0.0,0.00171,0.99299,0.99128,0.000113379904,0.9927436861440001,0.4,0.3333333333333333
6,0.22,0.5,5.6689952e-05,worst_case,False,0.0,0.00338,0.99323,0.98985,0.000113379904,0.9927436861440001,0.4,0.3333333333333333
6,0.22,0.625,7.086244e-05,uniform,False,0.0,0.00215,0.99298,0.99083,0.000113379904,0.9927436861440001,0.38095238095238093,0.3076923076923077
6,0.22,0.625,7.086244e-05,worst_case,False,0.0,0.00427,0.99319,0.98892,0.000113379904,0.9927436861440001,0.38095238095238093,0.3076923076923077
6,0.22,0.75,8.5034928e-05,uniform,False,0.0,0.002595,0.993065,0.99047,0.000113379904,0.9927436861440001,0.36363636363636365,0.2857142857142857
6,0.22,0.75,8.5034928e-05,worst_case,False,0.0,0.005205,0.993235,0.98803,0.000113379904,0.9927436861440001,0.36363636363636365,0.2857142857142857
6,0.22,1.0,0.000113379904,uniform,False,0.0,0.003435,0.993125,0.98969,0.000113379904,0.9927436861440001,0.3333333333333333,0.25
6,0.22,1.0,0.000113379904,worst_case,False,0.0,0.00688,0.99305,0.98617,0.000113379904,0.9927436861440001,0.3333333333333333,0.25
6,0.22,1.5,0.000170069856,uniform,False,0.0,0.004595,0.993025,0.98843,0.000113379904,0.9927436861440001,0.2857142857142857,0.2
6,0.22,1.5,0.000170069856,worst_case,False,0.0,0.00688,0.992505,0.985625,0.000113379904,0.9927436861440001,0.2857142857142857,0.2
6,0.24,0.25,4.777574399999999e-05,uniform,False,0.0,0.00166,0.987755,0.986095,0.00019110297599999996,0.9877694095360001,0.4444444444444444,0.4
6,0.24,0.25,4.777574399999999e-05,worst_case,False,0.0,0.003,0.98776,0.98476,0.00019110297599999996,0.9877694095360001,0.4444444444444444,0.4
6,0.24,0.375,7.166361599999999e-05,uniform,False,0.0,0.00234,0.987665,0.985325,0.00019110297599999996,0.9877694095360001,0.42105263157894735,0.36363636363636365
6,0.24,0.375,7.166361599999999e-05,worst_case,False,0.0,0.004585,0.987855,0.98327,0.00019110297599999996,0.9877694095360001,0.42105263157894735,0.36363636363636365
6,0.24,0.5,9.555148799999998e-05,uniform,False,0.0,0.003125,0.98766,0.984535,0.00019110297599999996,0.9877694095360001,0.4,0.3333333333333333
6,0.24,0.5,9.555148799999998e-05,worst_case,False,0.0,0.0059,0.987545,0.981645,0.00019110297599999996,0.9877694095360001,0.4,0.3333333333333333
6,0.24,0.625,0.00011943935999999998,uniform,False,0.0,0.00383,0.98757,0.98374,0.00019110297599999996,0.9877694095360001,0.38095238095238093,0.3076923076923077
6,0.24,0.625,0.00011943935999999998,worst_case,False,0.0,0.007425,0.987485,0.98006,0.00019110297599999996,0.9877694095360001,0.38095238095238093,0.3076923076923077
6,0.24,0.75,0.00014332723199999997,uniform,False,0.0,0.004685,0.987725,0.98304,0.00019110297599999996,0.9877694095360001,0.36363636363636365,0.2857142857142857
6,0.24,0.75,0.00014332723199999997,worst_case,False,0.0,0.00893,0.98756,0.97863,0.00019110297599999996,0.9877694095360001,0.36363636363636365,0.2857142857142857
6,0.24,1.0,0.00019110297599999996,uniform,False,0.0,0.005995,0.987555,0.98156,0.00019110297599999996,0.9877694095360001,0.3333333333333333,0.25
6,0.24,1.0,0.00019110297599999996,worst_case,False,0.0,0.012205,0.98782,0.975615,0.00019110297599999996,0.9877694095360001,0.3333333333333333,0.25
6,0.24,1.5,0.00028665446399999995,uniform,False,0.0,0.00812,0.987645,0.979525,0.00019110297599999996,0.9877694095360001,0.2857142857142857,0.2
6,0.24,1.5,0.00028665446399999995,worst_case,False,0.0,0.012205,0.98758,0.975375,0.00019110297599999996,0.9877694095360001,0.2857142857142857,0.2
6,0.26,0.25,7.722894400000002e-05,uniform,False,0.0,0.00238,0.98005,0.97767,0.0003089157760000001,0.980229390336,0.4444444444444444,0.4
6,0.26,0.25,7.722894400000002e-05,worst_case,False,0.0,0.0049,0.98025,0.97535,0.0003089157760000001,0.980229390336,0.4444444444444444,0.4
6,0.26,0.375,0.00011584341600000004,uniform,False,0.0,0.003675,0.98014,0.976465,0.0003089157760000001,0.980229390336,0.42105263157894735,0.36363636363636365
6,0.26,0.375,0.00011584341600000004,worst_case,False,0.0,0.00702,0.97983,0.97281,0.0003089157760000001,0.980229390336,0.42105263157894735,0.36363636363636365
6,0.26,0.5,0.00015445788800000005,uniform,False,0.0,0.004835,0.980135,0.9753,0.0003089157760000001,0.980229390336,0.4,0.3333333333333333
6,0.26,0.5,0.00015445788800000005,worst_case,False,0.0,0.0095,0.979875,0.970375,0.0003089157760000001,0.980229390336,0.4,0.3333333333333333
6,0.26,0.625,0.00019307236000000005,uniform,False,0.0,0.00603,0.980105,0.974075,0.0003089157760000001,0.980229390336,0.38095238095238093,0.3076923076923077
6,0.26,0.625,0.00019307236000000005,worst_case,False,0.0,0.01191,0.980035,0.968125,0.0003089157760000001,0.980229390336,0.38095238095238093,0.3076923076923077
6,0.26,0.75,0.00023168683200000008,uniform,False,0.0,0.007285,0.98014,0.972855,0.0003089157760000001,0.980229390336,0.36363636363636365,0.2857142857142857
6,0.26,0.75,0.00023168683200000008,worst_case,False,0.0,0.014615,0.980385,0.96577,0.0003089157760000001,0.980229390336,0.36363636363636365,0.2857142857142857
6,0.26,1.0,0.0003089157760000001,uniform,False,0.0,0.009565,0.979885,0.97032,0.0003089157760000001,0.980229390336,0.3333333333333333,0.25
6,0.26,1.0,0.0003089157760000001,worst_case,False,0.0,0.01957,0.98037,0.9608,0.0003089157760000001,0.980229390336,0.3333333333333333,0.25
6,0.26,1.5,0.00046337366400000016,uniform,False,0.0,0.01279,0.979855,0.967065,0.0003089157760000001,0.980229390336,0.2857142857142857,0.2
6,0.26,1.5,0.00046337366400000016,worst_case,False,0.0,0.01957,0.97993,0.96036,0.0003089157760000001,0.980229390336,0.2857142857142857,0.2
6,0.28,0.25,0.00012047257600000006,uniform,False,0.0,0.00411,0.968465,0.964355,0.00048189030400000026,0.9691590205439998,0.4444444444444444,0.4
6,0.28,0.25,0.00012047257600000006,worst_case,False,0.0,0.00774,0.968185,0.960445,0.00048189030400000026,0.9691590205439998,0.4444444444444444,0.4
6,0.28,0.375,0.0001807088640000001,uniform,False,0.0,0.005995,0.968255,0.96226,0.00048189030400000026,0.9691590205439998,0.42105263157894735,0.36363636363636365
6,0.28,0.375,0.0001807088640000001,worst_case,False,0.0,0.01162,0.96842,0.9568,0.00048189030400000026,0.9691590205439998,0.42105263157894735,0.36363636363636365
6,0.28,0.5,0.00024094515200000013,uniform,False,0.0,0.008045,0.968485,0.96044,0.00048189030400000026,0.9691590205439998,0.4,0.3333333333333333
6,0.28,0.5,0.00024094515200000013,worst_case,False,0.0,0.01543,0.96826,0.95283,0.00048189030400000026,0.9691590205439998,0.4,0.3333333333333333
6,0.28,0.625,0.00030118144000000017,uniform,False,0.0,0.00996,0.968365,0.958405,0.00048189030400000026,0.9691590205439998,0.38095238095238093,0.3076923076923077
6,0.28,0.625,0.00030118144000000017,worst_case,False,0.0,0.01921,0.968185,0.948975,0.00048189030400000026,0.9691590205439998,0.38095238095238093,0.3076923076923077
6,0.28,0.75,0.0003614177280000002,uniform,False,0.0,0.01185,0.968425,0.956575,0.00048189030400000026,0.9691590205439998,0.36363636363636365,0.2857142857142857
6,0.28,0.75,0.0003614177280000002,worst_case,False,0.0,0.023175,0.968265,0.94509,0.00048189030400000026,0.9691590205439998,0.36363636363636365,0.2857142857142857
6,0.28,1.0,0.00048189030400000026,uniform,False,0.0,0.015855,0.968495,0.95264,0.00048189030400000026,0.9691590205439998,0.3333333333333333,0.25
6,0.28,1.0,0.00048189030400000026,worst_case,False,0.0,0.03126,0.968625,0.937365,0.00048189030400000026,0.9691590205439998,0.3333333333333333,0.25
6,0.28,1.5,0.0007228354560000004,uniform,False,0.0,0.020925,0.96837,0.947445,0.00048189030400000026,0.9691590205439998,0.2857142857142857,0.2
6,0.28,1.5,0.0007228354560000004,worst_case,False,0.0,0.03126,0.96851,0.93725,0.00048189030400000026,0.9691590205439998,0.2857142857142857,0.2
6,0.3,0.25,0.00018224999999999996,uniform,False,0.0,0.00584,0.95293,0.94709,0.0007289999999999998,0.9533440000000001,0.4444444444444444,0.4
6,0.3,0.25,0.00018224999999999996,worst_case,False,0.0,0.01142,0.953285,0.941865,0.0007289999999999998,0.9533440000000001,0.4444444444444444,0.4
6,0.3,0.375,0.00027337499999999996,uniform,False,0.0,0.00875,0.95284,0.94409,0.0007289999999999998,0.9533440000000001,0.42105263157894735,0.36363636363636365
6,0.3,0.375,0.00027337499999999996,worst_case,False,0.0,0.01733,0.953565,0.936235,0.0007289999999999998,0.9533440000000001,0.42105263157894735,0.36363636363636365
6,0.3,0.5,0.0003644999999999999,uniform,False,0.0,0.011685,0.953115,0.94143,0.0007289999999999998,0.9533440000000001,0.4,0.3333333333333333
6,0.3,0.5,0.0003644999999999999,worst_case,False,0.0,0.02291,0.953565,0.930655,0.0007289999999999998,0.9533440000000001,0.4,0.3333333333333333
6,0.3,0.625,0.00045562499999999987,uniform,False,0.0,0.014565,0.95345,0.938885,0.0007289999999999998,0.9533440000000001,0.38095238095238093,0.3076923076923077
6,0.3,0.625,0.00045562499999999987,worst_case,False,0.0,0.028925,0.95365,0.924725,0.0007289999999999998,0.9533440000000001,0.38095238095238093,0.3076923076923077
6,0.3,0.75,0.0005467499999999999,uniform,False,0.0,0.017355,0.953485,0.93613,0.0007289999999999998,0.9533440000000001,0.36363636363636365,0.2857142857142857
6,0.3,0.75,0.0005467499999999999,worst_case,False,0.0,0.034665,0.954065,0.9194,0.0007289999999999998,0.9533440000000001,0.36363636363636365,0.2857142857142857
6,0.3,1.0,0.0007289999999999998,uniform,False,0.0,0.023055,0.953415,0.93036,0.0007289999999999998,0.9533440000000001,0.3333333333333333,0.25
6,0.3,1.0,0.0007289999999999998,worst_case,False,0.0,0.04606,0.954075,0.908015,0.0007289999999999998,0.9533440000000001,0.3333333333333333,0.25
6,0.3,1.5,0.0010934999999999999,uniform,False,0.00023,0.030625,0.953615,0.92299,0.0007289999999999998,0.9533440000000001,0.2857142857142857,0.2
6,0.3,1.5,0.0010934999999999999,worst_case,False,0.003975,0.042085,0.95354,0.911455,0.0007289999999999998,0.9533440000000001,0.2857142857142857,0.2
6,0.31,0.25,0.00022187592025,uniform,False,0.0,0.00716,0.943395,0.936235,0.000887503681,0.943199764416,0.4444444444444444,0.4
6,0.31,0.25,0.00022187592025,worst_case,False,0.0,0.013875,0.942585,0.92871,0.000887503681,0.943199764416,0.4444444444444444,0.4
6,0.31,0.375,0.000332813880375,uniform,False,0.0,0.010705,0.943465,0.93276,0.000887503681,0.943199764416,0.42105263157894735,0.36363636363636365
6,0.31,0.375,0.000332813880375,worst_case,False,0.0,0.020975,0.9425,0.921525,0.000887503681,0.943199764416,0.42105263157894735,0.36363636363636365
6,0.31,0.5,0.0004437518405,uniform,False,0.0,0.01437,0.94365,0.92928,0.000887503681,0.943199764416,0.4,0.3333333333333333
6,0.31,0.5,0.0004437518405,worst_case,False,0.0,0.02801,0.942685,0.914675,0.000887503681,0.943199764416,0.4,0.3333333333333333
6,0.31,0.625,0.000554689800625,uniform,False,0.0,0.01764,0.943375,0.925735,0.000887503681,0.943199764416,0.38095238095238093,0.3076923076923077
6,0.31,0.625,0.000554689800625,worst_case,False,0.0,0.0349,0.942715,0.907815,0.000887503681,0.943199764416,0.38095238095238093,0.3076923076923077
6,0.31,0.75,0.00066562776075,uniform,False,0.0,0.02129,0.943605,0.922315,0.000887503681,0.943199764416,0.36363636363636365,0.2857142857142857
6,0.31,0.75,0.00066562776075,worst_case,False,0.0,0.04205,0.942805,0.900755,0.000887503681,0.943199764416,0.36363636363636365,0.2857142857142857
6,0.31,1.0,0.000887503681,uniform,False,0.0,0.02815,0.94361,0.91546,0.000887503681,0.943199764416,0.3333333333333333,0.25
6,0.31,1.0,0.000887503681,worst_case,False,0.0,0.05577,0.942585,0.886815,0.000887503681,0.943199764416,0.3333333333333333,0.25
6,0.31,1.5,0.0013312555215,uniform,False,0.00081,0.036385,0.942815,0.90643,0.000887503681,0.943199764416,0.2857142857142857,0.2
6,0.31,1.5,0.0013312555215,worst_case,False,0.007485,0.048285,0.942965,0.89468,0.000887503681,0.943199764416,0.2857142857142857,0.2
6,0.32,0.25,0.00026843545600000005,uniform,False,0.0,0.00827,0.93127,0.923,0.0010737418240000002,0.931280523264,0.4444444444444444,0.4
6,0.32,0.25,0.00026843545600000005,worst_case,False,0.0,0.01697,0.93208,0.91511,0.0010737418240000002,0.931280523264,0.4444444444444444,0.4
6,0.32,0.375,0.0004026531840000001,uniform,False,0.0,0.01228,0.930825,0.918545,0.0010737418240000002,0.931280523264,0.42105263157894735,0.36363636363636365
6,0.32,0.375,0.0004026531840000001,worst_case,False,0.0,0.02555,0.932095,0.906545,0.0010737418240000002,0.931280523264,0.42105263157894735,0.36363636363636365
6,0.32,0.5,0.0005368709120000001,uniform,False,0.0,0.01629,0.93035,0.91406,0.0010737418240000002,0.931280523264,0.4,0.3333333333333333
6,0.32,0.5,0.0005368709120000001,worst_case,False,0.0,0.034185,0.932425,0.89824,0.0010737418240000002,0.931280523264,0.4,0.3333333333333333
6,0.32,0.625,0.0006710886400000001,uniform,False,0.0,0.020555,0.93035,0.909795,0.0010737418240000002,0.931280523264,0.38095238095238093,0.3076923076923077
6,0.32,0.625,0.0006710886400000001,worst_case,False,0.0,0.04243,0.93205,0.88962,0.0010737418240000002,0.931280523264,0.38095238095238093,0.3076923076923077
6,0.32,0.75,0.0008053063680000001,uniform,False,0.0,0.02517,0.930835,0.905665,0.0010737418240000002,0.931280523264,0.36363636363636365,0.2857142857142857
6,0.32,0.75,0.0008053063680000001,worst_case,False,0.0,0.05092,0.93203,0.88111,0.0010737418240000002,0.931280523264,0.36363636363636365,0.2857142857142857
6,0.32,1.0,0.0010737418240000002,uniform,False,0.0,0.03359,0.931,0.89741,0.0010737418240000002,0.931280523264,0.3333333333333333,0.25
6,0.32,1.0,0.0010737418240000002,worst_case,False,0.0,0.0674,0.930995,0.863595,0.0010737418240000002,0.931280523264,0.3333333333333333,0.25
6,0.32,1.5,0.0016106127360000003,uniform,False,0.001535,0.043265,0.930795,0.88753,0.0010737418240000002,0.931280523264,0.2857142857142857,0.2
6,0.32,1.5,0.0016106127360000003,worst_case,False,0.01292,0.05448,0.9303,0.87582,0.0010737418240000002,0.931280523264,0.2857142857142857,0.2
6,0.3333333333333333,0.25,0.00034293552812071317,uniform,True,0.0,0.010645,0.91112,0.900475,0.0013717421124828527,0.9122085048010974,0.4444444444444444,0.4
6,0.3333333333333333,0.25,0.00034293552812071317,worst_case,True,0.0,0.021675,0.91122,0.889545,0.0013717421124828527,0.9122085048010974,0.4444444444444444,0.4
6,0.3333333333333333,0.375,0.0005144032921810698,uniform,True,0.0,0.016205,0.91132,0.895115,0.0013717421124828527,0.9122085048010974,0.42105263157894735,0.36363636363636365
6,0.3333333333333333,0.375,0.0005144032921810698,worst_case,True,0.0,0.032885,0.911655,0.87877,0.0013717421124828527,0.9122085048010974,0.42105263157894735,0.36363636363636365
6,0.3333333333333333,0.5,0.0006858710562414263,uniform,True,0.0,0.021815,0.91162,0.889805,0.0013717421124828527,0.9122085048010974,0.4,0.3333333333333333
6,0.3333333333333333,0.5,0.0006858710562414263,worst_case,True,0.0,0.043955,0.911865,0.86791,0.0013717421124828527,0.9122085048010974,0.4,0.3333333333333333
6,0.3333333333333333,0.625,0.0008573388203017829,uniform,True,0.0,0.027225,0.91145,0.884225,0.0013717421124828527,0.9122085048010974,0.38095238095238093,0.3076923076923077
6,0.3333333333333333,0.625,0.0008573388203017829,worst_case,True,0.0,0.054865,0.91193,0.857065,0.0013717421124828527,0.9122085048010974,0.38095238095238093,0.3076923076923077
6,0.3333333333333333,0.75,0.0010288065843621396,uniform,True,0.0,0.0327,0.911655,0.878955,0.0013717421124828527,0.9122085048010974,0.36363636363636365,0.2857142857142857
6,0.3333333333333333,0.75,0.0010288065843621396,worst_case,True,0.0,0.06581,0.912025,0.846215,0.0013717421124828527,0.9122085048010974,0.36363636363636365,0.2857142857142857
6,0.3333333333333333,1.0,0.0013717421124828527,uniform,True,0.0,0.043755,0.911925,0.86817,0.0013717421124828527,0.9122085048010974,0.3333333333333333,0.25
6,0.3333333333333333,1.0,0.0013717421124828527,worst_case,True,0.0,0.087345,0.912675,0.82533,0.0013717421124828527,0.9122085048010974,0.3333333333333333,0.25
6,0.3333333333333333,1.5,0.002057613168724279,uniform,True,0.00367,0.05418,0.91202,0.85784,0.0013717421124828527,0.9122085048010974,0.2857142857142857,0.2
6,0.3333333333333333,1.5,0.002057613168724279,worst_case,True,0.0226,0.064745,0.91149,0.846745,0.0013717421124828527,0.9122085048010974,0.2857142857142857,0.2
6,0.34,0.25,0.00038620110400000015,uniform,False,0.0,0.012845,0.90025,0.887405,0.0015448044160000006,0.9011325173759999,0.4444444444444444,0.4
6,0.34,0.25,0.00038620110400000015,worst_case,False,0.0,0.025,0.90017,0.87517,0.0015448044160000006,0.9011325173759999,0.4444444444444444,0.4
6,0.34,0.375,0.0005793016560000003,uniform,False,0.0,0.019135,0.900475,0.88134,0.0015448044160000006,0.9011325173759999,0.42105263157894735,0.36363636363636365
6,0.34,0.375,0.0005793016560000003,worst_case,False,0.0,0.03707,0.899725,0.862655,0.0015448044160000006,0.9011325173759999,0.42105263157894735,0.36363636363636365
6,0.34,0.5,0.0007724022080000003,uniform,False,0.0,0.02558,0.90093,0.87535,0.0015448044160000006,0.9011325173759999,0.4,0.3333333333333333
6,0.34,0.5,0.0007724022080000003,worst_case,False,0.0,0.049705,0.90035,0.850645,0.0015448044160000006,0.9011325173759999,0.4,0.3333333333333333
6,0.34,0.625,0.0009655027600000004,uniform,False,0.0,0.03137,0.90075,0.86938,0.0015448044160000006,0.9011325173759999,0.38095238095238093,0.3076923076923077
6,0.34,0.625,0.0009655027600000004,worst_case,False,0.0,0.062145,0.900485,0.83834,0.0015448044160000006,0.9011325173759999,0.38095238095238093,0.3076923076923077
6,0.34,0.75,0.0011586033120000005,uniform,False,0.0,0.03787,0.90108,0.86321,0.0015448044160000006,0.9011325173759999,0.36363636363636365,0.2857142857142857
6,0.34,0.75,0.0011586033120000005,worst_case,False,0.0,0.074225,0.89998,0.825755,0.0015448044160000006,0.9011325173759999,0.36363636363636365,0.2857142857142857
6,0.34,1.0,0.0015448044160000006,uniform,False,0.0001,0.05022,0.90118,0.85096,0.0015448044160000006,0.9011325173759999,0.3333333333333333,0.25
6,0.34,1.0,0.0015448044160000006,worst_case,False,0.003015,0.09573,0.89927,0.80354,0.0015448044160000006,0.9011325173759999,0.3333333333333333,0.25
6,0.34,1.5,0.002317206624000001,uniform,False,0.005165,0.06131,0.90121,0.8399,0.0015448044160000006,0.9011325173759999,0.2857142857142857,0.2
6,0.34,1.5,0.002317206624000001,worst_case,False,0.027955,0.07079,0.89894,0.82815,0.0015448044160000006,0.9011325173759999,0.2857142857142857,0.2
6,0.35,0.25,0.00045956640624999985,uniform,False,0.0,0.0141,0.881755,0.867655,0.0018382656249999994,0.882351,0.4444444444444444,0.4
6,0.35,0.25,0.00045956640624999985,worst_case,False,0.0,0.028185,0.8817,0.853515,0.0018382656249999994,0.882351,0.4444444444444444,0.4
6,0.35,0.375,0.0006893496093749998,uniform,False,0.0,0.021315,0.88189,0.860575,0.0018382656249999994,0.882351,0.42105263157894735,0.36363636363636365
6,0.35,0.375,0.0006893496093749998,worst_case,False,0.0,0.042875,0.882545,0.83967,0.0018382656249999994,0.882351,0.42105263157894735,0.36363636363636365
6,0.35,0.5,0.0009191328124999997,uniform,False,0.0,0.02885,0.88209,0.85324,0.0018382656249999994,0.882351,0.4,0.3333333333333333
6,0.35,0.5,0.0009191328124999997,worst_case,False,0.0,0.05804,0.883045,0.825005,0.0018382656249999994,0.882351,0.4,0.3333333333333333
6,0.35,0.625,0.0011489160156249996,uniform,False,0.0,0.036455,0.882295,0.84584,0.0018382656249999994,0.882351,0.38095238095238093,0.3076923076923077
6,0.35,0.625,0.0011489160156249996,worst_case,False,0.0,0.072705,0.88258,0.809875,0.0018382656249999994,0.882351,0.38095238095238093,0.3076923076923077
6,0.35,0.75,0.0013786992187499996,uniform,False,0.0,0.043925,0.882645,0.83872,0.0018382656249999994,0.882351,0.36363636363636365,0.2857142857142857
6,0.35,0.75,0.0013786992187499996,worst_case,False,0.0,0.08711,0.882555,0.795445,0.0018382656249999994,0.882351,0.36363636363636365,0.2857142857142857
6,0.35,1.0,0.0018382656249999994,uniform,False,0.00061,0.05777,0.88294,0.82517,0.0018382656249999994,0.882351,0.3333333333333333,0.25
6,0.35,1.0,0.0018382656249999994,worst_case,False,0.00807,0.10743,0.881885,0.774455,0.0018382656249999994,0.882351,0.3333333333333333,0.25
6,0.35,1.5,0.002757398437499999,uniform,False,0.008045,0.06925,0.88281,0.81356,0.0018382656249999994,0.882351,0.2857142857142857,0.2
6,0.35,1.5,0.002757398437499999,worst_case,False,0.03805,0.07745,0.880265,0.802815,0.0018382656249999994,0.882351,0.2857142857142857,0.2
6,0.36,0.25,0.0005441955839999999,uniform,False,0.0,0.016665,0.860335,0.84367,0.0021767823359999995,0.860685930496,0.4444444444444444,0.4
6,0.36,0.25,0.0005441955839999999,worst_case,False,0.0,0.034375,0.86151,0.827135,0.0021767823359999995,0.860685930496,0.4444444444444444,0.4
6,0.36,0.375,0.0008162933759999999,uniform,False,0.0,0.02502,0.860045,0.835025,0.0021767823359999995,0.860685930496,0.42105263157894735,0.36363636363636365
6,0.36,0.375,0.0008162933759999999,worst_case,False,0.0,0.05144,0.861095,0.809655,0.0021767823359999995,0.860685930496,0.42105263157894735,0.36363636363636365
6,0.36,0.5,0.0010883911679999997,uniform,False,0.0,0.033085,0.85947,0.826385,0.0021767823359999995,0.860685930496,0.4,0.3333333333333333
6,0.36,0.5,0.0010883911679999997,worst_case,False,0.0,0.068235,0.860745,0.79251,0.0021767823359999995,0.860685930496,0.4,0.3333333333333333
6,0.36,0.625,0.0013604889599999996,uniform,False,0.0,0.04159,0.85939,0.8178,0.0021767823359999995,0.860685930496,0.38095238095238093,0.3076923076923077
6,0.36,0.625,0.0013604889599999996,worst_case,False,0.0,0.08528,0.860665,0.775385,0.0021767823359999995,0.860685930496,0.38095238095238093,0.3076923076923077
6,0.36,0.75,0.0016325867519999997,uniform,False,0.0,0.050355,0.85933,0.808975,0.0021767823359999995,0.860685930496,0.36363636363636365,0.2857142857142857
6,0.36,0.75,0.0016325867519999997,worst_case,False,0.0,0.10302,0.86152,0.7585,0.0021767823359999995,0.860685930496,0.36363636363636365,0.2857142857142857
6,0.36,1.0,0.0021767823359999995,uniform,False,0.00169,0.06587,0.859645,0.793775,0.0021767823359999995,0.860685930496,0.3333333333333333,0.25
6,0.36,1.0,0.0021767823359999995,worst_case,False,0.015645,0.121135,0.86033,0.739195,0.0021767823359999995,0.860685930496,0.3333333333333333,0.25
6,0.36,1.5,0.0032651735039999994,uniform,False,0.01155,0.079105,0.860275,0.78117,0.0021767823359999995,0.860685930496,0.2857142857142857,0.2
6,0.36,1.5,0.0032651735039999994,worst_case,False,0.050295,0.086485,0.85938,0.772895,0.0021767823359999995,0.860685930496,0.2857142857142857,0.2
6,0.38,0.25,0.0007527340960000001,uniform,False,0.0,0.02415,0.80697,0.78282,0.0030109363840000003,0.8073000714240001,0.4444444444444444,0.4
6,0.38,0.25,0.0007527340960000001,worst_case,False,0.0,0.047425,0.806325,0.7589,0.0030109363840000003,0.8073000714240001,0.4444444444444444,0.4
6,0.38,0.375,0.001129101144,uniform,False,0.0,0.035915,0.806755,0.77084,0.0030109363840000003,0.8073000714240001,0.42105263157894735,0.36363636363636365
6,0.38,0.375,0.001129101144,worst_case,False,0.0,0.071685,0.806215,0.73453,0.0030109363840000003,0.8073000714240001,0.42105263157894735,0.36363636363636365
6,0.38,0.5,0.0015054681920000001,uniform,False,0.0,0.04774,0.806735,0.758995,0.0030109363840000003,0.8073000714240001,0.4,0.3333333333333333
6,0.38,0.5,0.0015054681920000001,worst_case,False,0.0,0.09516,0.806015,0.710855,0.0030109363840000003,0.8073000714240001,0.4,0.3333333333333333
6,0.38,0.625,0.0018818352400000002,uniform,False,0.0,0.059395,0.806575,0.74718,0.0030109363840000003,0.8073000714240001,0.38095238095238093,0.3076923076923077
6,0.38,0.625,0.0018818352400000002,worst_case,False,0.0,0.119085,0.806235,0.68715,0.0030109363840000003,0.8073000714240001,0.38095238095238093,0.3076923076923077
6,0.38,0.75,0.002258202288,uniform,False,0.00097,0.07032,0.8064,0.73608,0.0030109363840000003,0.8073000714240001,0.36363636363636365,0.2857142857142857
6,0.38,0.75,0.002258202288,worst_case,False,0.011365,0.131345,0.80607,0.674725,0.0030109363840000003,0.8073000714240001,0.36363636363636365,0.2857142857142857
6,0.38,1.0,0.0030109363840000003,uniform,False,0.006975,0.0881,0.80585,0.71775,0.0030109363840000003,0.8073000714240001,0.3333333333333333,0.25
6,0.38,1.0,0.0030109363840000003,worst_case,False,0.035905,0.154725,0.806425,0.6517,0.0030109363840000003,0.8073000714240001,0.3333333333333333,0.25
6,0.38,1.5,0.004516404576,uniform,False,0.02462,0.10212,0.805415,0.703295,0.0030109363840000003,0.8073000714240001,0.2857142857142857,0.2
6,0.38,1.5,0.004516404576,worst_case,False,0.08459,0.10604,0.80461,0.69857,0.0030109363840000003,0.8073000714240001,0.2857142857142857,0.2
6,0.4,0.25,0.0010240000000000004,uniform,False,0.0,0.03249,0.73886,0.70637,0.0040960000000000015,0.737856,0.4444444444444444,0.4
6,0.4,0.25,0.0010240000000000004,worst_case,False,0.0,0.065075,0.738695,0.67362,0.0040960000000000015,0.737856,0.4444444444444444,0.4
6,0.4,0.375,0.0015360000000000005,uniform,False,0.0,0.048405,0.73879,0.690385,0.0040960000000000015,0.737856,0.42105263157894735,0.36363636363636365
6,0.4,0.375,0.0015360000000000005,worst_case,False,0.0,0.097875,0.739125,0.64125,0.0040960000000000015,0.737856,0.42105263157894735,0.36363636363636365
6,0.4,0.5,0.0020480000000000008,uniform,False,0.0,0.06454,0.738275,0.673735,0.0040960000000000015,0.737856,0.4,0.3333333333333333
6,0.4,0.5,0.0020480000000000008,worst_case,False,0.0,0.12968,0.738555,0.608875,0.0040960000000000015,0.737856,0.4,0.3333333333333333
6,0.4,0.625,0.002560000000000001,uniform,False,0.001625,0.078615,0.737915,0.6593,0.0040960000000000015,0.737856,0.38095238095238093,0.3076923076923077
6,0.4,0.625,0.002560000000000001,worst_case,False,0.016505,0.145355,0.73876,0.593405,0.0040960000000000015,0.737856,0.38095238095238093,0.3076923076923077
6,0.4,0.75,0.003072000000000001,uniform,False,0.00557,0.09059,0.7379,0.64731,0.0040960000000000015,0.737856,0.36363636363636365,0.2857142857142857
6,0.4,0.75,0.003072000000000001,worst_case,False,0.033,0.16101,0.738465,0.577455,0.0040960000000000015,0.737856,0.36363636363636365,0.2857142857142857
6,0.4,1.0,0.0040960000000000015,uniform,False,0.016575,0.112,0.73803,0.62603,0.0040960000000000015,0.737856,0.3333333333333333,0.25
6,0.4,1.0,0.0040960000000000015,worst_case,False,0.065915,0.192025,0.737475,0.54545,0.0040960000000000015,0.737856,0.3333333333333333,0.25
6,0.4,1.5,0.006144000000000002,uniform,False,0.04459,0.12705,0.738005,0.610955,0.0040960000000000015,0.737856,0.2857142857142857,0.2
6,0.4,1.5,0.006144000000000002,worst_case,False,0.14794,0.11,0.735165,0.625165,0.0040960000000000015,0.737856,0.2857142857142857,0.2
6,0.42,0.25,0.0013722579359999997,uniform,False,0.0,0.04308,0.649835,0.606755,0.005489031743999999,0.6487019683840001,0.4444444444444444,0.4
6,0.42,0.25,0.0013722579359999997,worst_case,False,0.0,0.086895,0.648905,0.56201,0.005489031743999999,0.6487019683840001,0.4444444444444444,0.4
6,0.42,0.375,0.0020583869039999996,uniform,False,0.0,0.06489,0.650125,0.585235,0.005489031743999999,0.6487019683840001,0.42105263157894735,0.36363636363636365
6,0.42,0.375,0.0020583869039999996,worst_case,False,0.0,0.129955,0.64891,0.518955,0.005489031743999999,0.6487019683840001,0.42105263157894735,0.36363636363636365
6,0.42,0.5,0.0027445158719999994,uniform,False,0.002475,0.084295,0.650135,0.56584,0.005489031743999999,0.6487019683840001,0.4,0.3333333333333333
6,0.42,0.5,0.0027445158719999994,worst_case,False,0.021085,0.151045,0.64796,0.496915,0.005489031743999999,0.6487019683840001,0.4,0.3333333333333333
6,0.42,0.625,0.0034306448399999993,uniform,False,0.00829,0.099725,0.64959,0.549865,0.005489031743999999,0.6487019683840001,0.38095238095238093,0.3076923076923077
6,0.42,0.625,0.0034306448399999993,worst_case,False,0.042625,0.172255,0.648095,0.47584,0.005489031743999999,0.6487019683840001,0.38095238095238093,0.3076923076923077
6,0.42,0.75,0.004116773807999999,uniform,False,0.015995,0.113495,0.64945,0.535955,0.005489031743999999,0.6487019683840001,0.36363636363636365,0.2857142857142857
6,0.42,0.75,0.004116773807999999,worst_case,False,0.065025,0.193455,0.64818,0.454725,0.005489031743999999,0.6487019683840001,0.36363636363636365,0.2857142857142857
6,0.42,1.0,0.005489031743999999,uniform,False,0.034025,0.138715,0.649175,0.51046,0.005489031743999999,0.6487019683840001,0.3333333333333333,0.25
6,0.42,1.0,0.005489031743999999,worst_case,False,0.115855,0.22902,0.649155,0.420135,0.005489031743999999,0.6487019683840001,0.3333333333333333,0.25
6,0.42,1.5,0.008233547615999998,uniform,False,0.08202,0.14815,0.647925,0.499775,0.005489031743999999,0.6487019683840001,0.2857142857142857,0.2
6,0.42,1.5,0.008233547615999998,worst_case,False,0.20601,0.138865,0.64803,0.509165,0.005489031743999999,0.6487019683840001,0.2857142857142857,0.2
6,0.44,0.25,0.001814078464,uniform,False,0.0,0.05707,0.53415,0.47708,0.007256313856,0.535595913216,0.4444444444444444,0.4
6,0.44,0.25,0.001814078464,worst_case,False,0.0,0.11423,0.53415,0.41992,0.007256313856,0.535595913216,0.4444444444444444,0.4
6,0.44,0.375,0.002721117696,uniform,False,0.003545,0.08227,0.53397,0.4517,0.007256313856,0.535595913216,0.42105263157894735,0.36363636363636365
6,0.44,0.375,0.002721117696,worst_case,False,0.023805,0.147455,0.53322,0.385765,0.007256313856,0.535595913216,0.42105263157894735,0.36363636363636365
6,0.44,0.5,0.003628156928,uniform,False,0.01232,0.101875,0.533825,0.43195,0.007256313856,0.535595913216,0.4,0.3333333333333333
6,0.44,0.5,0.003628156928,worst_case,False,0.052945,0.176625,0.53457,0.357945,0.007256313856,0.535595913216,0.4,0.3333333333333333
6,0.44,0.625,0.00453519616,uniform,False,0.023205,0.119635,0.53418,0.414545,0.007256313856,0.535595913216,0.38095238095238093,0.3076923076923077
6,0.44,0.625,0.00453519616,worst_case,False,0.082355,0.204105,0.534345,0.33024,0.007256313856,0.535595913216,0.38095238095238093,0.3076923076923077
6,0.44,0.75,0.005442235392,uniform,False,0.036805,0.13516,0.53443,0.39927,0.007256313856,0.535595913216,0.36363636363636365,0.2857142857142857
6,0.44,0.75,0.005442235392,worst_case,False,0.126545,0.21743,0.534525,0.317095,0.007256313856,0.535595913216,0.36363636363636365,0.2857142857142857
6,0.44,1.0,0.007256313856,uniform,False,0.07017,0.1593,0.535235,0.375935,0.007256313856,0.535595913216,0.3333333333333333,0.25
6,0.44,1.0,0.007256313856,worst_case,False,0.21366,0.24417,0.533905,0.289735,0.007256313856,0.535595913216,0.3333333333333333,0.25
6,0.44,1.5,0.010884470784,uniform,False,0.14,0.16524,0.533795,0.368555,0.007256313856,0.535595913216,0.2857142857142857,0.2
6,0.44,1.5,0.010884470784,worst_case,False,0.28837,0.16946,0.5345,0.36504,0.007256313856,0.535595913216,0.2857142857142857,0.2
